﻿<?xml version="1.0" encoding="UTF-8" standalone="yes"?>
<Conversions>
	<Conversion id="" multiplier="1.00000000">
		<ConvertFrom qty="1.0000" uom="XXX"/>
		<ConvertTo qty="1.0000" uom="L"/>
	</Conversion>
	<Conversion id="" multiplier="0.87719298">
		<ConvertFrom qty="1.0000" uom="1.14L"/>
		<ConvertTo qty="1.1400" uom="L"/>
	</Conversion>
	<Conversion id="" multiplier="0.66666667">
		<ConvertFrom qty="1.0000" uom="1.5L"/>
		<ConvertTo qty="1.5000" uom="L"/>
	</Conversion>
	<Conversion id="" multiplier="0.57142857">
		<ConvertFrom qty="1.0000" uom="1.75 L"/>
		<ConvertTo qty="1.7500" uom="L"/>
	</Conversion>
	<Conversion id="" multiplier="0.50000000">
		<ConvertFrom qty="1.0000" uom="2L"/>
		<ConvertTo qty="2.0000" uom="L"/>
	</Conversion>
	<Conversion id="" multiplier="0.25000000">
		<ConvertFrom qty="1.0000" uom="4L"/>
		<ConvertTo qty="4.0000" uom="L"/>
	</Conversion>
	<Conversion id="" multiplier="0.08333333">
		<ConvertFrom qty="1.0000" uom="FOOT"/>
		<ConvertTo qty="12.0000" uom="INCH"/>
	</Conversion>
	<Conversion id="" multiplier="0.06250000">
		<ConvertFrom qty="1.0000" uom="16L"/>
		<ConvertTo qty="16.0000" uom="L"/>
	</Conversion>
	<Conversion id="" multiplier="0.05917160">
		<ConvertFrom qty="1.0000" uom="1/2LTR"/>
		<ConvertTo qty="16.9000" uom="fl oz"/>
	</Conversion>
	<Conversion id="" multiplier="0.03937008">
		<ConvertFrom qty="1.0000" uom="750ML"/>
		<ConvertTo qty="25.4000" uom="fl oz"/>
	</Conversion>
	<Conversion id="" multiplier="0.03333333">
		<ConvertFrom qty="1.0000" uom="KEG 30L"/>
		<ConvertTo qty="30.0000" uom="L"/>
	</Conversion>
	<Conversion id="" multiplier="0.02597403">
		<ConvertFrom qty="1.0000" uom="1140ml"/>
		<ConvertTo qty="38.5000" uom="fl oz"/>
	</Conversion>
	<Conversion id="" multiplier="0.02500000">
		<ConvertFrom qty="1.0000" uom="full in"/>
		<ConvertTo qty="40.0000" uom="PTN"/>
	</Conversion>
	<Conversion id="" multiplier="0.02000000">
		<ConvertFrom qty="1.0000" uom="KEG 50L"/>
		<ConvertTo qty="50.0000" uom="L"/>
	</Conversion>
	<Conversion id="" multiplier="0.01706485">
		<ConvertFrom qty="1.0000" uom="KEG 59L"/>
		<ConvertTo qty="58.6000" uom="L"/>
	</Conversion>
	<Conversion id="" multiplier="0.01666667">
		<ConvertFrom qty="1.0000" uom="HOUR"/>
		<ConvertTo qty="60.0000" uom="MINUTE"/>
	</Conversion>
	<Conversion id="" multiplier="0.00200000">
		<ConvertFrom qty="1.0000" uom="500ML"/>
		<ConvertTo qty="500.0000" uom="ml"/>
	</Conversion>
	<Conversion id="" multiplier="0.00153846">
		<ConvertFrom qty="1.0000" uom="650ML"/>
		<ConvertTo qty="650.0000" uom="ml"/>
	</Conversion>
	<Conversion id="" multiplier="0.00151515">
		<ConvertFrom qty="1.0000" uom="660ML"/>
		<ConvertTo qty="660.0000" uom="ml"/>
	</Conversion>
	<Conversion id="" multiplier="0.00142857">
		<ConvertFrom qty="1.0000" uom="700ML"/>
		<ConvertTo qty="700.0000" uom="ml"/>
	</Conversion>
	<Conversion id="" multiplier="0.00140845">
		<ConvertFrom qty="1.0000" uom="710ml"/>
		<ConvertTo qty="710.0000" uom="ml"/>
	</Conversion>
	<Conversion id="" multiplier="0.00133333">
		<ConvertFrom qty="1.0000" uom="750ML"/>
		<ConvertTo qty="750.0000" uom="ml"/>
	</Conversion>
	<Conversion id="" multiplier="0.00059172">
		<ConvertFrom qty="1.0000" uom="keg50L"/>
		<ConvertTo qty="1690.0000" uom="fl oz"/>
	</Conversion>
	<Conversion id="" multiplier="0.00050403">
		<ConvertFrom qty="1.0000" uom="keg59L"/>
		<ConvertTo qty="1984.0000" uom="fl oz"/>
	</Conversion>
	<Conversion id="" multiplier="2.00000000">
		<ConvertFrom qty="2.0000" uom="cup"/>
		<ConvertTo qty="1.0000" uom="pt"/>
	</Conversion>
	<Conversion id="" multiplier="2.00000000">
		<ConvertFrom qty="2.0000" uom="pt"/>
		<ConvertTo qty="1.0000" uom="qt"/>
	</Conversion>
	<Conversion id="" multiplier="2.00000000">
		<ConvertFrom qty="2.0000" uom="Tbsp"/>
		<ConvertTo qty="1.0000" uom="fl oz"/>
	</Conversion>
	<Conversion id="" multiplier="3.00000000">
		<ConvertFrom qty="3.0000" uom="tsp"/>
		<ConvertTo qty="1.0000" uom="Tbsp"/>
	</Conversion>
	<Conversion id="" multiplier="4.00000000">
		<ConvertFrom qty="4.0000" uom="qt"/>
		<ConvertTo qty="1.0000" uom="gal"/>
	</Conversion>
	<Conversion id="" multiplier="8.00000000">
		<ConvertFrom qty="8.0000" uom="fl oz"/>
		<ConvertTo qty="1.0000" uom="cup"/>
	</Conversion>
	<Conversion id="" multiplier="16.00000000">
		<ConvertFrom qty="16.0000" uom="oz"/>
		<ConvertTo qty="1.0000" uom="lb"/>
	</Conversion>
	<Conversion id="" multiplier="28.34950000">
		<ConvertFrom qty="28.3495" uom="g"/>
		<ConvertTo qty="1.0000" uom="oz"/>
	</Conversion>
	<Conversion id="" multiplier="29.57350000">
		<ConvertFrom qty="29.5735" uom="ml"/>
		<ConvertTo qty="1.0000" uom="fl oz"/>
	</Conversion>
	<Conversion id="" multiplier="35.21126761">
		<ConvertFrom qty="100.0000" uom="fl oz"/>
		<ConvertTo qty="2.8400" uom="L"/>
	</Conversion>
	<Conversion id="" multiplier="1000.00000000">
		<ConvertFrom qty="1000.0000" uom="g"/>
		<ConvertTo qty="1.0000" uom="Kg"/>
	</Conversion>
	<Conversion id="" multiplier="1000.00000000">
		<ConvertFrom qty="1000.0000" uom="mg"/>
		<ConvertTo qty="1.0000" uom="g"/>
	</Conversion>
	<Conversion id="" multiplier="1000.00000000">
		<ConvertFrom qty="1000.0000" uom="ml"/>
		<ConvertTo qty="1.0000" uom="L"/>
	</Conversion>
	<Conversion id="I-1813" multiplier="0.03278689">
		<ConvertFrom qty="1.0000" uom="fl oz"/>
		<ConvertTo qty="30.5000" uom="g"/>
	</Conversion>
	<Conversion id="I-1813" multiplier="0.00409836">
		<ConvertFrom qty="1.0000" uom="cup"/>
		<ConvertTo qty="244.0000" uom="g"/>
	</Conversion>
	<Conversion id="I-2933" multiplier="5.00000000">
		<ConvertFrom qty="5.0000" uom="CT"/>
		<ConvertTo qty="1.0000" uom="ea"/>
	</Conversion>
	<Conversion id="I-3141" multiplier="1.40845070">
		<ConvertFrom qty="1.4085" uom="ml"/>
		<ConvertTo qty="1.0000" uom="g"/>
	</Conversion>
	<Conversion id="I-3143" multiplier="0.00099010">
		<ConvertFrom qty="1.0000" uom="L"/>
		<ConvertTo qty="1010.0000" uom="g"/>
	</Conversion>
	<Conversion id="I-3143" multiplier="2.84000000">
		<ConvertFrom qty="2.8400" uom="L"/>
		<ConvertTo qty="1.0000" uom="can"/>
	</Conversion>
	<Conversion id="I-3223" multiplier="0.06666667">
		<ConvertFrom qty="1.0000" uom="Tbsp"/>
		<ConvertTo qty="15.0000" uom="g"/>
	</Conversion>
	<Conversion id="I-3223" multiplier="0.00442478">
		<ConvertFrom qty="1.0000" uom="cup"/>
		<ConvertTo qty="226.0000" uom="g"/>
	</Conversion>
	<Conversion id="I-3321" multiplier="0.04761905">
		<ConvertFrom qty="1.0000" uom="Tbsp"/>
		<ConvertTo qty="21.0000" uom="g"/>
	</Conversion>
	<Conversion id="I-3321" multiplier="0.00294985">
		<ConvertFrom qty="1.0000" uom="cup"/>
		<ConvertTo qty="339.0000" uom="g"/>
	</Conversion>
	<Conversion id="I-3386" multiplier="0.22222222">
		<ConvertFrom qty="1.0000" uom="tsp"/>
		<ConvertTo qty="4.5000" uom="g"/>
	</Conversion>
	<Conversion id="I-3386" multiplier="0.07352941">
		<ConvertFrom qty="1.0000" uom="Tbsp"/>
		<ConvertTo qty="13.6000" uom="g"/>
	</Conversion>
	<Conversion id="I-3386" multiplier="0.00458716">
		<ConvertFrom qty="1.0000" uom="cup"/>
		<ConvertTo qty="218.0000" uom="g"/>
	</Conversion>
	<Conversion id="I-3388" multiplier="0.22222222">
		<ConvertFrom qty="1.0000" uom="tsp"/>
		<ConvertTo qty="4.5000" uom="g"/>
	</Conversion>
	<Conversion id="I-3388" multiplier="0.07142857">
		<ConvertFrom qty="1.0000" uom="Tbsp"/>
		<ConvertTo qty="14.0000" uom="g"/>
	</Conversion>
	<Conversion id="I-3388" multiplier="0.00458716">
		<ConvertFrom qty="1.0000" uom="cup"/>
		<ConvertTo qty="218.0000" uom="g"/>
	</Conversion>
	<Conversion id="I-3391" multiplier="0.22222222">
		<ConvertFrom qty="1.0000" uom="tsp"/>
		<ConvertTo qty="4.5000" uom="g"/>
	</Conversion>
	<Conversion id="I-3391" multiplier="0.07352941">
		<ConvertFrom qty="1.0000" uom="Tbsp"/>
		<ConvertTo qty="13.6000" uom="g"/>
	</Conversion>
	<Conversion id="I-3391" multiplier="0.00458716">
		<ConvertFrom qty="1.0000" uom="cup"/>
		<ConvertTo qty="218.0000" uom="g"/>
	</Conversion>
	<Conversion id="I-3392" multiplier="0.22222222">
		<ConvertFrom qty="1.0000" uom="tsp"/>
		<ConvertTo qty="4.5000" uom="g"/>
	</Conversion>
	<Conversion id="I-3392" multiplier="0.07352941">
		<ConvertFrom qty="1.0000" uom="Tbsp"/>
		<ConvertTo qty="13.6000" uom="g"/>
	</Conversion>
	<Conversion id="I-3392" multiplier="0.00458716">
		<ConvertFrom qty="1.0000" uom="cup"/>
		<ConvertTo qty="218.0000" uom="g"/>
	</Conversion>
	<Conversion id="I-3435" multiplier="0.00381679">
		<ConvertFrom qty="0.5000" uom="cup"/>
		<ConvertTo qty="131.0000" uom="g"/>
	</Conversion>
	<Conversion id="I-3435" multiplier="0.00101284">
		<ConvertFrom qty="2.8400" uom="L"/>
		<ConvertTo qty="2804.0000" uom="g"/>
	</Conversion>
	<Conversion id="I-3590" multiplier="0.00781250">
		<ConvertFrom qty="1.0000" uom="cup"/>
		<ConvertTo qty="128.0000" uom="g"/>
	</Conversion>
	<Conversion id="I-3630" multiplier="0.16666667">
		<ConvertFrom qty="1.0000" uom="Tbsp"/>
		<ConvertTo qty="6.0000" uom="g"/>
	</Conversion>
	<Conversion id="I-3632" multiplier="0.32258065">
		<ConvertFrom qty="1.0000" uom="tsp"/>
		<ConvertTo qty="3.1000" uom="g"/>
	</Conversion>
	<Conversion id="I-3632" multiplier="0.10309278">
		<ConvertFrom qty="1.0000" uom="Tbsp"/>
		<ConvertTo qty="9.7000" uom="g"/>
	</Conversion>
	<Conversion id="I-3638" multiplier="0.45454545">
		<ConvertFrom qty="1.0000" uom="tsp"/>
		<ConvertTo qty="2.2000" uom="g"/>
	</Conversion>
	<Conversion id="I-3638" multiplier="0.14285714">
		<ConvertFrom qty="1.0000" uom="Tbsp"/>
		<ConvertTo qty="7.0000" uom="g"/>
	</Conversion>
	<Conversion id="I-3639" multiplier="0.41666667">
		<ConvertFrom qty="1.0000" uom="tsp"/>
		<ConvertTo qty="2.4000" uom="g"/>
	</Conversion>
	<Conversion id="I-3639" multiplier="0.14492754">
		<ConvertFrom qty="1.0000" uom="Tbsp"/>
		<ConvertTo qty="6.9000" uom="g"/>
	</Conversion>
	<Conversion id="I-3640" multiplier="0.43478261">
		<ConvertFrom qty="1.0000" uom="tsp"/>
		<ConvertTo qty="2.3000" uom="g"/>
	</Conversion>
	<Conversion id="I-3640" multiplier="0.14705882">
		<ConvertFrom qty="1.0000" uom="Tbsp"/>
		<ConvertTo qty="6.8000" uom="g"/>
	</Conversion>
	<Conversion id="I-3643" multiplier="0.14492754">
		<ConvertFrom qty="1.0000" uom="Tbsp"/>
		<ConvertTo qty="6.9000" uom="g"/>
	</Conversion>
	<Conversion id="I-3654" multiplier="0.45454545">
		<ConvertFrom qty="1.0000" uom="tsp"/>
		<ConvertTo qty="2.2000" uom="g"/>
	</Conversion>
	<Conversion id="I-3654" multiplier="0.14705882">
		<ConvertFrom qty="1.0000" uom="Tbsp"/>
		<ConvertTo qty="6.8000" uom="g"/>
	</Conversion>
	<Conversion id="I-3658" multiplier="0.21739130">
		<ConvertFrom qty="1.0000" uom="tsp"/>
		<ConvertTo qty="4.6000" uom="g"/>
	</Conversion>
	<Conversion id="I-3658" multiplier="0.00454545">
		<ConvertFrom qty="1.0000" uom="cup"/>
		<ConvertTo qty="220.0000" uom="g"/>
	</Conversion>
	<Conversion id="I-3660" multiplier="0.23809524">
		<ConvertFrom qty="1.0000" uom="tsp"/>
		<ConvertTo qty="4.2000" uom="g"/>
	</Conversion>
	<Conversion id="I-3660" multiplier="0.00500000">
		<ConvertFrom qty="1.0000" uom="cup"/>
		<ConvertTo qty="200.0000" uom="g"/>
	</Conversion>
	<Conversion id="I-4341" multiplier="0.06250000">
		<ConvertFrom qty="0.2500" uom="cup"/>
		<ConvertTo qty="4.0000" uom="g"/>
	</Conversion>
	<Conversion id="I-4341" multiplier="0.35714286">
		<ConvertFrom qty="1.0000" uom="CT"/>
		<ConvertTo qty="2.8000" uom="oz"/>
	</Conversion>
	<Conversion id="I-4375" multiplier="0.06666667">
		<ConvertFrom qty="1.0000" uom="CT"/>
		<ConvertTo qty="15.0000" uom="g"/>
	</Conversion>
	<Conversion id="I-4598" multiplier="0.00125000">
		<ConvertFrom qty="1.0000" uom="CT"/>
		<ConvertTo qty="800.0000" uom="g"/>
	</Conversion>
	<Conversion id="I-4626" multiplier="0.00263158">
		<ConvertFrom qty="1.0000" uom="CT"/>
		<ConvertTo qty="380.0000" uom="g"/>
	</Conversion>
	<Conversion id="I-4745" multiplier="0.00666667">
		<ConvertFrom qty="1.0000" uom="ea"/>
		<ConvertTo qty="150.0000" uom="g"/>
	</Conversion>
	<Conversion id="I-4894" multiplier="0.04000000">
		<ConvertFrom qty="1.0000" uom="ea"/>
		<ConvertTo qty="25.0000" uom="g"/>
	</Conversion>
	<Conversion id="I-5983" multiplier="0.03378378">
		<ConvertFrom qty="1.0000" uom="fl oz"/>
		<ConvertTo qty="29.6000" uom="g"/>
	</Conversion>
	<Conversion id="I-5983" multiplier="0.00100000">
		<ConvertFrom qty="1.0000" uom="L"/>
		<ConvertTo qty="1000.0000" uom="g"/>
	</Conversion>
	<Conversion id="I-6443" multiplier="0.03246753">
		<ConvertFrom qty="1.0000" uom="fl oz"/>
		<ConvertTo qty="30.8000" uom="g"/>
	</Conversion>
	<Conversion id="I-6443" multiplier="0.00406504">
		<ConvertFrom qty="1.0000" uom="cup"/>
		<ConvertTo qty="246.0000" uom="g"/>
	</Conversion>
	<Conversion id="I-6812" multiplier="0.00909091">
		<ConvertFrom qty="1.0000" uom="cup"/>
		<ConvertTo qty="110.0000" uom="g"/>
	</Conversion>
	<Conversion id="I-26014" multiplier="0.22222222">
		<ConvertFrom qty="1.0000" uom="tsp"/>
		<ConvertTo qty="4.5000" uom="g"/>
	</Conversion>
	<Conversion id="I-26014" multiplier="0.07352941">
		<ConvertFrom qty="1.0000" uom="Tbsp"/>
		<ConvertTo qty="13.6000" uom="g"/>
	</Conversion>
	<Conversion id="I-26014" multiplier="0.00458716">
		<ConvertFrom qty="1.0000" uom="cup"/>
		<ConvertTo qty="218.0000" uom="g"/>
	</Conversion>
	<Conversion id="I-45114" multiplier="0.03333333">
		<ConvertFrom qty="0.5000" uom="fl oz"/>
		<ConvertTo qty="15.0000" uom="g"/>
	</Conversion>
</Conversions>
