﻿<?xml version="1.0" encoding="UTF-8" standalone="yes"?>
<Ingredients>
	<Ingredient qty="1.000" uom="CT" recipe="P-12954" invFactor="0.0013" conversion="1.00000000" ingredient="I-4598"/>
	<Ingredient qty="10.000" uom="Kg" recipe="P-18746" invFactor="1.2048" conversion="2.20462000" ingredient="I-4792"/>
	<Ingredient qty="225.000" uom="g" recipe="P-18907" invFactor="0.1837" conversion="0.00100000" ingredient="I-3643"/>
	<Ingredient qty="1000.000" uom="g" recipe="P-18907" invFactor="0.8163" conversion="1.00000000" ingredient="I-6026"/>
	<Ingredient qty="2.270" uom="Kg" recipe="P-19175" invFactor="1.4188" conversion="2.20462000" ingredient="I-6807"/>
	<Ingredient qty="1.000" uom="lb" recipe="P-24452" invFactor="1.1111" conversion="1.00000000" ingredient="I-4381"/>
	<Ingredient qty="500.000" uom="g" recipe="P-24750" invFactor="1000.0000" conversion="1.00000000" ingredient="P-26514"/>
	<Ingredient qty="750.000" uom="ml" recipe="P-26020" invFactor="300.0000" conversion="0.00100000" ingredient="I-3388"/>
	<Ingredient qty="2.270" uom="Kg" recipe="P-26020" invFactor="0.9080" conversion="2.20462000" ingredient="I-4657"/>
	<Ingredient qty="1.000" uom="Kg" recipe="P-26055" invFactor="0.0012" conversion="1.00000000" ingredient="I-2157"/>
	<Ingredient qty="5.000" uom="g" recipe="P-26055" invFactor="0.0059" conversion="1.00000000" ingredient="P-18907"/>
	<Ingredient qty="258.000" uom="ml" recipe="P-26086" invFactor="14.3333" conversion="0.00100000" ingredient="I-3388"/>
	<Ingredient qty="795.000" uom="g" recipe="P-26086" invFactor="44.1667" conversion="0.00100000" ingredient="I-3658"/>
	<Ingredient qty="2.320" uom="Kg" recipe="P-26086" invFactor="0.1289" conversion="1.00000000" ingredient="I-3660"/>
	<Ingredient qty="4.132" uom="L" recipe="P-26086" invFactor="0.2296" conversion="1.00000000" ingredient="I-47774"/>
	<Ingredient qty="10.330" uom="L" recipe="P-26086" invFactor="0.5739" conversion="1.00000000" ingredient="I-5983"/>
	<Ingredient qty="587.000" uom="g" recipe="P-26086" invFactor="32.6111" conversion="0.00100000" ingredient="P-26020"/>
	<Ingredient qty="580.000" uom="g" recipe="P-26086" invFactor="32.2222" conversion="0.00100000" ingredient="P-34880"/>
	<Ingredient qty="517.000" uom="ml" recipe="P-26086" invFactor="28.7222" conversion="0.00100000" ingredient="P-50495"/>
	<Ingredient qty="2.250" uom="Kg" recipe="P-26090" invFactor="0.5000" conversion="2.20462000" ingredient="I-36672"/>
	<Ingredient qty="3.500" uom="L" recipe="P-26090" invFactor="0.7778" conversion="1.00000000" ingredient="I-5983"/>
	<Ingredient qty="2.000" uom="Kg" recipe="P-26091" invFactor="0.5000" conversion="2.20462000" ingredient="I-3478"/>
	<Ingredient qty="3.000" uom="L" recipe="P-26091" invFactor="0.7500" conversion="1.00000000" ingredient="I-5983"/>
	<Ingredient qty="2.000" uom="g" recipe="P-26105" invFactor="0.6154" conversion="0.03527399" ingredient="I-11312"/>
	<Ingredient qty="2.000" uom="L" recipe="P-26105" invFactor="0.6154" conversion="1.00000000" ingredient="I-3223"/>
	<Ingredient qty="60.000" uom="ml" recipe="P-26105" invFactor="18.4615" conversion="0.00100000" ingredient="I-3388"/>
	<Ingredient qty="50.000" uom="g" recipe="P-26105" invFactor="15.3846" conversion="1.00000000" ingredient="I-3428"/>
	<Ingredient qty="20.000" uom="g" recipe="P-26105" invFactor="6.1538" conversion="0.00100000" ingredient="I-3660"/>
	<Ingredient qty="125.000" uom="ml" recipe="P-26105" invFactor="38.4615" conversion="0.03381406" ingredient="I-45114"/>
	<Ingredient qty="5.000" uom="g" recipe="P-26105" invFactor="1.5385" conversion="0.00220462" ingredient="I-4708"/>
	<Ingredient qty="56.000" uom="g" recipe="P-26105" invFactor="17.2308" conversion="0.00220462" ingredient="I-4894"/>
	<Ingredient qty="14.000" uom="g" recipe="P-26105" invFactor="4.3077" conversion="0.00100000" ingredient="P-26020"/>
	<Ingredient qty="2.260" uom="Kg" recipe="P-26143" invFactor="0.4982" conversion="2.20462000" ingredient="I-36672"/>
	<Ingredient qty="2.500" uom="L" recipe="P-26143" invFactor="0.5511" conversion="1.00000000" ingredient="I-5983"/>
	<Ingredient qty="1.000" uom="Kg" recipe="P-26311" invFactor="0.1000" conversion="2.20462000" ingredient="I-4589"/>
	<Ingredient qty="1.000" uom="Kg" recipe="P-26311" invFactor="0.1000" conversion="1.25000000" ingredient="I-4598"/>
	<Ingredient qty="2.000" uom="Kg" recipe="P-26311" invFactor="0.2000" conversion="2.20462000" ingredient="I-4745"/>
	<Ingredient qty="10.000" uom="L" recipe="P-26311" invFactor="1.0000" conversion="1.00000000" ingredient="I-5983"/>
	<Ingredient qty="1.000" uom="CT" recipe="P-26514" invFactor="0.0182" conversion="1.00000000" ingredient="I-4341"/>
	<Ingredient qty="125.000" uom="ml" recipe="P-27492" invFactor="41.6667" conversion="0.00100000" ingredient="I-3392"/>
	<Ingredient qty="0.255" uom="L" recipe="P-27492" invFactor="0.0850" conversion="1000.00000000" ingredient="I-3696"/>
	<Ingredient qty="23.000" uom="g" recipe="P-27492" invFactor="7.6667" conversion="0.00100000" ingredient="I-6820"/>
	<Ingredient qty="500.000" uom="g" recipe="P-27492" invFactor="166.6667" conversion="0.00100000" ingredient="P-26020"/>
	<Ingredient qty="2.000" uom="L" recipe="P-27492" invFactor="0.6667" conversion="1.00000000" ingredient="P-34843"/>
	<Ingredient qty="325.000" uom="g" recipe="P-27492" invFactor="108.3333" conversion="0.00100000" ingredient="P-34880"/>
	<Ingredient qty="35.000" uom="Kg" recipe="P-28258" invFactor="0.7279" conversion="2.20462000" ingredient="I-3089"/>
	<Ingredient qty="500.000" uom="ml" recipe="P-28258" invFactor="10.3991" conversion="0.00100000" ingredient="I-3386"/>
	<Ingredient qty="50.000" uom="L" recipe="P-28258" invFactor="1.0399" conversion="1.00000000" ingredient="I-5983"/>
	<Ingredient qty="2.840" uom="L" recipe="P-28989" invFactor="1.5778" conversion="1.00000000" ingredient="I-3143"/>
	<Ingredient qty="169.000" uom="g" recipe="P-30552" invFactor="42.2500" conversion="0.00100000" ingredient="I-16215"/>
	<Ingredient qty="22.000" uom="g" recipe="P-30552" invFactor="5.5000" conversion="1.00000000" ingredient="I-30504"/>
	<Ingredient qty="30.000" uom="ml" recipe="P-30552" invFactor="7.5000" conversion="0.00100000" ingredient="I-3388"/>
	<Ingredient qty="30.000" uom="ml" recipe="P-30552" invFactor="7.5000" conversion="0.00100000" ingredient="I-3392"/>
	<Ingredient qty="5.000" uom="g" recipe="P-30552" invFactor="1.2500" conversion="1.00000000" ingredient="I-3632"/>
	<Ingredient qty="5.000" uom="g" recipe="P-30552" invFactor="1.2500" conversion="1.00000000" ingredient="I-3639"/>
	<Ingredient qty="4.500" uom="g" recipe="P-30552" invFactor="1.1250" conversion="0.00100000" ingredient="I-3643"/>
	<Ingredient qty="600.000" uom="g" recipe="P-30552" invFactor="150.0000" conversion="0.00100000" ingredient="I-3660"/>
	<Ingredient qty="500.000" uom="ml" recipe="P-30552" invFactor="125.0000" conversion="0.00100000" ingredient="I-47774"/>
	<Ingredient qty="90.000" uom="g" recipe="P-30552" invFactor="22.5000" conversion="0.00100000" ingredient="P-26020"/>
	<Ingredient qty="1.600" uom="L" recipe="P-30552" invFactor="0.4000" conversion="1.00000000" ingredient="P-26311"/>
	<Ingredient qty="3.000" uom="Kg" recipe="P-31128" invFactor="0.6000" conversion="1.00000000" ingredient="I-16215"/>
	<Ingredient qty="125.000" uom="g" recipe="P-31128" invFactor="25.0000" conversion="1.00000000" ingredient="I-30504"/>
	<Ingredient qty="75.000" uom="ml" recipe="P-31128" invFactor="15.0000" conversion="0.00100000" ingredient="I-3392"/>
	<Ingredient qty="5.000" uom="g" recipe="P-31128" invFactor="1.0000" conversion="0.00100000" ingredient="I-3590"/>
	<Ingredient qty="500.000" uom="g" recipe="P-31128" invFactor="100.0000" conversion="0.00100000" ingredient="I-3660"/>
	<Ingredient qty="250.000" uom="ml" recipe="P-31128" invFactor="50.0000" conversion="0.00100000" ingredient="I-47774"/>
	<Ingredient qty="125.000" uom="g" recipe="P-31128" invFactor="25.0000" conversion="0.00100000" ingredient="P-26020"/>
	<Ingredient qty="946.000" uom="ml" recipe="P-32661" invFactor="30.4180" conversion="1.00000000" ingredient="I-3141"/>
	<Ingredient qty="31.000" uom="L" recipe="P-32661" invFactor="0.9968" conversion="1.00000000" ingredient="I-5983"/>
	<Ingredient qty="11.450" uom="Kg" recipe="P-34116" invFactor="1.0115" conversion="2.20462000" ingredient="I-4589"/>
	<Ingredient qty="5.000" uom="Kg" recipe="P-34121" invFactor="1.2500" conversion="1.00000000" ingredient="I-19665"/>
	<Ingredient qty="15.000" uom="g" recipe="P-34121" invFactor="3.7500" conversion="1.00000000" ingredient="P-18907"/>
	<Ingredient qty="11.550" uom="Kg" recipe="P-34123" invFactor="1.0490" conversion="2.20462000" ingredient="I-4745"/>
	<Ingredient qty="21.000" uom="Kg" recipe="P-34298" invFactor="1.1667" conversion="2.20462000" ingredient="I-4550"/>
	<Ingredient qty="1950.000" uom="g" recipe="P-34843" invFactor="487.5000" conversion="0.00100000" ingredient="I-3658"/>
	<Ingredient qty="2250.000" uom="ml" recipe="P-34843" invFactor="562.5000" conversion="0.00100000" ingredient="I-47774"/>
	<Ingredient qty="5.000" uom="Kg" recipe="P-34880" invFactor="1.0417" conversion="2.20462000" ingredient="I-4660"/>
	<Ingredient qty="430.000" uom="g" recipe="P-35255" invFactor="1.3030" conversion="0.00263158" ingredient="I-4626"/>
	<Ingredient qty="1.800" uom="Kg" recipe="P-36599" invFactor="0.4500" conversion="1000.00000000" ingredient="I-11813"/>
	<Ingredient qty="200.000" uom="g" recipe="P-36599" invFactor="50.0000" conversion="0.00100000" ingredient="I-16215"/>
	<Ingredient qty="1.600" uom="Kg" recipe="P-36599" invFactor="0.4000" conversion="2.20462000" ingredient="I-35336"/>
	<Ingredient qty="160.000" uom="ml" recipe="P-36599" invFactor="40.0000" conversion="1.00000000" ingredient="I-3696"/>
	<Ingredient qty="480.000" uom="ml" recipe="P-36599" invFactor="120.0000" conversion="0.03381406" ingredient="I-45114"/>
	<Ingredient qty="1.300" uom="L" recipe="P-36599" invFactor="0.3250" conversion="1.00000000" ingredient="I-5983"/>
	<Ingredient qty="250.000" uom="g" recipe="P-36599" invFactor="62.5000" conversion="0.00100000" ingredient="P-26020"/>
	<Ingredient qty="11.550" uom="Kg" recipe="P-38556" invFactor="1.0132" conversion="2.20462000" ingredient="P-24452"/>
	<Ingredient qty="1.000" uom="CT" recipe="P-39057" invFactor="0.0067" conversion="1.00000000" ingredient="I-4375"/>
	<Ingredient qty="11.550" uom="Kg" recipe="P-39167" invFactor="1.0490" conversion="2.20462000" ingredient="P-24452"/>
	<Ingredient qty="1.000" uom="Kg" recipe="P-40741" invFactor="1.2500" conversion="2.20462000" ingredient="I-58278"/>
	<Ingredient qty="11.400" uom="Kg" recipe="P-41094" invFactor="1.0206" conversion="2.20462000" ingredient="I-4589"/>
	<Ingredient qty="23.000" uom="Kg" recipe="P-41095" invFactor="1.6902" conversion="1.25000000" ingredient="I-4598"/>
	<Ingredient qty="11.500" uom="Kg" recipe="P-43440" invFactor="1.0445" conversion="1.00000000" ingredient="P-19175"/>
	<Ingredient qty="268.000" uom="g" recipe="P-44475" invFactor="1.2523" conversion="0.00220462" ingredient="I-4787"/>
	<Ingredient qty="10.000" uom="g" recipe="P-44601" invFactor="1.1111" conversion="1.00000000" ingredient="I-11211"/>
	<Ingredient qty="20.000" uom="g" recipe="P-44601" invFactor="2.2222" conversion="0.03527399" ingredient="I-11312"/>
	<Ingredient qty="150.000" uom="g" recipe="P-44601" invFactor="16.6667" conversion="1.00000000" ingredient="I-3654"/>
	<Ingredient qty="800.000" uom="g" recipe="P-44601" invFactor="88.8889" conversion="0.00220462" ingredient="I-4655"/>
	<Ingredient qty="1.000" uom="Kg" recipe="P-44601" invFactor="0.1111" conversion="2.20462000" ingredient="I-4657"/>
	<Ingredient qty="1.600" uom="Kg" recipe="P-44601" invFactor="0.1778" conversion="2.20462000" ingredient="I-4708"/>
	<Ingredient qty="350.000" uom="g" recipe="P-44601" invFactor="38.8889" conversion="0.00220462" ingredient="I-4796"/>
	<Ingredient qty="1.400" uom="Kg" recipe="P-44601" invFactor="0.1556" conversion="2.20462000" ingredient="I-4894"/>
	<Ingredient qty="1.000" uom="Kg" recipe="P-44601" invFactor="0.1111" conversion="2.20462000" ingredient="I-4918"/>
	<Ingredient qty="10.000" uom="g" recipe="P-44601" invFactor="1.1111" conversion="0.03527399" ingredient="I-50750"/>
	<Ingredient qty="10.000" uom="g" recipe="P-44601" invFactor="1.1111" conversion="0.00100000" ingredient="I-6812"/>
	<Ingredient qty="1.000" uom="L" recipe="P-47541" invFactor="0.5714" conversion="1.00000000" ingredient="I-5983"/>
	<Ingredient qty="1.000" uom="Kg" recipe="P-47541" invFactor="0.5714" conversion="1.00000000" ingredient="I-6820"/>
	<Ingredient qty="150.000" uom="ml" recipe="P-50017" invFactor="27.2727" conversion="0.00100000" ingredient="I-3388"/>
	<Ingredient qty="20.000" uom="g" recipe="P-50017" invFactor="3.6364" conversion="1.00000000" ingredient="I-35792"/>
	<Ingredient qty="100.000" uom="g" recipe="P-50017" invFactor="18.1818" conversion="0.03527399" ingredient="I-3630"/>
	<Ingredient qty="10.000" uom="g" recipe="P-50017" invFactor="1.8182" conversion="1.00000000" ingredient="I-3638"/>
	<Ingredient qty="5.000" uom="g" recipe="P-50017" invFactor="0.9091" conversion="1.00000000" ingredient="I-3640"/>
	<Ingredient qty="80.000" uom="g" recipe="P-50017" invFactor="14.5455" conversion="1.00000000" ingredient="I-42360"/>
	<Ingredient qty="200.000" uom="g" recipe="P-50017" invFactor="36.3636" conversion="0.00100000" ingredient="P-26020"/>
	<Ingredient qty="3.600" uom="Kg" recipe="P-50017" invFactor="0.6545" conversion="1.00000000" ingredient="P-28989"/>
	<Ingredient qty="6.500" uom="L" recipe="P-50017" invFactor="1.1818" conversion="1.00000000" ingredient="P-32661"/>
	<Ingredient qty="1.000" uom="Kg" recipe="P-50017" invFactor="0.1818" conversion="1.00000000" ingredient="P-38556"/>
	<Ingredient qty="50.000" uom="g" recipe="P-50017" invFactor="9.0909" conversion="1.00000000" ingredient="P-44475"/>
	<Ingredient qty="3.000" uom="Kg" recipe="P-50372" invFactor="1.1111" conversion="1.00000000" ingredient="I-3856"/>
	<Ingredient qty="1.000" uom="L" recipe="P-50372" invFactor="0.3704" conversion="1.00000000" ingredient="P-50746"/>
	<Ingredient qty="1000.000" uom="ml" recipe="P-50495" invFactor="500.0000" conversion="0.00100000" ingredient="I-5983"/>
	<Ingredient qty="1000.000" uom="g" recipe="P-50495" invFactor="500.0000" conversion="0.00100000" ingredient="I-6820"/>
	<Ingredient qty="100.000" uom="ml" recipe="P-50746" invFactor="100.0000" conversion="0.00100000" ingredient="I-10864"/>
	<Ingredient qty="160.000" uom="g" recipe="P-50746" invFactor="160.0000" conversion="0.00100000" ingredient="I-3321"/>
	<Ingredient qty="160.000" uom="ml" recipe="P-50746" invFactor="160.0000" conversion="0.00100000" ingredient="I-3511"/>
	<Ingredient qty="60.000" uom="ml" recipe="P-50746" invFactor="60.0000" conversion="1.00000000" ingredient="I-3696"/>
	<Ingredient qty="250.000" uom="ml" recipe="P-50746" invFactor="250.0000" conversion="0.00100000" ingredient="I-47774"/>
	<Ingredient qty="25.000" uom="g" recipe="P-50746" invFactor="25.0000" conversion="1.00000000" ingredient="I-6026"/>
	<Ingredient qty="225.000" uom="g" recipe="P-50746" invFactor="225.0000" conversion="0.00100000" ingredient="I-6028"/>
	<Ingredient qty="20.000" uom="g" recipe="P-50746" invFactor="20.0000" conversion="0.00220462" ingredient="I-7631"/>
	<Ingredient qty="25.000" uom="g" recipe="P-50746" invFactor="25.0000" conversion="0.00100000" ingredient="P-26020"/>
	<Ingredient qty="25.000" uom="g" recipe="P-50746" invFactor="25.0000" conversion="0.00100000" ingredient="P-34880"/>
	<Ingredient qty="1.000" uom="Kg" recipe="P-50840" invFactor="0.5669" conversion="2.20462000" ingredient="I-4785"/>
	<Ingredient qty="275.000" uom="g" recipe="P-51825" invFactor="275.0000" conversion="0.00220462" ingredient="I-17593"/>
	<Ingredient qty="150.000" uom="g" recipe="P-51825" invFactor="150.0000" conversion="0.00100000" ingredient="I-50575"/>
	<Ingredient qty="150.000" uom="g" recipe="P-51825" invFactor="150.0000" conversion="0.00100000" ingredient="I-7388"/>
	<Ingredient qty="150.000" uom="g" recipe="P-51825" invFactor="150.0000" conversion="0.00100000" ingredient="P-34121"/>
	<Ingredient qty="275.000" uom="g" recipe="P-51825" invFactor="275.0000" conversion="0.00100000" ingredient="P-50372"/>
	<Ingredient qty="2.000" uom="g" recipe="P-51826" invFactor="2.0000" conversion="0.00100000" ingredient="P-24750"/>
	<Ingredient qty="2.000" uom="g" recipe="P-51826" invFactor="2.0000" conversion="1.00000000" ingredient="P-39057"/>
	<Ingredient qty="3.000" uom="g" recipe="P-51826" invFactor="3.0000" conversion="0.00100000" ingredient="P-51827"/>
	<Ingredient qty="1.200" uom="Kg" recipe="P-51827" invFactor="1.2000" conversion="2.20462000" ingredient="I-9685"/>
	<Ingredient qty="350.000" uom="ml" recipe="P-52459" invFactor="50.0000" conversion="0.00100000" ingredient="I-3388"/>
	<Ingredient qty="80.000" uom="ml" recipe="P-52459" invFactor="11.4286" conversion="1.00000000" ingredient="I-3696"/>
	<Ingredient qty="2.000" uom="L" recipe="P-52459" invFactor="0.2857" conversion="1.00000000" ingredient="I-47774"/>
	<Ingredient qty="10.000" uom="g" recipe="P-52459" invFactor="1.4286" conversion="0.00220462" ingredient="I-4796"/>
	<Ingredient qty="2.000" uom="L" recipe="P-52459" invFactor="0.2857" conversion="1.00000000" ingredient="I-5983"/>
	<Ingredient qty="800.000" uom="ml" recipe="P-52459" invFactor="114.2857" conversion="0.00100000" ingredient="I-7949"/>
	<Ingredient qty="250.000" uom="g" recipe="P-52459" invFactor="35.7143" conversion="0.00100000" ingredient="P-26020"/>
	<Ingredient qty="250.000" uom="g" recipe="P-52459" invFactor="35.7143" conversion="0.00100000" ingredient="P-34880"/>
	<Ingredient qty="700.000" uom="g" recipe="P-52459" invFactor="100.0000" conversion="1.00000000" ingredient="P-39057"/>
	<Ingredient qty="300.000" uom="ml" recipe="P-53277" invFactor="29.1262" conversion="1.00000000" ingredient="I-3141"/>
	<Ingredient qty="10.000" uom="L" recipe="P-53277" invFactor="0.9709" conversion="1.00000000" ingredient="I-5983"/>
	<Ingredient qty="2.000" uom="Kg" recipe="P-53277" invFactor="0.1942" conversion="1.00000000" ingredient="P-57227"/>
	<Ingredient qty="20.000" uom="g" recipe="P-55419" invFactor="1.0000" conversion="0.03527399" ingredient="I-11312"/>
	<Ingredient qty="20.000" uom="L" recipe="P-55419" invFactor="1.0000" conversion="1.00000000" ingredient="I-3223"/>
	<Ingredient qty="500.000" uom="g" recipe="P-55419" invFactor="25.0000" conversion="1.00000000" ingredient="I-3245"/>
	<Ingredient qty="600.000" uom="ml" recipe="P-55419" invFactor="30.0000" conversion="0.00100000" ingredient="I-3388"/>
	<Ingredient qty="280.000" uom="ml" recipe="P-55419" invFactor="14.0000" conversion="0.00100000" ingredient="I-3435"/>
	<Ingredient qty="400.000" uom="g" recipe="P-55419" invFactor="20.0000" conversion="0.00220462" ingredient="I-35336"/>
	<Ingredient qty="1250.000" uom="ml" recipe="P-55419" invFactor="62.5000" conversion="0.03381406" ingredient="I-45114"/>
	<Ingredient qty="50.000" uom="g" recipe="P-55419" invFactor="2.5000" conversion="0.00220462" ingredient="I-4708"/>
	<Ingredient qty="560.000" uom="g" recipe="P-55419" invFactor="28.0000" conversion="0.00220462" ingredient="I-4894"/>
	<Ingredient qty="140.000" uom="g" recipe="P-55419" invFactor="7.0000" conversion="0.00100000" ingredient="P-26020"/>
	<Ingredient qty="160.000" uom="ml" recipe="P-55484" invFactor="128.0000" conversion="0.00100000" ingredient="I-10882"/>
	<Ingredient qty="10.000" uom="ml" recipe="P-55484" invFactor="8.0000" conversion="0.00100000" ingredient="I-3388"/>
	<Ingredient qty="200.000" uom="g" recipe="P-55484" invFactor="160.0000" conversion="0.00100000" ingredient="I-3660"/>
	<Ingredient qty="250.000" uom="ml" recipe="P-55484" invFactor="200.0000" conversion="1.00000000" ingredient="I-3696"/>
	<Ingredient qty="30.000" uom="ml" recipe="P-55484" invFactor="24.0000" conversion="0.00100000" ingredient="I-47774"/>
	<Ingredient qty="360.000" uom="ml" recipe="P-55484" invFactor="288.0000" conversion="0.00100000" ingredient="I-5983"/>
	<Ingredient qty="40.000" uom="g" recipe="P-55484" invFactor="32.0000" conversion="0.00100000" ingredient="P-26020"/>
	<Ingredient qty="240.000" uom="ml" recipe="P-55484" invFactor="192.0000" conversion="0.00100000" ingredient="P-50495"/>
	<Ingredient qty="1.000" uom="Kg" recipe="P-56833" invFactor="1.0526" conversion="2.20462000" ingredient="I-4796"/>
	<Ingredient qty="500.000" uom="g" recipe="P-56905" invFactor="22.7273" conversion="0.00100000" ingredient="I-10791"/>
	<Ingredient qty="20.000" uom="g" recipe="P-56905" invFactor="0.9091" conversion="0.03527399" ingredient="I-11312"/>
	<Ingredient qty="20.000" uom="L" recipe="P-56905" invFactor="0.9091" conversion="1.00000000" ingredient="I-3223"/>
	<Ingredient qty="100.000" uom="ml" recipe="P-56905" invFactor="4.5455" conversion="0.00100000" ingredient="I-3388"/>
	<Ingredient qty="400.000" uom="g" recipe="P-56905" invFactor="18.1818" conversion="0.00220462" ingredient="I-35336"/>
	<Ingredient qty="1250.000" uom="ml" recipe="P-56905" invFactor="56.8182" conversion="0.03381406" ingredient="I-45114"/>
	<Ingredient qty="50.000" uom="g" recipe="P-56905" invFactor="2.2727" conversion="0.00220462" ingredient="I-4708"/>
	<Ingredient qty="560.000" uom="g" recipe="P-56905" invFactor="25.4545" conversion="0.00220462" ingredient="I-4894"/>
	<Ingredient qty="50.000" uom="g" recipe="P-56905" invFactor="2.2727" conversion="0.00220462" ingredient="I-61712"/>
	<Ingredient qty="140.000" uom="g" recipe="P-56905" invFactor="6.3636" conversion="0.00100000" ingredient="P-26020"/>
	<Ingredient qty="2.000" uom="Kg" recipe="P-57227" invFactor="0.5000" conversion="1.00000000" ingredient="P-39167"/>
	<Ingredient qty="1.000" uom="Kg" recipe="P-57227" invFactor="0.2500" conversion="1.00000000" ingredient="P-41094"/>
	<Ingredient qty="1.000" uom="Kg" recipe="P-57227" invFactor="0.2500" conversion="1.00000000" ingredient="P-41095"/>
	<Ingredient qty="2.300" uom="L" recipe="P-57958" invFactor="0.1983" conversion="35.21126761" ingredient="I-1813"/>
	<Ingredient qty="300.000" uom="ml" recipe="P-57958" invFactor="25.8621" conversion="0.00100000" ingredient="I-3391"/>
	<Ingredient qty="240.000" uom="g" recipe="P-57958" invFactor="20.6897" conversion="0.00100000" ingredient="I-3590"/>
	<Ingredient qty="1.200" uom="L" recipe="P-57958" invFactor="0.1034" conversion="1.00000000" ingredient="I-47774"/>
	<Ingredient qty="1.800" uom="Kg" recipe="P-57958" invFactor="0.1552" conversion="1.00000000" ingredient="I-6028"/>
	<Ingredient qty="15.000" uom="g" recipe="P-57958" invFactor="1.2931" conversion="1.00000000" ingredient="P-18907"/>
	<Ingredient qty="750.000" uom="ml" recipe="P-57958" invFactor="64.6552" conversion="0.00100000" ingredient="P-47541"/>
	<Ingredient qty="5.000" uom="L" recipe="P-57958" invFactor="0.4310" conversion="1.00000000" ingredient="P-53277"/>
	<Ingredient qty="1.500" uom="L" recipe="P-57959" invFactor="0.1667" conversion="35.21126761" ingredient="I-45114"/>
	<Ingredient qty="2.000" uom="L" recipe="P-57959" invFactor="0.2222" conversion="1.00000000" ingredient="I-47774"/>
	<Ingredient qty="500.000" uom="g" recipe="P-57959" invFactor="55.5556" conversion="0.00220462" ingredient="I-4918"/>
	<Ingredient qty="4.000" uom="Kg" recipe="P-57959" invFactor="0.4444" conversion="1.00000000" ingredient="I-6028"/>
	<Ingredient qty="4.000" uom="L" recipe="P-57959" invFactor="0.4444" conversion="35.21126761" ingredient="I-6443"/>
	<Ingredient qty="100.000" uom="g" recipe="P-57959" invFactor="11.1111" conversion="0.00100000" ingredient="P-56833"/>
	<Ingredient qty="10.000" uom="lb" recipe="P-58359" invFactor="1.0000" conversion="1.00000000" ingredient="I-4731"/>
	<Ingredient qty="2.000" uom="Kg" recipe="P-61685" invFactor="0.1000" conversion="35.27399000" ingredient="I-11312"/>
	<Ingredient qty="500.000" uom="ml" recipe="P-61685" invFactor="25.0000" conversion="1.00000000" ingredient="I-26014"/>
	<Ingredient qty="20.000" uom="L" recipe="P-61685" invFactor="1.0000" conversion="1.00000000" ingredient="I-3223"/>
	<Ingredient qty="400.000" uom="g" recipe="P-61685" invFactor="20.0000" conversion="0.00220462" ingredient="I-35336"/>
	<Ingredient qty="750.000" uom="ml" recipe="P-61685" invFactor="37.5000" conversion="0.03381406" ingredient="I-45114"/>
	<Ingredient qty="4.800" uom="Kg" recipe="P-61685" invFactor="0.2400" conversion="1.00000000" ingredient="P-44601"/>
	<Ingredient qty="15.000" uom="ml" recipe="P-61738" invFactor="0.2500" conversion="0.00100000" ingredient="P-26086"/>
	<Ingredient qty="15.000" uom="ml" recipe="P-61738" invFactor="0.2500" conversion="0.00100000" ingredient="P-52459"/>
	<Ingredient qty="10.000" uom="ml" recipe="P-61738" invFactor="0.1667" conversion="0.00100000" ingredient="P-55419"/>
	<Ingredient qty="10.000" uom="ml" recipe="P-61738" invFactor="0.1667" conversion="0.00100000" ingredient="P-56905"/>
	<Ingredient qty="10.000" uom="ml" recipe="P-61738" invFactor="0.1667" conversion="0.00100000" ingredient="P-61685"/>
	<Ingredient qty="36.000" uom="CT" recipe="P-9722" invFactor="0.7273" conversion="1.00000000" ingredient="I-4598"/>
	<Ingredient qty="1.000" uom="Kg" recipe="P-9765" invFactor="1.0000" conversion="1.00000000" ingredient="P-18746"/>
	<Ingredient qty="15.000" uom="g" recipe="R-37170" invFactor="1.0000" conversion="0.00100000" ingredient="I-2567"/>
	<Ingredient qty="85.000" uom="g" recipe="R-37170" invFactor="1.0000" conversion="1.00000000" ingredient="I-37002"/>
	<Ingredient qty="30.000" uom="g" recipe="R-37170" invFactor="1.0000" conversion="0.00100000" ingredient="I-41921"/>
	<Ingredient qty="30.000" uom="g" recipe="R-37170" invFactor="1.0000" conversion="0.00220462" ingredient="I-4496"/>
	<Ingredient qty="15.000" uom="g" recipe="R-37170" invFactor="1.0000" conversion="0.00220462" ingredient="I-4509"/>
	<Ingredient qty="30.000" uom="g" recipe="R-37170" invFactor="1.0000" conversion="0.00220462" ingredient="I-4725"/>
	<Ingredient qty="30.000" uom="g" recipe="R-37170" invFactor="1.0000" conversion="0.00100000" ingredient="I-4975"/>
	<Ingredient qty="30.000" uom="g" recipe="R-37170" invFactor="1.0000" conversion="1.00000000" ingredient="P-12954"/>
	<Ingredient qty="2.000" uom="g" recipe="R-37170" invFactor="1.0000" conversion="0.00100000" ingredient="P-24750"/>
	<Ingredient qty="60.000" uom="g" recipe="R-37170" invFactor="1.0000" conversion="0.00100000" ingredient="P-26090"/>
	<Ingredient qty="100.000" uom="g" recipe="R-37170" invFactor="1.0000" conversion="0.00100000" ingredient="P-28258"/>
	<Ingredient qty="30.000" uom="g" recipe="R-37170" invFactor="1.0000" conversion="0.00100000" ingredient="P-34116"/>
	<Ingredient qty="30.000" uom="g" recipe="R-37170" invFactor="1.0000" conversion="0.00100000" ingredient="P-34123"/>
	<Ingredient qty="30.000" uom="g" recipe="R-37170" invFactor="1.0000" conversion="0.00100000" ingredient="P-34298"/>
	<Ingredient qty="2.000" uom="g" recipe="R-37170" invFactor="1.0000" conversion="1.00000000" ingredient="P-39057"/>
	<Ingredient qty="15.000" uom="g" recipe="R-37170" invFactor="1.0000" conversion="0.00220462" ingredient="P-50840"/>
	<Ingredient qty="60.000" uom="ml" recipe="R-37170" invFactor="1.0000" conversion="1.00000000" ingredient="P-61738"/>
	<Ingredient qty="15.000" uom="g" recipe="R-37171" invFactor="1.0000" conversion="0.00100000" ingredient="I-2567"/>
	<Ingredient qty="30.000" uom="g" recipe="R-37171" invFactor="1.0000" conversion="0.00100000" ingredient="I-41921"/>
	<Ingredient qty="30.000" uom="g" recipe="R-37171" invFactor="1.0000" conversion="0.00220462" ingredient="I-4496"/>
	<Ingredient qty="15.000" uom="g" recipe="R-37171" invFactor="1.0000" conversion="0.00220462" ingredient="I-4509"/>
	<Ingredient qty="30.000" uom="g" recipe="R-37171" invFactor="1.0000" conversion="0.00220462" ingredient="I-4725"/>
	<Ingredient qty="30.000" uom="g" recipe="R-37171" invFactor="1.0000" conversion="0.00100000" ingredient="I-4975"/>
	<Ingredient qty="30.000" uom="g" recipe="R-37171" invFactor="1.0000" conversion="1.00000000" ingredient="P-12954"/>
	<Ingredient qty="2.000" uom="g" recipe="R-37171" invFactor="1.0000" conversion="0.00100000" ingredient="P-24750"/>
	<Ingredient qty="60.000" uom="g" recipe="R-37171" invFactor="1.0000" conversion="0.00100000" ingredient="P-26090"/>
	<Ingredient qty="100.000" uom="g" recipe="R-37171" invFactor="1.0000" conversion="0.00100000" ingredient="P-28258"/>
	<Ingredient qty="30.000" uom="g" recipe="R-37171" invFactor="1.0000" conversion="0.00100000" ingredient="P-34116"/>
	<Ingredient qty="85.000" uom="g" recipe="R-37171" invFactor="1.0000" conversion="0.00100000" ingredient="P-34121"/>
	<Ingredient qty="30.000" uom="g" recipe="R-37171" invFactor="1.0000" conversion="0.00100000" ingredient="P-34123"/>
	<Ingredient qty="30.000" uom="g" recipe="R-37171" invFactor="1.0000" conversion="0.00100000" ingredient="P-34298"/>
	<Ingredient qty="2.000" uom="g" recipe="R-37171" invFactor="1.0000" conversion="1.00000000" ingredient="P-39057"/>
	<Ingredient qty="15.000" uom="g" recipe="R-37171" invFactor="1.0000" conversion="0.00220462" ingredient="P-50840"/>
	<Ingredient qty="60.000" uom="ml" recipe="R-37171" invFactor="1.0000" conversion="1.00000000" ingredient="P-61738"/>
	<Ingredient qty="15.000" uom="g" recipe="R-37172" invFactor="1.0000" conversion="0.00100000" ingredient="I-2567"/>
	<Ingredient qty="5.000" uom="ml" recipe="R-37172" invFactor="1.0000" conversion="0.00100000" ingredient="I-3388"/>
	<Ingredient qty="30.000" uom="g" recipe="R-37172" invFactor="1.0000" conversion="0.00100000" ingredient="I-41921"/>
	<Ingredient qty="30.000" uom="g" recipe="R-37172" invFactor="1.0000" conversion="0.00220462" ingredient="I-4496"/>
	<Ingredient qty="15.000" uom="g" recipe="R-37172" invFactor="1.0000" conversion="0.00220462" ingredient="I-4509"/>
	<Ingredient qty="30.000" uom="g" recipe="R-37172" invFactor="1.0000" conversion="0.00220462" ingredient="I-4725"/>
	<Ingredient qty="30.000" uom="g" recipe="R-37172" invFactor="1.0000" conversion="0.00100000" ingredient="I-4975"/>
	<Ingredient qty="30.000" uom="g" recipe="R-37172" invFactor="1.0000" conversion="1.00000000" ingredient="P-12954"/>
	<Ingredient qty="2.000" uom="g" recipe="R-37172" invFactor="1.0000" conversion="0.00100000" ingredient="P-24750"/>
	<Ingredient qty="60.000" uom="g" recipe="R-37172" invFactor="1.0000" conversion="0.00100000" ingredient="P-26090"/>
	<Ingredient qty="100.000" uom="g" recipe="R-37172" invFactor="1.0000" conversion="0.00100000" ingredient="P-28258"/>
	<Ingredient qty="30.000" uom="g" recipe="R-37172" invFactor="1.0000" conversion="0.00100000" ingredient="P-34116"/>
	<Ingredient qty="30.000" uom="g" recipe="R-37172" invFactor="1.0000" conversion="0.00100000" ingredient="P-34123"/>
	<Ingredient qty="30.000" uom="g" recipe="R-37172" invFactor="1.0000" conversion="0.00100000" ingredient="P-34298"/>
	<Ingredient qty="2.000" uom="g" recipe="R-37172" invFactor="1.0000" conversion="1.00000000" ingredient="P-39057"/>
	<Ingredient qty="85.000" uom="g" recipe="R-37172" invFactor="1.0000" conversion="0.00100000" ingredient="P-40741"/>
	<Ingredient qty="15.000" uom="g" recipe="R-37172" invFactor="1.0000" conversion="0.00220462" ingredient="P-50840"/>
	<Ingredient qty="60.000" uom="ml" recipe="R-37172" invFactor="1.0000" conversion="1.00000000" ingredient="P-61738"/>
	<Ingredient qty="3.000" uom="oz" recipe="R-43237" invFactor="1.0000" conversion="0.06250000" ingredient="I-17594"/>
	<Ingredient qty="60.000" uom="ml" recipe="R-45371" invFactor="1.0000" conversion="0.00100000" ingredient="P-26086"/>
	<Ingredient qty="6.000" uom="g" recipe="R-50018" invFactor="1.0000" conversion="1.00000000" ingredient="I-11813"/>
	<Ingredient qty="2.000" uom="ea" recipe="R-50018" invFactor="1.0000" conversion="1.00000000" ingredient="I-2933"/>
	<Ingredient qty="1.000" uom="g" recipe="R-50018" invFactor="1.0000" conversion="0.01259785" ingredient="I-4341"/>
	<Ingredient qty="10.000" uom="g" recipe="R-50018" invFactor="1.0000" conversion="1.00000000" ingredient="P-35255"/>
	<Ingredient qty="200.000" uom="g" recipe="R-50018" invFactor="1.0000" conversion="0.00100000" ingredient="P-50017"/>
	<Ingredient qty="30.000" uom="ml" recipe="R-51276" invFactor="1.0000" conversion="0.00100000" ingredient="I-3388"/>
	<Ingredient qty="80.000" uom="g" recipe="R-51276" invFactor="1.0000" conversion="0.00220462" ingredient="I-4597"/>
	<Ingredient qty="60.000" uom="g" recipe="R-51276" invFactor="1.0000" conversion="0.00100000" ingredient="I-5006"/>
	<Ingredient qty="2.000" uom="g" recipe="R-51276" invFactor="1.0000" conversion="1.00000000" ingredient="P-18907"/>
	<Ingredient qty="20.000" uom="g" recipe="R-51276" invFactor="1.0000" conversion="0.00100000" ingredient="P-26020"/>
	<Ingredient qty="70.000" uom="g" recipe="R-51276" invFactor="1.0000" conversion="1.00000000" ingredient="P-26055"/>
	<Ingredient qty="250.000" uom="g" recipe="R-51276" invFactor="1.0000" conversion="0.00100000" ingredient="P-26143"/>
	<Ingredient qty="30.000" uom="g" recipe="R-51276" invFactor="1.0000" conversion="0.00100000" ingredient="P-38556"/>
	<Ingredient qty="30.000" uom="g" recipe="R-51276" invFactor="1.0000" conversion="0.00100000" ingredient="P-43440"/>
	<Ingredient qty="1.000" uom="PTN" recipe="R-51276" invFactor="1.0000" conversion="1.00000000" ingredient="P-51826"/>
	<Ingredient qty="50.000" uom="ml" recipe="R-51276" invFactor="1.0000" conversion="0.00100000" ingredient="P-52459"/>
	<Ingredient qty="60.000" uom="g" recipe="R-51276" invFactor="1.0000" conversion="0.00100000" ingredient="P-9765"/>
	<Ingredient qty="30.000" uom="ml" recipe="R-51828" invFactor="1.0000" conversion="0.00100000" ingredient="I-3388"/>
	<Ingredient qty="80.000" uom="g" recipe="R-51828" invFactor="1.0000" conversion="0.00220462" ingredient="I-4597"/>
	<Ingredient qty="60.000" uom="g" recipe="R-51828" invFactor="1.0000" conversion="0.00100000" ingredient="I-5006"/>
	<Ingredient qty="2.000" uom="g" recipe="R-51828" invFactor="1.0000" conversion="1.00000000" ingredient="P-18907"/>
	<Ingredient qty="20.000" uom="g" recipe="R-51828" invFactor="1.0000" conversion="0.00100000" ingredient="P-26020"/>
	<Ingredient qty="70.000" uom="g" recipe="R-51828" invFactor="1.0000" conversion="1.00000000" ingredient="P-26055"/>
	<Ingredient qty="250.000" uom="g" recipe="R-51828" invFactor="1.0000" conversion="0.00100000" ingredient="P-26143"/>
	<Ingredient qty="30.000" uom="g" recipe="R-51828" invFactor="1.0000" conversion="0.00100000" ingredient="P-38556"/>
	<Ingredient qty="100.000" uom="g" recipe="R-51828" invFactor="1.0000" conversion="0.00100000" ingredient="P-51825"/>
	<Ingredient qty="1.000" uom="PTN" recipe="R-51828" invFactor="1.0000" conversion="1.00000000" ingredient="P-51826"/>
	<Ingredient qty="50.000" uom="ml" recipe="R-51828" invFactor="1.0000" conversion="0.00100000" ingredient="P-52459"/>
	<Ingredient qty="60.000" uom="g" recipe="R-51828" invFactor="1.0000" conversion="0.00100000" ingredient="P-9765"/>
	<Ingredient qty="60.000" uom="ml" recipe="R-51942" invFactor="1.0000" conversion="0.00100000" ingredient="P-52459"/>
	<Ingredient qty="60.000" uom="ml" recipe="R-55488" invFactor="1.0000" conversion="0.00100000" ingredient="P-55484"/>
	<Ingredient qty="60.000" uom="ml" recipe="R-58390" invFactor="1.0000" conversion="0.00100000" ingredient="P-57958"/>
	<Ingredient qty="15.000" uom="g" recipe="R-58440" invFactor="1.0000" conversion="0.00100000" ingredient="I-2567"/>
	<Ingredient qty="5.000" uom="ml" recipe="R-58440" invFactor="1.0000" conversion="0.00100000" ingredient="I-3388"/>
	<Ingredient qty="30.000" uom="g" recipe="R-58440" invFactor="1.0000" conversion="0.00100000" ingredient="I-41921"/>
	<Ingredient qty="2.000" uom="g" recipe="R-58440" invFactor="1.0000" conversion="0.01259785" ingredient="I-4341"/>
	<Ingredient qty="30.000" uom="g" recipe="R-58440" invFactor="1.0000" conversion="0.00220462" ingredient="I-4496"/>
	<Ingredient qty="15.000" uom="g" recipe="R-58440" invFactor="1.0000" conversion="0.00220462" ingredient="I-4509"/>
	<Ingredient qty="30.000" uom="g" recipe="R-58440" invFactor="1.0000" conversion="0.00100000" ingredient="I-4975"/>
	<Ingredient qty="60.000" uom="g" recipe="R-58440" invFactor="1.0000" conversion="0.00100000" ingredient="I-56920"/>
	<Ingredient qty="15.000" uom="ml" recipe="R-58440" invFactor="1.0000" conversion="0.00100000" ingredient="P-26086"/>
	<Ingredient qty="30.000" uom="g" recipe="R-58440" invFactor="1.0000" conversion="0.00100000" ingredient="P-26090"/>
	<Ingredient qty="60.000" uom="g" recipe="R-58440" invFactor="1.0000" conversion="0.00100000" ingredient="P-26091"/>
	<Ingredient qty="15.000" uom="ml" recipe="R-58440" invFactor="1.0000" conversion="0.00100000" ingredient="P-26105"/>
	<Ingredient qty="100.000" uom="g" recipe="R-58440" invFactor="1.0000" conversion="0.00100000" ingredient="P-28258"/>
	<Ingredient qty="15.000" uom="ml" recipe="R-58440" invFactor="1.0000" conversion="0.00100000" ingredient="P-30552"/>
	<Ingredient qty="15.000" uom="ml" recipe="R-58440" invFactor="1.0000" conversion="0.00100000" ingredient="P-31128"/>
	<Ingredient qty="30.000" uom="g" recipe="R-58440" invFactor="1.0000" conversion="0.00100000" ingredient="P-34116"/>
	<Ingredient qty="30.000" uom="g" recipe="R-58440" invFactor="1.0000" conversion="0.00100000" ingredient="P-34123"/>
	<Ingredient qty="30.000" uom="g" recipe="R-58440" invFactor="1.0000" conversion="0.00100000" ingredient="P-34298"/>
	<Ingredient qty="15.000" uom="ml" recipe="R-58440" invFactor="1.0000" conversion="0.00100000" ingredient="P-36599"/>
	<Ingredient qty="2.000" uom="g" recipe="R-58440" invFactor="1.0000" conversion="1.00000000" ingredient="P-39057"/>
	<Ingredient qty="85.000" uom="g" recipe="R-58440" invFactor="1.0000" conversion="0.00100000" ingredient="P-50372"/>
	<Ingredient qty="15.000" uom="g" recipe="R-58440" invFactor="1.0000" conversion="0.00220462" ingredient="P-50840"/>
	<Ingredient qty="30.000" uom="g" recipe="R-58440" invFactor="1.0000" conversion="0.00220462" ingredient="P-58359"/>
	<Ingredient qty="15.000" uom="g" recipe="R-58440" invFactor="1.0000" conversion="0.00220462" ingredient="P-9722"/>
	<Ingredient qty="60.000" uom="ml" recipe="R-59573" invFactor="1.0000" conversion="0.00100000" ingredient="P-27492"/>
	<Ingredient qty="2.500" uom="ea" recipe="R-59589" invFactor="1.0000" conversion="1.00000000" ingredient="I-29663"/>
	<Ingredient qty="2.500" uom="each" recipe="R-59589" invFactor="1.0000" conversion="1.00000000" ingredient="I-29665"/>
	<Ingredient qty="15.000" uom="ml" recipe="R-59589" invFactor="1.0000" conversion="0.00100000" ingredient="P-26086"/>
	<Ingredient qty="15.000" uom="ml" recipe="R-59589" invFactor="1.0000" conversion="0.00100000" ingredient="P-27492"/>
	<Ingredient qty="15.000" uom="ml" recipe="R-59589" invFactor="1.0000" conversion="0.00100000" ingredient="P-52459"/>
	<Ingredient qty="15.000" uom="ml" recipe="R-59589" invFactor="1.0000" conversion="0.00100000" ingredient="P-57958"/>
	<Ingredient qty="60.000" uom="ml" recipe="R-61692" invFactor="1.0000" conversion="0.00100000" ingredient="P-61685"/>
	<Ingredient qty="60.000" uom="ml" recipe="R-61693" invFactor="1.0000" conversion="0.00100000" ingredient="P-57959"/>
	<Ingredient qty="60.000" uom="ml" recipe="R-61694" invFactor="1.0000" conversion="0.00100000" ingredient="P-36599"/>
	<Ingredient qty="60.000" uom="ml" recipe="R-61695" invFactor="1.0000" conversion="0.00100000" ingredient="P-30552"/>
	<Ingredient qty="60.000" uom="ml" recipe="R-61696" invFactor="1.0000" conversion="0.00100000" ingredient="P-31128"/>
	<Ingredient qty="60.000" uom="ml" recipe="R-61698" invFactor="1.0000" conversion="0.00100000" ingredient="P-55419"/>
</Ingredients>
