﻿<?xml version="1.0" encoding="UTF-8" standalone="yes"?>
<Items>
	<Item id="I-7631" active="Y" keyItem="Y" actualize="N">
		<Description>5 SPICE POWDER</Description>
		<Cost>13.1100</Cost>
		<CaseQty>1.000</CaseQty>
		<CaseUOM>ea</CaseUOM>
		<PakQty>1.000</PakQty>
		<PakUOM>lb</PakUOM>
		<Comments/>
		<InventoryGroup id="18">SPICES</InventoryGroup>
		<SalesCategory id="2">Food</SalesCategory>
		<Location id="299">OK - STORES AISLE #1</Location>
		<ExpenseAccount id="22" ref="SC0070" type="C" locked="N">COS-Food NoTax</ExpenseAccount>
		<IncomeAccount id="14" ref="Gross Sales" type="I" locked="Y">Gross Sales</IncomeAccount>
	</Item>
	<Item id="I-4496" active="Y" keyItem="Y" actualize="N">
		<Description>BAK CHOY BABY BC</Description>
		<Cost>2.8083</Cost>
		<CaseQty>30.000</CaseQty>
		<CaseUOM>lb</CaseUOM>
		<PakQty>1.000</PakQty>
		<PakUOM>lb</PakUOM>
		<Comments/>
		<InventoryGroup id="4">PRODUCE</InventoryGroup>
		<SalesCategory id="2">Food</SalesCategory>
		<Location id="303">OK - PRODUCE COOLER</Location>
		<ExpenseAccount id="22" ref="SC0070" type="C" locked="N">COS-Food NoTax</ExpenseAccount>
		<IncomeAccount id="14" ref="Gross Sales" type="I" locked="Y">Gross Sales</IncomeAccount>
	</Item>
	<Item id="I-3141" active="Y" keyItem="Y" actualize="N">
		<Description>BASE VEG CONC LIQ G/FREE</Description>
		<Cost>0.0157</Cost>
		<CaseQty>4.000</CaseQty>
		<CaseUOM>pak</CaseUOM>
		<PakQty>946.000</PakQty>
		<PakUOM>ml</PakUOM>
		<Comments/>
		<InventoryGroup id="16">FOOD - GROCERY</InventoryGroup>
		<SalesCategory id="2">Food</SalesCategory>
		<Location id="490">OK - STORES AISLE #2</Location>
		<ExpenseAccount id="22" ref="SC0070" type="C" locked="N">COS-Food NoTax</ExpenseAccount>
		<IncomeAccount id="14" ref="Gross Sales" type="I" locked="Y">Gross Sales</IncomeAccount>
	</Item>
	<Item id="I-2567" active="Y" keyItem="Y" actualize="N">
		<Description>BEAN GREEN WHL GRADE A IQF</Description>
		<Cost>4.4311</Cost>
		<CaseQty>6.000</CaseQty>
		<CaseUOM>bag</CaseUOM>
		<PakQty>1.500</PakQty>
		<PakUOM>Kg</PakUOM>
		<Comments/>
		<InventoryGroup id="4">PRODUCE</InventoryGroup>
		<SalesCategory id="2">Food</SalesCategory>
		<Location id="302">OK - FREEZER</Location>
		<ExpenseAccount id="22" ref="SC0070" type="C" locked="N">COS-Food NoTax</ExpenseAccount>
		<IncomeAccount id="14" ref="Gross Sales" type="I" locked="Y">Gross Sales</IncomeAccount>
	</Item>
	<Item id="I-3143" active="Y" keyItem="Y" actualize="N">
		<Description>BEANS CHICK PEAS GARBANZO</Description>
		<Cost>3.0346</Cost>
		<CaseQty>6.000</CaseQty>
		<CaseUOM>LG CAN</CaseUOM>
		<PakQty>2.840</PakQty>
		<PakUOM>L</PakUOM>
		<Comments>reduced Na+ by 41% (drain &amp; rinse)</Comments>
		<InventoryGroup id="16">FOOD - GROCERY</InventoryGroup>
		<SalesCategory id="2">Food</SalesCategory>
		<Location id="491">OK - STORES AISLE #3</Location>
		<ExpenseAccount id="22" ref="SC0070" type="C" locked="N">COS-Food NoTax</ExpenseAccount>
		<IncomeAccount id="14" ref="Gross Sales" type="I" locked="Y">Gross Sales</IncomeAccount>
	</Item>
	<Item id="I-37002" active="Y" keyItem="Y" actualize="N">
		<Description>BEEF INSIDE ROUND SHAVED</Description>
		<Cost>0.0198</Cost>
		<CaseQty>9.000</CaseQty>
		<CaseUOM>Kg</CaseUOM>
		<PakQty>1000.000</PakQty>
		<PakUOM>g</PakUOM>
		<Comments/>
		<InventoryGroup id="5">MEAT</InventoryGroup>
		<SalesCategory id="2">Food</SalesCategory>
		<Location id="304">OK - MEAT COOLER</Location>
		<ExpenseAccount id="22" ref="SC0070" type="C" locked="N">COS-Food NoTax</ExpenseAccount>
		<IncomeAccount id="14" ref="Gross Sales" type="I" locked="Y">Gross Sales</IncomeAccount>
	</Item>
	<Item id="I-41921" active="Y" keyItem="Y" actualize="N">
		<Description>BROCCOLI FLORET IQF</Description>
		<Cost>5.2563</Cost>
		<CaseQty>8.000</CaseQty>
		<CaseUOM>Kg</CaseUOM>
		<PakQty>1.000</PakQty>
		<PakUOM>Kg</PakUOM>
		<Comments/>
		<InventoryGroup id="4">PRODUCE</InventoryGroup>
		<SalesCategory id="2">Food</SalesCategory>
		<Location id="302">OK - FREEZER</Location>
		<ExpenseAccount id="22" ref="SC0070" type="C" locked="N">COS-Food NoTax</ExpenseAccount>
		<IncomeAccount id="14" ref="Gross Sales" type="I" locked="Y">Gross Sales</IncomeAccount>
	</Item>
	<Item id="I-4550" active="Y" keyItem="Y" actualize="N">
		<Description>CABBAGE GREEN BC</Description>
		<Cost>1.1930</Cost>
		<CaseQty>50.000</CaseQty>
		<CaseUOM>lb</CaseUOM>
		<PakQty>1.000</PakQty>
		<PakUOM>lb</PakUOM>
		<Comments/>
		<InventoryGroup id="4">PRODUCE</InventoryGroup>
		<SalesCategory id="2">Food</SalesCategory>
		<Location id="303">OK - PRODUCE COOLER</Location>
		<ExpenseAccount id="22" ref="SC0070" type="C" locked="N">COS-Food NoTax</ExpenseAccount>
		<IncomeAccount id="14" ref="Gross Sales" type="I" locked="Y">Gross Sales</IncomeAccount>
	</Item>
	<Item id="I-4589" active="Y" keyItem="Y" actualize="N">
		<Description>CARROTS JUMBO BC</Description>
		<Cost>0.3410</Cost>
		<CaseQty>50.000</CaseQty>
		<CaseUOM>lb</CaseUOM>
		<PakQty>1.000</PakQty>
		<PakUOM>lb</PakUOM>
		<Comments/>
		<InventoryGroup id="4">PRODUCE</InventoryGroup>
		<SalesCategory id="2">Food</SalesCategory>
		<Location id="449">OK - ARCHIVE</Location>
		<ExpenseAccount id="22" ref="SC0070" type="C" locked="N">COS-Food NoTax</ExpenseAccount>
		<IncomeAccount id="14" ref="Gross Sales" type="I" locked="Y">Gross Sales</IncomeAccount>
	</Item>
	<Item id="I-4975" active="Y" keyItem="Y" actualize="N">
		<Description>CAULIFLOWER FLORET GRD A  IQF</Description>
		<Cost>3.2475</Cost>
		<CaseQty>6.000</CaseQty>
		<CaseUOM>bag</CaseUOM>
		<PakQty>2.000</PakQty>
		<PakUOM>Kg</PakUOM>
		<Comments/>
		<InventoryGroup id="4">PRODUCE</InventoryGroup>
		<SalesCategory id="2">Food</SalesCategory>
		<Location id="302">OK - FREEZER</Location>
		<ExpenseAccount id="22" ref="SC0070" type="C" locked="N">COS-Food NoTax</ExpenseAccount>
		<IncomeAccount id="14" ref="Gross Sales" type="I" locked="Y">Gross Sales</IncomeAccount>
	</Item>
	<Item id="I-4597" active="Y" keyItem="Y" actualize="N">
		<Description>CAULIFLOWER FLORETS H/CUS</Description>
		<Cost>4.2900</Cost>
		<CaseQty>5.000</CaseQty>
		<CaseUOM>lb</CaseUOM>
		<PakQty>1.000</PakQty>
		<PakUOM>lb</PakUOM>
		<Comments/>
		<InventoryGroup id="4">PRODUCE</InventoryGroup>
		<SalesCategory id="2">Food</SalesCategory>
		<Location id="449">OK - ARCHIVE</Location>
		<ExpenseAccount id="22" ref="SC0070" type="C" locked="N">COS-Food NoTax</ExpenseAccount>
		<IncomeAccount id="14" ref="Gross Sales" type="I" locked="Y">Gross Sales</IncomeAccount>
	</Item>
	<Item id="I-56920" active="Y" keyItem="Y" actualize="N">
		<Description>CAULIFLOWER RICED FZN</Description>
		<Cost>6.0175</Cost>
		<CaseQty>4.000</CaseQty>
		<CaseUOM>bag</CaseUOM>
		<PakQty>2.000</PakQty>
		<PakUOM>Kg</PakUOM>
		<Comments/>
		<InventoryGroup id="4">PRODUCE</InventoryGroup>
		<SalesCategory id="2">Food</SalesCategory>
		<Location id="449">OK - ARCHIVE</Location>
		<ExpenseAccount id="22" ref="SC0070" type="C" locked="N">COS-Food NoTax</ExpenseAccount>
		<IncomeAccount id="14" ref="Gross Sales" type="I" locked="Y">Gross Sales</IncomeAccount>
	</Item>
	<Item id="I-4598" active="Y" keyItem="Y" actualize="N">
		<Description>CELERY </Description>
		<Cost>1.6681</Cost>
		<CaseQty>36.000</CaseQty>
		<CaseUOM>CT</CaseUOM>
		<PakQty>1.000</PakQty>
		<PakUOM>CT</PakUOM>
		<Comments/>
		<InventoryGroup id="4">PRODUCE</InventoryGroup>
		<SalesCategory id="2">Food</SalesCategory>
		<Location id="449">OK - ARCHIVE</Location>
		<ExpenseAccount id="22" ref="SC0070" type="C" locked="N">COS-Food NoTax</ExpenseAccount>
		<IncomeAccount id="14" ref="Gross Sales" type="I" locked="Y">Gross Sales</IncomeAccount>
	</Item>
	<Item id="I-19665" active="Y" keyItem="Y" actualize="N">
		<Description>CHICK THIGH STIRFRY HALAL</Description>
		<Cost>12.4900</Cost>
		<CaseQty>1.000</CaseQty>
		<CaseUOM>Kg</CaseUOM>
		<PakQty>1.000</PakQty>
		<PakUOM>Kg</PakUOM>
		<Comments/>
		<InventoryGroup id="30">POULTRY</InventoryGroup>
		<SalesCategory id="2">Food</SalesCategory>
		<Location id="304">OK - MEAT COOLER</Location>
		<ExpenseAccount id="22" ref="SC0070" type="C" locked="N">COS-Food NoTax</ExpenseAccount>
		<IncomeAccount id="14" ref="Gross Sales" type="I" locked="Y">Gross Sales</IncomeAccount>
	</Item>
	<Item id="I-3223" active="Y" keyItem="Y" actualize="N">
		<Description>COCONUT MILK 17/19% MILK FAT</Description>
		<Cost>4.4742</Cost>
		<CaseQty>6.000</CaseQty>
		<CaseUOM>LG CAN</CaseUOM>
		<PakQty>2.840</PakQty>
		<PakUOM>L</PakUOM>
		<Comments/>
		<InventoryGroup id="16">FOOD - GROCERY</InventoryGroup>
		<SalesCategory id="2">Food</SalesCategory>
		<Location id="490">OK - STORES AISLE #2</Location>
		<ExpenseAccount id="22" ref="SC0070" type="C" locked="N">COS-Food NoTax</ExpenseAccount>
		<IncomeAccount id="14" ref="Gross Sales" type="I" locked="Y">Gross Sales</IncomeAccount>
	</Item>
	<Item id="I-50750" active="Y" keyItem="Y" actualize="N">
		<Description>CORIANDER WHOLE BULK</Description>
		<Cost>0.3948</Cost>
		<CaseQty>5.000</CaseQty>
		<CaseUOM>lb</CaseUOM>
		<PakQty>16.000</PakQty>
		<PakUOM>oz</PakUOM>
		<Comments/>
		<InventoryGroup id="18">SPICES</InventoryGroup>
		<SalesCategory id="2">Food</SalesCategory>
		<Location id="299">OK - STORES AISLE #1</Location>
		<ExpenseAccount id="22" ref="SC0070" type="C" locked="N">COS-Food NoTax</ExpenseAccount>
		<IncomeAccount id="14" ref="Gross Sales" type="I" locked="Y">Gross Sales</IncomeAccount>
	</Item>
	<Item id="I-4626" active="Y" keyItem="Y" actualize="N">
		<Description>CUCUMBER BC</Description>
		<Cost>2.3500</Cost>
		<CaseQty>12.000</CaseQty>
		<CaseUOM>CT</CaseUOM>
		<PakQty>1.000</PakQty>
		<PakUOM>CT</PakUOM>
		<Comments/>
		<InventoryGroup id="4">PRODUCE</InventoryGroup>
		<SalesCategory id="2">Food</SalesCategory>
		<Location id="303">OK - PRODUCE COOLER</Location>
		<ExpenseAccount id="22" ref="SC0070" type="C" locked="N">COS-Food NoTax</ExpenseAccount>
		<IncomeAccount id="14" ref="Gross Sales" type="I" locked="Y">Gross Sales</IncomeAccount>
	</Item>
	<Item id="I-3630" active="Y" keyItem="Y" actualize="N">
		<Description>CUMIN SEED GROUND </Description>
		<Cost>0.0139</Cost>
		<CaseQty>5.000</CaseQty>
		<CaseUOM>lb</CaseUOM>
		<PakQty>454.000</PakQty>
		<PakUOM>oz</PakUOM>
		<Comments/>
		<InventoryGroup id="18">SPICES</InventoryGroup>
		<SalesCategory id="2">Food</SalesCategory>
		<Location id="299">OK - STORES AISLE #1</Location>
		<ExpenseAccount id="22" ref="SC0070" type="C" locked="N">COS-Food NoTax</ExpenseAccount>
		<IncomeAccount id="14" ref="Gross Sales" type="I" locked="Y">Gross Sales</IncomeAccount>
	</Item>
	<Item id="I-42360" active="Y" keyItem="Y" actualize="N">
		<Description>CURRY POWDER MADRAS HOT</Description>
		<Cost>0.0116</Cost>
		<CaseQty>8.000</CaseQty>
		<CaseUOM>ea</CaseUOM>
		<PakQty>454.000</PakQty>
		<PakUOM>g</PakUOM>
		<Comments/>
		<InventoryGroup id="18">SPICES</InventoryGroup>
		<SalesCategory id="2">Food</SalesCategory>
		<Location id="449">OK - ARCHIVE</Location>
		<ExpenseAccount id="22" ref="SC0070" type="C" locked="N">COS-Food NoTax</ExpenseAccount>
		<IncomeAccount id="14" ref="Gross Sales" type="I" locked="Y">Gross Sales</IncomeAccount>
	</Item>
	<Item id="I-2157" active="Y" keyItem="Y" actualize="N">
		<Description>EGG LIQ WHL FRSH KOSHER ESL KG</Description>
		<Cost>6.4792</Cost>
		<CaseQty>12.000</CaseQty>
		<CaseUOM>Kg</CaseUOM>
		<PakQty>1.000</PakQty>
		<PakUOM>Kg</PakUOM>
		<Comments>CODE CHANGE FROM 3392357 TO 9938805 OCT2017, PRICE INCEASE 01/19</Comments>
		<InventoryGroup id="9">DAIRY</InventoryGroup>
		<SalesCategory id="2">Food</SalesCategory>
		<Location id="449">OK - ARCHIVE</Location>
		<ExpenseAccount id="22" ref="SC0070" type="C" locked="N">COS-Food NoTax</ExpenseAccount>
		<IncomeAccount id="14" ref="Gross Sales" type="I" locked="Y">Gross Sales</IncomeAccount>
	</Item>
	<Item id="I-4655" active="Y" keyItem="N" actualize="N">
		<Description>GALANGA ROOTIM</Description>
		<Cost>0.4875</Cost>
		<CaseQty>1.000</CaseQty>
		<CaseUOM>cs</CaseUOM>
		<PakQty>40.000</PakQty>
		<PakUOM>lb</PakUOM>
		<Comments/>
		<InventoryGroup id="4">PRODUCE</InventoryGroup>
		<SalesCategory id="2">Food</SalesCategory>
		<Location id="303">OK - PRODUCE COOLER</Location>
		<ExpenseAccount id="22" ref="SC0070" type="C" locked="N">COS-Food NoTax</ExpenseAccount>
		<IncomeAccount id="14" ref="Gross Sales" type="I" locked="Y">Gross Sales</IncomeAccount>
	</Item>
	<Item id="I-4657" active="Y" keyItem="Y" actualize="N">
		<Description>GARLIC PEELED</Description>
		<Cost>5.6000</Cost>
		<CaseQty>1.000</CaseQty>
		<CaseUOM>5#</CaseUOM>
		<PakQty>5.000</PakQty>
		<PakUOM>lb</PakUOM>
		<Comments>PRICE DECREASE FROM $17.10 TO $10.85 JULY 2018 VW</Comments>
		<InventoryGroup id="4">PRODUCE</InventoryGroup>
		<SalesCategory id="2">Food</SalesCategory>
		<Location id="303">OK - PRODUCE COOLER</Location>
		<ExpenseAccount id="22" ref="SC0070" type="C" locked="N">COS-Food NoTax</ExpenseAccount>
		<IncomeAccount id="14" ref="Gross Sales" type="I" locked="Y">Gross Sales</IncomeAccount>
	</Item>
	<Item id="I-3632" active="Y" keyItem="Y" actualize="N">
		<Description>GARLIC POWDER </Description>
		<Cost>0.0162</Cost>
		<CaseQty>5.000</CaseQty>
		<CaseUOM>lb</CaseUOM>
		<PakQty>454.000</PakQty>
		<PakUOM>g</PakUOM>
		<Comments/>
		<InventoryGroup id="18">SPICES</InventoryGroup>
		<SalesCategory id="2">Food</SalesCategory>
		<Location id="299">OK - STORES AISLE #1</Location>
		<ExpenseAccount id="22" ref="SC0070" type="C" locked="N">COS-Food NoTax</ExpenseAccount>
		<IncomeAccount id="14" ref="Gross Sales" type="I" locked="Y">Gross Sales</IncomeAccount>
	</Item>
	<Item id="I-9685" active="Y" keyItem="Y" actualize="N">
		<Description>GINGER PEELED</Description>
		<Cost>8.8500</Cost>
		<CaseQty>1.000</CaseQty>
		<CaseUOM>lb</CaseUOM>
		<PakQty>1.000</PakQty>
		<PakUOM>lb</PakUOM>
		<Comments/>
		<InventoryGroup id="4">PRODUCE</InventoryGroup>
		<SalesCategory id="2">Food</SalesCategory>
		<Location id="449">OK - ARCHIVE</Location>
		<ExpenseAccount id="22" ref="SC0070" type="C" locked="N">COS-Food NoTax</ExpenseAccount>
		<IncomeAccount id="14" ref="Gross Sales" type="I" locked="Y">Gross Sales</IncomeAccount>
	</Item>
	<Item id="I-4660" active="Y" keyItem="Y" actualize="N">
		<Description>GINGER PEELED.</Description>
		<Cost>3.5100</Cost>
		<CaseQty>5.000</CaseQty>
		<CaseUOM>lb</CaseUOM>
		<PakQty>1.000</PakQty>
		<PakUOM>lb</PakUOM>
		<Comments/>
		<InventoryGroup id="4">PRODUCE</InventoryGroup>
		<SalesCategory id="2">Food</SalesCategory>
		<Location id="303">OK - PRODUCE COOLER</Location>
		<ExpenseAccount id="22" ref="SC0070" type="C" locked="N">COS-Food NoTax</ExpenseAccount>
		<IncomeAccount id="14" ref="Gross Sales" type="I" locked="Y">Gross Sales</IncomeAccount>
	</Item>
	<Item id="I-29665" active="Y" keyItem="Y" actualize="N">
		<Description>GYOZA CHICKEN &amp; VEGETABLE</Description>
		<Cost>0.1900</Cost>
		<CaseQty>100.000</CaseQty>
		<CaseUOM>ea</CaseUOM>
		<PakQty>1.000</PakQty>
		<PakUOM>each</PakUOM>
		<Comments/>
		<InventoryGroup id="16">FOOD - GROCERY</InventoryGroup>
		<SalesCategory id="2">Food</SalesCategory>
		<Location id="295">OK - FREEZER DIM SUM</Location>
		<ExpenseAccount id="22" ref="SC0070" type="C" locked="N">COS-Food NoTax</ExpenseAccount>
		<IncomeAccount id="14" ref="Gross Sales" type="I" locked="Y">Gross Sales</IncomeAccount>
	</Item>
	<Item id="I-29663" active="Y" keyItem="Y" actualize="N">
		<Description>GYOZA PORK &amp; VEGETABLE </Description>
		<Cost>0.1650</Cost>
		<CaseQty>100.000</CaseQty>
		<CaseUOM>ea</CaseUOM>
		<PakQty>1.000</PakQty>
		<PakUOM>ea</PakUOM>
		<Comments/>
		<InventoryGroup id="16">FOOD - GROCERY</InventoryGroup>
		<SalesCategory id="2">Food</SalesCategory>
		<Location id="295">OK - FREEZER DIM SUM</Location>
		<ExpenseAccount id="22" ref="SC0070" type="C" locked="N">COS-Food NoTax</ExpenseAccount>
		<IncomeAccount id="14" ref="Gross Sales" type="I" locked="Y">Gross Sales</IncomeAccount>
	</Item>
	<Item id="I-4341" active="Y" keyItem="Y" actualize="N">
		<Description>HERB CILANTRO BUNCH 30CT</Description>
		<Cost>1.1167</Cost>
		<CaseQty>30.000</CaseQty>
		<CaseUOM>CT</CaseUOM>
		<PakQty>1.000</PakQty>
		<PakUOM>CT</PakUOM>
		<Comments/>
		<InventoryGroup id="4">PRODUCE</InventoryGroup>
		<SalesCategory id="2">Food</SalesCategory>
		<Location id="303">OK - PRODUCE COOLER</Location>
		<ExpenseAccount id="22" ref="SC0070" type="C" locked="N">COS-Food NoTax</ExpenseAccount>
		<IncomeAccount id="14" ref="Gross Sales" type="I" locked="Y">Gross Sales</IncomeAccount>
	</Item>
	<Item id="I-4708" active="Y" keyItem="Y" actualize="N">
		<Description>HERB LEMON GRASS IM</Description>
		<Cost>2.9625</Cost>
		<CaseQty>40.000</CaseQty>
		<CaseUOM>ea</CaseUOM>
		<PakQty>1.000</PakQty>
		<PakUOM>lb</PakUOM>
		<Comments/>
		<InventoryGroup id="4">PRODUCE</InventoryGroup>
		<SalesCategory id="2">Food</SalesCategory>
		<Location id="302">OK - FREEZER</Location>
		<ExpenseAccount id="22" ref="SC0070" type="C" locked="N">COS-Food NoTax</ExpenseAccount>
		<IncomeAccount id="14" ref="Gross Sales" type="I" locked="Y">Gross Sales</IncomeAccount>
	</Item>
	<Item id="I-4918" active="Y" keyItem="Y" actualize="N">
		<Description>HERB THAI BASIL BC</Description>
		<Cost>17.1000</Cost>
		<CaseQty>1.000</CaseQty>
		<CaseUOM>lb</CaseUOM>
		<PakQty>1.000</PakQty>
		<PakUOM>lb</PakUOM>
		<Comments/>
		<InventoryGroup id="4">PRODUCE</InventoryGroup>
		<SalesCategory id="2">Food</SalesCategory>
		<Location id="303">OK - PRODUCE COOLER</Location>
		<ExpenseAccount id="22" ref="SC0070" type="C" locked="N">COS-Food NoTax</ExpenseAccount>
		<IncomeAccount id="14" ref="Gross Sales" type="I" locked="Y">Gross Sales</IncomeAccount>
	</Item>
	<Item id="I-3321" active="Y" keyItem="Y" actualize="N">
		<Description>HONEY LIQUID SQUEEZE Bott</Description>
		<Cost>14.2633</Cost>
		<CaseQty>6.000</CaseQty>
		<CaseUOM>Kg</CaseUOM>
		<PakQty>1.000</PakQty>
		<PakUOM>Kg</PakUOM>
		<Comments>PRICE INCREASE 9/17 &amp; CODE CHANGE FROM 1054784 10/17</Comments>
		<InventoryGroup id="16">FOOD - GROCERY</InventoryGroup>
		<SalesCategory id="2">Food</SalesCategory>
		<Location id="493">OK - STORES AISLE #5</Location>
		<ExpenseAccount id="22" ref="SC0070" type="C" locked="N">COS-Food NoTax</ExpenseAccount>
		<IncomeAccount id="14" ref="Gross Sales" type="I" locked="Y">Gross Sales</IncomeAccount>
	</Item>
	<Item id="I-1813" active="Y" keyItem="Y" actualize="N">
		<Description>JUICE LEMON FRESH JUG</Description>
		<Cost>0.1572</Cost>
		<CaseQty>6.000</CaseQty>
		<CaseUOM>JUG</CaseUOM>
		<PakQty>64.000</PakQty>
		<PakUOM>fl oz</PakUOM>
		<Comments>4120407 replaced with 1429622, added as a child</Comments>
		<InventoryGroup id="20">BAKING-RAW INGREDIENTS</InventoryGroup>
		<SalesCategory id="2">Food</SalesCategory>
		<Location id="301">OK - DAIRY COOLER</Location>
		<ExpenseAccount id="22" ref="SC0070" type="C" locked="N">COS-Food NoTax</ExpenseAccount>
		<IncomeAccount id="14" ref="Gross Sales" type="I" locked="Y">Gross Sales</IncomeAccount>
	</Item>
	<Item id="I-6443" active="Y" keyItem="Y" actualize="N">
		<Description>JUICE LIME FRESH JUG</Description>
		<Cost>0.1609</Cost>
		<CaseQty>6.000</CaseQty>
		<CaseUOM>JUG</CaseUOM>
		<PakQty>64.000</PakQty>
		<PakUOM>fl oz</PakUOM>
		<Comments>4120427 CHANGING TO 1429619 2021 ADDED AS A CHILD</Comments>
		<InventoryGroup id="20">BAKING-RAW INGREDIENTS</InventoryGroup>
		<SalesCategory id="2">Food</SalesCategory>
		<Location id="301">OK - DAIRY COOLER</Location>
		<ExpenseAccount id="22" ref="SC0070" type="C" locked="N">COS-Food NoTax</ExpenseAccount>
		<IncomeAccount id="14" ref="Gross Sales" type="I" locked="Y">Gross Sales</IncomeAccount>
	</Item>
	<Item id="I-11312" active="Y" keyItem="Y" actualize="N">
		<Description>LEAF MAKRUT LIME</Description>
		<Cost>2.7438</Cost>
		<CaseQty>1.000</CaseQty>
		<CaseUOM>lb</CaseUOM>
		<PakQty>16.000</PakQty>
		<PakUOM>oz</PakUOM>
		<Comments/>
		<InventoryGroup id="4">PRODUCE</InventoryGroup>
		<SalesCategory id="2">Food</SalesCategory>
		<Location id="302">OK - FREEZER</Location>
		<ExpenseAccount id="22" ref="SC0070" type="C" locked="N">COS-Food NoTax</ExpenseAccount>
		<IncomeAccount id="14" ref="Gross Sales" type="I" locked="Y">Gross Sales</IncomeAccount>
	</Item>
	<Item id="I-5006" active="Y" keyItem="Y" actualize="N">
		<Description>MIX VEGETABLE 5 VEG GRADE A </Description>
		<Cost>3.3625</Cost>
		<CaseQty>6.000</CaseQty>
		<CaseUOM>bag</CaseUOM>
		<PakQty>2.000</PakQty>
		<PakUOM>Kg</PakUOM>
		<Comments/>
		<InventoryGroup id="4">PRODUCE</InventoryGroup>
		<SalesCategory id="2">Food</SalesCategory>
		<Location id="449">OK - ARCHIVE</Location>
		<ExpenseAccount id="22" ref="SC0070" type="C" locked="N">COS-Food NoTax</ExpenseAccount>
		<IncomeAccount id="14" ref="Gross Sales" type="I" locked="Y">Gross Sales</IncomeAccount>
	</Item>
	<Item id="I-4725" active="Y" keyItem="Y" actualize="N">
		<Description>MUSHROOM SLICED BC</Description>
		<Cost>2.8200</Cost>
		<CaseQty>10.000</CaseQty>
		<CaseUOM>lb</CaseUOM>
		<PakQty>1.000</PakQty>
		<PakUOM>lb</PakUOM>
		<Comments/>
		<InventoryGroup id="4">PRODUCE</InventoryGroup>
		<SalesCategory id="2">Food</SalesCategory>
		<Location id="303">OK - PRODUCE COOLER</Location>
		<ExpenseAccount id="22" ref="SC0070" type="C" locked="N">COS-Food NoTax</ExpenseAccount>
		<IncomeAccount id="14" ref="Gross Sales" type="I" locked="Y">Gross Sales</IncomeAccount>
	</Item>
	<Item id="I-4731" active="Y" keyItem="Y" actualize="N">
		<Description>MUSHROOMS FOODSERVICE BC</Description>
		<Cost>1.2500</Cost>
		<CaseQty>10.000</CaseQty>
		<CaseUOM>lb</CaseUOM>
		<PakQty>1.000</PakQty>
		<PakUOM>lb</PakUOM>
		<Comments/>
		<InventoryGroup id="4">PRODUCE</InventoryGroup>
		<SalesCategory id="2">Food</SalesCategory>
		<Location id="303">OK - PRODUCE COOLER</Location>
		<ExpenseAccount id="22" ref="SC0070" type="C" locked="N">COS-Food NoTax</ExpenseAccount>
		<IncomeAccount id="14" ref="Gross Sales" type="I" locked="Y">Gross Sales</IncomeAccount>
	</Item>
	<Item id="I-3089" active="Y" keyItem="Y" actualize="N">
		<Description>NOODLES STEAMED DRIED BULK</Description>
		<Cost>1.9680</Cost>
		<CaseQty>25.000</CaseQty>
		<CaseUOM>lb</CaseUOM>
		<PakQty>1.000</PakQty>
		<PakUOM>lb</PakUOM>
		<Comments/>
		<InventoryGroup id="16">FOOD - GROCERY</InventoryGroup>
		<SalesCategory id="2">Food</SalesCategory>
		<Location id="302">OK - FREEZER</Location>
		<ExpenseAccount id="22" ref="SC0070" type="C" locked="N">COS-Food NoTax</ExpenseAccount>
		<IncomeAccount id="14" ref="Gross Sales" type="I" locked="Y">Gross Sales</IncomeAccount>
	</Item>
	<Item id="I-3638" active="Y" keyItem="Y" actualize="N">
		<Description>NUTMEG GROUND SHAKER TFC</Description>
		<Cost>0.0068</Cost>
		<CaseQty>8.000</CaseQty>
		<CaseUOM>each</CaseUOM>
		<PakQty>454.000</PakQty>
		<PakUOM>g</PakUOM>
		<Comments/>
		<InventoryGroup id="18">SPICES</InventoryGroup>
		<SalesCategory id="2">Food</SalesCategory>
		<Location id="299">OK - STORES AISLE #1</Location>
		<ExpenseAccount id="22" ref="SC0070" type="C" locked="N">COS-Food NoTax</ExpenseAccount>
		<IncomeAccount id="14" ref="Gross Sales" type="I" locked="Y">Gross Sales</IncomeAccount>
	</Item>
	<Item id="I-3386" active="Y" keyItem="Y" actualize="Y">
		<Description>OIL CANOLA*HI LO BOX TFC</Description>
		<Cost>3.7260</Cost>
		<CaseQty>17.300</CaseQty>
		<CaseUOM>L</CaseUOM>
		<PakQty>1.000</PakQty>
		<PakUOM>L</PakUOM>
		<Comments>REPLACED 3955197 APR 2018</Comments>
		<InventoryGroup id="16">FOOD - GROCERY</InventoryGroup>
		<SalesCategory id="2">Food</SalesCategory>
		<Location id="299">OK - STORES AISLE #1</Location>
		<ExpenseAccount id="22" ref="SC0070" type="C" locked="N">COS-Food NoTax</ExpenseAccount>
		<IncomeAccount id="14" ref="Gross Sales" type="I" locked="Y">Gross Sales</IncomeAccount>
	</Item>
	<Item id="I-3388" active="Y" keyItem="Y" actualize="Y">
		<Description>OIL CANOLA*SALAD 100% PURE</Description>
		<Cost>3.3922</Cost>
		<CaseQty>6.000</CaseQty>
		<CaseUOM>can</CaseUOM>
		<PakQty>3.000</PakQty>
		<PakUOM>L</PakUOM>
		<Comments>MUST USE 3950097. REMOVED 2253405 FROM THE ORDER GUIDE-NOT CONTRACTED.</Comments>
		<InventoryGroup id="16">FOOD - GROCERY</InventoryGroup>
		<SalesCategory id="2">Food</SalesCategory>
		<Location id="299">OK - STORES AISLE #1</Location>
		<ExpenseAccount id="22" ref="SC0070" type="C" locked="N">COS-Food NoTax</ExpenseAccount>
		<IncomeAccount id="14" ref="Gross Sales" type="I" locked="Y">Gross Sales</IncomeAccount>
	</Item>
	<Item id="I-26014" active="Y" keyItem="Y" actualize="N">
		<Description>OIL COCONUT FAT KOKOHEART</Description>
		<Cost>0.0209</Cost>
		<CaseQty>500.000</CaseQty>
		<CaseUOM>ml</CaseUOM>
		<PakQty>1.000</PakQty>
		<PakUOM>ml</PakUOM>
		<Comments/>
		<InventoryGroup id="16">FOOD - GROCERY</InventoryGroup>
		<SalesCategory id="2">Food</SalesCategory>
		<Location id="299">OK - STORES AISLE #1</Location>
		<ExpenseAccount id="22" ref="SC0070" type="C" locked="N">COS-Food NoTax</ExpenseAccount>
		<IncomeAccount id="14" ref="Gross Sales" type="I" locked="Y">Gross Sales</IncomeAccount>
	</Item>
	<Item id="I-3391" active="Y" keyItem="Y" actualize="N">
		<Description>OIL SESAME 100% PURE</Description>
		<Cost>11.3333</Cost>
		<CaseQty>1.000</CaseQty>
		<CaseUOM>pak</CaseUOM>
		<PakQty>1.800</PakQty>
		<PakUOM>L</PakUOM>
		<Comments/>
		<InventoryGroup id="16">FOOD - GROCERY</InventoryGroup>
		<SalesCategory id="2">Food</SalesCategory>
		<Location id="449">OK - ARCHIVE</Location>
		<ExpenseAccount id="22" ref="SC0070" type="C" locked="N">COS-Food NoTax</ExpenseAccount>
		<IncomeAccount id="14" ref="Gross Sales" type="I" locked="Y">Gross Sales</IncomeAccount>
	</Item>
	<Item id="I-3392" active="Y" keyItem="Y" actualize="N">
		<Description>OIL SESAME PURE</Description>
		<Cost>0.0188</Cost>
		<CaseQty>2.000</CaseQty>
		<CaseUOM>pak</CaseUOM>
		<PakQty>1650.000</PakQty>
		<PakUOM>L</PakUOM>
		<Comments/>
		<InventoryGroup id="16">FOOD - GROCERY</InventoryGroup>
		<SalesCategory id="2">Food</SalesCategory>
		<Location id="491">OK - STORES AISLE #3</Location>
		<ExpenseAccount id="22" ref="SC0070" type="C" locked="N">COS-Food NoTax</ExpenseAccount>
		<IncomeAccount id="14" ref="Gross Sales" type="I" locked="Y">Gross Sales</IncomeAccount>
	</Item>
	<Item id="I-4745" active="Y" keyItem="Y" actualize="N">
		<Description>ONION PEELED US</Description>
		<Cost>2.1580</Cost>
		<CaseQty>25.000</CaseQty>
		<CaseUOM>lb</CaseUOM>
		<PakQty>1.000</PakQty>
		<PakUOM>lb</PakUOM>
		<Comments/>
		<InventoryGroup id="4">PRODUCE</InventoryGroup>
		<SalesCategory id="2">Food</SalesCategory>
		<Location id="303">OK - PRODUCE COOLER</Location>
		<ExpenseAccount id="22" ref="SC0070" type="C" locked="N">COS-Food NoTax</ExpenseAccount>
		<IncomeAccount id="14" ref="Gross Sales" type="I" locked="Y">Gross Sales</IncomeAccount>
	</Item>
	<Item id="I-3639" active="Y" keyItem="Y" actualize="N">
		<Description>ONION POWDER </Description>
		<Cost>0.0139</Cost>
		<CaseQty>5.000</CaseQty>
		<CaseUOM>lb</CaseUOM>
		<PakQty>454.000</PakQty>
		<PakUOM>g</PakUOM>
		<Comments>REPLACED 3549297 APR 2018</Comments>
		<InventoryGroup id="18">SPICES</InventoryGroup>
		<SalesCategory id="2">Food</SalesCategory>
		<Location id="299">OK - STORES AISLE #1</Location>
		<ExpenseAccount id="22" ref="SC0070" type="C" locked="N">COS-Food NoTax</ExpenseAccount>
		<IncomeAccount id="14" ref="Gross Sales" type="I" locked="Y">Gross Sales</IncomeAccount>
	</Item>
	<Item id="I-4375" active="Y" keyItem="Y" actualize="N">
		<Description>ONIONS GREEN 48 CT</Description>
		<Cost>0.8354</Cost>
		<CaseQty>48.000</CaseQty>
		<CaseUOM>CT</CaseUOM>
		<PakQty>1.000</PakQty>
		<PakUOM>CT</PakUOM>
		<Comments/>
		<InventoryGroup id="4">PRODUCE</InventoryGroup>
		<SalesCategory id="2">Food</SalesCategory>
		<Location id="303">OK - PRODUCE COOLER</Location>
		<ExpenseAccount id="22" ref="SC0070" type="C" locked="N">COS-Food NoTax</ExpenseAccount>
		<IncomeAccount id="14" ref="Gross Sales" type="I" locked="Y">Gross Sales</IncomeAccount>
	</Item>
	<Item id="I-6807" active="Y" keyItem="Y" actualize="N">
		<Description>ONIONS RED 5LB</Description>
		<Cost>1.1100</Cost>
		<CaseQty>5.000</CaseQty>
		<CaseUOM>lb</CaseUOM>
		<PakQty>1.000</PakQty>
		<PakUOM>lb</PakUOM>
		<Comments/>
		<InventoryGroup id="4">PRODUCE</InventoryGroup>
		<SalesCategory id="2">Food</SalesCategory>
		<Location id="449">OK - ARCHIVE</Location>
		<ExpenseAccount id="22" ref="SC0070" type="C" locked="N">COS-Food NoTax</ExpenseAccount>
		<IncomeAccount id="14" ref="Gross Sales" type="I" locked="Y">Gross Sales</IncomeAccount>
	</Item>
	<Item id="I-4381" active="Y" keyItem="Y" actualize="N">
		<Description>ONIONS YELLOW JUMBO</Description>
		<Cost>0.9050</Cost>
		<CaseQty>40.000</CaseQty>
		<CaseUOM>lb</CaseUOM>
		<PakQty>1.000</PakQty>
		<PakUOM>lb</PakUOM>
		<Comments/>
		<InventoryGroup id="4">PRODUCE</InventoryGroup>
		<SalesCategory id="2">Food</SalesCategory>
		<Location id="449">OK - ARCHIVE</Location>
		<ExpenseAccount id="22" ref="SC0070" type="C" locked="N">COS-Food NoTax</ExpenseAccount>
		<IncomeAccount id="14" ref="Gross Sales" type="I" locked="Y">Gross Sales</IncomeAccount>
	</Item>
	<Item id="I-3640" active="Y" keyItem="Y" actualize="N">
		<Description>PAPRIKA SHAKER TFC</Description>
		<Cost>0.0017</Cost>
		<CaseQty>8.000</CaseQty>
		<CaseUOM>ea</CaseUOM>
		<PakQty>454.000</PakQty>
		<PakUOM>g</PakUOM>
		<Comments/>
		<InventoryGroup id="18">SPICES</InventoryGroup>
		<SalesCategory id="2">Food</SalesCategory>
		<Location id="299">OK - STORES AISLE #1</Location>
		<ExpenseAccount id="22" ref="SC0070" type="C" locked="N">COS-Food NoTax</ExpenseAccount>
		<IncomeAccount id="14" ref="Gross Sales" type="I" locked="Y">Gross Sales</IncomeAccount>
	</Item>
	<Item id="I-3428" active="Y" keyItem="Y" actualize="N">
		<Description>PASTE CURRY GREEN THAI</Description>
		<Cost>0.0050</Cost>
		<CaseQty>12.000</CaseQty>
		<CaseUOM>JUG</CaseUOM>
		<PakQty>1000.000</PakQty>
		<PakUOM>g</PakUOM>
		<Comments/>
		<InventoryGroup id="16">FOOD - GROCERY</InventoryGroup>
		<SalesCategory id="2">Food</SalesCategory>
		<Location id="491">OK - STORES AISLE #3</Location>
		<ExpenseAccount id="22" ref="SC0070" type="C" locked="N">COS-Food NoTax</ExpenseAccount>
		<IncomeAccount id="14" ref="Gross Sales" type="I" locked="Y">Gross Sales</IncomeAccount>
	</Item>
	<Item id="I-3245" active="Y" keyItem="Y" actualize="N">
		<Description>PASTE CURRY RED</Description>
		<Cost>0.0114</Cost>
		<CaseQty>4.000</CaseQty>
		<CaseUOM>jar</CaseUOM>
		<PakQty>992.000</PakQty>
		<PakUOM>g</PakUOM>
		<Comments>farmet paste contains shrimp, GFS &amp; yik sun paste doesn&apos;t</Comments>
		<InventoryGroup id="18">SPICES</InventoryGroup>
		<SalesCategory id="2">Food</SalesCategory>
		<Location id="491">OK - STORES AISLE #3</Location>
		<ExpenseAccount id="22" ref="SC0070" type="C" locked="N">COS-Food NoTax</ExpenseAccount>
		<IncomeAccount id="14" ref="Gross Sales" type="I" locked="Y">Gross Sales</IncomeAccount>
	</Item>
	<Item id="I-16215" active="Y" keyItem="Y" actualize="N">
		<Description>PASTE KOREAN HOT PEPPER </Description>
		<Cost>11.8000</Cost>
		<CaseQty>3.000</CaseQty>
		<CaseUOM>Kg</CaseUOM>
		<PakQty>1.000</PakQty>
		<PakUOM>Kg</PakUOM>
		<Comments/>
		<InventoryGroup id="16">FOOD - GROCERY</InventoryGroup>
		<SalesCategory id="2">Food</SalesCategory>
		<Location id="299">OK - STORES AISLE #1</Location>
		<ExpenseAccount id="22" ref="SC0070" type="C" locked="N">COS-Food NoTax</ExpenseAccount>
		<IncomeAccount id="14" ref="Gross Sales" type="I" locked="Y">Gross Sales</IncomeAccount>
	</Item>
	<Item id="I-11813" active="Y" keyItem="Y" actualize="N">
		<Description>PASTE TAMARIND</Description>
		<Cost>0.0116</Cost>
		<CaseQty>12.000</CaseQty>
		<CaseUOM>jar</CaseUOM>
		<PakQty>312.000</PakQty>
		<PakUOM>g</PakUOM>
		<Comments/>
		<InventoryGroup id="16">FOOD - GROCERY</InventoryGroup>
		<SalesCategory id="2">Food</SalesCategory>
		<Location id="299">OK - STORES AISLE #1</Location>
		<ExpenseAccount id="22" ref="SC0070" type="C" locked="N">COS-Food NoTax</ExpenseAccount>
		<IncomeAccount id="14" ref="Gross Sales" type="I" locked="Y">Gross Sales</IncomeAccount>
	</Item>
	<Item id="I-3435" active="Y" keyItem="Y" actualize="N">
		<Description>PASTE TOMATO LOCAL</Description>
		<Cost>2.6972</Cost>
		<CaseQty>6.000</CaseQty>
		<CaseUOM>LG CAN</CaseUOM>
		<PakQty>2.840</PakQty>
		<PakUOM>L</PakUOM>
		<Comments/>
		<InventoryGroup id="16">FOOD - GROCERY</InventoryGroup>
		<SalesCategory id="2">Food</SalesCategory>
		<Location id="491">OK - STORES AISLE #3</Location>
		<ExpenseAccount id="22" ref="SC0070" type="C" locked="N">COS-Food NoTax</ExpenseAccount>
		<IncomeAccount id="14" ref="Gross Sales" type="I" locked="Y">Gross Sales</IncomeAccount>
	</Item>
	<Item id="I-3643" active="Y" keyItem="Y" actualize="N">
		<Description>PEPPER BLACK FINE TFC</Description>
		<Cost>32.5011</Cost>
		<CaseQty>1.000</CaseQty>
		<CaseUOM>each</CaseUOM>
		<PakQty>2.267</PakQty>
		<PakUOM>Kg</PakUOM>
		<Comments/>
		<InventoryGroup id="18">SPICES</InventoryGroup>
		<SalesCategory id="2">Food</SalesCategory>
		<Location id="449">OK - ARCHIVE</Location>
		<ExpenseAccount id="22" ref="SC0070" type="C" locked="N">COS-Food NoTax</ExpenseAccount>
		<IncomeAccount id="14" ref="Gross Sales" type="I" locked="Y">Gross Sales</IncomeAccount>
	</Item>
	<Item id="I-6812" active="Y" keyItem="Y" actualize="N">
		<Description>PEPPER BLK COARSE</Description>
		<Cost>34.6524</Cost>
		<CaseQty>2.100</CaseQty>
		<CaseUOM>Kg</CaseUOM>
		<PakQty>1.000</PakQty>
		<PakUOM>Kg</PakUOM>
		<Comments/>
		<InventoryGroup id="18">SPICES</InventoryGroup>
		<SalesCategory id="2">Food</SalesCategory>
		<Location id="449">OK - ARCHIVE</Location>
		<ExpenseAccount id="22" ref="SC0070" type="C" locked="N">COS-Food NoTax</ExpenseAccount>
		<IncomeAccount id="14" ref="Gross Sales" type="I" locked="Y">Gross Sales</IncomeAccount>
	</Item>
	<Item id="I-30504" active="Y" keyItem="Y" actualize="N">
		<Description>PEPPER RED FLAKES KOREAN</Description>
		<Cost>0.0209</Cost>
		<CaseQty>1.000</CaseQty>
		<CaseUOM>each</CaseUOM>
		<PakQty>500.000</PakQty>
		<PakUOM>g</PakUOM>
		<Comments/>
		<InventoryGroup id="18">SPICES</InventoryGroup>
		<SalesCategory id="2">Food</SalesCategory>
		<Location id="299">OK - STORES AISLE #1</Location>
		<ExpenseAccount id="22" ref="SC0070" type="C" locked="N">COS-Food NoTax</ExpenseAccount>
		<IncomeAccount id="14" ref="Gross Sales" type="I" locked="Y">Gross Sales</IncomeAccount>
	</Item>
	<Item id="I-4785" active="Y" keyItem="Y" actualize="N">
		<Description>PEPPERS GREEN</Description>
		<Cost>1.7400</Cost>
		<CaseQty>5.000</CaseQty>
		<CaseUOM>lb</CaseUOM>
		<PakQty>1.000</PakQty>
		<PakUOM>lb</PakUOM>
		<Comments/>
		<InventoryGroup id="4">PRODUCE</InventoryGroup>
		<SalesCategory id="2">Food</SalesCategory>
		<Location id="449">OK - ARCHIVE</Location>
		<ExpenseAccount id="22" ref="SC0070" type="C" locked="N">COS-Food NoTax</ExpenseAccount>
		<IncomeAccount id="14" ref="Gross Sales" type="I" locked="Y">Gross Sales</IncomeAccount>
	</Item>
	<Item id="I-35792" active="Y" keyItem="Y" actualize="N">
		<Description>PEPPERS HABANERO</Description>
		<Cost>0.0091</Cost>
		<CaseQty>4535.000</CaseQty>
		<CaseUOM>g</CaseUOM>
		<PakQty>1.000</PakQty>
		<PakUOM>g</PakUOM>
		<Comments/>
		<InventoryGroup id="4">PRODUCE</InventoryGroup>
		<SalesCategory id="2">Food</SalesCategory>
		<Location id="303">OK - PRODUCE COOLER</Location>
		<ExpenseAccount id="22" ref="SC0070" type="C" locked="N">COS-Food NoTax</ExpenseAccount>
		<IncomeAccount id="14" ref="Gross Sales" type="I" locked="Y">Gross Sales</IncomeAccount>
	</Item>
	<Item id="I-4787" active="Y" keyItem="Y" actualize="N">
		<Description>PEPPERS JALAPENO GREEN 10 LBS</Description>
		<Cost>2.3850</Cost>
		<CaseQty>10.000</CaseQty>
		<CaseUOM>lb</CaseUOM>
		<PakQty>1.000</PakQty>
		<PakUOM>lb</PakUOM>
		<Comments/>
		<InventoryGroup id="4">PRODUCE</InventoryGroup>
		<SalesCategory id="2">Food</SalesCategory>
		<Location id="303">OK - PRODUCE COOLER</Location>
		<ExpenseAccount id="22" ref="SC0070" type="C" locked="N">COS-Food NoTax</ExpenseAccount>
		<IncomeAccount id="14" ref="Gross Sales" type="I" locked="Y">Gross Sales</IncomeAccount>
	</Item>
	<Item id="I-4792" active="Y" keyItem="Y" actualize="N">
		<Description>PEPPERS RED CHOICE US</Description>
		<Cost>3.0259</Cost>
		<CaseQty>25.000</CaseQty>
		<CaseUOM>lb</CaseUOM>
		<PakQty>1.000</PakQty>
		<PakUOM>lb</PakUOM>
		<Comments/>
		<InventoryGroup id="4">PRODUCE</InventoryGroup>
		<SalesCategory id="2">Food</SalesCategory>
		<Location id="303">OK - PRODUCE COOLER</Location>
		<ExpenseAccount id="22" ref="SC0070" type="C" locked="N">COS-Food NoTax</ExpenseAccount>
		<IncomeAccount id="14" ref="Gross Sales" type="I" locked="Y">Gross Sales</IncomeAccount>
	</Item>
	<Item id="I-4796" active="Y" keyItem="Y" actualize="N">
		<Description>PEPPERS THAI RED CHILI IM</Description>
		<Cost>3.1500</Cost>
		<CaseQty>1.000</CaseQty>
		<CaseUOM>lb</CaseUOM>
		<PakQty>1.000</PakQty>
		<PakUOM>lb</PakUOM>
		<Comments/>
		<InventoryGroup id="4">PRODUCE</InventoryGroup>
		<SalesCategory id="2">Food</SalesCategory>
		<Location id="303">OK - PRODUCE COOLER</Location>
		<ExpenseAccount id="22" ref="SC0070" type="C" locked="N">COS-Food NoTax</ExpenseAccount>
		<IncomeAccount id="14" ref="Gross Sales" type="I" locked="Y">Gross Sales</IncomeAccount>
	</Item>
	<Item id="I-3856" active="Y" keyItem="Y" actualize="N">
		<Description>PORK LOIN BNLS S/CUT COVFR</Description>
		<Cost>8.7000</Cost>
		<CaseQty>1.000</CaseQty>
		<CaseUOM>Kg</CaseUOM>
		<PakQty>1.000</PakQty>
		<PakUOM>Kg</PakUOM>
		<Comments>Code changed from 50685 09/2018</Comments>
		<InventoryGroup id="5">MEAT</InventoryGroup>
		<SalesCategory id="2">Food</SalesCategory>
		<Location id="304">OK - MEAT COOLER</Location>
		<ExpenseAccount id="22" ref="SC0070" type="C" locked="N">COS-Food NoTax</ExpenseAccount>
		<IncomeAccount id="14" ref="Gross Sales" type="I" locked="Y">Gross Sales</IncomeAccount>
	</Item>
	<Item id="I-36672" active="Y" keyItem="Y" actualize="N">
		<Description>RICE BASMATI BROWN*</Description>
		<Cost>1.9290</Cost>
		<CaseQty>10.000</CaseQty>
		<CaseUOM>lb</CaseUOM>
		<PakQty>1.000</PakQty>
		<PakUOM>lb</PakUOM>
		<Comments>Item on Pricing Contract Dec 31 2020</Comments>
		<InventoryGroup id="16">FOOD - GROCERY</InventoryGroup>
		<SalesCategory id="2">Food</SalesCategory>
		<Location id="493">OK - STORES AISLE #5</Location>
		<ExpenseAccount id="22" ref="SC0070" type="C" locked="N">COS-Food NoTax</ExpenseAccount>
		<IncomeAccount id="14" ref="Gross Sales" type="I" locked="Y">Gross Sales</IncomeAccount>
	</Item>
	<Item id="I-3478" active="Y" keyItem="Y" actualize="N">
		<Description>RICE JASMINE </Description>
		<Cost>0.9283</Cost>
		<CaseQty>40.000</CaseQty>
		<CaseUOM>lb</CaseUOM>
		<PakQty>1.000</PakQty>
		<PakUOM>lb</PakUOM>
		<Comments>Item Code 1054880 -  is on a pricing contract dec 31 2020</Comments>
		<InventoryGroup id="16">FOOD - GROCERY</InventoryGroup>
		<SalesCategory id="2">Food</SalesCategory>
		<Location id="493">OK - STORES AISLE #5</Location>
		<ExpenseAccount id="22" ref="SC0070" type="C" locked="N">COS-Food NoTax</ExpenseAccount>
		<IncomeAccount id="14" ref="Gross Sales" type="I" locked="Y">Gross Sales</IncomeAccount>
	</Item>
	<Item id="I-2933" active="Y" keyItem="Y" actualize="N">
		<Description>ROTI PRATA TYJ GOLDGATE</Description>
		<Cost>0.4375</Cost>
		<CaseQty>24.000</CaseQty>
		<CaseUOM>CT</CaseUOM>
		<PakQty>5.000</PakQty>
		<PakUOM>ea</PakUOM>
		<Comments/>
		<InventoryGroup id="16">FOOD - GROCERY</InventoryGroup>
		<SalesCategory id="2">Food</SalesCategory>
		<Location id="449">OK - ARCHIVE</Location>
		<ExpenseAccount id="22" ref="SC0070" type="C" locked="N">COS-Food NoTax</ExpenseAccount>
		<IncomeAccount id="14" ref="Gross Sales" type="I" locked="Y">Gross Sales</IncomeAccount>
	</Item>
	<Item id="I-58278" active="Y" keyItem="Y" actualize="N">
		<Description>SAL ATL FLT KUTERRA OW S/ONVAC</Description>
		<Cost>14.9900</Cost>
		<CaseQty>1.000</CaseQty>
		<CaseUOM>lb</CaseUOM>
		<PakQty>1.000</PakQty>
		<PakUOM>lb</PakUOM>
		<Comments/>
		<InventoryGroup id="14">SEAFOOD</InventoryGroup>
		<SalesCategory id="2">Food</SalesCategory>
		<Location id="302">OK - FREEZER</Location>
		<ExpenseAccount id="22" ref="SC0070" type="C" locked="N">COS-Food NoTax</ExpenseAccount>
		<IncomeAccount id="14" ref="Gross Sales" type="I" locked="Y">Gross Sales</IncomeAccount>
	</Item>
	<Item id="I-6026" active="Y" keyItem="Y" actualize="N">
		<Description>SALT KOSHER </Description>
		<Cost>0.0032</Cost>
		<CaseQty>16.320</CaseQty>
		<CaseUOM>Kg</CaseUOM>
		<PakQty>1000.000</PakQty>
		<PakUOM>g</PakUOM>
		<Comments>PRICE CHANGED DECEMBER 2018</Comments>
		<InventoryGroup id="18">SPICES</InventoryGroup>
		<SalesCategory id="2">Food</SalesCategory>
		<Location id="491">OK - STORES AISLE #3</Location>
		<ExpenseAccount id="22" ref="SC0070" type="C" locked="N">COS-Food NoTax</ExpenseAccount>
		<IncomeAccount id="14" ref="Gross Sales" type="I" locked="Y">Gross Sales</IncomeAccount>
	</Item>
	<Item id="I-3511" active="Y" keyItem="Y" actualize="N">
		<Description>SAUCE CHILI CAN</Description>
		<Cost>2.9261</Cost>
		<CaseQty>6.000</CaseQty>
		<CaseUOM>LG CAN</CaseUOM>
		<PakQty>2.840</PakQty>
		<PakUOM>L</PakUOM>
		<Comments/>
		<InventoryGroup id="16">FOOD - GROCERY</InventoryGroup>
		<SalesCategory id="2">Food</SalesCategory>
		<Location id="491">OK - STORES AISLE #3</Location>
		<ExpenseAccount id="22" ref="SC0070" type="C" locked="N">COS-Food NoTax</ExpenseAccount>
		<IncomeAccount id="14" ref="Gross Sales" type="I" locked="Y">Gross Sales</IncomeAccount>
	</Item>
	<Item id="I-45114" active="Y" keyItem="Y" actualize="N">
		<Description>SAUCE FISH VEGAN </Description>
		<Cost>0.3532</Cost>
		<CaseQty>1.000</CaseQty>
		<CaseUOM>bottle</CaseUOM>
		<PakQty>23.700</PakQty>
		<PakUOM>fl oz</PakUOM>
		<Comments/>
		<InventoryGroup id="16">FOOD - GROCERY</InventoryGroup>
		<SalesCategory id="2">Food</SalesCategory>
		<Location id="490">OK - STORES AISLE #2</Location>
		<ExpenseAccount id="22" ref="SC0070" type="C" locked="N">COS-Food NoTax</ExpenseAccount>
		<IncomeAccount id="14" ref="Gross Sales" type="I" locked="Y">Gross Sales</IncomeAccount>
	</Item>
	<Item id="I-10864" active="Y" keyItem="Y" actualize="N">
		<Description>SAUCE HOISIN GOLDEN DRAGON</Description>
		<Cost>2.9738</Cost>
		<CaseQty>2.000</CaseQty>
		<CaseUOM>JUG</CaseUOM>
		<PakQty>4.000</PakQty>
		<PakUOM>L</PakUOM>
		<Comments/>
		<InventoryGroup id="16">FOOD - GROCERY</InventoryGroup>
		<SalesCategory id="2">Food</SalesCategory>
		<Location id="491">OK - STORES AISLE #3</Location>
		<ExpenseAccount id="22" ref="SC0070" type="C" locked="N">COS-Food NoTax</ExpenseAccount>
		<IncomeAccount id="14" ref="Gross Sales" type="I" locked="Y">Gross Sales</IncomeAccount>
	</Item>
	<Item id="I-10882" active="Y" keyItem="Y" actualize="N">
		<Description>SAUCE SAMBAL OLEK 3X3.5L</Description>
		<Cost>4.9733</Cost>
		<CaseQty>3.000</CaseQty>
		<CaseUOM>jar</CaseUOM>
		<PakQty>3.500</PakQty>
		<PakUOM>L</PakUOM>
		<Comments/>
		<InventoryGroup id="16">FOOD - GROCERY</InventoryGroup>
		<SalesCategory id="2">Food</SalesCategory>
		<Location id="491">OK - STORES AISLE #3</Location>
		<ExpenseAccount id="22" ref="SC0070" type="C" locked="N">COS-Food NoTax</ExpenseAccount>
		<IncomeAccount id="14" ref="Gross Sales" type="I" locked="Y">Gross Sales</IncomeAccount>
	</Item>
	<Item id="I-47774" active="Y" keyItem="Y" actualize="N">
		<Description>SAUCE SOY LOW SOD G/FREE</Description>
		<Cost>9.5317</Cost>
		<CaseQty>11.340</CaseQty>
		<CaseUOM>L</CaseUOM>
		<PakQty>1.000</PakQty>
		<PakUOM>L</PakUOM>
		<Comments>TAMARI SOY SAUCE KIKKOMAN</Comments>
		<InventoryGroup id="16">FOOD - GROCERY</InventoryGroup>
		<SalesCategory id="2">Food</SalesCategory>
		<Location id="491">OK - STORES AISLE #3</Location>
		<ExpenseAccount id="22" ref="SC0070" type="C" locked="N">COS-Food NoTax</ExpenseAccount>
		<IncomeAccount id="14" ref="Gross Sales" type="I" locked="Y">Gross Sales</IncomeAccount>
	</Item>
	<Item id="I-50575" active="Y" keyItem="Y" actualize="N">
		<Description>SAUSAGE ITAL CRUMBLE CKD FRZ</Description>
		<Cost>7.0683</Cost>
		<CaseQty>2.000</CaseQty>
		<CaseUOM>bag</CaseUOM>
		<PakQty>2.270</PakQty>
		<PakUOM>Kg</PakUOM>
		<Comments/>
		<InventoryGroup id="5">MEAT</InventoryGroup>
		<SalesCategory id="2">Food</SalesCategory>
		<Location id="449">OK - ARCHIVE</Location>
		<ExpenseAccount id="22" ref="SC0070" type="C" locked="N">COS-Food NoTax</ExpenseAccount>
		<IncomeAccount id="14" ref="Gross Sales" type="I" locked="Y">Gross Sales</IncomeAccount>
	</Item>
	<Item id="I-11211" active="Y" keyItem="Y" actualize="N">
		<Description>SEED CUMIN WHOLE </Description>
		<Cost>0.0153</Cost>
		<CaseQty>5.000</CaseQty>
		<CaseUOM>lb</CaseUOM>
		<PakQty>454.000</PakQty>
		<PakUOM>g</PakUOM>
		<Comments/>
		<InventoryGroup id="18">SPICES</InventoryGroup>
		<SalesCategory id="2">Food</SalesCategory>
		<Location id="299">OK - STORES AISLE #1</Location>
		<ExpenseAccount id="22" ref="SC0070" type="C" locked="N">COS-Food NoTax</ExpenseAccount>
		<IncomeAccount id="14" ref="Gross Sales" type="I" locked="Y">Gross Sales</IncomeAccount>
	</Item>
	<Item id="I-3590" active="Y" keyItem="Y" actualize="N">
		<Description>SEED SESAME RST - NO SALT TFC</Description>
		<Cost>10.5233</Cost>
		<CaseQty>3.000</CaseQty>
		<CaseUOM>Kg</CaseUOM>
		<PakQty>1.000</PakQty>
		<PakUOM>Kg</PakUOM>
		<Comments/>
		<InventoryGroup id="18">SPICES</InventoryGroup>
		<SalesCategory id="2">Food</SalesCategory>
		<Location id="299">OK - STORES AISLE #1</Location>
		<ExpenseAccount id="22" ref="SC0070" type="C" locked="N">COS-Food NoTax</ExpenseAccount>
		<IncomeAccount id="14" ref="Gross Sales" type="I" locked="Y">Gross Sales</IncomeAccount>
	</Item>
	<Item id="I-4894" active="Y" keyItem="Y" actualize="N">
		<Description>SHALLOTS PEELED </Description>
		<Cost>6.5900</Cost>
		<CaseQty>5.000</CaseQty>
		<CaseUOM>lb</CaseUOM>
		<PakQty>1.000</PakQty>
		<PakUOM>lb</PakUOM>
		<Comments/>
		<InventoryGroup id="4">PRODUCE</InventoryGroup>
		<SalesCategory id="2">Food</SalesCategory>
		<Location id="303">OK - PRODUCE COOLER</Location>
		<ExpenseAccount id="22" ref="SC0070" type="C" locked="N">COS-Food NoTax</ExpenseAccount>
		<IncomeAccount id="14" ref="Gross Sales" type="I" locked="Y">Gross Sales</IncomeAccount>
	</Item>
	<Item id="I-17594" active="Y" keyItem="Y" actualize="N">
		<Description>SHRIMP RED RH 16/20 EZ ARGENTI</Description>
		<Cost>9.9900</Cost>
		<CaseQty>1.000</CaseQty>
		<CaseUOM>lb</CaseUOM>
		<PakQty>1.000</PakQty>
		<PakUOM>lb</PakUOM>
		<Comments/>
		<InventoryGroup id="14">SEAFOOD</InventoryGroup>
		<SalesCategory id="2">Food</SalesCategory>
		<Location id="449">OK - ARCHIVE</Location>
		<ExpenseAccount id="22" ref="SC0070" type="C" locked="N">COS-Food NoTax</ExpenseAccount>
		<IncomeAccount id="14" ref="Gross Sales" type="I" locked="Y">Gross Sales</IncomeAccount>
	</Item>
	<Item id="I-17593" active="Y" keyItem="Y" actualize="N">
		<Description>SHRIMPMT 125/175 MSC</Description>
		<Cost>11.8300</Cost>
		<CaseQty>1.000</CaseQty>
		<CaseUOM>lb</CaseUOM>
		<PakQty>1.000</PakQty>
		<PakUOM>lb</PakUOM>
		<Comments>OCEANWISE</Comments>
		<InventoryGroup id="14">SEAFOOD</InventoryGroup>
		<SalesCategory id="2">Food</SalesCategory>
		<Location id="302">OK - FREEZER</Location>
		<ExpenseAccount id="22" ref="SC0070" type="C" locked="N">COS-Food NoTax</ExpenseAccount>
		<IncomeAccount id="14" ref="Gross Sales" type="I" locked="Y">Gross Sales</IncomeAccount>
	</Item>
	<Item id="I-4509" active="Y" keyItem="Y" actualize="N">
		<Description>SPROUTS BEAN BC</Description>
		<Cost>1.4700</Cost>
		<CaseQty>5.000</CaseQty>
		<CaseUOM>lb</CaseUOM>
		<PakQty>1.000</PakQty>
		<PakUOM>lb</PakUOM>
		<Comments/>
		<InventoryGroup id="4">PRODUCE</InventoryGroup>
		<SalesCategory id="2">Food</SalesCategory>
		<Location id="456">OK - STN - CUSTOM</Location>
		<ExpenseAccount id="22" ref="SC0070" type="C" locked="N">COS-Food NoTax</ExpenseAccount>
		<IncomeAccount id="14" ref="Gross Sales" type="I" locked="Y">Gross Sales</IncomeAccount>
	</Item>
	<Item id="I-6820" active="Y" keyItem="Y" actualize="N">
		<Description>STARCH CORN 5kg</Description>
		<Cost>5.3660</Cost>
		<CaseQty>5.000</CaseQty>
		<CaseUOM>Kg</CaseUOM>
		<PakQty>1.000</PakQty>
		<PakUOM>Kg</PakUOM>
		<Comments/>
		<InventoryGroup id="16">FOOD - GROCERY</InventoryGroup>
		<SalesCategory id="2">Food</SalesCategory>
		<Location id="490">OK - STORES AISLE #2</Location>
		<ExpenseAccount id="22" ref="SC0070" type="C" locked="N">COS-Food NoTax</ExpenseAccount>
		<IncomeAccount id="14" ref="Gross Sales" type="I" locked="Y">Gross Sales</IncomeAccount>
	</Item>
	<Item id="I-6028" active="Y" keyItem="Y" actualize="N">
		<Description>SUGAR BROWN DEMERARA</Description>
		<Cost>3.5860</Cost>
		<CaseQty>20.000</CaseQty>
		<CaseUOM>Kg</CaseUOM>
		<PakQty>1.000</PakQty>
		<PakUOM>Kg</PakUOM>
		<Comments/>
		<InventoryGroup id="16">FOOD - GROCERY</InventoryGroup>
		<SalesCategory id="2">Food</SalesCategory>
		<Location id="299">OK - STORES AISLE #1</Location>
		<ExpenseAccount id="22" ref="SC0070" type="C" locked="N">COS-Food NoTax</ExpenseAccount>
		<IncomeAccount id="14" ref="Gross Sales" type="I" locked="Y">Gross Sales</IncomeAccount>
	</Item>
	<Item id="I-3658" active="Y" keyItem="Y" actualize="N">
		<Description>SUGAR GOLDEN YEL 20KG</Description>
		<Cost>2.2945</Cost>
		<CaseQty>20.000</CaseQty>
		<CaseUOM>Kg</CaseUOM>
		<PakQty>1.000</PakQty>
		<PakUOM>Kg</PakUOM>
		<Comments>REPLACED 3560437 APR 2018</Comments>
		<InventoryGroup id="16">FOOD - GROCERY</InventoryGroup>
		<SalesCategory id="2">Food</SalesCategory>
		<Location id="299">OK - STORES AISLE #1</Location>
		<ExpenseAccount id="22" ref="SC0070" type="C" locked="N">COS-Food NoTax</ExpenseAccount>
		<IncomeAccount id="14" ref="Gross Sales" type="I" locked="Y">Gross Sales</IncomeAccount>
	</Item>
	<Item id="I-3660" active="Y" keyItem="Y" actualize="N">
		<Description>SUGAR GRANULATED FINE</Description>
		<Cost>1.6835</Cost>
		<CaseQty>20.000</CaseQty>
		<CaseUOM>Kg</CaseUOM>
		<PakQty>1.000</PakQty>
		<PakUOM>Kg</PakUOM>
		<Comments>Replacing Item Code 3238807</Comments>
		<InventoryGroup id="16">FOOD - GROCERY</InventoryGroup>
		<SalesCategory id="2">Food</SalesCategory>
		<Location id="299">OK - STORES AISLE #1</Location>
		<ExpenseAccount id="22" ref="SC0070" type="C" locked="N">COS-Food NoTax</ExpenseAccount>
		<IncomeAccount id="14" ref="Gross Sales" type="I" locked="Y">Gross Sales</IncomeAccount>
	</Item>
	<Item id="I-35336" active="Y" keyItem="Y" actualize="N">
		<Description>SUGAR PALM</Description>
		<Cost>1.6879</Cost>
		<CaseQty>24.000</CaseQty>
		<CaseUOM>lb</CaseUOM>
		<PakQty>1.000</PakQty>
		<PakUOM>lb</PakUOM>
		<Comments/>
		<InventoryGroup id="16">FOOD - GROCERY</InventoryGroup>
		<SalesCategory id="2">Food</SalesCategory>
		<Location id="299">OK - STORES AISLE #1</Location>
		<ExpenseAccount id="22" ref="SC0070" type="C" locked="N">COS-Food NoTax</ExpenseAccount>
		<IncomeAccount id="14" ref="Gross Sales" type="I" locked="Y">Gross Sales</IncomeAccount>
	</Item>
	<Item id="I-7388" active="Y" keyItem="Y" actualize="N">
		<Description>TOFU EXTRA FIRM</Description>
		<Cost>7.5095</Cost>
		<CaseQty>12.000</CaseQty>
		<CaseUOM>CT</CaseUOM>
		<PakQty>0.350</PakQty>
		<PakUOM>Kg</PakUOM>
		<Comments/>
		<InventoryGroup id="16">FOOD - GROCERY</InventoryGroup>
		<SalesCategory id="2">Food</SalesCategory>
		<Location id="301">OK - DAIRY COOLER</Location>
		<ExpenseAccount id="22" ref="SC0070" type="C" locked="N">COS-Food NoTax</ExpenseAccount>
		<IncomeAccount id="14" ref="Gross Sales" type="I" locked="Y">Gross Sales</IncomeAccount>
	</Item>
	<Item id="I-61712" active="Y" keyItem="Y" actualize="N">
		<Description>TUMERIC ROOT</Description>
		<Cost>10.3700</Cost>
		<CaseQty>5.000</CaseQty>
		<CaseUOM>lb</CaseUOM>
		<PakQty>1.000</PakQty>
		<PakUOM>lb</PakUOM>
		<Comments/>
		<InventoryGroup id="4">PRODUCE</InventoryGroup>
		<SalesCategory id="2">Food</SalesCategory>
		<Location id="33">PRODUCE</Location>
		<ExpenseAccount id="22" ref="SC0070" type="C" locked="N">COS-Food NoTax</ExpenseAccount>
		<IncomeAccount id="14" ref="Gross Sales" type="I" locked="Y">Gross Sales</IncomeAccount>
	</Item>
	<Item id="I-3654" active="Y" keyItem="Y" actualize="N">
		<Description>TURMERIC GROUND </Description>
		<Cost>0.0115</Cost>
		<CaseQty>1.000</CaseQty>
		<CaseUOM>each</CaseUOM>
		<PakQty>454.000</PakQty>
		<PakUOM>g</PakUOM>
		<Comments/>
		<InventoryGroup id="18">SPICES</InventoryGroup>
		<SalesCategory id="2">Food</SalesCategory>
		<Location id="299">OK - STORES AISLE #1</Location>
		<ExpenseAccount id="22" ref="SC0070" type="C" locked="N">COS-Food NoTax</ExpenseAccount>
		<IncomeAccount id="14" ref="Gross Sales" type="I" locked="Y">Gross Sales</IncomeAccount>
	</Item>
	<Item id="I-3696" active="Y" keyItem="Y" actualize="N">
		<Description>VINEGAR RICE </Description>
		<Cost>0.0078</Cost>
		<CaseQty>12.000</CaseQty>
		<CaseUOM>bottle</CaseUOM>
		<PakQty>710.000</PakQty>
		<PakUOM>ml</PakUOM>
		<Comments/>
		<InventoryGroup id="16">FOOD - GROCERY</InventoryGroup>
		<SalesCategory id="2">Food</SalesCategory>
		<Location id="491">OK - STORES AISLE #3</Location>
		<ExpenseAccount id="22" ref="SC0070" type="C" locked="N">COS-Food NoTax</ExpenseAccount>
		<IncomeAccount id="14" ref="Gross Sales" type="I" locked="Y">Gross Sales</IncomeAccount>
	</Item>
	<Item id="I-5983" active="Y" keyItem="N" actualize="N">
		<Description>WATER FOR RECIPES</Description>
		<Cost>0</Cost>
		<CaseQty>1.000</CaseQty>
		<CaseUOM>L</CaseUOM>
		<PakQty>1.000</PakQty>
		<PakUOM>L</PakUOM>
		<Comments/>
		<InventoryGroup id="2">BEVERAGE</InventoryGroup>
		<SalesCategory id="2">Food</SalesCategory>
		<Location id="449">OK - ARCHIVE</Location>
		<ExpenseAccount id="22" ref="SC0070" type="C" locked="N">COS-Food NoTax</ExpenseAccount>
		<IncomeAccount id="14" ref="Gross Sales" type="I" locked="Y">Gross Sales</IncomeAccount>
	</Item>
	<Item id="I-7949" active="Y" keyItem="Y" actualize="N">
		<Description>WINE COOKING MIRIN</Description>
		<Cost>7.0639</Cost>
		<CaseQty>6.000</CaseQty>
		<CaseUOM>bottle</CaseUOM>
		<PakQty>1.800</PakQty>
		<PakUOM>L</PakUOM>
		<Comments>order code: 1224270</Comments>
		<InventoryGroup id="16">FOOD - GROCERY</InventoryGroup>
		<SalesCategory id="2">Food</SalesCategory>
		<Location id="491">OK - STORES AISLE #3</Location>
		<ExpenseAccount id="22" ref="SC0070" type="C" locked="N">COS-Food NoTax</ExpenseAccount>
		<IncomeAccount id="14" ref="Gross Sales" type="I" locked="Y">Gross Sales</IncomeAccount>
	</Item>
	<Item id="I-10791" active="Y" keyItem="Y" actualize="N">
		<Description>YELLOW CURRY PASTE</Description>
		<Cost>0.6854</Cost>
		<CaseQty>24.000</CaseQty>
		<CaseUOM>each</CaseUOM>
		<PakQty>0.400</PakQty>
		<PakUOM>Kg</PakUOM>
		<Comments/>
		<InventoryGroup id="16">FOOD - GROCERY</InventoryGroup>
		<SalesCategory id="2">Food</SalesCategory>
		<Location id="491">OK - STORES AISLE #3</Location>
		<ExpenseAccount id="22" ref="SC0070" type="C" locked="N">COS-Food NoTax</ExpenseAccount>
		<IncomeAccount id="14" ref="Gross Sales" type="I" locked="Y">Gross Sales</IncomeAccount>
	</Item>
</Items>
