﻿<?xml version="1.0" encoding="UTF-8" standalone="yes"?>
<Preps>
	<Prep id="P-24750" active="Y" keyItem="N">
		<Description>CHOPPED|Cilantro</Description>
		<Barcode/>
		<Cost>20.3000</Cost>
		<PakQty>0.500</PakQty>
		<PakUOM>Kg</PakUOM>
		<Comments/>
		<InventoryGroup id=""/>
		<SalesCategory id=""/>
		<IncomeAccount id="" ref="" type="" locked=""/>
		<Location id=""/>
	</Prep>
	<Prep id="P-28258" active="Y" keyItem="Y">
		<Description>COOKED|Chow Mein</Description>
		<Barcode/>
		<Cost>3.1970</Cost>
		<PakQty>48.081</PakQty>
		<PakUOM>Kg</PakUOM>
		<Comments/>
		<InventoryGroup id="47">PREP</InventoryGroup>
		<SalesCategory id="2">Food</SalesCategory>
		<IncomeAccount id="14" ref="Gross Sales" type="I" locked="Y">Gross Sales</IncomeAccount>
		<Location id="500">OK - PROCESSED </Location>
	</Prep>
	<Prep id="P-26143" active="Y" keyItem="Y">
		<Description>COOKED|Rice|Brown Basmati</Description>
		<Barcode/>
		<Cost>2.1189</Cost>
		<PakQty>4.536</PakQty>
		<PakUOM>Kg</PakUOM>
		<Comments/>
		<InventoryGroup id="47">PREP</InventoryGroup>
		<SalesCategory id="2">Food</SalesCategory>
		<IncomeAccount id="14" ref="Gross Sales" type="I" locked="Y">Gross Sales</IncomeAccount>
		<Location id="461">OK - STN - SQUARE</Location>
	</Prep>
	<Prep id="P-34121" active="Y" keyItem="Y">
		<Description>COOKED|StirFryChicken</Description>
		<Barcode/>
		<Cost>15.6448</Cost>
		<PakQty>4.000</PakQty>
		<PakUOM>Kg</PakUOM>
		<Comments>April 19 (Fiscal 20)</Comments>
		<InventoryGroup id="47">PREP</InventoryGroup>
		<SalesCategory id="2">Food</SalesCategory>
		<IncomeAccount id="14" ref="Gross Sales" type="I" locked="Y">Gross Sales</IncomeAccount>
		<Location id="500">OK - PROCESSED </Location>
	</Prep>
	<Prep id="P-61738" active="Y" keyItem="N">
		<Description>CST|Sauces</Description>
		<Barcode/>
		<Cost>0.0081</Cost>
		<PakQty>60.000</PakQty>
		<PakUOM>ml</PakUOM>
		<Comments/>
		<InventoryGroup id=""/>
		<SalesCategory id=""/>
		<IncomeAccount id="" ref="" type="" locked=""/>
		<Location id=""/>
	</Prep>
	<Prep id="P-41094" active="Y" keyItem="N">
		<Description>DICED|Carrot|1/4&quot;</Description>
		<Barcode/>
		<Cost>1.9215</Cost>
		<PakQty>11.170</PakQty>
		<PakUOM>Kg</PakUOM>
		<Comments/>
		<InventoryGroup id=""/>
		<SalesCategory id=""/>
		<IncomeAccount id="" ref="" type="" locked=""/>
		<Location id=""/>
	</Prep>
	<Prep id="P-41095" active="Y" keyItem="N">
		<Description>DICED|Celery|1/4&quot;</Description>
		<Barcode/>
		<Cost>3.5242</Cost>
		<PakQty>13.608</PakQty>
		<PakUOM>Kg</PakUOM>
		<Comments/>
		<InventoryGroup id=""/>
		<SalesCategory id=""/>
		<IncomeAccount id="" ref="" type="" locked=""/>
		<Location id=""/>
	</Prep>
	<Prep id="P-43440" active="Y" keyItem="Y">
		<Description>DICED|Red Onion 1/4&quot;</Description>
		<Barcode/>
		<Cost>3.6264</Cost>
		<PakQty>11.010</PakQty>
		<PakUOM>Kg</PakUOM>
		<Comments/>
		<InventoryGroup id="47">PREP</InventoryGroup>
		<SalesCategory id="2">Food</SalesCategory>
		<IncomeAccount id="14" ref="Gross Sales" type="I" locked="Y">Gross Sales</IncomeAccount>
		<Location id="500">OK - PROCESSED </Location>
	</Prep>
	<Prep id="P-9765" active="Y" keyItem="N">
		<Description>DICED|Red Pepper|1/4&quot;</Description>
		<Barcode/>
		<Cost>8.0373</Cost>
		<PakQty>1.000</PakQty>
		<PakUOM>Kg</PakUOM>
		<Comments/>
		<InventoryGroup id=""/>
		<SalesCategory id=""/>
		<IncomeAccount id="" ref="" type="" locked=""/>
		<Location id=""/>
	</Prep>
	<Prep id="P-38556" active="Y" keyItem="N">
		<Description>DICED|Yellow Onion|1/4&quot;</Description>
		<Barcode/>
		<Cost>2.2461</Cost>
		<PakQty>11.400</PakQty>
		<PakUOM>Kg</PakUOM>
		<Comments/>
		<InventoryGroup id=""/>
		<SalesCategory id=""/>
		<IncomeAccount id="" ref="" type="" locked=""/>
		<Location id=""/>
	</Prep>
	<Prep id="P-39167" active="Y" keyItem="N">
		<Description>DICED|Yellow Onion|3/4&quot;</Description>
		<Barcode/>
		<Cost>2.3257</Cost>
		<PakQty>11.010</PakQty>
		<PakUOM>Kg</PakUOM>
		<Comments/>
		<InventoryGroup id=""/>
		<SalesCategory id=""/>
		<IncomeAccount id="" ref="" type="" locked=""/>
		<Location id=""/>
	</Prep>
	<Prep id="P-28989" active="Y" keyItem="Y">
		<Description>DRAINED|Chickpeas</Description>
		<Barcode/>
		<Cost>4.7879</Cost>
		<PakQty>1.800</PakQty>
		<PakUOM>Kg</PakUOM>
		<Comments/>
		<InventoryGroup id="47">PREP</InventoryGroup>
		<SalesCategory id="2">Food</SalesCategory>
		<IncomeAccount id="14" ref="Gross Sales" type="I" locked="Y">Gross Sales</IncomeAccount>
		<Location id="500">OK - PROCESSED </Location>
	</Prep>
	<Prep id="P-26055" active="Y" keyItem="N">
		<Description>EGG|Scrambled</Description>
		<Barcode/>
		<Cost>0.0077</Cost>
		<PakQty>850.000</PakQty>
		<PakUOM>g</PakUOM>
		<Comments>20 minutes</Comments>
		<InventoryGroup id="299">ZDONT USE OK - PREP</InventoryGroup>
		<SalesCategory id="2">Food</SalesCategory>
		<IncomeAccount id="14" ref="Gross Sales" type="I" locked="Y">Gross Sales</IncomeAccount>
		<Location id="4">PREP</Location>
	</Prep>
	<Prep id="P-51826" active="Y" keyItem="N">
		<Description>GARNISH|Fried Rice Friday</Description>
		<Barcode/>
		<Cost>0.1220</Cost>
		<PakQty>1.000</PakQty>
		<PakUOM>PTN</PakUOM>
		<Comments/>
		<InventoryGroup id=""/>
		<SalesCategory id=""/>
		<IncomeAccount id="" ref="" type="" locked=""/>
		<Location id=""/>
	</Prep>
	<Prep id="P-35255" active="Y" keyItem="Y">
		<Description>JULIENNE|Cucumber</Description>
		<Barcode/>
		<Cost>0.0081</Cost>
		<PakQty>330.000</PakQty>
		<PakUOM>g</PakUOM>
		<Comments/>
		<InventoryGroup id="16">FOOD - GROCERY</InventoryGroup>
		<SalesCategory id="2">Food</SalesCategory>
		<IncomeAccount id="14" ref="Gross Sales" type="I" locked="Y">Gross Sales</IncomeAccount>
		<Location id="462">OK - STN - VEGETARIA</Location>
	</Prep>
	<Prep id="P-51827" active="Y" keyItem="N">
		<Description>JULIENNE|Ginger</Description>
		<Barcode/>
		<Cost>23.4131</Cost>
		<PakQty>1.000</PakQty>
		<PakUOM>Kg</PakUOM>
		<Comments/>
		<InventoryGroup id=""/>
		<SalesCategory id=""/>
		<IncomeAccount id="" ref="" type="" locked=""/>
		<Location id=""/>
	</Prep>
	<Prep id="P-50746" active="Y" keyItem="Y">
		<Description>MARINADE|Char Siu</Description>
		<Barcode/>
		<Cost>7.8707</Cost>
		<PakQty>1.000</PakQty>
		<PakUOM>L</PakUOM>
		<Comments>January 19 (Fiscal19)</Comments>
		<InventoryGroup id="47">PREP</InventoryGroup>
		<SalesCategory id="2">Food</SalesCategory>
		<IncomeAccount id="14" ref="Gross Sales" type="I" locked="Y">Gross Sales</IncomeAccount>
		<Location id="500">OK - PROCESSED </Location>
	</Prep>
	<Prep id="P-18907" active="Y" keyItem="N">
		<Description>MIX|Salt&amp;Pepper</Description>
		<Barcode/>
		<Cost>0.0086</Cost>
		<PakQty>1225.000</PakQty>
		<PakUOM>g</PakUOM>
		<Comments/>
		<InventoryGroup id=""/>
		<SalesCategory id=""/>
		<IncomeAccount id="" ref="" type="" locked=""/>
		<Location id=""/>
	</Prep>
	<Prep id="P-44601" active="Y" keyItem="N">
		<Description>PASTE|Green Curry</Description>
		<Barcode/>
		<Cost>9.8249</Cost>
		<PakQty>9.000</PakQty>
		<PakUOM>Kg</PakUOM>
		<Comments/>
		<InventoryGroup id=""/>
		<SalesCategory id=""/>
		<IncomeAccount id="" ref="" type="" locked=""/>
		<Location id=""/>
	</Prep>
	<Prep id="P-9722" active="Y" keyItem="N">
		<Description>PREP Celery Processed</Description>
		<Barcode/>
		<Cost>1.2132</Cost>
		<PakQty>49.500</PakQty>
		<PakUOM>lb</PakUOM>
		<Comments/>
		<InventoryGroup id=""/>
		<SalesCategory id=""/>
		<IncomeAccount id="" ref="" type="" locked=""/>
		<Location id="456">OK - STN - CUSTOM</Location>
	</Prep>
	<Prep id="P-57227" active="Y" keyItem="N">
		<Description>PREP|Mirepoix</Description>
		<Barcode/>
		<Cost>2.5243</Cost>
		<PakQty>4.000</PakQty>
		<PakUOM>Kg</PakUOM>
		<Comments/>
		<InventoryGroup id=""/>
		<SalesCategory id=""/>
		<IncomeAccount id="" ref="" type="" locked=""/>
		<Location id=""/>
	</Prep>
	<Prep id="P-53277" active="Y" keyItem="N">
		<Description>PREP|Veg Stock</Description>
		<Barcode/>
		<Cost>0.9474</Cost>
		<PakQty>10.300</PakQty>
		<PakUOM>L</PakUOM>
		<Comments/>
		<InventoryGroup id=""/>
		<SalesCategory id=""/>
		<IncomeAccount id="" ref="" type="" locked=""/>
		<Location id=""/>
	</Prep>
	<Prep id="P-26020" active="Y" keyItem="Y">
		<Description>PUREE|Garlic|Kg - FT</Description>
		<Barcode/>
		<Cost>12.2277</Cost>
		<PakQty>2.500</PakQty>
		<PakUOM>Kg</PakUOM>
		<Comments>2 weeks</Comments>
		<InventoryGroup id="47">PREP</InventoryGroup>
		<SalesCategory id="2">Food</SalesCategory>
		<IncomeAccount id="14" ref="Gross Sales" type="I" locked="Y">Gross Sales</IncomeAccount>
		<Location id="500">OK - PROCESSED </Location>
	</Prep>
	<Prep id="P-34880" active="Y" keyItem="N">
		<Description>PUREE|Ginger|OK - KG</Description>
		<Barcode/>
		<Cost>8.0606</Cost>
		<PakQty>4.800</PakQty>
		<PakUOM>Kg</PakUOM>
		<Comments/>
		<InventoryGroup id="47">PREP</InventoryGroup>
		<SalesCategory id="2">Food</SalesCategory>
		<IncomeAccount id="14" ref="Gross Sales" type="I" locked="Y">Gross Sales</IncomeAccount>
		<Location id="500">OK - PROCESSED </Location>
	</Prep>
	<Prep id="P-56833" active="Y" keyItem="N">
		<Description>PUREE|Thai Red Chili</Description>
		<Barcode/>
		<Cost>7.3101</Cost>
		<PakQty>0.950</PakQty>
		<PakUOM>Kg</PakUOM>
		<Comments/>
		<InventoryGroup id=""/>
		<SalesCategory id=""/>
		<IncomeAccount id="" ref="" type="" locked=""/>
		<Location id=""/>
	</Prep>
	<Prep id="P-50372" active="Y" keyItem="Y">
		<Description>ROAST|Pork Char Siu</Description>
		<Barcode/>
		<Cost>12.9969</Cost>
		<PakQty>2.700</PakQty>
		<PakUOM>Kg</PakUOM>
		<Comments>January 19 (Fiscal19)</Comments>
		<InventoryGroup id="47">PREP</InventoryGroup>
		<SalesCategory id="2">Food</SalesCategory>
		<IncomeAccount id="14" ref="Gross Sales" type="I" locked="Y">Gross Sales</IncomeAccount>
		<Location id="500">OK - PROCESSED </Location>
	</Prep>
	<Prep id="P-55419" active="Y" keyItem="Y">
		<Description>SAUCE|Curry Red</Description>
		<Barcode/>
		<Cost>6.3251</Cost>
		<PakQty>20.000</PakQty>
		<PakUOM>L</PakUOM>
		<Comments/>
		<InventoryGroup id="47">PREP</InventoryGroup>
		<SalesCategory id="2">Food</SalesCategory>
		<IncomeAccount id="14" ref="Gross Sales" type="I" locked="Y">Gross Sales</IncomeAccount>
		<Location id="126">*PV 5 PROCESS FRIDGE</Location>
	</Prep>
	<Prep id="P-61685" active="Y" keyItem="N">
		<Description>SAUCE|CURRY|Green Thai</Description>
		<Barcode/>
		<Cost>17.5554</Cost>
		<PakQty>20.000</PakQty>
		<PakUOM>L</PakUOM>
		<Comments/>
		<InventoryGroup id=""/>
		<SalesCategory id=""/>
		<IncomeAccount id="" ref="" type="" locked=""/>
		<Location id=""/>
	</Prep>
	<Prep id="P-31128" active="Y" keyItem="Y">
		<Description>SAUCE|Gochujang</Description>
		<Barcode/>
		<Cost>8.5639</Cost>
		<PakQty>5.000</PakQty>
		<PakUOM>L</PakUOM>
		<Comments/>
		<InventoryGroup id="47">PREP</InventoryGroup>
		<SalesCategory id="2">Food</SalesCategory>
		<IncomeAccount id="14" ref="Gross Sales" type="I" locked="Y">Gross Sales</IncomeAccount>
		<Location id="500">OK - PROCESSED </Location>
	</Prep>
	<Prep id="P-26105" active="Y" keyItem="Y">
		<Description>SAUCE|Green Curry </Description>
		<Barcode/>
		<Cost>3.7352</Cost>
		<PakQty>3.250</PakQty>
		<PakUOM>L</PakUOM>
		<Comments/>
		<InventoryGroup id="299">ZDONT USE OK - PREP</InventoryGroup>
		<SalesCategory id="2">Food</SalesCategory>
		<IncomeAccount id="14" ref="Gross Sales" type="I" locked="Y">Gross Sales</IncomeAccount>
		<Location id="449">OK - ARCHIVE</Location>
	</Prep>
	<Prep id="P-52459" active="Y" keyItem="Y">
		<Description>SAUCE|Green Onion Ginger Veg</Description>
		<Barcode/>
		<Cost>5.0839</Cost>
		<PakQty>7.000</PakQty>
		<PakUOM>L</PakUOM>
		<Comments>DClay S5/19</Comments>
		<InventoryGroup id="47">PREP</InventoryGroup>
		<SalesCategory id="2">Food</SalesCategory>
		<IncomeAccount id="14" ref="Gross Sales" type="I" locked="Y">Gross Sales</IncomeAccount>
		<Location id="500">OK - PROCESSED </Location>
	</Prep>
	<Prep id="P-27492" active="Y" keyItem="Y">
		<Description>SAUCE|Hunan Kung Pao </Description>
		<Barcode/>
		<Cost>7.9362</Cost>
		<PakQty>3.000</PakQty>
		<PakUOM>L</PakUOM>
		<Comments/>
		<InventoryGroup id="299">ZDONT USE OK - PREP</InventoryGroup>
		<SalesCategory id="2">Food</SalesCategory>
		<IncomeAccount id="14" ref="Gross Sales" type="I" locked="Y">Gross Sales</IncomeAccount>
		<Location id="449">OK - ARCHIVE</Location>
	</Prep>
	<Prep id="P-34843" active="Y" keyItem="Y">
		<Description>SAUCE|Kecap Manis</Description>
		<Barcode/>
		<Cost>6.4802</Cost>
		<PakQty>4.000</PakQty>
		<PakUOM>L</PakUOM>
		<Comments/>
		<InventoryGroup id="47">PREP</InventoryGroup>
		<SalesCategory id="2">Food</SalesCategory>
		<IncomeAccount id="14" ref="Gross Sales" type="I" locked="Y">Gross Sales</IncomeAccount>
		<Location id="500">OK - PROCESSED </Location>
	</Prep>
	<Prep id="P-57958" active="Y" keyItem="Y">
		<Description>SAUCE|Lemon Sesame</Description>
		<Barcode/>
		<Cost>3.7685</Cost>
		<PakQty>11.600</PakQty>
		<PakUOM>L</PakUOM>
		<Comments/>
		<InventoryGroup id="47">PREP</InventoryGroup>
		<SalesCategory id="2">Food</SalesCategory>
		<IncomeAccount id="14" ref="Gross Sales" type="I" locked="Y">Gross Sales</IncomeAccount>
		<Location id="500">OK - PROCESSED </Location>
	</Prep>
	<Prep id="P-30552" active="Y" keyItem="Y">
		<Description>SAUCE|Spicy Korean BBQ</Description>
		<Barcode/>
		<Cost>2.9265</Cost>
		<PakQty>4.000</PakQty>
		<PakUOM>L</PakUOM>
		<Comments/>
		<InventoryGroup id="47">PREP</InventoryGroup>
		<SalesCategory id="2">Food</SalesCategory>
		<IncomeAccount id="14" ref="Gross Sales" type="I" locked="Y">Gross Sales</IncomeAccount>
		<Location id="500">OK - PROCESSED </Location>
	</Prep>
	<Prep id="P-55484" active="Y" keyItem="Y">
		<Description>SAUCE|Sweet Chili</Description>
		<Barcode/>
		<Cost>3.6283</Cost>
		<PakQty>1.250</PakQty>
		<PakUOM>L</PakUOM>
		<Comments/>
		<InventoryGroup id="47">PREP</InventoryGroup>
		<SalesCategory id="2">Food</SalesCategory>
		<IncomeAccount id="14" ref="Gross Sales" type="I" locked="Y">Gross Sales</IncomeAccount>
		<Location id="500">OK - PROCESSED </Location>
	</Prep>
	<Prep id="P-36599" active="Y" keyItem="Y">
		<Description>SAUCE|Tamarind </Description>
		<Barcode/>
		<Cost>9.8079</Cost>
		<PakQty>4.000</PakQty>
		<PakUOM>L</PakUOM>
		<Comments/>
		<InventoryGroup id="47">PREP</InventoryGroup>
		<SalesCategory id="2">Food</SalesCategory>
		<IncomeAccount id="14" ref="Gross Sales" type="I" locked="Y">Gross Sales</IncomeAccount>
		<Location id="500">OK - PROCESSED </Location>
	</Prep>
	<Prep id="P-26086" active="Y" keyItem="Y">
		<Description>SAUCE|Teriyaki</Description>
		<Barcode/>
		<Cost>3.2906</Cost>
		<PakQty>18.000</PakQty>
		<PakUOM>L</PakUOM>
		<Comments/>
		<InventoryGroup id="47">PREP</InventoryGroup>
		<SalesCategory id="2">Food</SalesCategory>
		<IncomeAccount id="14" ref="Gross Sales" type="I" locked="Y">Gross Sales</IncomeAccount>
		<Location id="500">OK - PROCESSED </Location>
	</Prep>
	<Prep id="P-57959" active="Y" keyItem="N">
		<Description>SAUCE|Thai Basil Lime</Description>
		<Barcode/>
		<Cost>10.4783</Cost>
		<PakQty>9.000</PakQty>
		<PakUOM>L</PakUOM>
		<Comments/>
		<InventoryGroup id=""/>
		<SalesCategory id=""/>
		<IncomeAccount id="" ref="" type="" locked=""/>
		<Location id=""/>
	</Prep>
	<Prep id="P-56905" active="Y" keyItem="Y">
		<Description>SAUCE|Yellow Curry </Description>
		<Barcode/>
		<Cost>5.4471</Cost>
		<PakQty>22.000</PakQty>
		<PakUOM>L</PakUOM>
		<Comments/>
		<InventoryGroup id="47">PREP</InventoryGroup>
		<SalesCategory id="2">Food</SalesCategory>
		<IncomeAccount id="14" ref="Gross Sales" type="I" locked="Y">Gross Sales</IncomeAccount>
		<Location id="500">OK - PROCESSED </Location>
	</Prep>
	<Prep id="P-34116" active="Y" keyItem="Y">
		<Description>SLICED|1/8 carrot</Description>
		<Barcode/>
		<Cost>1.9044</Cost>
		<PakQty>11.320</PakQty>
		<PakUOM>Kg</PakUOM>
		<Comments/>
		<InventoryGroup id="47">PREP</InventoryGroup>
		<SalesCategory id="2">Food</SalesCategory>
		<IncomeAccount id="14" ref="Gross Sales" type="I" locked="Y">Gross Sales</IncomeAccount>
		<Location id="500">OK - PROCESSED </Location>
	</Prep>
	<Prep id="P-34298" active="Y" keyItem="Y">
		<Description>SLICED|1/8&quot; Green Cabbage</Description>
		<Barcode/>
		<Cost>3.0685</Cost>
		<PakQty>18.000</PakQty>
		<PakUOM>Kg</PakUOM>
		<Comments/>
		<InventoryGroup id="47">PREP</InventoryGroup>
		<SalesCategory id="2">Food</SalesCategory>
		<IncomeAccount id="14" ref="Gross Sales" type="I" locked="Y">Gross Sales</IncomeAccount>
		<Location id="500">OK - PROCESSED </Location>
	</Prep>
	<Prep id="P-39057" active="Y" keyItem="Y">
		<Description>SLICED|Green Onion v1</Description>
		<Barcode/>
		<Cost>0.0056</Cost>
		<PakQty>150.000</PakQty>
		<PakUOM>g</PakUOM>
		<Comments/>
		<InventoryGroup id="47">PREP</InventoryGroup>
		<SalesCategory id="2">Food</SalesCategory>
		<IncomeAccount id="14" ref="Gross Sales" type="I" locked="Y">Gross Sales</IncomeAccount>
		<Location id="500">OK - PROCESSED </Location>
	</Prep>
	<Prep id="P-50840" active="Y" keyItem="Y">
		<Description>SLICED|Green Pepper 1/8&quot;</Description>
		<Barcode/>
		<Cost>2.1746</Cost>
		<PakQty>1.764</PakQty>
		<PakUOM>lb</PakUOM>
		<Comments/>
		<InventoryGroup id="47">PREP</InventoryGroup>
		<SalesCategory id="2">Food</SalesCategory>
		<IncomeAccount id="14" ref="Gross Sales" type="I" locked="Y">Gross Sales</IncomeAccount>
		<Location id="498">OK - STN - SALAD BAR</Location>
	</Prep>
	<Prep id="P-44475" active="Y" keyItem="Y">
		<Description>SLICED|Jalepeno|1/8th</Description>
		<Barcode/>
		<Cost>0.0066</Cost>
		<PakQty>214.000</PakQty>
		<PakUOM>g</PakUOM>
		<Comments/>
		<InventoryGroup id="16">FOOD - GROCERY</InventoryGroup>
		<SalesCategory id="2">Food</SalesCategory>
		<IncomeAccount id="14" ref="Gross Sales" type="I" locked="Y">Gross Sales</IncomeAccount>
		<Location id="303">OK - PRODUCE COOLER</Location>
	</Prep>
	<Prep id="P-58359" active="Y" keyItem="N">
		<Description>SLICED|Mushroom Foodservice</Description>
		<Barcode/>
		<Cost>1.2500</Cost>
		<PakQty>10.000</PakQty>
		<PakUOM>lb</PakUOM>
		<Comments/>
		<InventoryGroup id=""/>
		<SalesCategory id=""/>
		<IncomeAccount id="" ref="" type="" locked=""/>
		<Location id=""/>
	</Prep>
	<Prep id="P-34123" active="Y" keyItem="Y">
		<Description>SLICED|Onion 1/8&quot;</Description>
		<Barcode/>
		<Cost>4.9909</Cost>
		<PakQty>11.010</PakQty>
		<PakUOM>Kg</PakUOM>
		<Comments/>
		<InventoryGroup id="47">PREP</InventoryGroup>
		<SalesCategory id="2">Food</SalesCategory>
		<IncomeAccount id="14" ref="Gross Sales" type="I" locked="Y">Gross Sales</IncomeAccount>
		<Location id="500">OK - PROCESSED </Location>
	</Prep>
	<Prep id="P-47541" active="Y" keyItem="N">
		<Description>SLURRY|Corn starch</Description>
		<Barcode/>
		<Cost>3.0663</Cost>
		<PakQty>1.750</PakQty>
		<PakUOM>L</PakUOM>
		<Comments/>
		<InventoryGroup id=""/>
		<SalesCategory id=""/>
		<IncomeAccount id="" ref="" type="" locked=""/>
		<Location id=""/>
	</Prep>
	<Prep id="P-50495" active="Y" keyItem="N">
		<Description>SLURRY|Cornstarch</Description>
		<Barcode/>
		<Cost>2.6830</Cost>
		<PakQty>2.000</PakQty>
		<PakUOM>L</PakUOM>
		<Comments/>
		<InventoryGroup id=""/>
		<SalesCategory id=""/>
		<IncomeAccount id="" ref="" type="" locked=""/>
		<Location id=""/>
	</Prep>
	<Prep id="P-26090" active="Y" keyItem="Y">
		<Description>STEAMED|Rice|Brown</Description>
		<Barcode/>
		<Cost>2.1264</Cost>
		<PakQty>4.500</PakQty>
		<PakUOM>Kg</PakUOM>
		<Comments/>
		<InventoryGroup id="47">PREP</InventoryGroup>
		<SalesCategory id="2">Food</SalesCategory>
		<IncomeAccount id="14" ref="Gross Sales" type="I" locked="Y">Gross Sales</IncomeAccount>
		<Location id="500">OK - PROCESSED </Location>
	</Prep>
	<Prep id="P-26091" active="Y" keyItem="Y">
		<Description>STEAMED|Rice|Jasmine</Description>
		<Barcode/>
		<Cost>1.0233</Cost>
		<PakQty>4.000</PakQty>
		<PakUOM>Kg</PakUOM>
		<Comments/>
		<InventoryGroup id="47">PREP</InventoryGroup>
		<SalesCategory id="2">Food</SalesCategory>
		<IncomeAccount id="14" ref="Gross Sales" type="I" locked="Y">Gross Sales</IncomeAccount>
		<Location id="500">OK - PROCESSED </Location>
	</Prep>
	<Prep id="P-50017" active="Y" keyItem="N">
		<Description>Stew|Trinidadian Doubles</Description>
		<Barcode/>
		<Cost>4.9285</Cost>
		<PakQty>5.500</PakQty>
		<PakUOM>Kg</PakUOM>
		<Comments/>
		<InventoryGroup id=""/>
		<SalesCategory id=""/>
		<IncomeAccount id="" ref="" type="" locked=""/>
		<Location id=""/>
	</Prep>
	<Prep id="P-32661" active="Y" keyItem="N">
		<Description>STOCK|Veg from Conc.</Description>
		<Barcode/>
		<Cost>0.4776</Cost>
		<PakQty>31.100</PakQty>
		<PakUOM>L</PakUOM>
		<Comments/>
		<InventoryGroup id="299">ZDONT USE OK - PREP</InventoryGroup>
		<SalesCategory id="2">Food</SalesCategory>
		<IncomeAccount id="14" ref="Gross Sales" type="I" locked="Y">Gross Sales</IncomeAccount>
		<Location id="4">PREP</Location>
	</Prep>
	<Prep id="P-26311" active="Y" keyItem="N">
		<Description>STOCK|Vegetable2</Description>
		<Barcode/>
		<Cost>1.2352</Cost>
		<PakQty>10.000</PakQty>
		<PakUOM>L</PakUOM>
		<Comments/>
		<InventoryGroup id="299">ZDONT USE OK - PREP</InventoryGroup>
		<SalesCategory id="2">Food</SalesCategory>
		<IncomeAccount id="14" ref="Gross Sales" type="I" locked="Y">Gross Sales</IncomeAccount>
		<Location id="4">PREP</Location>
	</Prep>
	<Prep id="P-12954" active="Y" keyItem="N">
		<Description>YIELD|Celery</Description>
		<Barcode/>
		<Cost>0.0022</Cost>
		<PakQty>750.000</PakQty>
		<PakUOM>g</PakUOM>
		<Comments/>
		<InventoryGroup id=""/>
		<SalesCategory id=""/>
		<IncomeAccount id="" ref="" type="" locked=""/>
		<Location id=""/>
	</Prep>
	<Prep id="P-26514" active="Y" keyItem="N">
		<Description>YIELD|Cilantro|Herb</Description>
		<Barcode/>
		<Cost>0.0203</Cost>
		<PakQty>55.000</PakQty>
		<PakUOM>g</PakUOM>
		<Comments/>
		<InventoryGroup id=""/>
		<SalesCategory id=""/>
		<IncomeAccount id="" ref="" type="" locked=""/>
		<Location id=""/>
	</Prep>
	<Prep id="P-51825" active="Y" keyItem="N">
		<Description>YIELD|Fried Rice|Protien</Description>
		<Barcode/>
		<Cost>15.2797</Cost>
		<PakQty>1.000</PakQty>
		<PakUOM>Kg</PakUOM>
		<Comments/>
		<InventoryGroup id=""/>
		<SalesCategory id=""/>
		<IncomeAccount id="" ref="" type="" locked=""/>
		<Location id=""/>
	</Prep>
	<Prep id="P-40741" active="Y" keyItem="N">
		<Description>YIELD|Kuterra</Description>
		<Barcode/>
		<Cost>41.3091</Cost>
		<PakQty>0.800</PakQty>
		<PakUOM>Kg</PakUOM>
		<Comments>April 19 (Fiscal 20) </Comments>
		<InventoryGroup id=""/>
		<SalesCategory id=""/>
		<IncomeAccount id="" ref="" type="" locked=""/>
		<Location id=""/>
	</Prep>
	<Prep id="P-19175" active="Y" keyItem="Y">
		<Description>YIELD|Red Onion</Description>
		<Barcode/>
		<Cost>3.4719</Cost>
		<PakQty>1.600</PakQty>
		<PakUOM>Kg</PakUOM>
		<Comments>July 2018 (Fiscal 19)</Comments>
		<InventoryGroup id="47">PREP</InventoryGroup>
		<SalesCategory id="2">Food</SalesCategory>
		<IncomeAccount id="14" ref="Gross Sales" type="I" locked="Y">Gross Sales</IncomeAccount>
		<Location id="472">OK - STN - VEG PREP </Location>
	</Prep>
	<Prep id="P-18746" active="Y" keyItem="Y">
		<Description>YIELD|Red Pepper|Fresh</Description>
		<Barcode/>
		<Cost>8.0373</Cost>
		<PakQty>8.300</PakQty>
		<PakUOM>Kg</PakUOM>
		<Comments/>
		<InventoryGroup id="47">PREP</InventoryGroup>
		<SalesCategory id="2">Food</SalesCategory>
		<IncomeAccount id="14" ref="Gross Sales" type="I" locked="Y">Gross Sales</IncomeAccount>
		<Location id="500">OK - PROCESSED </Location>
	</Prep>
	<Prep id="P-24452" active="Y" keyItem="N">
		<Description>YIELD|Yellow Onion</Description>
		<Barcode/>
		<Cost>1.0056</Cost>
		<PakQty>0.900</PakQty>
		<PakUOM>lb</PakUOM>
		<Comments/>
		<InventoryGroup id=""/>
		<SalesCategory id=""/>
		<IncomeAccount id="" ref="" type="" locked=""/>
		<Location id=""/>
	</Prep>
</Preps>
