﻿<?xml version="1.0" encoding="UTF-8" standalone="yes"?>
<Prods>
	<Prod id="R-43237" active="Y" special="N">
		<Description>CST| Prawn Skewer</Description>
		<Barcode/>
		<Cost>1.8731</Cost>
		<Comments/>
		<SalesGroup id="329">OK - CUSTOM KITCHEN</SalesGroup>
		<SalesCategory id="2">Food</SalesCategory>
		<IncomeAccount id="14" ref="Gross Sales" type="I" locked="Y">Gross Sales</IncomeAccount>
		<TaxGroup id=""/>
		<Price>4.00</Price>
		<PLU num="25319">ADD SHRIMP SKEWER</PLU>
	</Prod>
	<Prod id="R-37170" active="Y" special="N">
		<Description>CST|Beef </Description>
		<Barcode/>
		<Cost>3.8474</Cost>
		<Comments>2017</Comments>
		<SalesGroup id="329">OK - CUSTOM KITCHEN</SalesGroup>
		<SalesCategory id="2">Food</SalesCategory>
		<IncomeAccount id="14" ref="Gross Sales" type="I" locked="Y">Gross Sales</IncomeAccount>
		<TaxGroup id=""/>
		<Price>13.29</Price>
		<PLU num="18956">CUSTOM BEEF</PLU>
	</Prod>
	<Prod id="R-37171" active="Y" special="N">
		<Description>CST|Chicken</Description>
		<Barcode/>
		<Cost>3.4942</Cost>
		<Comments/>
		<SalesGroup id="329">OK - CUSTOM KITCHEN</SalesGroup>
		<SalesCategory id="2">Food</SalesCategory>
		<IncomeAccount id="14" ref="Gross Sales" type="I" locked="Y">Gross Sales</IncomeAccount>
		<TaxGroup id=""/>
		<Price>13.29</Price>
		<PLU num="18957">CUSTOM CHICKEN</PLU>
	</Prod>
	<Prod id="R-51828" active="Y" special="N">
		<Description>CST|Fried Rice Friday|Meat</Description>
		<Barcode/>
		<Cost>4.8444</Cost>
		<Comments/>
		<SalesGroup id="329">OK - CUSTOM KITCHEN</SalesGroup>
		<SalesCategory id="2">Food</SalesCategory>
		<IncomeAccount id="14" ref="Gross Sales" type="I" locked="Y">Gross Sales</IncomeAccount>
		<TaxGroup id=""/>
		<Price>11.99</Price>
		<PLU num="29570">FRIED RICE FRIDAY</PLU>
	</Prod>
	<Prod id="R-51276" active="Y" special="N">
		<Description>CST|Fried Rice Friday|No Meat</Description>
		<Barcode/>
		<Cost>3.4252</Cost>
		<Comments/>
		<SalesGroup id="329">OK - CUSTOM KITCHEN</SalesGroup>
		<SalesCategory id="2">Food</SalesCategory>
		<IncomeAccount id="14" ref="Gross Sales" type="I" locked="Y">Gross Sales</IncomeAccount>
		<TaxGroup id=""/>
		<Price>8.99</Price>
		<PLU num="32462">FRIED RICE FRIDAY (NO MEAT)</PLU>
	</Prod>
	<Prod id="R-59589" active="Y" special="N">
		<Description>CST|Gyoza |Asst|5 pc</Description>
		<Barcode/>
		<Cost>1.3467</Cost>
		<Comments/>
		<SalesGroup id="329">OK - CUSTOM KITCHEN</SalesGroup>
		<SalesCategory id="2">Food</SalesCategory>
		<IncomeAccount id="14" ref="Gross Sales" type="I" locked="Y">Gross Sales</IncomeAccount>
		<TaxGroup id=""/>
		<Price>4.50</Price>
		<PLU num="32757">SIDE GYOZA ASST (5)</PLU>
	</Prod>
	<Prod id="R-58440" active="Y" special="N">
		<Description>CST|Pork</Description>
		<Barcode/>
		<Cost>3.4414</Cost>
		<Comments/>
		<SalesGroup id="329">OK - CUSTOM KITCHEN</SalesGroup>
		<SalesCategory id="2">Food</SalesCategory>
		<IncomeAccount id="14" ref="Gross Sales" type="I" locked="Y">Gross Sales</IncomeAccount>
		<TaxGroup id=""/>
		<Price>12.99</Price>
		<PLU num="32716">CUSTOM PORK</PLU>
	</Prod>
	<Prod id="R-37172" active="Y" special="N">
		<Description>CST|Salmon</Description>
		<Barcode/>
		<Cost>5.6926</Cost>
		<Comments/>
		<SalesGroup id="329">OK - CUSTOM KITCHEN</SalesGroup>
		<SalesCategory id="2">Food</SalesCategory>
		<IncomeAccount id="14" ref="Gross Sales" type="I" locked="Y">Gross Sales</IncomeAccount>
		<TaxGroup id=""/>
		<Price>13.99</Price>
		<PLU num="18959">CUSTOM SALMON</PLU>
	</Prod>
	<Prod id="R-50018" active="Y" special="N">
		<Description>CST|Sand|Chickpea Roti</Description>
		<Barcode/>
		<Cost>2.3515</Cost>
		<Comments/>
		<SalesGroup id="329">OK - CUSTOM KITCHEN</SalesGroup>
		<SalesCategory id="2">Food</SalesCategory>
		<IncomeAccount id="14" ref="Gross Sales" type="I" locked="Y">Gross Sales</IncomeAccount>
		<TaxGroup id=""/>
		<Price>5.50</Price>
		<PLU num="28348">TRINIDADIAN CHICKPEA ROTI</PLU>
	</Prod>
	<Prod id="R-61698" active="Y" special="N">
		<Description>CST|SAUCE|Curry Red</Description>
		<Barcode/>
		<Cost>0.3983</Cost>
		<Comments/>
		<SalesGroup id="329">OK - CUSTOM KITCHEN</SalesGroup>
		<SalesCategory id="2">Food</SalesCategory>
		<IncomeAccount id="14" ref="Gross Sales" type="I" locked="Y">Gross Sales</IncomeAccount>
		<TaxGroup id=""/>
		<Price>1.00</Price>
		<PLU num=""/>
	</Prod>
	<Prod id="R-61696" active="Y" special="N">
		<Description>CST|SAUCE|Gochujang</Description>
		<Barcode/>
		<Cost>0.5811</Cost>
		<Comments/>
		<SalesGroup id="329">OK - CUSTOM KITCHEN</SalesGroup>
		<SalesCategory id="2">Food</SalesCategory>
		<IncomeAccount id="14" ref="Gross Sales" type="I" locked="Y">Gross Sales</IncomeAccount>
		<TaxGroup id=""/>
		<Price>1.00</Price>
		<PLU num=""/>
	</Prod>
	<Prod id="R-51942" active="Y" special="N">
		<Description>CST|SAUCE|Green Onion Ginger</Description>
		<Barcode/>
		<Cost>0.4011</Cost>
		<Comments/>
		<SalesGroup id="329">OK - CUSTOM KITCHEN</SalesGroup>
		<SalesCategory id="2">Food</SalesCategory>
		<IncomeAccount id="14" ref="Gross Sales" type="I" locked="Y">Gross Sales</IncomeAccount>
		<TaxGroup id=""/>
		<Price>1.00</Price>
		<PLU num=""/>
	</Prod>
	<Prod id="R-61692" active="Y" special="N">
		<Description>CST|SAUCE|Green Thai Curry</Description>
		<Barcode/>
		<Cost>1.1323</Cost>
		<Comments/>
		<SalesGroup id="329">OK - CUSTOM KITCHEN</SalesGroup>
		<SalesCategory id="2">Food</SalesCategory>
		<IncomeAccount id="14" ref="Gross Sales" type="I" locked="Y">Gross Sales</IncomeAccount>
		<TaxGroup id=""/>
		<Price>1.00</Price>
		<PLU num=""/>
	</Prod>
	<Prod id="R-59573" active="Y" special="N">
		<Description>CST|SAUCE|Kung Pao</Description>
		<Barcode/>
		<Cost>0.9246</Cost>
		<Comments/>
		<SalesGroup id="329">OK - CUSTOM KITCHEN</SalesGroup>
		<SalesCategory id="2">Food</SalesCategory>
		<IncomeAccount id="14" ref="Gross Sales" type="I" locked="Y">Gross Sales</IncomeAccount>
		<TaxGroup id=""/>
		<Price>1.00</Price>
		<PLU num=""/>
	</Prod>
	<Prod id="R-58390" active="Y" special="N">
		<Description>CST|SAUCE|Lemon Sesame</Description>
		<Barcode/>
		<Cost>0.2261</Cost>
		<Comments/>
		<SalesGroup id="329">OK - CUSTOM KITCHEN</SalesGroup>
		<SalesCategory id="2">Food</SalesCategory>
		<IncomeAccount id="14" ref="Gross Sales" type="I" locked="Y">Gross Sales</IncomeAccount>
		<TaxGroup id=""/>
		<Price>1.00</Price>
		<PLU num=""/>
	</Prod>
	<Prod id="R-61695" active="Y" special="N">
		<Description>CST|SAUCE|Spicy Korean BBQ</Description>
		<Barcode/>
		<Cost>0.2361</Cost>
		<Comments/>
		<SalesGroup id="329">OK - CUSTOM KITCHEN</SalesGroup>
		<SalesCategory id="2">Food</SalesCategory>
		<IncomeAccount id="14" ref="Gross Sales" type="I" locked="Y">Gross Sales</IncomeAccount>
		<TaxGroup id=""/>
		<Price>1.00</Price>
		<PLU num=""/>
	</Prod>
	<Prod id="R-55488" active="Y" special="N">
		<Description>CST|SAUCE|Sweet Chili</Description>
		<Barcode/>
		<Cost>0.3038</Cost>
		<Comments/>
		<SalesGroup id="329">OK - CUSTOM KITCHEN</SalesGroup>
		<SalesCategory id="2">Food</SalesCategory>
		<IncomeAccount id="14" ref="Gross Sales" type="I" locked="Y">Gross Sales</IncomeAccount>
		<TaxGroup id=""/>
		<Price>1.00</Price>
		<PLU num=""/>
	</Prod>
	<Prod id="R-61694" active="Y" special="N">
		<Description>CST|SAUCE|Tamarind</Description>
		<Barcode/>
		<Cost>0.7566</Cost>
		<Comments/>
		<SalesGroup id="329">OK - CUSTOM KITCHEN</SalesGroup>
		<SalesCategory id="2">Food</SalesCategory>
		<IncomeAccount id="14" ref="Gross Sales" type="I" locked="Y">Gross Sales</IncomeAccount>
		<TaxGroup id=""/>
		<Price>1.00</Price>
		<PLU num=""/>
	</Prod>
	<Prod id="R-45371" active="Y" special="N">
		<Description>CST|SAUCE|Teriyaki</Description>
		<Barcode/>
		<Cost>0.2852</Cost>
		<Comments>July 2018 (F19)</Comments>
		<SalesGroup id="329">OK - CUSTOM KITCHEN</SalesGroup>
		<SalesCategory id="2">Food</SalesCategory>
		<IncomeAccount id="14" ref="Gross Sales" type="I" locked="Y">Gross Sales</IncomeAccount>
		<TaxGroup id=""/>
		<Price>1.00</Price>
		<PLU num="">Sauce-Teriyaki Sauce ptn</PLU>
	</Prod>
	<Prod id="R-61693" active="Y" special="N">
		<Description>CST|SAUCE|Thai Basil Lime</Description>
		<Barcode/>
		<Cost>0.6287</Cost>
		<Comments/>
		<SalesGroup id="329">OK - CUSTOM KITCHEN</SalesGroup>
		<SalesCategory id="2">Food</SalesCategory>
		<IncomeAccount id="14" ref="Gross Sales" type="I" locked="Y">Gross Sales</IncomeAccount>
		<TaxGroup id=""/>
		<Price>1.00</Price>
		<PLU num=""/>
	</Prod>
</Prods>
