﻿<?xml version="1.0" encoding="UTF-8" standalone="yes"?>
<CaseSizes>
	<CaseSize Item="I-1012p" current="Y" acceptBids="N">
		<Supplier id="26">GORDON FOOD SERVICE (GFS)</Supplier>
		<Description/>
		<Barcode/>
		<OrderCode>1273430</OrderCode>
		<Specification/>
		<PurchasePrice adj="N">66.5400</PurchasePrice>
		<CaseCost>66.5400</CaseCost>
		<PurchaseUOM>cs</PurchaseUOM>
		<CaseQty>20.000</CaseQty>
		<CaseUOM>SLEEVE</CaseUOM>
		<PakQty>50.000</PakQty>
		<UnitCost>0.0665</UnitCost>
		<YieldFactor>1.0000</YieldFactor>
		<SupplierGroup id=""/>
		<TaxGroup id=""/>
		<BidPrice expires=""/>
	</CaseSize>
	<CaseSize Item="I-1012p" current="N" acceptBids="N">
		<Supplier id="26">GORDON FOOD SERVICE (GFS)</Supplier>
		<Description/>
		<Barcode/>
		<OrderCode>5208205</OrderCode>
		<Specification/>
		<PurchasePrice adj="N">64.7800</PurchasePrice>
		<CaseCost>64.7800</CaseCost>
		<PurchaseUOM>cs</PurchaseUOM>
		<CaseQty>1000.000</CaseQty>
		<CaseUOM>CT</CaseUOM>
		<PakQty>1.000</PakQty>
		<UnitCost>0.0648</UnitCost>
		<YieldFactor>1.0000</YieldFactor>
		<SupplierGroup id=""/>
		<TaxGroup id=""/>
		<BidPrice expires=""/>
	</CaseSize>
	<CaseSize Item="I-1012p" current="N" acceptBids="N">
		<Supplier id="26">GORDON FOOD SERVICE (GFS)</Supplier>
		<Description/>
		<Barcode/>
		<OrderCode>6282067</OrderCode>
		<Specification/>
		<PurchasePrice adj="N">64.7800</PurchasePrice>
		<CaseCost>64.7800</CaseCost>
		<PurchaseUOM>cs</PurchaseUOM>
		<CaseQty>20.000</CaseQty>
		<CaseUOM>SLEEVE</CaseUOM>
		<PakQty>50.000</PakQty>
		<UnitCost>0.0648</UnitCost>
		<YieldFactor>1.0000</YieldFactor>
		<SupplierGroup id=""/>
		<TaxGroup id=""/>
		<BidPrice expires=""/>
	</CaseSize>
	<CaseSize Item="I-1054p" current="Y" acceptBids="Y">
		<Supplier id="26">GORDON FOOD SERVICE (GFS)</Supplier>
		<Description/>
		<Barcode/>
		<OrderCode>1192862</OrderCode>
		<Specification/>
		<PurchasePrice adj="N">65.7100</PurchasePrice>
		<CaseCost>65.7100</CaseCost>
		<PurchaseUOM>cs</PurchaseUOM>
		<CaseQty>1000.000</CaseQty>
		<CaseUOM>CT</CaseUOM>
		<PakQty>1.000</PakQty>
		<UnitCost>0.0657</UnitCost>
		<YieldFactor>1.0000</YieldFactor>
		<SupplierGroup id=""/>
		<TaxGroup id=""/>
		<BidPrice expires=""/>
	</CaseSize>
	<CaseSize Item="I-1079p" current="Y" acceptBids="N">
		<Supplier id="26">GORDON FOOD SERVICE (GFS)</Supplier>
		<Description/>
		<Barcode/>
		<OrderCode>1192848</OrderCode>
		<Specification/>
		<PurchasePrice adj="N">114.4800</PurchasePrice>
		<CaseCost>114.4800</CaseCost>
		<PurchaseUOM>cs</PurchaseUOM>
		<CaseQty>20.000</CaseQty>
		<CaseUOM>SLEEVE</CaseUOM>
		<PakQty>50.000</PakQty>
		<UnitCost>0.1145</UnitCost>
		<YieldFactor>1.0000</YieldFactor>
		<SupplierGroup id=""/>
		<TaxGroup id=""/>
		<BidPrice expires=""/>
	</CaseSize>
	<CaseSize Item="I-1165p" current="Y" acceptBids="N">
		<Supplier id="26">GORDON FOOD SERVICE (GFS)</Supplier>
		<Description/>
		<Barcode/>
		<OrderCode>1243733</OrderCode>
		<Specification/>
		<PurchasePrice adj="N">73.3500</PurchasePrice>
		<CaseCost>73.3500</CaseCost>
		<PurchaseUOM>cs</PurchaseUOM>
		<CaseQty>20.000</CaseQty>
		<CaseUOM>SLEEVE</CaseUOM>
		<PakQty>50.000</PakQty>
		<UnitCost>0.0734</UnitCost>
		<YieldFactor>1.0000</YieldFactor>
		<SupplierGroup id=""/>
		<TaxGroup id=""/>
		<BidPrice expires=""/>
	</CaseSize>
	<CaseSize Item="I-12123" current="Y" acceptBids="N">
		<Supplier id="26">GORDON FOOD SERVICE (GFS)</Supplier>
		<Description/>
		<Barcode/>
		<OrderCode>1014040</OrderCode>
		<Specification/>
		<PurchasePrice adj="N">22.5700</PurchasePrice>
		<CaseCost>22.5700</CaseCost>
		<PurchaseUOM>cs</PurchaseUOM>
		<CaseQty>24.000</CaseQty>
		<CaseUOM>PTN</CaseUOM>
		<PakQty>1.000</PakQty>
		<UnitCost>0.9404</UnitCost>
		<YieldFactor>1.0000</YieldFactor>
		<SupplierGroup id=""/>
		<TaxGroup id=""/>
		<BidPrice expires=""/>
	</CaseSize>
	<CaseSize Item="I-13327" current="Y" acceptBids="N">
		<Supplier id="21">ETHICAL BEAN</Supplier>
		<Description/>
		<Barcode/>
		<OrderCode>333LUSH110G</OrderCode>
		<Specification/>
		<PurchasePrice adj="N">95.2300</PurchasePrice>
		<CaseCost>95.2300</CaseCost>
		<PurchaseUOM>cs</PurchaseUOM>
		<CaseQty>42.000</CaseQty>
		<CaseUOM>pak</CaseUOM>
		<PakQty>1.000</PakQty>
		<UnitCost>2.2674</UnitCost>
		<YieldFactor>1.0000</YieldFactor>
		<SupplierGroup id=""/>
		<TaxGroup id=""/>
		<BidPrice expires=""/>
	</CaseSize>
	<CaseSize Item="I-16984" current="Y" acceptBids="N">
		<Supplier id="6">BRUCE AND CLARK FOOD SERVICE</Supplier>
		<Description/>
		<Barcode/>
		<OrderCode>MONSWEET-CANE-1L</OrderCode>
		<Specification/>
		<PurchasePrice adj="N">15.1700</PurchasePrice>
		<CaseCost>15.1700</CaseCost>
		<PurchaseUOM>L</PurchaseUOM>
		<CaseQty>1.000</CaseQty>
		<CaseUOM>L</CaseUOM>
		<PakQty>1.000</PakQty>
		<UnitCost>15.1700</UnitCost>
		<YieldFactor>1.0000</YieldFactor>
		<SupplierGroup id=""/>
		<TaxGroup id=""/>
		<BidPrice expires=""/>
	</CaseSize>
	<CaseSize Item="I-1762" current="N" acceptBids="N">
		<Supplier id="26">GORDON FOOD SERVICE (GFS)</Supplier>
		<Description/>
		<Barcode/>
		<OrderCode>1119391</OrderCode>
		<Specification/>
		<PurchasePrice adj="N">28.0900</PurchasePrice>
		<CaseCost>28.0900</CaseCost>
		<PurchaseUOM>cs</PurchaseUOM>
		<CaseQty>100.000</CaseQty>
		<CaseUOM>pak</CaseUOM>
		<PakQty>1.000</PakQty>
		<UnitCost>0.2809</UnitCost>
		<YieldFactor>1.0000</YieldFactor>
		<SupplierGroup id=""/>
		<TaxGroup id=""/>
		<BidPrice expires=""/>
	</CaseSize>
	<CaseSize Item="I-1762" current="Y" acceptBids="N">
		<Supplier id="26">GORDON FOOD SERVICE (GFS)</Supplier>
		<Description/>
		<Barcode/>
		<OrderCode>8140005</OrderCode>
		<Specification>LYNCH</Specification>
		<PurchasePrice adj="N">28.2400</PurchasePrice>
		<CaseCost>28.2400</CaseCost>
		<PurchaseUOM>cs</PurchaseUOM>
		<CaseQty>100.000</CaseQty>
		<CaseUOM>pak</CaseUOM>
		<PakQty>1.000</PakQty>
		<UnitCost>0.2824</UnitCost>
		<YieldFactor>1.0000</YieldFactor>
		<SupplierGroup id=""/>
		<TaxGroup id=""/>
		<BidPrice expires=""/>
	</CaseSize>
	<CaseSize Item="I-1780" current="N" acceptBids="N">
		<Supplier id="26">GORDON FOOD SERVICE (GFS)</Supplier>
		<Description/>
		<Barcode/>
		<OrderCode>1091939</OrderCode>
		<Specification/>
		<PurchasePrice adj="N">72.6400</PurchasePrice>
		<CaseCost>72.6400</CaseCost>
		<PurchaseUOM>cs</PurchaseUOM>
		<CaseQty>4.000</CaseQty>
		<CaseUOM>pak</CaseUOM>
		<PakQty>2.660</PakQty>
		<UnitCost>6.8271</UnitCost>
		<YieldFactor>1.0000</YieldFactor>
		<SupplierGroup id=""/>
		<TaxGroup id=""/>
		<BidPrice expires=""/>
	</CaseSize>
	<CaseSize Item="I-1780" current="Y" acceptBids="N">
		<Supplier id="26">GORDON FOOD SERVICE (GFS)</Supplier>
		<Description/>
		<Barcode/>
		<OrderCode>8382805</OrderCode>
		<Specification/>
		<PurchasePrice adj="N">76.8200</PurchasePrice>
		<CaseCost>76.8200</CaseCost>
		<PurchaseUOM>cs</PurchaseUOM>
		<CaseQty>4.000</CaseQty>
		<CaseUOM>pak</CaseUOM>
		<PakQty>2.660</PakQty>
		<UnitCost>7.2199</UnitCost>
		<YieldFactor>1.0000</YieldFactor>
		<SupplierGroup id=""/>
		<TaxGroup id=""/>
		<BidPrice expires=""/>
	</CaseSize>
	<CaseSize Item="I-1792" current="N" acceptBids="N">
		<Supplier id="26">GORDON FOOD SERVICE (GFS)</Supplier>
		<Description>2.66 L PER JUG</Description>
		<Barcode/>
		<OrderCode/>
		<Specification/>
		<PurchasePrice adj="N">91.3600</PurchasePrice>
		<CaseCost>91.3600</CaseCost>
		<PurchaseUOM>cs</PurchaseUOM>
		<CaseQty>4.000</CaseQty>
		<CaseUOM>JUG</CaseUOM>
		<PakQty>45.300</PakQty>
		<UnitCost>0.5042</UnitCost>
		<YieldFactor>1.0000</YieldFactor>
		<SupplierGroup id=""/>
		<TaxGroup id=""/>
		<BidPrice expires=""/>
	</CaseSize>
	<CaseSize Item="I-1792" current="N" acceptBids="N">
		<Supplier id="26">GORDON FOOD SERVICE (GFS)</Supplier>
		<Description/>
		<Barcode/>
		<OrderCode>1091933</OrderCode>
		<Specification>2.66 L PER JUG</Specification>
		<PurchasePrice adj="N">91.3600</PurchasePrice>
		<CaseCost>91.3600</CaseCost>
		<PurchaseUOM>cs</PurchaseUOM>
		<CaseQty>4.000</CaseQty>
		<CaseUOM>JUG</CaseUOM>
		<PakQty>45.300</PakQty>
		<UnitCost>0.5042</UnitCost>
		<YieldFactor>1.0000</YieldFactor>
		<SupplierGroup id=""/>
		<TaxGroup id=""/>
		<BidPrice expires=""/>
	</CaseSize>
	<CaseSize Item="I-1792" current="Y" acceptBids="Y">
		<Supplier id="26">GORDON FOOD SERVICE (GFS)</Supplier>
		<Description/>
		<Barcode/>
		<OrderCode>8381605</OrderCode>
		<Specification/>
		<PurchasePrice adj="N">100.6300</PurchasePrice>
		<CaseCost>100.6300</CaseCost>
		<PurchaseUOM>cs</PurchaseUOM>
		<CaseQty>4.000</CaseQty>
		<CaseUOM>JUG</CaseUOM>
		<PakQty>2.660</PakQty>
		<UnitCost>9.4577</UnitCost>
		<YieldFactor>1.0000</YieldFactor>
		<SupplierGroup id=""/>
		<TaxGroup id=""/>
		<BidPrice expires=""/>
	</CaseSize>
	<CaseSize Item="I-1792" current="N" acceptBids="N">
		<Supplier id="119">SYSCO</Supplier>
		<Description/>
		<Barcode/>
		<OrderCode>2274124</OrderCode>
		<Specification>MM 4 x 90 oz</Specification>
		<PurchasePrice adj="N">101.5300</PurchasePrice>
		<CaseCost>101.5300</CaseCost>
		<PurchaseUOM>cs</PurchaseUOM>
		<CaseQty>4.000</CaseQty>
		<CaseUOM>JUG</CaseUOM>
		<PakQty>3.000</PakQty>
		<UnitCost>8.4608</UnitCost>
		<YieldFactor>1.0000</YieldFactor>
		<SupplierGroup id=""/>
		<TaxGroup id=""/>
		<BidPrice expires=""/>
	</CaseSize>
	<CaseSize Item="I-1802" current="N" acceptBids="N">
		<Supplier id="26">GORDON FOOD SERVICE (GFS)</Supplier>
		<Description/>
		<Barcode/>
		<OrderCode>1091932</OrderCode>
		<Specification>2.66L PER JUG</Specification>
		<PurchasePrice adj="N">74.0900</PurchasePrice>
		<CaseCost>74.0900</CaseCost>
		<PurchaseUOM>cs</PurchaseUOM>
		<CaseQty>4.000</CaseQty>
		<CaseUOM>JUG</CaseUOM>
		<PakQty>39.000</PakQty>
		<UnitCost>0.4749</UnitCost>
		<YieldFactor>1.0000</YieldFactor>
		<SupplierGroup id=""/>
		<TaxGroup id=""/>
		<BidPrice expires=""/>
	</CaseSize>
	<CaseSize Item="I-1802" current="Y" acceptBids="N">
		<Supplier id="26">GORDON FOOD SERVICE (GFS)</Supplier>
		<Description/>
		<Barcode/>
		<OrderCode>8382205</OrderCode>
		<Specification/>
		<PurchasePrice adj="N">78.5200</PurchasePrice>
		<CaseCost>78.5200</CaseCost>
		<PurchaseUOM>cs</PurchaseUOM>
		<CaseQty>4.000</CaseQty>
		<CaseUOM>JUG</CaseUOM>
		<PakQty>2.660</PakQty>
		<UnitCost>7.3797</UnitCost>
		<YieldFactor>1.0000</YieldFactor>
		<SupplierGroup id=""/>
		<TaxGroup id=""/>
		<BidPrice expires=""/>
	</CaseSize>
	<CaseSize Item="I-1816" current="N" acceptBids="N">
		<Supplier id="26">GORDON FOOD SERVICE (GFS)</Supplier>
		<Description/>
		<Barcode/>
		<OrderCode>1091934</OrderCode>
		<Specification>2.66 L PER JUG</Specification>
		<PurchasePrice adj="N">90.4900</PurchasePrice>
		<CaseCost>90.4900</CaseCost>
		<PurchaseUOM>cs</PurchaseUOM>
		<CaseQty>4.000</CaseQty>
		<CaseUOM>JUG</CaseUOM>
		<PakQty>2.660</PakQty>
		<UnitCost>8.5047</UnitCost>
		<YieldFactor>1.0000</YieldFactor>
		<SupplierGroup id=""/>
		<TaxGroup id=""/>
		<BidPrice expires=""/>
	</CaseSize>
	<CaseSize Item="I-1816" current="Y" acceptBids="Y">
		<Supplier id="26">GORDON FOOD SERVICE (GFS)</Supplier>
		<Description/>
		<Barcode/>
		<OrderCode>8383405</OrderCode>
		<Specification>2.66 L PER JUG</Specification>
		<PurchasePrice adj="N">102.9200</PurchasePrice>
		<CaseCost>102.9200</CaseCost>
		<PurchaseUOM>CA</PurchaseUOM>
		<CaseQty>4.000</CaseQty>
		<CaseUOM>JUG</CaseUOM>
		<PakQty>2.660</PakQty>
		<UnitCost>9.6729</UnitCost>
		<YieldFactor>1.0000</YieldFactor>
		<SupplierGroup id=""/>
		<TaxGroup id=""/>
		<BidPrice expires=""/>
	</CaseSize>
	<CaseSize Item="I-1851" current="Y" acceptBids="N">
		<Supplier id="58">UNFI CANADA</Supplier>
		<Description/>
		<Barcode/>
		<OrderCode>EAR204</OrderCode>
		<Specification/>
		<PurchasePrice adj="N">0.5400</PurchasePrice>
		<CaseCost>0.5400</CaseCost>
		<PurchaseUOM>cs</PurchaseUOM>
		<CaseQty>24.000</CaseQty>
		<CaseUOM>CT</CaseUOM>
		<PakQty>1.000</PakQty>
		<UnitCost>0.0225</UnitCost>
		<YieldFactor>1.0000</YieldFactor>
		<SupplierGroup id=""/>
		<TaxGroup id=""/>
		<BidPrice expires=""/>
	</CaseSize>
	<CaseSize Item="I-1852" current="N" acceptBids="N">
		<Supplier id="133">HORIZON DISTRIBUTORS</Supplier>
		<Description/>
		<Barcode/>
		<OrderCode>7148</OrderCode>
		<Specification/>
		<PurchasePrice adj="N">29.0400</PurchasePrice>
		<CaseCost>29.0400</CaseCost>
		<PurchaseUOM>cs</PurchaseUOM>
		<CaseQty>24.000</CaseQty>
		<CaseUOM>CT</CaseUOM>
		<PakQty>1.000</PakQty>
		<UnitCost>1.2100</UnitCost>
		<YieldFactor>1.0000</YieldFactor>
		<SupplierGroup id=""/>
		<TaxGroup id=""/>
		<BidPrice expires=""/>
	</CaseSize>
	<CaseSize Item="I-1852" current="Y" acceptBids="N">
		<Supplier id="58">UNFI CANADA</Supplier>
		<Description/>
		<Barcode/>
		<OrderCode>EAR201</OrderCode>
		<Specification/>
		<PurchasePrice adj="N">22.7600</PurchasePrice>
		<CaseCost>22.7600</CaseCost>
		<PurchaseUOM>cs</PurchaseUOM>
		<CaseQty>24.000</CaseQty>
		<CaseUOM>CT</CaseUOM>
		<PakQty>1.000</PakQty>
		<UnitCost>0.9483</UnitCost>
		<YieldFactor>1.0000</YieldFactor>
		<SupplierGroup id=""/>
		<TaxGroup id=""/>
		<BidPrice expires=""/>
	</CaseSize>
	<CaseSize Item="I-2205" current="N" acceptBids="Y">
		<Supplier id="26">GORDON FOOD SERVICE (GFS)</Supplier>
		<Description/>
		<Barcode/>
		<OrderCode>8193007</OrderCode>
		<Specification/>
		<PurchasePrice adj="N">51.1600</PurchasePrice>
		<CaseCost>51.1600</CaseCost>
		<PurchaseUOM>cs</PurchaseUOM>
		<CaseQty>1.000</CaseQty>
		<CaseUOM>cs</CaseUOM>
		<PakQty>16.000</PakQty>
		<UnitCost>3.1975</UnitCost>
		<YieldFactor>1.0000</YieldFactor>
		<SupplierGroup id=""/>
		<TaxGroup id=""/>
		<BidPrice expires=""/>
	</CaseSize>
	<CaseSize Item="I-2205" current="N" acceptBids="N">
		<Supplier id="52">SAPUTO DAIRY PRODUCTS</Supplier>
		<Description>DLD 1L 10  CREAMO - CTN</Description>
		<Barcode/>
		<OrderCode/>
		<Specification/>
		<PurchasePrice adj="N">2.2900</PurchasePrice>
		<CaseCost>2.2900</CaseCost>
		<PurchaseUOM>un</PurchaseUOM>
		<CaseQty>1.000</CaseQty>
		<CaseUOM>un</CaseUOM>
		<PakQty>1.000</PakQty>
		<UnitCost>2.2900</UnitCost>
		<YieldFactor>1.0000</YieldFactor>
		<SupplierGroup id=""/>
		<TaxGroup id=""/>
		<BidPrice expires=""/>
	</CaseSize>
	<CaseSize Item="I-2205" current="N" acceptBids="N">
		<Supplier id="52">SAPUTO DAIRY PRODUCTS</Supplier>
		<Description>DLD 1L 10  CREAMO - CTN</Description>
		<Barcode/>
		<OrderCode>068700148002</OrderCode>
		<Specification/>
		<PurchasePrice adj="N">2.4900</PurchasePrice>
		<CaseCost>2.4900</CaseCost>
		<PurchaseUOM>un</PurchaseUOM>
		<CaseQty>1.000</CaseQty>
		<CaseUOM>un</CaseUOM>
		<PakQty>1.000</PakQty>
		<UnitCost>2.4900</UnitCost>
		<YieldFactor>1.0000</YieldFactor>
		<SupplierGroup id=""/>
		<TaxGroup id=""/>
		<BidPrice expires=""/>
	</CaseSize>
	<CaseSize Item="I-2205" current="Y" acceptBids="N">
		<Supplier id="52">SAPUTO DAIRY PRODUCTS</Supplier>
		<Description/>
		<Barcode/>
		<OrderCode>130305</OrderCode>
		<Specification/>
		<PurchasePrice adj="N">2.7300</PurchasePrice>
		<CaseCost>2.7300</CaseCost>
		<PurchaseUOM>un</PurchaseUOM>
		<CaseQty>1.000</CaseQty>
		<CaseUOM>L</CaseUOM>
		<PakQty>1.000</PakQty>
		<UnitCost>2.7300</UnitCost>
		<YieldFactor>1.0000</YieldFactor>
		<SupplierGroup id=""/>
		<TaxGroup id=""/>
		<BidPrice expires=""/>
	</CaseSize>
	<CaseSize Item="I-2220" current="N" acceptBids="N">
		<Supplier id="52">SAPUTO DAIRY PRODUCTS</Supplier>
		<Description/>
		<Barcode/>
		<OrderCode/>
		<Specification/>
		<PurchasePrice adj="N">31.9300</PurchasePrice>
		<CaseCost>31.9300</CaseCost>
		<PurchaseUOM>bag</PurchaseUOM>
		<CaseQty>1.000</CaseQty>
		<CaseUOM>ea</CaseUOM>
		<PakQty>20.000</PakQty>
		<UnitCost>1.5965</UnitCost>
		<YieldFactor>1.0000</YieldFactor>
		<SupplierGroup id=""/>
		<TaxGroup id=""/>
		<BidPrice expires=""/>
	</CaseSize>
	<CaseSize Item="I-2220" current="N" acceptBids="N">
		<Supplier id="52">SAPUTO DAIRY PRODUCTS</Supplier>
		<Description/>
		<Barcode/>
		<OrderCode>063549103052</OrderCode>
		<Specification>DLD 20L 2  MILK TUBE - BAG</Specification>
		<PurchasePrice adj="N">31.9300</PurchasePrice>
		<CaseCost>31.9300</CaseCost>
		<PurchaseUOM>un</PurchaseUOM>
		<CaseQty>1.000</CaseQty>
		<CaseUOM>un</CaseUOM>
		<PakQty>20.000</PakQty>
		<UnitCost>1.5965</UnitCost>
		<YieldFactor>1.0000</YieldFactor>
		<SupplierGroup id=""/>
		<TaxGroup id=""/>
		<BidPrice expires=""/>
	</CaseSize>
	<CaseSize Item="I-2220" current="N" acceptBids="Y">
		<Supplier id="52">SAPUTO DAIRY PRODUCTS</Supplier>
		<Description>DLD 20L 2  MILK TUBE - BAG</Description>
		<Barcode/>
		<OrderCode>068700025525</OrderCode>
		<Specification/>
		<PurchasePrice adj="N">30.3300</PurchasePrice>
		<CaseCost>30.3300</CaseCost>
		<PurchaseUOM>un</PurchaseUOM>
		<CaseQty>1.000</CaseQty>
		<CaseUOM>un</CaseUOM>
		<PakQty>20.000</PakQty>
		<UnitCost>1.5165</UnitCost>
		<YieldFactor>1.0000</YieldFactor>
		<SupplierGroup id=""/>
		<TaxGroup id=""/>
		<BidPrice expires=""/>
	</CaseSize>
	<CaseSize Item="I-2220" current="Y" acceptBids="Y">
		<Supplier id="52">SAPUTO DAIRY PRODUCTS</Supplier>
		<Description/>
		<Barcode/>
		<OrderCode>130601</OrderCode>
		<Specification>DAIRYLAND</Specification>
		<PurchasePrice adj="N">30.3300</PurchasePrice>
		<CaseCost>30.3300</CaseCost>
		<PurchaseUOM>un</PurchaseUOM>
		<CaseQty>20.000</CaseQty>
		<CaseUOM>L</CaseUOM>
		<PakQty>1.000</PakQty>
		<UnitCost>1.5165</UnitCost>
		<YieldFactor>1.0000</YieldFactor>
		<SupplierGroup id=""/>
		<TaxGroup id=""/>
		<BidPrice expires=""/>
	</CaseSize>
	<CaseSize Item="I-2220" current="N" acceptBids="Y">
		<Supplier id="52">SAPUTO DAIRY PRODUCTS</Supplier>
		<Description/>
		<Barcode/>
		<OrderCode>134016</OrderCode>
		<Specification/>
		<PurchasePrice adj="N">50.9100</PurchasePrice>
		<CaseCost>50.9100</CaseCost>
		<PurchaseUOM>CT</PurchaseUOM>
		<CaseQty>20.000</CaseQty>
		<CaseUOM>L</CaseUOM>
		<PakQty>1.000</PakQty>
		<UnitCost>2.5455</UnitCost>
		<YieldFactor>1.0000</YieldFactor>
		<SupplierGroup id=""/>
		<TaxGroup id=""/>
		<BidPrice expires=""/>
	</CaseSize>
	<CaseSize Item="I-2221" current="N" acceptBids="Y">
		<Supplier id="52">SAPUTO DAIRY PRODUCTS</Supplier>
		<Description/>
		<Barcode/>
		<OrderCode/>
		<Specification/>
		<PurchasePrice adj="N">33.1300</PurchasePrice>
		<CaseCost>33.1300</CaseCost>
		<PurchaseUOM>CT</PurchaseUOM>
		<CaseQty>20.000</CaseQty>
		<CaseUOM>L</CaseUOM>
		<PakQty>1.000</PakQty>
		<UnitCost>1.6565</UnitCost>
		<YieldFactor>1.0000</YieldFactor>
		<SupplierGroup id=""/>
		<TaxGroup id=""/>
		<BidPrice expires=""/>
	</CaseSize>
	<CaseSize Item="I-2221" current="N" acceptBids="N">
		<Supplier id="52">SAPUTO DAIRY PRODUCTS</Supplier>
		<Description>DLD 20L CHOCOLATE MILK - BAG</Description>
		<Barcode/>
		<OrderCode>068700025556</OrderCode>
		<Specification/>
		<PurchasePrice adj="N">32.3300</PurchasePrice>
		<CaseCost>32.3300</CaseCost>
		<PurchaseUOM>un</PurchaseUOM>
		<CaseQty>1.000</CaseQty>
		<CaseUOM>un</CaseUOM>
		<PakQty>20.000</PakQty>
		<UnitCost>1.6165</UnitCost>
		<YieldFactor>1.0000</YieldFactor>
		<SupplierGroup id=""/>
		<TaxGroup id=""/>
		<BidPrice expires=""/>
	</CaseSize>
	<CaseSize Item="I-2221" current="N" acceptBids="N">
		<Supplier id="52">SAPUTO DAIRY PRODUCTS</Supplier>
		<Description/>
		<Barcode/>
		<OrderCode>130605</OrderCode>
		<Specification/>
		<PurchasePrice adj="N">33.1300</PurchasePrice>
		<CaseCost>33.1300</CaseCost>
		<PurchaseUOM>CT</PurchaseUOM>
		<CaseQty>20.000</CaseQty>
		<CaseUOM>L</CaseUOM>
		<PakQty>1.000</PakQty>
		<UnitCost>1.6565</UnitCost>
		<YieldFactor>1.0000</YieldFactor>
		<SupplierGroup id=""/>
		<TaxGroup id=""/>
		<BidPrice expires=""/>
	</CaseSize>
	<CaseSize Item="I-2221" current="Y" acceptBids="Y">
		<Supplier id="52">SAPUTO DAIRY PRODUCTS</Supplier>
		<Description>DLD 20L CHOCOLATE MILK - BAG</Description>
		<Barcode/>
		<OrderCode>130617</OrderCode>
		<Specification/>
		<PurchasePrice adj="N">43.3200</PurchasePrice>
		<CaseCost>43.3200</CaseCost>
		<PurchaseUOM>un</PurchaseUOM>
		<CaseQty>1.000</CaseQty>
		<CaseUOM>un</CaseUOM>
		<PakQty>20.000</PakQty>
		<UnitCost>2.1660</UnitCost>
		<YieldFactor>1.0000</YieldFactor>
		<SupplierGroup id=""/>
		<TaxGroup id=""/>
		<BidPrice expires=""/>
	</CaseSize>
	<CaseSize Item="I-2501" current="N" acceptBids="N">
		<Supplier id="21">ETHICAL BEAN</Supplier>
		<Description/>
		<Barcode/>
		<OrderCode>422SUPER110G</OrderCode>
		<Specification/>
		<PurchasePrice adj="N">95.2300</PurchasePrice>
		<CaseCost>95.2300</CaseCost>
		<PurchaseUOM>cs</PurchaseUOM>
		<CaseQty>42.000</CaseQty>
		<CaseUOM>pak</CaseUOM>
		<PakQty>1.000</PakQty>
		<UnitCost>2.2674</UnitCost>
		<YieldFactor>1.0000</YieldFactor>
		<SupplierGroup id=""/>
		<TaxGroup id=""/>
		<BidPrice expires=""/>
	</CaseSize>
	<CaseSize Item="I-2501" current="Y" acceptBids="N">
		<Supplier id="21">ETHICAL BEAN</Supplier>
		<Description/>
		<Barcode/>
		<OrderCode>422SUPER110G</OrderCode>
		<Specification/>
		<PurchasePrice adj="N">95.2300</PurchasePrice>
		<CaseCost>95.2300</CaseCost>
		<PurchaseUOM>cs</PurchaseUOM>
		<CaseQty>42.000</CaseQty>
		<CaseUOM>pak</CaseUOM>
		<PakQty>1.000</PakQty>
		<UnitCost>2.2674</UnitCost>
		<YieldFactor>1.0000</YieldFactor>
		<SupplierGroup id=""/>
		<TaxGroup id=""/>
		<BidPrice expires=""/>
	</CaseSize>
	<CaseSize Item="I-43252" current="N" acceptBids="N">
		<Supplier id="14">COCA-COLA BOTTLING CO.</Supplier>
		<Description/>
		<Barcode/>
		<OrderCode>059600070906</OrderCode>
		<Specification/>
		<PurchasePrice adj="N">12.1300</PurchasePrice>
		<CaseCost>12.1300</CaseCost>
		<PurchaseUOM>cs</PurchaseUOM>
		<CaseQty>12.000</CaseQty>
		<CaseUOM>355ML</CaseUOM>
		<PakQty>1.000</PakQty>
		<UnitCost>1.0108</UnitCost>
		<YieldFactor>1.0000</YieldFactor>
		<SupplierGroup id=""/>
		<TaxGroup id=""/>
		<BidPrice expires=""/>
	</CaseSize>
	<CaseSize Item="I-43252" current="N" acceptBids="N">
		<Supplier id="26">GORDON FOOD SERVICE (GFS)</Supplier>
		<Description>12/355ML </Description>
		<Barcode/>
		<OrderCode/>
		<Specification/>
		<PurchasePrice adj="N">9.4000</PurchasePrice>
		<CaseCost>9.4000</CaseCost>
		<PurchaseUOM>cs</PurchaseUOM>
		<CaseQty>12.000</CaseQty>
		<CaseUOM>355ML</CaseUOM>
		<PakQty>1.000</PakQty>
		<UnitCost>0.7833</UnitCost>
		<YieldFactor>1.0000</YieldFactor>
		<SupplierGroup id=""/>
		<TaxGroup id=""/>
		<BidPrice expires=""/>
	</CaseSize>
	<CaseSize Item="I-43252" current="Y" acceptBids="Y">
		<Supplier id="26">GORDON FOOD SERVICE (GFS)</Supplier>
		<Description/>
		<Barcode/>
		<OrderCode>1341232</OrderCode>
		<Specification>MINUTE MAID</Specification>
		<PurchasePrice adj="N">15.0900</PurchasePrice>
		<CaseCost>15.0900</CaseCost>
		<PurchaseUOM>cs</PurchaseUOM>
		<CaseQty>12.000</CaseQty>
		<CaseUOM>355ML</CaseUOM>
		<PakQty>1.000</PakQty>
		<UnitCost>1.2575</UnitCost>
		<YieldFactor>1.0000</YieldFactor>
		<SupplierGroup id=""/>
		<TaxGroup id=""/>
		<BidPrice expires=""/>
	</CaseSize>
	<CaseSize Item="I-43253" current="N" acceptBids="N">
		<Supplier id="14">COCA-COLA BOTTLING CO.</Supplier>
		<Description>12 PACK</Description>
		<Barcode/>
		<OrderCode>059600070883</OrderCode>
		<Specification/>
		<PurchasePrice adj="N">12.1300</PurchasePrice>
		<CaseCost>12.1300</CaseCost>
		<PurchaseUOM>cs</PurchaseUOM>
		<CaseQty>12.000</CaseQty>
		<CaseUOM>355ML</CaseUOM>
		<PakQty>1.000</PakQty>
		<UnitCost>1.0108</UnitCost>
		<YieldFactor>1.0000</YieldFactor>
		<SupplierGroup id=""/>
		<TaxGroup id=""/>
		<BidPrice expires=""/>
	</CaseSize>
	<CaseSize Item="I-43253" current="Y" acceptBids="Y">
		<Supplier id="26">GORDON FOOD SERVICE (GFS)</Supplier>
		<Description/>
		<Barcode/>
		<OrderCode>1341143</OrderCode>
		<Specification>MINUTE MAID</Specification>
		<PurchasePrice adj="N">15.2500</PurchasePrice>
		<CaseCost>15.2500</CaseCost>
		<PurchaseUOM>cs</PurchaseUOM>
		<CaseQty>12.000</CaseQty>
		<CaseUOM>355ML</CaseUOM>
		<PakQty>1.000</PakQty>
		<UnitCost>1.2708</UnitCost>
		<YieldFactor>1.0000</YieldFactor>
		<SupplierGroup id=""/>
		<TaxGroup id=""/>
		<BidPrice expires=""/>
	</CaseSize>
	<CaseSize Item="I-52638" current="N" acceptBids="Y">
		<Supplier id="26">GORDON FOOD SERVICE (GFS)</Supplier>
		<Description/>
		<Barcode/>
		<OrderCode>1365972</OrderCode>
		<Specification>EARTH&apos;S OWN 24 X 250 ML</Specification>
		<PurchasePrice adj="N">25.4600</PurchasePrice>
		<CaseCost>25.4600</CaseCost>
		<PurchaseUOM>cs</PurchaseUOM>
		<CaseQty>24.000</CaseQty>
		<CaseUOM>ea</CaseUOM>
		<PakQty>1.000</PakQty>
		<UnitCost>1.0608</UnitCost>
		<YieldFactor>1.0000</YieldFactor>
		<SupplierGroup id=""/>
		<TaxGroup id=""/>
		<BidPrice expires=""/>
	</CaseSize>
	<CaseSize Item="I-52638" current="N" acceptBids="Y">
		<Supplier id="133">HORIZON DISTRIBUTORS</Supplier>
		<Description/>
		<Barcode>x11</Barcode>
		<OrderCode>07352</OrderCode>
		<Specification>EARTH&apos;S OWN 8X3X250ML</Specification>
		<PurchasePrice adj="N">36.1600</PurchasePrice>
		<CaseCost>36.1600</CaseCost>
		<PurchaseUOM>cs</PurchaseUOM>
		<CaseQty>24.000</CaseQty>
		<CaseUOM>ea</CaseUOM>
		<PakQty>1.000</PakQty>
		<UnitCost>1.5067</UnitCost>
		<YieldFactor>1.0000</YieldFactor>
		<SupplierGroup id=""/>
		<TaxGroup id=""/>
		<BidPrice expires=""/>
	</CaseSize>
	<CaseSize Item="I-52638" current="Y" acceptBids="Y">
		<Supplier id="58">UNFI CANADA</Supplier>
		<Description/>
		<Barcode/>
		<OrderCode>EAR211</OrderCode>
		<Specification>24X250ML EARTH&apos;S OWN</Specification>
		<PurchasePrice adj="N">3.4600</PurchasePrice>
		<CaseCost>3.4600</CaseCost>
		<PurchaseUOM>cs</PurchaseUOM>
		<CaseQty>24.000</CaseQty>
		<CaseUOM>each</CaseUOM>
		<PakQty>1.000</PakQty>
		<UnitCost>0.1442</UnitCost>
		<YieldFactor>1.0000</YieldFactor>
		<SupplierGroup id=""/>
		<TaxGroup id=""/>
		<BidPrice expires=""/>
	</CaseSize>
	<CaseSize Item="I-55552" current="Y" acceptBids="Y">
		<Supplier id="26">GORDON FOOD SERVICE (GFS)</Supplier>
		<Description/>
		<Barcode/>
		<OrderCode>1365985</OrderCode>
		<Specification>EARTH&apos;S OWN 24 X 250 ML</Specification>
		<PurchasePrice adj="N">27.4100</PurchasePrice>
		<CaseCost>27.4100</CaseCost>
		<PurchaseUOM>cs</PurchaseUOM>
		<CaseQty>24.000</CaseQty>
		<CaseUOM>ea</CaseUOM>
		<PakQty>1.000</PakQty>
		<UnitCost>1.1421</UnitCost>
		<YieldFactor>1.0000</YieldFactor>
		<SupplierGroup id=""/>
		<TaxGroup id=""/>
		<BidPrice expires=""/>
	</CaseSize>
	<CaseSize Item="I-55552" current="N" acceptBids="Y">
		<Supplier id="133">HORIZON DISTRIBUTORS</Supplier>
		<Description/>
		<Barcode>x10</Barcode>
		<OrderCode>07351</OrderCode>
		<Specification>24X250ML EARTH</Specification>
		<PurchasePrice adj="N">30.7400</PurchasePrice>
		<CaseCost>30.7400</CaseCost>
		<PurchaseUOM>cs</PurchaseUOM>
		<CaseQty>24.000</CaseQty>
		<CaseUOM>each</CaseUOM>
		<PakQty>1.000</PakQty>
		<UnitCost>1.2808</UnitCost>
		<YieldFactor>1.0000</YieldFactor>
		<SupplierGroup id=""/>
		<TaxGroup id=""/>
		<BidPrice expires=""/>
	</CaseSize>
	<CaseSize Item="I-55552" current="N" acceptBids="Y">
		<Supplier id="58">UNFI CANADA</Supplier>
		<Description/>
		<Barcode/>
		<OrderCode>EAR213</OrderCode>
		<Specification>24X250ML EARTH&apos;S OWN</Specification>
		<PurchasePrice adj="N">3.4600</PurchasePrice>
		<CaseCost>3.4600</CaseCost>
		<PurchaseUOM>cs</PurchaseUOM>
		<CaseQty>24.000</CaseQty>
		<CaseUOM>ea</CaseUOM>
		<PakQty>1.000</PakQty>
		<UnitCost>0.1442</UnitCost>
		<YieldFactor>1.0000</YieldFactor>
		<SupplierGroup id=""/>
		<TaxGroup id=""/>
		<BidPrice expires=""/>
	</CaseSize>
	<CaseSize Item="I-5983" current="N" acceptBids="N">
		<Supplier id="191">1 - Production</Supplier>
		<Description/>
		<Barcode/>
		<OrderCode/>
		<Specification/>
		<PurchasePrice adj="N">0</PurchasePrice>
		<CaseCost>0</CaseCost>
		<PurchaseUOM>L</PurchaseUOM>
		<CaseQty>1.000</CaseQty>
		<CaseUOM>L</CaseUOM>
		<PakQty>1.000</PakQty>
		<UnitCost>0</UnitCost>
		<YieldFactor>1.0000</YieldFactor>
		<SupplierGroup id=""/>
		<TaxGroup id=""/>
		<BidPrice expires=""/>
	</CaseSize>
	<CaseSize Item="I-5983" current="Y" acceptBids="Y">
		<Supplier id="64">Z DON&apos;T USE DO NOT USE (OLD CK)</Supplier>
		<Description/>
		<Barcode/>
		<OrderCode/>
		<Specification/>
		<PurchasePrice adj="N">0</PurchasePrice>
		<CaseCost>0</CaseCost>
		<PurchaseUOM>L</PurchaseUOM>
		<CaseQty>1.000</CaseQty>
		<CaseUOM>L</CaseUOM>
		<PakQty>1.000</PakQty>
		<UnitCost>0</UnitCost>
		<YieldFactor>1.0000</YieldFactor>
		<SupplierGroup id=""/>
		<TaxGroup id=""/>
		<BidPrice expires=""/>
	</CaseSize>
	<CaseSize Item="I-61294" current="Y" acceptBids="Y">
		<Supplier id="58">UNFI CANADA</Supplier>
		<Description/>
		<Barcode/>
		<OrderCode>BLU400</OrderCode>
		<Specification>1 PACK X 4 EA </Specification>
		<PurchasePrice adj="N">24.4000</PurchasePrice>
		<CaseCost>24.4000</CaseCost>
		<PurchaseUOM>cs</PurchaseUOM>
		<CaseQty>4.000</CaseQty>
		<CaseUOM>CT</CaseUOM>
		<PakQty>1.000</PakQty>
		<UnitCost>6.1000</UnitCost>
		<YieldFactor>1.0000</YieldFactor>
		<SupplierGroup id=""/>
		<TaxGroup id=""/>
		<BidPrice expires=""/>
	</CaseSize>
	<CaseSize Item="I-61295" current="Y" acceptBids="Y">
		<Supplier id="58">UNFI CANADA</Supplier>
		<Description/>
		<Barcode/>
		<OrderCode>BLU401</OrderCode>
		<Specification>1 PACK X 4 EA </Specification>
		<PurchasePrice adj="N">24.4000</PurchasePrice>
		<CaseCost>24.4000</CaseCost>
		<PurchaseUOM>cs</PurchaseUOM>
		<CaseQty>4.000</CaseQty>
		<CaseUOM>CT</CaseUOM>
		<PakQty>1.000</PakQty>
		<UnitCost>6.1000</UnitCost>
		<YieldFactor>1.0000</YieldFactor>
		<SupplierGroup id=""/>
		<TaxGroup id=""/>
		<BidPrice expires=""/>
	</CaseSize>
</CaseSizes>
