﻿<?xml version="1.0" encoding="UTF-8" standalone="yes"?>
<Ingredients>
	<Ingredient qty="2.660" uom="L" recipe="P-22761" invFactor="0.1429" conversion="1.00000000" ingredient="I-1792"/>
	<Ingredient qty="15.960" uom="L" recipe="P-22761" invFactor="0.8571" conversion="1.00000000" ingredient="I-5983"/>
	<Ingredient qty="2.660" uom="L" recipe="P-22762" invFactor="0.1429" conversion="1.00000000" ingredient="I-1780"/>
	<Ingredient qty="15.960" uom="L" recipe="P-22762" invFactor="0.8571" conversion="1.00000000" ingredient="I-5983"/>
	<Ingredient qty="2.660" uom="L" recipe="P-22763" invFactor="0.1667" conversion="1.00000000" ingredient="I-1802"/>
	<Ingredient qty="13.300" uom="L" recipe="P-22763" invFactor="0.8333" conversion="1.00000000" ingredient="I-5983"/>
	<Ingredient qty="2.660" uom="L" recipe="P-22764" invFactor="0.1667" conversion="1.00000000" ingredient="I-1816"/>
	<Ingredient qty="13.300" uom="L" recipe="P-22764" invFactor="0.8333" conversion="1.00000000" ingredient="I-5983"/>
	<Ingredient qty="0.700" uom="pak" recipe="P-26479" invFactor="0.3500" conversion="1.00000000" ingredient="I-13327"/>
	<Ingredient qty="0.300" uom="pak" recipe="P-26479" invFactor="0.1500" conversion="1.00000000" ingredient="I-2501"/>
	<Ingredient qty="1.800" uom="L" recipe="P-26479" invFactor="0.9000" conversion="1.00000000" ingredient="I-5983"/>
	<Ingredient qty="1.000" uom="CT" recipe="R-22863" invFactor="1.0000" conversion="1.00000000" ingredient="I-1054p"/>
	<Ingredient qty="1.000" uom="CT" recipe="R-22863" invFactor="1.0000" conversion="1.00000000" ingredient="I-1079p"/>
	<Ingredient qty="101.000" uom="ml" recipe="R-22863" invFactor="1.0000" conversion="0.00100000" ingredient="P-22761"/>
	<Ingredient qty="36.000" uom="ml" recipe="R-22863" invFactor="1.0000" conversion="0.00100000" ingredient="P-22762"/>
	<Ingredient qty="72.000" uom="ml" recipe="R-22863" invFactor="1.0000" conversion="0.00100000" ingredient="P-22763"/>
	<Ingredient qty="151.000" uom="ml" recipe="R-22863" invFactor="1.0000" conversion="0.00100000" ingredient="P-22764"/>
	<Ingredient qty="1.000" uom="CT" recipe="R-29667" invFactor="1.0000" conversion="1.00000000" ingredient="I-1012p"/>
	<Ingredient qty="1.000" uom="CT" recipe="R-29667" invFactor="1.0000" conversion="1.00000000" ingredient="I-1165p"/>
	<Ingredient qty="1.000" uom="ml" recipe="R-29667" invFactor="1.0000" conversion="0.00100000" ingredient="I-16984"/>
	<Ingredient qty="15.000" uom="ml" recipe="R-29667" invFactor="1.0000" conversion="0.00100000" ingredient="I-2205"/>
	<Ingredient qty="10.000" uom="ml" recipe="R-29667" invFactor="1.0000" conversion="0.00100000" ingredient="I-2220"/>
	<Ingredient qty="12.000" uom="fl oz" recipe="R-29667" invFactor="1.0000" conversion="0.02840000" ingredient="P-26479"/>
	<Ingredient qty="12.000" uom="fl oz" recipe="R-30174" invFactor="1.0000" conversion="0.02840000" ingredient="I-2221"/>
	<Ingredient qty="12.000" uom="fl oz" recipe="R-30175" invFactor="1.0000" conversion="0.02840000" ingredient="I-2220"/>
	<Ingredient qty="1.000" uom="ml" recipe="R-30934" invFactor="1.0000" conversion="0.00100000" ingredient="I-16984"/>
	<Ingredient qty="15.000" uom="ml" recipe="R-30934" invFactor="1.0000" conversion="0.00100000" ingredient="I-2205"/>
	<Ingredient qty="10.000" uom="ml" recipe="R-30934" invFactor="1.0000" conversion="0.00100000" ingredient="I-2220"/>
	<Ingredient qty="360.000" uom="ml" recipe="R-30934" invFactor="1.0000" conversion="0.00100000" ingredient="P-26479"/>
	<Ingredient qty="101.000" uom="ml" recipe="R-32219" invFactor="1.0000" conversion="0.00100000" ingredient="P-22761"/>
	<Ingredient qty="36.000" uom="ml" recipe="R-32219" invFactor="1.0000" conversion="0.00100000" ingredient="P-22762"/>
	<Ingredient qty="72.000" uom="ml" recipe="R-32219" invFactor="1.0000" conversion="0.00100000" ingredient="P-22763"/>
	<Ingredient qty="151.000" uom="ml" recipe="R-32219" invFactor="1.0000" conversion="0.00100000" ingredient="P-22764"/>
	<Ingredient qty="1.000" uom="355ML" recipe="R-37372" invFactor="1.0000" conversion="1.00000000" ingredient="I-43252"/>
	<Ingredient qty="1.000" uom="355ML" recipe="R-37583" invFactor="1.0000" conversion="1.00000000" ingredient="I-43253"/>
	<Ingredient qty="1.000" uom="PTN" recipe="R-45703" invFactor="1.0000" conversion="1.00000000" ingredient="I-12123"/>
	<Ingredient qty="1.000" uom="CT" recipe="R-45729" invFactor="1.0000" conversion="1.00000000" ingredient="I-1852"/>
	<Ingredient qty="1.250" uom="ea" recipe="R-47605" invFactor="1.0000" conversion="1.00000000" ingredient="R-29667"/>
	<Ingredient qty="1.000" uom="CT" recipe="R-55576" invFactor="1.0000" conversion="1.00000000" ingredient="I-1851"/>
	<Ingredient qty="1.000" uom="pak" recipe="R-59563" invFactor="1.0000" conversion="1.00000000" ingredient="I-1762"/>
	<Ingredient qty="1.000" uom="355ML" recipe="R-60815" invFactor="1.0000" conversion="1.00000000" ingredient="I-43253"/>
	<Ingredient qty="1.000" uom="ea" recipe="R-60866" invFactor="1.0000" conversion="1.00000000" ingredient="I-55552"/>
	<Ingredient qty="1.000" uom="ea" recipe="R-61135" invFactor="1.0000" conversion="1.00000000" ingredient="I-52638"/>
	<Ingredient qty="0.250" uom="CT" recipe="R-61299" invFactor="1.0000" conversion="1.00000000" ingredient="I-61295"/>
	<Ingredient qty="0.250" uom="CT" recipe="R-61300" invFactor="1.0000" conversion="1.00000000" ingredient="I-61294"/>
	<Ingredient qty="1.000" uom="ml" recipe="R-67293" invFactor="1.0000" conversion="0.00100000" ingredient="I-16984"/>
	<Ingredient qty="15.000" uom="ml" recipe="R-67293" invFactor="1.0000" conversion="0.00100000" ingredient="I-2205"/>
	<Ingredient qty="10.000" uom="ml" recipe="R-67293" invFactor="1.0000" conversion="0.00100000" ingredient="I-2220"/>
	<Ingredient qty="360.000" uom="ml" recipe="R-67293" invFactor="1.0000" conversion="0.00100000" ingredient="P-26479"/>
</Ingredients>
