﻿<?xml version="1.0" encoding="UTF-8" standalone="yes"?>
<Items>
	<Item id="I-1851" active="Y" keyItem="Y" actualize="N">
		<Description>ALMOND BEV - CHOCOLATE</Description>
		<Cost>0.0225</Cost>
		<CaseQty>24.000</CaseQty>
		<CaseUOM>CT</CaseUOM>
		<PakQty>1.000</PakQty>
		<PakUOM>CT</PakUOM>
		<Comments/>
		<InventoryGroup id="2">BEVERAGE</InventoryGroup>
		<SalesCategory id="2">Food</SalesCategory>
		<Location id="296">OK - SERVE BEV COOL</Location>
		<ExpenseAccount id="54" ref="SC0070" type="C" locked="N">COS-Snacks|Bev NoTax</ExpenseAccount>
		<IncomeAccount id="14" ref="Gross Sales" type="I" locked="Y">Gross Sales</IncomeAccount>
	</Item>
	<Item id="I-1852" active="Y" keyItem="Y" actualize="N">
		<Description>ALMOND BEV - ORIGINAL</Description>
		<Cost>0.9483</Cost>
		<CaseQty>24.000</CaseQty>
		<CaseUOM>CT</CaseUOM>
		<PakQty>1.000</PakQty>
		<PakUOM>CT</PakUOM>
		<Comments/>
		<InventoryGroup id="2">BEVERAGE</InventoryGroup>
		<SalesCategory id="2">Food</SalesCategory>
		<Location id="296">OK - SERVE BEV COOL</Location>
		<ExpenseAccount id="22" ref="SC0070" type="C" locked="N">COS-Food NoTax</ExpenseAccount>
		<IncomeAccount id="14" ref="Gross Sales" type="I" locked="Y">Gross Sales</IncomeAccount>
	</Item>
	<Item id="I-61295" active="Y" keyItem="Y" actualize="N">
		<Description>ALMOND BREEZE CHOC 240 ML</Description>
		<Cost>6.1000</Cost>
		<CaseQty>4.000</CaseQty>
		<CaseUOM>CT</CaseUOM>
		<PakQty>1.000</PakQty>
		<PakUOM>CT</PakUOM>
		<Comments/>
		<InventoryGroup id="2">BEVERAGE</InventoryGroup>
		<SalesCategory id="2">Food</SalesCategory>
		<Location id="296">OK - SERVE BEV COOL</Location>
		<ExpenseAccount id="22" ref="SC0070" type="C" locked="N">COS-Food NoTax</ExpenseAccount>
		<IncomeAccount id="14" ref="Gross Sales" type="I" locked="Y">Gross Sales</IncomeAccount>
	</Item>
	<Item id="I-61294" active="Y" keyItem="Y" actualize="N">
		<Description>ALMOND BREEZE VAN UNSWT 240 ML</Description>
		<Cost>6.1000</Cost>
		<CaseQty>4.000</CaseQty>
		<CaseUOM>CT</CaseUOM>
		<PakQty>1.000</PakQty>
		<PakUOM>CT</PakUOM>
		<Comments/>
		<InventoryGroup id="2">BEVERAGE</InventoryGroup>
		<SalesCategory id="2">Food</SalesCategory>
		<Location id="296">OK - SERVE BEV COOL</Location>
		<ExpenseAccount id="22" ref="SC0070" type="C" locked="N">COS-Food NoTax</ExpenseAccount>
		<IncomeAccount id="14" ref="Gross Sales" type="I" locked="Y">Gross Sales</IncomeAccount>
	</Item>
	<Item id="I-1762" active="Y" keyItem="Y" actualize="N">
		<Description>CIDER APPLE HOT TFC</Description>
		<Cost>0.2824</Cost>
		<CaseQty>100.000</CaseQty>
		<CaseUOM>pak</CaseUOM>
		<PakQty>1.000</PakQty>
		<PakUOM>pak</PakUOM>
		<Comments>PRICE DECREASE 10/17 - replacing item # 1119391</Comments>
		<InventoryGroup id="2">BEVERAGE</InventoryGroup>
		<SalesCategory id="2">Food</SalesCategory>
		<Location id="448">OK - SERVE BEVERAGE</Location>
		<ExpenseAccount id="23" ref="SC0314" type="C" locked="N">COS-Snacks|Bev [GST]</ExpenseAccount>
		<IncomeAccount id="14" ref="Gross Sales" type="I" locked="Y">Gross Sales</IncomeAccount>
	</Item>
	<Item id="I-13327" active="Y" keyItem="Y" actualize="N">
		<Description>COFFEE LUSH 42 X 110G</Description>
		<Cost>2.2674</Cost>
		<CaseQty>42.000</CaseQty>
		<CaseUOM>pak</CaseUOM>
		<PakQty>1.000</PakQty>
		<PakUOM>pak</PakUOM>
		<Comments/>
		<InventoryGroup id="25">FAIR TRADE</InventoryGroup>
		<SalesCategory id="2">Food</SalesCategory>
		<Location id="299">OK - STORES AISLE #1</Location>
		<ExpenseAccount id="54" ref="SC0070" type="C" locked="N">COS-Snacks|Bev NoTax</ExpenseAccount>
		<IncomeAccount id="14" ref="Gross Sales" type="I" locked="Y">Gross Sales</IncomeAccount>
	</Item>
	<Item id="I-2501" active="Y" keyItem="Y" actualize="N">
		<Description>COFFEE SUPER DARK 110g</Description>
		<Cost>2.2674</Cost>
		<CaseQty>42.000</CaseQty>
		<CaseUOM>pak</CaseUOM>
		<PakQty>1.000</PakQty>
		<PakUOM>pak</PakUOM>
		<Comments/>
		<InventoryGroup id="25">FAIR TRADE</InventoryGroup>
		<SalesCategory id="2">Food</SalesCategory>
		<Location id="299">OK - STORES AISLE #1</Location>
		<ExpenseAccount id="54" ref="SC0070" type="C" locked="N">COS-Snacks|Bev NoTax</ExpenseAccount>
		<IncomeAccount id="14" ref="Gross Sales" type="I" locked="Y">Gross Sales</IncomeAccount>
	</Item>
	<Item id="I-2205" active="Y" keyItem="Y" actualize="N">
		<Description>CREAMO 10% 1L-CTN</Description>
		<Cost>2.7300</Cost>
		<CaseQty>1.000</CaseQty>
		<CaseUOM>L</CaseUOM>
		<PakQty>1.000</PakQty>
		<PakUOM>L</PakUOM>
		<Comments/>
		<InventoryGroup id="9">DAIRY</InventoryGroup>
		<SalesCategory id="2">Food</SalesCategory>
		<Location id="450">OK - SERVE G&amp;G COOL</Location>
		<ExpenseAccount id="22" ref="SC0070" type="C" locked="N">COS-Food NoTax</ExpenseAccount>
		<IncomeAccount id="14" ref="Gross Sales" type="I" locked="Y">Gross Sales</IncomeAccount>
	</Item>
	<Item id="I-1079p" active="Y" keyItem="Y" actualize="N">
		<Description>CUP PLAS CLR 12Z PET</Description>
		<Cost>0.1145</Cost>
		<CaseQty>20.000</CaseQty>
		<CaseUOM>SLEEVE</CaseUOM>
		<PakQty>50.000</PakQty>
		<PakUOM>CT</PakUOM>
		<Comments/>
		<InventoryGroup id="24">DISPOSABLES</InventoryGroup>
		<SalesCategory id="4">Misc. </SalesCategory>
		<Location id="448">OK - SERVE BEVERAGE</Location>
		<ExpenseAccount id="26" ref="SC0302" type="C" locked="N">COS-TOContainer[GST]</ExpenseAccount>
		<IncomeAccount id="14" ref="Gross Sales" type="I" locked="Y">Gross Sales</IncomeAccount>
	</Item>
	<Item id="I-1012p" active="Y" keyItem="Y" actualize="Y">
		<Description>CUP PPR HOT WHT 12Z</Description>
		<Cost>0.0665</Cost>
		<CaseQty>20.000</CaseQty>
		<CaseUOM>SLEEVE</CaseUOM>
		<PakQty>50.000</PakQty>
		<PakUOM>CT</PakUOM>
		<Comments>contracted price $50.47</Comments>
		<InventoryGroup id="24">DISPOSABLES</InventoryGroup>
		<SalesCategory id="4">Misc. </SalesCategory>
		<Location id="494">OK - STORES PAPER</Location>
		<ExpenseAccount id="26" ref="SC0302" type="C" locked="N">COS-TOContainer[GST]</ExpenseAccount>
		<IncomeAccount id="14" ref="Gross Sales" type="I" locked="Y">Gross Sales</IncomeAccount>
	</Item>
	<Item id="I-43252" active="Y" keyItem="Y" actualize="N">
		<Description>JUICE APPLE MM 355ML</Description>
		<Cost>1.2575</Cost>
		<CaseQty>12.000</CaseQty>
		<CaseUOM>355ML</CaseUOM>
		<PakQty>1.000</PakQty>
		<PakUOM>355ML</PakUOM>
		<Comments>PRICING UPDATED JULY 2019 CBA </Comments>
		<InventoryGroup id="2">BEVERAGE</InventoryGroup>
		<SalesCategory id="2">Food</SalesCategory>
		<Location id="296">OK - SERVE BEV COOL</Location>
		<ExpenseAccount id="22" ref="SC0070" type="C" locked="N">COS-Food NoTax</ExpenseAccount>
		<IncomeAccount id="14" ref="Gross Sales" type="I" locked="Y">Gross Sales</IncomeAccount>
	</Item>
	<Item id="I-1792" active="Y" keyItem="Y" actualize="N">
		<Description>JUICE APPLE*CONC 6+1 TFC</Description>
		<Cost>9.4577</Cost>
		<CaseQty>4.000</CaseQty>
		<CaseUOM>JUG</CaseUOM>
		<PakQty>2.660</PakQty>
		<PakUOM>L</PakUOM>
		<Comments/>
		<InventoryGroup id="2">BEVERAGE</InventoryGroup>
		<SalesCategory id="2">Food</SalesCategory>
		<Location id="296">OK - SERVE BEV COOL</Location>
		<ExpenseAccount id="22" ref="SC0070" type="C" locked="N">COS-Food NoTax</ExpenseAccount>
		<IncomeAccount id="14" ref="Gross Sales" type="I" locked="Y">Gross Sales</IncomeAccount>
	</Item>
	<Item id="I-1802" active="Y" keyItem="Y" actualize="N">
		<Description>JUICE CRANBERRY CONC 5+1 TFC</Description>
		<Cost>7.3797</Cost>
		<CaseQty>4.000</CaseQty>
		<CaseUOM>JUG</CaseUOM>
		<PakQty>2.660</PakQty>
		<PakUOM>XXX</PakUOM>
		<Comments>replacing code 1091932</Comments>
		<InventoryGroup id="2">BEVERAGE</InventoryGroup>
		<SalesCategory id="2">Food</SalesCategory>
		<Location id="296">OK - SERVE BEV COOL</Location>
		<ExpenseAccount id="23" ref="SC0314" type="C" locked="N">COS-Snacks|Bev [GST]</ExpenseAccount>
		<IncomeAccount id="14" ref="Gross Sales" type="I" locked="Y">Gross Sales</IncomeAccount>
	</Item>
	<Item id="I-1816" active="Y" keyItem="Y" actualize="N">
		<Description>JUICE ORANGE CONC 5+1 TFC</Description>
		<Cost>9.6729</Cost>
		<CaseQty>4.000</CaseQty>
		<CaseUOM>JUG</CaseUOM>
		<PakQty>2.660</PakQty>
		<PakUOM>L</PakUOM>
		<Comments>PRICE UPDATED NOVEMBER 2019</Comments>
		<InventoryGroup id="2">BEVERAGE</InventoryGroup>
		<SalesCategory id="2">Food</SalesCategory>
		<Location id="296">OK - SERVE BEV COOL</Location>
		<ExpenseAccount id="22" ref="SC0070" type="C" locked="N">COS-Food NoTax</ExpenseAccount>
		<IncomeAccount id="14" ref="Gross Sales" type="I" locked="Y">Gross Sales</IncomeAccount>
	</Item>
	<Item id="I-43253" active="Y" keyItem="Y" actualize="N">
		<Description>JUICE ORANGE MM 355ML</Description>
		<Cost>1.2708</Cost>
		<CaseQty>12.000</CaseQty>
		<CaseUOM>355ML</CaseUOM>
		<PakQty>1.000</PakQty>
		<PakUOM>355ML</PakUOM>
		<Comments>UPDATED AUGUST 2019</Comments>
		<InventoryGroup id="2">BEVERAGE</InventoryGroup>
		<SalesCategory id="2">Food</SalesCategory>
		<Location id="296">OK - SERVE BEV COOL</Location>
		<ExpenseAccount id="22" ref="SC0070" type="C" locked="N">COS-Food NoTax</ExpenseAccount>
		<IncomeAccount id="14" ref="Gross Sales" type="I" locked="Y">Gross Sales</IncomeAccount>
	</Item>
	<Item id="I-1780" active="Y" keyItem="Y" actualize="N">
		<Description>LEMONADE CONC 6+1 TFC</Description>
		<Cost>7.2199</Cost>
		<CaseQty>4.000</CaseQty>
		<CaseUOM>pak</CaseUOM>
		<PakQty>2.660</PakQty>
		<PakUOM>L</PakUOM>
		<Comments>Replacing item # 1091939</Comments>
		<InventoryGroup id="2">BEVERAGE</InventoryGroup>
		<SalesCategory id="2">Food</SalesCategory>
		<Location id="296">OK - SERVE BEV COOL</Location>
		<ExpenseAccount id="23" ref="SC0314" type="C" locked="N">COS-Snacks|Bev [GST]</ExpenseAccount>
		<IncomeAccount id="14" ref="Gross Sales" type="I" locked="Y">Gross Sales</IncomeAccount>
	</Item>
	<Item id="I-1054p" active="Y" keyItem="Y" actualize="N">
		<Description>LID DOME CLR F/ CUP PET 9-20Z</Description>
		<Cost>0.0657</Cost>
		<CaseQty>1000.000</CaseQty>
		<CaseUOM>CT</CaseUOM>
		<PakQty>1.000</PakQty>
		<PakUOM>CT</PakUOM>
		<Comments/>
		<InventoryGroup id="24">DISPOSABLES</InventoryGroup>
		<SalesCategory id="4">Misc. </SalesCategory>
		<Location id="494">OK - STORES PAPER</Location>
		<ExpenseAccount id="26" ref="SC0302" type="C" locked="N">COS-TOContainer[GST]</ExpenseAccount>
		<IncomeAccount id="14" ref="Gross Sales" type="I" locked="Y">Gross Sales</IncomeAccount>
	</Item>
	<Item id="I-1165p" active="Y" keyItem="Y" actualize="N">
		<Description>LID DOME W/H FIT TP9/TP12/TN20</Description>
		<Cost>0.0734</Cost>
		<CaseQty>20.000</CaseQty>
		<CaseUOM>SLEEVE</CaseUOM>
		<PakQty>50.000</PakQty>
		<PakUOM>CT</PakUOM>
		<Comments/>
		<InventoryGroup id="24">DISPOSABLES</InventoryGroup>
		<SalesCategory id="4">Misc. </SalesCategory>
		<Location id="494">OK - STORES PAPER</Location>
		<ExpenseAccount id="26" ref="SC0302" type="C" locked="N">COS-TOContainer[GST]</ExpenseAccount>
		<IncomeAccount id="14" ref="Gross Sales" type="I" locked="Y">Gross Sales</IncomeAccount>
	</Item>
	<Item id="I-2220" active="Y" keyItem="Y" actualize="N">
		<Description>MILK 2% 20L TUBE - BAG</Description>
		<Cost>1.5165</Cost>
		<CaseQty>20.000</CaseQty>
		<CaseUOM>L</CaseUOM>
		<PakQty>1.000</PakQty>
		<PakUOM>L</PakUOM>
		<Comments/>
		<InventoryGroup id="9">DAIRY</InventoryGroup>
		<SalesCategory id="2">Food</SalesCategory>
		<Location id="296">OK - SERVE BEV COOL</Location>
		<ExpenseAccount id="22" ref="SC0070" type="C" locked="N">COS-Food NoTax</ExpenseAccount>
		<IncomeAccount id="14" ref="Gross Sales" type="I" locked="Y">Gross Sales</IncomeAccount>
	</Item>
	<Item id="I-2221" active="Y" keyItem="Y" actualize="N">
		<Description>MILK CHOC 20L - BAG</Description>
		<Cost>2.1660</Cost>
		<CaseQty>1.000</CaseQty>
		<CaseUOM>un</CaseUOM>
		<PakQty>20.000</PakQty>
		<PakUOM>L</PakUOM>
		<Comments/>
		<InventoryGroup id="9">DAIRY</InventoryGroup>
		<SalesCategory id="2">Food</SalesCategory>
		<Location id="296">OK - SERVE BEV COOL</Location>
		<ExpenseAccount id="22" ref="SC0070" type="C" locked="N">COS-Food NoTax</ExpenseAccount>
		<IncomeAccount id="14" ref="Gross Sales" type="I" locked="Y">Gross Sales</IncomeAccount>
	</Item>
	<Item id="I-52638" active="Y" keyItem="Y" actualize="N">
		<Description>OAT CHOC DRINK 250ML</Description>
		<Cost>0.1442</Cost>
		<CaseQty>24.000</CaseQty>
		<CaseUOM>each</CaseUOM>
		<PakQty>1.000</PakQty>
		<PakUOM>ea</PakUOM>
		<Comments>NEW ITEM SEPT 2019</Comments>
		<InventoryGroup id="2">BEVERAGE</InventoryGroup>
		<SalesCategory id="2">Food</SalesCategory>
		<Location id="296">OK - SERVE BEV COOL</Location>
		<ExpenseAccount id="22" ref="SC0070" type="C" locked="N">COS-Food NoTax</ExpenseAccount>
		<IncomeAccount id="14" ref="Gross Sales" type="I" locked="Y">Gross Sales</IncomeAccount>
	</Item>
	<Item id="I-55552" active="Y" keyItem="Y" actualize="N">
		<Description>OAT VANILLA DRINK 250ML</Description>
		<Cost>1.1421</Cost>
		<CaseQty>24.000</CaseQty>
		<CaseUOM>ea</CaseUOM>
		<PakQty>1.000</PakQty>
		<PakUOM>ea</PakUOM>
		<Comments/>
		<InventoryGroup id="2">BEVERAGE</InventoryGroup>
		<SalesCategory id="2">Food</SalesCategory>
		<Location id="296">OK - SERVE BEV COOL</Location>
		<ExpenseAccount id="22" ref="SC0070" type="C" locked="N">COS-Food NoTax</ExpenseAccount>
		<IncomeAccount id="14" ref="Gross Sales" type="I" locked="Y">Gross Sales</IncomeAccount>
	</Item>
	<Item id="I-12123" active="Y" keyItem="Y" actualize="N">
		<Description>SOY ORIGINAL</Description>
		<Cost>0.9404</Cost>
		<CaseQty>24.000</CaseQty>
		<CaseUOM>PTN</CaseUOM>
		<PakQty>1.000</PakQty>
		<PakUOM>PTN</PakUOM>
		<Comments/>
		<InventoryGroup id="2">BEVERAGE</InventoryGroup>
		<SalesCategory id="2">Food</SalesCategory>
		<Location id="296">OK - SERVE BEV COOL</Location>
		<ExpenseAccount id="22" ref="SC0070" type="C" locked="N">COS-Food NoTax</ExpenseAccount>
		<IncomeAccount id="14" ref="Gross Sales" type="I" locked="Y">Gross Sales</IncomeAccount>
	</Item>
	<Item id="I-16984" active="Y" keyItem="Y" actualize="N">
		<Description>SYRUP MONIN PURE CANE </Description>
		<Cost>15.1700</Cost>
		<CaseQty>1.000</CaseQty>
		<CaseUOM>L</CaseUOM>
		<PakQty>1.000</PakQty>
		<PakUOM>L</PakUOM>
		<Comments/>
		<InventoryGroup id="2">BEVERAGE</InventoryGroup>
		<SalesCategory id="2">Food</SalesCategory>
		<Location id="448">OK - SERVE BEVERAGE</Location>
		<ExpenseAccount id="22" ref="SC0070" type="C" locked="N">COS-Food NoTax</ExpenseAccount>
		<IncomeAccount id="14" ref="Gross Sales" type="I" locked="Y">Gross Sales</IncomeAccount>
	</Item>
	<Item id="I-5983" active="Y" keyItem="N" actualize="N">
		<Description>WATER FOR RECIPES</Description>
		<Cost>0</Cost>
		<CaseQty>1.000</CaseQty>
		<CaseUOM>L</CaseUOM>
		<PakQty>1.000</PakQty>
		<PakUOM>L</PakUOM>
		<Comments/>
		<InventoryGroup id="2">BEVERAGE</InventoryGroup>
		<SalesCategory id="2">Food</SalesCategory>
		<Location id="449">OK - ARCHIVE</Location>
		<ExpenseAccount id="22" ref="SC0070" type="C" locked="N">COS-Food NoTax</ExpenseAccount>
		<IncomeAccount id="14" ref="Gross Sales" type="I" locked="Y">Gross Sales</IncomeAccount>
	</Item>
</Items>
