﻿<?xml version="1.0" encoding="UTF-8" standalone="yes"?>
<Preps>
	<Prep id="P-22761" active="Y" keyItem="N">
		<Description>BEV|Juice Bulk|Apple</Description>
		<Barcode/>
		<Cost>1.3511</Cost>
		<PakQty>18.620</PakQty>
		<PakUOM>L</PakUOM>
		<Comments/>
		<InventoryGroup id=""/>
		<SalesCategory id=""/>
		<IncomeAccount id="" ref="" type="" locked=""/>
		<Location id=""/>
	</Prep>
	<Prep id="P-22763" active="Y" keyItem="N">
		<Description>BEV|Juice Bulk|Cranberry</Description>
		<Barcode/>
		<Cost>1.2300</Cost>
		<PakQty>15.960</PakQty>
		<PakUOM>L</PakUOM>
		<Comments/>
		<InventoryGroup id=""/>
		<SalesCategory id=""/>
		<IncomeAccount id="" ref="" type="" locked=""/>
		<Location id=""/>
	</Prep>
	<Prep id="P-22762" active="Y" keyItem="N">
		<Description>BEV|Juice Bulk|Lemon</Description>
		<Barcode/>
		<Cost>1.0314</Cost>
		<PakQty>18.620</PakQty>
		<PakUOM>L</PakUOM>
		<Comments/>
		<InventoryGroup id=""/>
		<SalesCategory id=""/>
		<IncomeAccount id="" ref="" type="" locked=""/>
		<Location id=""/>
	</Prep>
	<Prep id="P-22764" active="Y" keyItem="N">
		<Description>BEV|Juice Bulk|Orange</Description>
		<Barcode/>
		<Cost>1.6122</Cost>
		<PakQty>15.960</PakQty>
		<PakUOM>L</PakUOM>
		<Comments/>
		<InventoryGroup id=""/>
		<SalesCategory id=""/>
		<IncomeAccount id="" ref="" type="" locked=""/>
		<Location id=""/>
	</Prep>
	<Prep id="P-26479" active="Y" keyItem="N">
		<Description>OK - Brewed Coffee</Description>
		<Barcode/>
		<Cost>1.1337</Cost>
		<PakQty>2.000</PakQty>
		<PakUOM>L</PakUOM>
		<Comments/>
		<InventoryGroup id="299">ZDONT USE OK - PREP</InventoryGroup>
		<SalesCategory id="2">Food</SalesCategory>
		<IncomeAccount id="14" ref="Gross Sales" type="I" locked="Y">Gross Sales</IncomeAccount>
		<Location id="4">PREP</Location>
	</Prep>
</Preps>
