﻿<?xml version="1.0" encoding="UTF-8" standalone="yes"?>
<Prods>
	<Prod id="R-67293" active="Y" special="N">
		<Description>BEV|COFFEE|$1.00 PROMO</Description>
		<Barcode/>
		<Cost>0.4794</Cost>
		<Comments/>
		<SalesGroup id="2">BEVERAGE</SalesGroup>
		<SalesCategory id="2">Food</SalesCategory>
		<IncomeAccount id="14" ref="Gross Sales" type="I" locked="Y">Gross Sales</IncomeAccount>
		<TaxGroup id=""/>
		<Price>1.00</Price>
		<PLU num=""/>
	</Prod>
	<Prod id="R-29667" active="Y" special="N">
		<Description>BEV|Coffee|12 oz</Description>
		<Barcode/>
		<Cost>0.5975</Cost>
		<Comments/>
		<SalesGroup id="2">BEVERAGE</SalesGroup>
		<SalesCategory id="2">Food</SalesCategory>
		<IncomeAccount id="14" ref="Gross Sales" type="I" locked="Y">Gross Sales</IncomeAccount>
		<TaxGroup id=""/>
		<Price>2.35</Price>
		<PLU num="11673">COFFEE - 12oz</PLU>
	</Prod>
	<Prod id="R-47605" active="Y" special="N">
		<Description>BEV|Coffee|16 oz</Description>
		<Barcode/>
		<Cost>0.7469</Cost>
		<Comments/>
		<SalesGroup id="2">BEVERAGE</SalesGroup>
		<SalesCategory id="2">Food</SalesCategory>
		<IncomeAccount id="14" ref="Gross Sales" type="I" locked="Y">Gross Sales</IncomeAccount>
		<TaxGroup id=""/>
		<Price>2.65</Price>
		<PLU num="11674">COFFEE - 16oz</PLU>
	</Prod>
	<Prod id="R-30934" active="Y" special="N">
		<Description>BEV|Coffee|Ceramic|12oz</Description>
		<Barcode/>
		<Cost>0.4794</Cost>
		<Comments/>
		<SalesGroup id="2">BEVERAGE</SalesGroup>
		<SalesCategory id="2">Food</SalesCategory>
		<IncomeAccount id="14" ref="Gross Sales" type="I" locked="Y">Gross Sales</IncomeAccount>
		<TaxGroup id=""/>
		<Price>1.95</Price>
		<PLU num="13111">COFFEE - CERAMIC</PLU>
	</Prod>
	<Prod id="R-59563" active="Y" special="N">
		<Description>BEV|Hot Apple Cider|Package</Description>
		<Barcode/>
		<Cost>0.2824</Cost>
		<Comments/>
		<SalesGroup id="2">BEVERAGE</SalesGroup>
		<SalesCategory id="2">Food</SalesCategory>
		<IncomeAccount id="14" ref="Gross Sales" type="I" locked="Y">Gross Sales</IncomeAccount>
		<TaxGroup id=""/>
		<Price>2.05</Price>
		<PLU num="13773">APPLE CIDER PKT</PLU>
	</Prod>
	<Prod id="R-32219" active="Y" special="N">
		<Description>BEV|Juice|Bulk 12oz</Description>
		<Barcode/>
		<Cost>0.5056</Cost>
		<Comments/>
		<SalesGroup id="2">BEVERAGE</SalesGroup>
		<SalesCategory id="2">Food</SalesCategory>
		<IncomeAccount id="14" ref="Gross Sales" type="I" locked="Y">Gross Sales</IncomeAccount>
		<TaxGroup id=""/>
		<Price>1.97</Price>
		<PLU num="13234">MINUTE MAID BULK 12oz</PLU>
	</Prod>
	<Prod id="R-22863" active="Y" special="N">
		<Description>BEV|Juice|Bulk 12oz|To Go</Description>
		<Barcode/>
		<Cost>0.6858</Cost>
		<Comments/>
		<SalesGroup id="2">BEVERAGE</SalesGroup>
		<SalesCategory id="2">Food</SalesCategory>
		<IncomeAccount id="14" ref="Gross Sales" type="I" locked="Y">Gross Sales</IncomeAccount>
		<TaxGroup id=""/>
		<Price>1.97</Price>
		<PLU num="15073">RS - MM BULK TO GO 12 oz</PLU>
	</Prod>
	<Prod id="R-37372" active="Y" special="N">
		<Description>BEV|Juice|MM|Apple|355ml</Description>
		<Barcode/>
		<Cost>1.2575</Cost>
		<Comments/>
		<SalesGroup id="2">BEVERAGE</SalesGroup>
		<SalesCategory id="2">Food</SalesCategory>
		<IncomeAccount id="14" ref="Gross Sales" type="I" locked="Y">Gross Sales</IncomeAccount>
		<TaxGroup id=""/>
		<Price>3.29</Price>
		<PLU num="17145">Minute Maid Apple</PLU>
	</Prod>
	<Prod id="R-37583" active="Y" special="N">
		<Description>BEV|Juice|MM|Orange|355ml</Description>
		<Barcode/>
		<Cost>1.2575</Cost>
		<Comments/>
		<SalesGroup id="2">BEVERAGE</SalesGroup>
		<SalesCategory id="2">Food</SalesCategory>
		<IncomeAccount id="14" ref="Gross Sales" type="I" locked="Y">Gross Sales</IncomeAccount>
		<TaxGroup id=""/>
		<Price>3.29</Price>
		<PLU num="25347">MINUTE MAID ORANGE</PLU>
	</Prod>
	<Prod id="R-60815" active="Y" special="N">
		<Description>BEV|Juice|MM|Orange|355ml.</Description>
		<Barcode/>
		<Cost>1.2575</Cost>
		<Comments/>
		<SalesGroup id="2">BEVERAGE</SalesGroup>
		<SalesCategory id="2">Food</SalesCategory>
		<IncomeAccount id="14" ref="Gross Sales" type="I" locked="Y">Gross Sales</IncomeAccount>
		<TaxGroup id=""/>
		<Price>3.29</Price>
		<PLU num="11051">Minute Maid Orange</PLU>
	</Prod>
	<Prod id="R-61299" active="Y" special="N">
		<Description>BEV|Milk|Almond Breeze|Choco</Description>
		<Barcode/>
		<Cost>1.5250</Cost>
		<Comments/>
		<SalesGroup id="2">BEVERAGE</SalesGroup>
		<SalesCategory id="2">Food</SalesCategory>
		<IncomeAccount id="14" ref="Gross Sales" type="I" locked="Y">Gross Sales</IncomeAccount>
		<TaxGroup id=""/>
		<Price>2.25</Price>
		<PLU num="33134">ALMOND BREEZE CHOCOLATE</PLU>
	</Prod>
	<Prod id="R-61300" active="Y" special="N">
		<Description>BEV|Milk|Almond Breeze|Vanilla</Description>
		<Barcode/>
		<Cost>1.5250</Cost>
		<Comments/>
		<SalesGroup id="2">BEVERAGE</SalesGroup>
		<SalesCategory id="2">Food</SalesCategory>
		<IncomeAccount id="14" ref="Gross Sales" type="I" locked="Y">Gross Sales</IncomeAccount>
		<TaxGroup id=""/>
		<Price>2.25</Price>
		<PLU num="33135">ALMOND BREEZE VANILLA (UNSWEET</PLU>
	</Prod>
	<Prod id="R-55576" active="Y" special="N">
		<Description>BEV|Milk|Almond|Chocolate</Description>
		<Barcode/>
		<Cost>0.0225</Cost>
		<Comments/>
		<SalesGroup id="2">BEVERAGE</SalesGroup>
		<SalesCategory id="2">Food</SalesCategory>
		<IncomeAccount id="14" ref="Gross Sales" type="I" locked="Y">Gross Sales</IncomeAccount>
		<TaxGroup id=""/>
		<Price>2.29</Price>
		<PLU num="31566">ALMOND MILK CHOCOLATE</PLU>
	</Prod>
	<Prod id="R-45729" active="Y" special="N">
		<Description>BEV|Milk|Almond|Original</Description>
		<Barcode/>
		<Cost>0.9483</Cost>
		<Comments/>
		<SalesGroup id="2">BEVERAGE</SalesGroup>
		<SalesCategory id="2">Food</SalesCategory>
		<IncomeAccount id="14" ref="Gross Sales" type="I" locked="Y">Gross Sales</IncomeAccount>
		<TaxGroup id=""/>
		<Price>2.25</Price>
		<PLU num="13231">RS - EARTH`S ALMOND MILK</PLU>
	</Prod>
	<Prod id="R-30174" active="Y" special="N">
		<Description>BEV|Milk|Bulk|Chocolate 12oz</Description>
		<Barcode/>
		<Cost>0.7382</Cost>
		<Comments/>
		<SalesGroup id="2">BEVERAGE</SalesGroup>
		<SalesCategory id="2">Food</SalesCategory>
		<IncomeAccount id="14" ref="Gross Sales" type="I" locked="Y">Gross Sales</IncomeAccount>
		<TaxGroup id=""/>
		<Price>1.97</Price>
		<PLU num="13816">RS - MILK - BULK CHOCOLATE</PLU>
	</Prod>
	<Prod id="R-30175" active="Y" special="N">
		<Description>BEV|Milk|Bulk|White 12oz</Description>
		<Barcode/>
		<Cost>0.5168</Cost>
		<Comments/>
		<SalesGroup id="2">BEVERAGE</SalesGroup>
		<SalesCategory id="2">Food</SalesCategory>
		<IncomeAccount id="14" ref="Gross Sales" type="I" locked="Y">Gross Sales</IncomeAccount>
		<TaxGroup id=""/>
		<Price>1.89</Price>
		<PLU num="13815">MILK - BULK</PLU>
	</Prod>
	<Prod id="R-61135" active="Y" special="N">
		<Description>BEV|Milk|Oat|Chocolate</Description>
		<Barcode/>
		<Cost>0.1442</Cost>
		<Comments/>
		<SalesGroup id="2">BEVERAGE</SalesGroup>
		<SalesCategory id="2">Food</SalesCategory>
		<IncomeAccount id="14" ref="Gross Sales" type="I" locked="Y">Gross Sales</IncomeAccount>
		<TaxGroup id=""/>
		<Price>2.25</Price>
		<PLU num="31564">CHOCOLATE OAT MILK</PLU>
	</Prod>
	<Prod id="R-60866" active="Y" special="N">
		<Description>BEV|Milk|Oat|Vanilla</Description>
		<Barcode/>
		<Cost>0.1442</Cost>
		<Comments/>
		<SalesGroup id="2">BEVERAGE</SalesGroup>
		<SalesCategory id="2">Food</SalesCategory>
		<IncomeAccount id="14" ref="Gross Sales" type="I" locked="Y">Gross Sales</IncomeAccount>
		<TaxGroup id=""/>
		<Price>2.25</Price>
		<PLU num="29692">EARTH`S OWN OAT MILK VANILLA</PLU>
	</Prod>
	<Prod id="R-45703" active="Y" special="N">
		<Description>BEV|Milk|Soy|Original</Description>
		<Barcode/>
		<Cost>0.9404</Cost>
		<Comments/>
		<SalesGroup id="2">BEVERAGE</SalesGroup>
		<SalesCategory id="2">Food</SalesCategory>
		<IncomeAccount id="14" ref="Gross Sales" type="I" locked="Y">Gross Sales</IncomeAccount>
		<TaxGroup id=""/>
		<Price>2.29</Price>
		<PLU num="11714">MILK - SO GOOD SOYA</PLU>
	</Prod>
</Prods>
