﻿<?xml version="1.0" encoding="UTF-8" standalone="yes"?>
<CaseSizes>
	<CaseSize Item="I-11215" current="Y" acceptBids="N">
		<Supplier id="107">FAR-MET IMPORTERS</Supplier>
		<Description>181800</Description>
		<Barcode/>
		<OrderCode>181800</OrderCode>
		<Specification>ROYAL COMMAND</Specification>
		<PurchasePrice adj="N">19.9500</PurchasePrice>
		<CaseCost>19.9500</CaseCost>
		<PurchaseUOM>each</PurchaseUOM>
		<CaseQty>1.000</CaseQty>
		<CaseUOM>each</CaseUOM>
		<PakQty>1.001</PakQty>
		<UnitCost>19.9301</UnitCost>
		<YieldFactor>1.0000</YieldFactor>
		<SupplierGroup id=""/>
		<TaxGroup id=""/>
		<BidPrice expires=""/>
	</CaseSize>
	<CaseSize Item="I-11215" current="N" acceptBids="N">
		<Supplier id="80">GAGAN FOODS INTERNATION LTD.</Supplier>
		<Description/>
		<Barcode/>
		<OrderCode>22-0020</OrderCode>
		<Specification/>
		<PurchasePrice adj="N">11.0000</PurchasePrice>
		<CaseCost>11.0000</CaseCost>
		<PurchaseUOM>lb</PurchaseUOM>
		<CaseQty>1.000</CaseQty>
		<CaseUOM>lb</CaseUOM>
		<PakQty>1.000</PakQty>
		<UnitCost>11.0000</UnitCost>
		<YieldFactor>1.0000</YieldFactor>
		<SupplierGroup id=""/>
		<TaxGroup id=""/>
		<BidPrice expires=""/>
	</CaseSize>
	<CaseSize Item="I-11215" current="N" acceptBids="N">
		<Supplier id="80">GAGAN FOODS INTERNATION LTD.</Supplier>
		<Description>400g/case </Description>
		<Barcode/>
		<OrderCode>37-0108</OrderCode>
		<Specification/>
		<PurchasePrice adj="N">11.0000</PurchasePrice>
		<CaseCost>11.0000</CaseCost>
		<PurchaseUOM>ea</PurchaseUOM>
		<CaseQty>1.000</CaseQty>
		<CaseUOM>ea</CaseUOM>
		<PakQty>1.000</PakQty>
		<UnitCost>11.0000</UnitCost>
		<YieldFactor>1.0000</YieldFactor>
		<SupplierGroup id=""/>
		<TaxGroup id=""/>
		<BidPrice expires=""/>
	</CaseSize>
	<CaseSize Item="I-11903" current="Y" acceptBids="N">
		<Supplier id="26">GORDON FOOD SERVICE (GFS)</Supplier>
		<Description/>
		<Barcode/>
		<OrderCode/>
		<Specification/>
		<PurchasePrice adj="N">121.2400</PurchasePrice>
		<CaseCost>121.2400</CaseCost>
		<PurchaseUOM>CT</PurchaseUOM>
		<CaseQty>1.000</CaseQty>
		<CaseUOM>CT</CaseUOM>
		<PakQty>2.500</PakQty>
		<UnitCost>48.4960</UnitCost>
		<YieldFactor>1.0000</YieldFactor>
		<SupplierGroup id=""/>
		<TaxGroup id=""/>
		<BidPrice expires=""/>
	</CaseSize>
	<CaseSize Item="I-11903" current="N" acceptBids="N">
		<Supplier id="26">GORDON FOOD SERVICE (GFS)</Supplier>
		<Description/>
		<Barcode/>
		<OrderCode>1154714</OrderCode>
		<Specification/>
		<PurchasePrice adj="N">30.9200</PurchasePrice>
		<CaseCost>30.9200</CaseCost>
		<PurchaseUOM>CT</PurchaseUOM>
		<CaseQty>1.000</CaseQty>
		<CaseUOM>CT</CaseUOM>
		<PakQty>2.500</PakQty>
		<UnitCost>12.3680</UnitCost>
		<YieldFactor>1.0000</YieldFactor>
		<SupplierGroup id=""/>
		<TaxGroup id=""/>
		<BidPrice expires=""/>
	</CaseSize>
	<CaseSize Item="I-14179" current="N" acceptBids="N">
		<Supplier id="26">GORDON FOOD SERVICE (GFS)</Supplier>
		<Description/>
		<Barcode/>
		<OrderCode>1154746</OrderCode>
		<Specification>BARI</Specification>
		<PurchasePrice adj="N">98.8400</PurchasePrice>
		<CaseCost>98.8400</CaseCost>
		<PurchaseUOM>cs</PurchaseUOM>
		<CaseQty>4.000</CaseQty>
		<CaseUOM>bag</CaseUOM>
		<PakQty>2.500</PakQty>
		<UnitCost>9.8840</UnitCost>
		<YieldFactor>1.0000</YieldFactor>
		<SupplierGroup id=""/>
		<TaxGroup id=""/>
		<BidPrice expires=""/>
	</CaseSize>
	<CaseSize Item="I-14179" current="Y" acceptBids="Y">
		<Supplier id="26">GORDON FOOD SERVICE (GFS)</Supplier>
		<Description/>
		<Barcode/>
		<OrderCode>1311378</OrderCode>
		<Specification>BARI 4/2.5KG</Specification>
		<PurchasePrice adj="N">139.8700</PurchasePrice>
		<CaseCost>139.8700</CaseCost>
		<PurchaseUOM>cs</PurchaseUOM>
		<CaseQty>4.000</CaseQty>
		<CaseUOM>bag</CaseUOM>
		<PakQty>2.500</PakQty>
		<UnitCost>13.9870</UnitCost>
		<YieldFactor>1.0000</YieldFactor>
		<SupplierGroup id=""/>
		<TaxGroup id=""/>
		<BidPrice expires=""/>
	</CaseSize>
	<CaseSize Item="I-14179" current="N" acceptBids="N">
		<Supplier id="119">SYSCO</Supplier>
		<Description/>
		<Barcode/>
		<OrderCode>8584122</OrderCode>
		<Specification>4 x 2.5kg Bari</Specification>
		<PurchasePrice adj="N">100.6200</PurchasePrice>
		<CaseCost>100.6200</CaseCost>
		<PurchaseUOM>cs</PurchaseUOM>
		<CaseQty>4.000</CaseQty>
		<CaseUOM>bag</CaseUOM>
		<PakQty>2.500</PakQty>
		<UnitCost>10.0620</UnitCost>
		<YieldFactor>1.0000</YieldFactor>
		<SupplierGroup id=""/>
		<TaxGroup id=""/>
		<BidPrice expires=""/>
	</CaseSize>
	<CaseSize Item="I-17150" current="Y" acceptBids="N">
		<Supplier id="23">FRESH POINT</Supplier>
		<Description>5LB </Description>
		<Barcode/>
		<OrderCode>0848105</OrderCode>
		<Specification/>
		<PurchasePrice adj="N">7.9000</PurchasePrice>
		<CaseCost>7.9000</CaseCost>
		<PurchaseUOM>cs</PurchaseUOM>
		<CaseQty>5.000</CaseQty>
		<CaseUOM>lb</CaseUOM>
		<PakQty>1.000</PakQty>
		<UnitCost>1.5800</UnitCost>
		<YieldFactor>1.0000</YieldFactor>
		<SupplierGroup id=""/>
		<TaxGroup id=""/>
		<BidPrice expires=""/>
	</CaseSize>
	<CaseSize Item="I-17150" current="N" acceptBids="N">
		<Supplier id="23">FRESH POINT</Supplier>
		<Description>5LB </Description>
		<Barcode/>
		<OrderCode>848105</OrderCode>
		<Specification/>
		<PurchasePrice adj="N">16.4500</PurchasePrice>
		<CaseCost>16.4500</CaseCost>
		<PurchaseUOM>cs</PurchaseUOM>
		<CaseQty>5.000</CaseQty>
		<CaseUOM>lb</CaseUOM>
		<PakQty>1.000</PakQty>
		<UnitCost>3.2900</UnitCost>
		<YieldFactor>1.0000</YieldFactor>
		<SupplierGroup id=""/>
		<TaxGroup id=""/>
		<BidPrice expires=""/>
	</CaseSize>
	<CaseSize Item="I-17150" current="N" acceptBids="N">
		<Supplier id="166">STORE: VANIER CC00537</Supplier>
		<Description/>
		<Barcode/>
		<OrderCode/>
		<Specification/>
		<PurchasePrice adj="N">7.9000</PurchasePrice>
		<CaseCost>7.9000</CaseCost>
		<PurchaseUOM>cs</PurchaseUOM>
		<CaseQty>5.000</CaseQty>
		<CaseUOM>lb</CaseUOM>
		<PakQty>1.000</PakQty>
		<UnitCost>1.5800</UnitCost>
		<YieldFactor>1.0000</YieldFactor>
		<SupplierGroup id=""/>
		<TaxGroup id=""/>
		<BidPrice expires=""/>
	</CaseSize>
	<CaseSize Item="I-17150" current="N" acceptBids="N">
		<Supplier id="154">TOTEM </Supplier>
		<Description/>
		<Barcode/>
		<OrderCode/>
		<Specification/>
		<PurchasePrice adj="N">7.9000</PurchasePrice>
		<CaseCost>7.9000</CaseCost>
		<PurchaseUOM>cs</PurchaseUOM>
		<CaseQty>5.000</CaseQty>
		<CaseUOM>lb</CaseUOM>
		<PakQty>1.000</PakQty>
		<UnitCost>1.5800</UnitCost>
		<YieldFactor>1.0000</YieldFactor>
		<SupplierGroup id=""/>
		<TaxGroup id=""/>
		<BidPrice expires=""/>
	</CaseSize>
	<CaseSize Item="I-2141" current="Y" acceptBids="Y">
		<Supplier id="26">GORDON FOOD SERVICE (GFS)</Supplier>
		<Description/>
		<Barcode/>
		<OrderCode>1004751</OrderCode>
		<Specification/>
		<PurchasePrice adj="N">47.3800</PurchasePrice>
		<CaseCost>47.3800</CaseCost>
		<PurchaseUOM>cs</PurchaseUOM>
		<CaseQty>2.000</CaseQty>
		<CaseUOM>Kg</CaseUOM>
		<PakQty>1.000</PakQty>
		<UnitCost>23.6900</UnitCost>
		<YieldFactor>1.0000</YieldFactor>
		<SupplierGroup id=""/>
		<TaxGroup id=""/>
		<BidPrice expires=""/>
	</CaseSize>
	<CaseSize Item="I-2141" current="N" acceptBids="Y">
		<Supplier id="26">GORDON FOOD SERVICE (GFS)</Supplier>
		<Description/>
		<Barcode/>
		<OrderCode>1153272</OrderCode>
		<Specification>SAPUTO</Specification>
		<PurchasePrice adj="N">40.9700</PurchasePrice>
		<CaseCost>40.9700</CaseCost>
		<PurchaseUOM>cs</PurchaseUOM>
		<CaseQty>2.000</CaseQty>
		<CaseUOM>Kg</CaseUOM>
		<PakQty>1.000</PakQty>
		<UnitCost>20.4850</UnitCost>
		<YieldFactor>1.0000</YieldFactor>
		<SupplierGroup id=""/>
		<TaxGroup id=""/>
		<BidPrice expires=""/>
	</CaseSize>
	<CaseSize Item="I-2141" current="N" acceptBids="N">
		<Supplier id="26">GORDON FOOD SERVICE (GFS)</Supplier>
		<Description/>
		<Barcode/>
		<OrderCode>1154733</OrderCode>
		<Specification>SAPUTO</Specification>
		<PurchasePrice adj="N">34.5500</PurchasePrice>
		<CaseCost>34.5500</CaseCost>
		<PurchaseUOM>cs</PurchaseUOM>
		<CaseQty>2.000</CaseQty>
		<CaseUOM>Kg</CaseUOM>
		<PakQty>1.000</PakQty>
		<UnitCost>17.2750</UnitCost>
		<YieldFactor>1.0000</YieldFactor>
		<SupplierGroup id=""/>
		<TaxGroup id=""/>
		<BidPrice expires=""/>
	</CaseSize>
	<CaseSize Item="I-2141" current="N" acceptBids="Y">
		<Supplier id="26">GORDON FOOD SERVICE (GFS)</Supplier>
		<Description>2 X 1KG PACK/CS</Description>
		<Barcode/>
		<OrderCode>3202537</OrderCode>
		<Specification>DELISSIO</Specification>
		<PurchasePrice adj="N">34.5900</PurchasePrice>
		<CaseCost>34.5900</CaseCost>
		<PurchaseUOM>cs</PurchaseUOM>
		<CaseQty>2.000</CaseQty>
		<CaseUOM>Kg</CaseUOM>
		<PakQty>1.000</PakQty>
		<UnitCost>17.2950</UnitCost>
		<YieldFactor>1.0000</YieldFactor>
		<SupplierGroup id=""/>
		<TaxGroup id=""/>
		<BidPrice expires=""/>
	</CaseSize>
	<CaseSize Item="I-2141" current="N" acceptBids="N">
		<Supplier id="119">SYSCO</Supplier>
		<Description/>
		<Barcode/>
		<OrderCode>1004751</OrderCode>
		<Specification>2 x 1 kg  Arezcls</Specification>
		<PurchasePrice adj="N">47.3800</PurchasePrice>
		<CaseCost>47.3800</CaseCost>
		<PurchaseUOM>cs</PurchaseUOM>
		<CaseQty>2.000</CaseQty>
		<CaseUOM>bag</CaseUOM>
		<PakQty>1.000</PakQty>
		<UnitCost>23.6900</UnitCost>
		<YieldFactor>1.0000</YieldFactor>
		<SupplierGroup id=""/>
		<TaxGroup id=""/>
		<BidPrice expires=""/>
	</CaseSize>
	<CaseSize Item="I-2146" current="N" acceptBids="N">
		<Supplier id="26">GORDON FOOD SERVICE (GFS)</Supplier>
		<Description/>
		<Barcode/>
		<OrderCode>3203797</OrderCode>
		<Specification/>
		<PurchasePrice adj="N">36.1200</PurchasePrice>
		<CaseCost>36.1200</CaseCost>
		<PurchaseUOM>cs</PurchaseUOM>
		<CaseQty>4.000</CaseQty>
		<CaseUOM>Kg</CaseUOM>
		<PakQty>1.000</PakQty>
		<UnitCost>9.0300</UnitCost>
		<YieldFactor>1.0000</YieldFactor>
		<SupplierGroup id=""/>
		<TaxGroup id=""/>
		<BidPrice expires=""/>
	</CaseSize>
	<CaseSize Item="I-2146" current="Y" acceptBids="Y">
		<Supplier id="26">GORDON FOOD SERVICE (GFS)</Supplier>
		<Description/>
		<Barcode/>
		<OrderCode>8561205</OrderCode>
		<Specification/>
		<PurchasePrice adj="N">40.6000</PurchasePrice>
		<CaseCost>40.6000</CaseCost>
		<PurchaseUOM>cs</PurchaseUOM>
		<CaseQty>4.000</CaseQty>
		<CaseUOM>Kg</CaseUOM>
		<PakQty>1.000</PakQty>
		<UnitCost>10.1500</UnitCost>
		<YieldFactor>1.0000</YieldFactor>
		<SupplierGroup id=""/>
		<TaxGroup id=""/>
		<BidPrice expires=""/>
	</CaseSize>
	<CaseSize Item="I-2251" current="N" acceptBids="N">
		<Supplier id="23">FRESH POINT</Supplier>
		<Description>2  MILK (4/4LT)              M</Description>
		<Barcode/>
		<OrderCode>0504420</OrderCode>
		<Specification/>
		<PurchasePrice adj="N">24.5000</PurchasePrice>
		<CaseCost>24.5000</CaseCost>
		<PurchaseUOM>cs</PurchaseUOM>
		<CaseQty>4.000</CaseQty>
		<CaseUOM>JUG</CaseUOM>
		<PakQty>4.000</PakQty>
		<UnitCost>1.5313</UnitCost>
		<YieldFactor>1.0000</YieldFactor>
		<SupplierGroup id=""/>
		<TaxGroup id=""/>
		<BidPrice expires=""/>
	</CaseSize>
	<CaseSize Item="I-2251" current="N" acceptBids="N">
		<Supplier id="23">FRESH POINT</Supplier>
		<Description>2  MILK                      M</Description>
		<Barcode/>
		<OrderCode>0504421</OrderCode>
		<Specification/>
		<PurchasePrice adj="N">6.9000</PurchasePrice>
		<CaseCost>6.9000</CaseCost>
		<PurchaseUOM>ea</PurchaseUOM>
		<CaseQty>1.000</CaseQty>
		<CaseUOM>ea</CaseUOM>
		<PakQty>4.000</PakQty>
		<UnitCost>1.7250</UnitCost>
		<YieldFactor>1.0000</YieldFactor>
		<SupplierGroup id=""/>
		<TaxGroup id=""/>
		<BidPrice expires=""/>
	</CaseSize>
	<CaseSize Item="I-2251" current="N" acceptBids="N">
		<Supplier id="26">GORDON FOOD SERVICE (GFS)</Supplier>
		<Description/>
		<Barcode/>
		<OrderCode>3325197</OrderCode>
		<Specification/>
		<PurchasePrice adj="N">30.0800</PurchasePrice>
		<CaseCost>30.0800</CaseCost>
		<PurchaseUOM>cs</PurchaseUOM>
		<CaseQty>4.000</CaseQty>
		<CaseUOM>4L</CaseUOM>
		<PakQty>4.000</PakQty>
		<UnitCost>1.8800</UnitCost>
		<YieldFactor>1.0000</YieldFactor>
		<SupplierGroup id=""/>
		<TaxGroup id=""/>
		<BidPrice expires=""/>
	</CaseSize>
	<CaseSize Item="I-2251" current="N" acceptBids="Y">
		<Supplier id="26">GORDON FOOD SERVICE (GFS)</Supplier>
		<Description/>
		<Barcode/>
		<OrderCode>9203005</OrderCode>
		<Specification/>
		<PurchasePrice adj="N">38.8400</PurchasePrice>
		<CaseCost>38.8400</CaseCost>
		<PurchaseUOM>cs</PurchaseUOM>
		<CaseQty>4.000</CaseQty>
		<CaseUOM>4L</CaseUOM>
		<PakQty>4.000</PakQty>
		<UnitCost>2.4275</UnitCost>
		<YieldFactor>1.0000</YieldFactor>
		<SupplierGroup id=""/>
		<TaxGroup id=""/>
		<BidPrice expires=""/>
	</CaseSize>
	<CaseSize Item="I-2251" current="N" acceptBids="N">
		<Supplier id="52">SAPUTO DAIRY PRODUCTS</Supplier>
		<Description/>
		<Barcode/>
		<OrderCode/>
		<Specification/>
		<PurchasePrice adj="N">6.7800</PurchasePrice>
		<CaseCost>6.7800</CaseCost>
		<PurchaseUOM>4L</PurchaseUOM>
		<CaseQty>1.000</CaseQty>
		<CaseUOM>4L</CaseUOM>
		<PakQty>4.000</PakQty>
		<UnitCost>1.6950</UnitCost>
		<YieldFactor>1.0000</YieldFactor>
		<SupplierGroup id=""/>
		<TaxGroup id=""/>
		<BidPrice expires=""/>
	</CaseSize>
	<CaseSize Item="I-2251" current="Y" acceptBids="Y">
		<Supplier id="52">SAPUTO DAIRY PRODUCTS</Supplier>
		<Description/>
		<Barcode/>
		<OrderCode>130551</OrderCode>
		<Specification/>
		<PurchasePrice adj="N">7.7800</PurchasePrice>
		<CaseCost>7.7800</CaseCost>
		<PurchaseUOM>un</PurchaseUOM>
		<CaseQty>1.000</CaseQty>
		<CaseUOM>4L</CaseUOM>
		<PakQty>4.000</PakQty>
		<UnitCost>1.9450</UnitCost>
		<YieldFactor>1.0000</YieldFactor>
		<SupplierGroup id=""/>
		<TaxGroup id=""/>
		<BidPrice expires=""/>
	</CaseSize>
	<CaseSize Item="I-2656" current="N" acceptBids="N">
		<Supplier id="26">GORDON FOOD SERVICE (GFS)</Supplier>
		<Description>6X2KG</Description>
		<Barcode/>
		<OrderCode/>
		<Specification>GFS</Specification>
		<PurchasePrice adj="N">44.8100</PurchasePrice>
		<CaseCost>44.8100</CaseCost>
		<PurchaseUOM>cs</PurchaseUOM>
		<CaseQty>6.000</CaseQty>
		<CaseUOM>bag</CaseUOM>
		<PakQty>2.000</PakQty>
		<UnitCost>3.7342</UnitCost>
		<YieldFactor>1.0000</YieldFactor>
		<SupplierGroup id=""/>
		<TaxGroup id=""/>
		<BidPrice expires=""/>
	</CaseSize>
	<CaseSize Item="I-2656" current="Y" acceptBids="N">
		<Supplier id="26">GORDON FOOD SERVICE (GFS)</Supplier>
		<Description>6X2KG</Description>
		<Barcode/>
		<OrderCode/>
		<Specification>GFS</Specification>
		<PurchasePrice adj="N">49.2600</PurchasePrice>
		<CaseCost>49.2600</CaseCost>
		<PurchaseUOM>cs</PurchaseUOM>
		<CaseQty>6.000</CaseQty>
		<CaseUOM>bag</CaseUOM>
		<PakQty>2.000</PakQty>
		<UnitCost>4.1050</UnitCost>
		<YieldFactor>1.0000</YieldFactor>
		<SupplierGroup id=""/>
		<TaxGroup id=""/>
		<BidPrice expires=""/>
	</CaseSize>
	<CaseSize Item="I-2656" current="N" acceptBids="N">
		<Supplier id="26">GORDON FOOD SERVICE (GFS)</Supplier>
		<Description/>
		<Barcode/>
		<OrderCode>6910977</OrderCode>
		<Specification/>
		<PurchasePrice adj="N">32.3500</PurchasePrice>
		<CaseCost>32.3500</CaseCost>
		<PurchaseUOM>cs</PurchaseUOM>
		<CaseQty>6.000</CaseQty>
		<CaseUOM>bag</CaseUOM>
		<PakQty>2.000</PakQty>
		<UnitCost>2.6958</UnitCost>
		<YieldFactor>1.0000</YieldFactor>
		<SupplierGroup id=""/>
		<TaxGroup id=""/>
		<BidPrice expires=""/>
	</CaseSize>
	<CaseSize Item="I-3243" current="N" acceptBids="N">
		<Supplier id="23">FRESH POINT</Supplier>
		<Description/>
		<Barcode/>
		<OrderCode>0481084</OrderCode>
		<Specification/>
		<PurchasePrice adj="N">37.2500</PurchasePrice>
		<CaseCost>37.2500</CaseCost>
		<PurchaseUOM>bag</PurchaseUOM>
		<CaseQty>20.000</CaseQty>
		<CaseUOM>lb</CaseUOM>
		<PakQty>1.000</PakQty>
		<UnitCost>1.8625</UnitCost>
		<YieldFactor>1.0000</YieldFactor>
		<SupplierGroup id=""/>
		<TaxGroup id=""/>
		<BidPrice expires=""/>
	</CaseSize>
	<CaseSize Item="I-3243" current="N" acceptBids="Y">
		<Supplier id="26">GORDON FOOD SERVICE (GFS)</Supplier>
		<Description/>
		<Barcode/>
		<OrderCode/>
		<Specification>GOLDEN </Specification>
		<PurchasePrice adj="N">35.9600</PurchasePrice>
		<CaseCost>35.9600</CaseCost>
		<PurchaseUOM>bag</PurchaseUOM>
		<CaseQty>25.000</CaseQty>
		<CaseUOM>lb</CaseUOM>
		<PakQty>1.000</PakQty>
		<UnitCost>1.4384</UnitCost>
		<YieldFactor>1.0000</YieldFactor>
		<SupplierGroup id=""/>
		<TaxGroup id=""/>
		<BidPrice expires=""/>
	</CaseSize>
	<CaseSize Item="I-3243" current="N" acceptBids="Y">
		<Supplier id="26">GORDON FOOD SERVICE (GFS)</Supplier>
		<Description/>
		<Barcode/>
		<OrderCode/>
		<Specification/>
		<PurchasePrice adj="N">35.7000</PurchasePrice>
		<CaseCost>35.7000</CaseCost>
		<PurchaseUOM>cs</PurchaseUOM>
		<CaseQty>25.000</CaseQty>
		<CaseUOM>lb</CaseUOM>
		<PakQty>1.000</PakQty>
		<UnitCost>1.4280</UnitCost>
		<YieldFactor>1.0000</YieldFactor>
		<SupplierGroup id=""/>
		<TaxGroup id=""/>
		<BidPrice expires=""/>
	</CaseSize>
	<CaseSize Item="I-3243" current="N" acceptBids="Y">
		<Supplier id="26">GORDON FOOD SERVICE (GFS)</Supplier>
		<Description/>
		<Barcode/>
		<OrderCode>1237810</OrderCode>
		<Specification>GOLDEN </Specification>
		<PurchasePrice adj="N">35.9600</PurchasePrice>
		<CaseCost>35.9600</CaseCost>
		<PurchaseUOM>bag</PurchaseUOM>
		<CaseQty>25.000</CaseQty>
		<CaseUOM>lb</CaseUOM>
		<PakQty>1.000</PakQty>
		<UnitCost>1.4384</UnitCost>
		<YieldFactor>1.0000</YieldFactor>
		<SupplierGroup id=""/>
		<TaxGroup id=""/>
		<BidPrice expires=""/>
	</CaseSize>
	<CaseSize Item="I-3243" current="Y" acceptBids="N">
		<Supplier id="26">GORDON FOOD SERVICE (GFS)</Supplier>
		<Description/>
		<Barcode/>
		<OrderCode>1443707</OrderCode>
		<Specification>11.3 Kg / Case Kikkoman</Specification>
		<PurchasePrice adj="N">35.7000</PurchasePrice>
		<CaseCost>35.7000</CaseCost>
		<PurchaseUOM>cs</PurchaseUOM>
		<CaseQty>1.000</CaseQty>
		<CaseUOM>cs</CaseUOM>
		<PakQty>24.912</PakQty>
		<UnitCost>1.4330</UnitCost>
		<YieldFactor>1.0000</YieldFactor>
		<SupplierGroup id=""/>
		<TaxGroup id=""/>
		<BidPrice expires=""/>
	</CaseSize>
	<CaseSize Item="I-3243" current="N" acceptBids="Y">
		<Supplier id="26">GORDON FOOD SERVICE (GFS)</Supplier>
		<Description/>
		<Barcode/>
		<OrderCode>3321297</OrderCode>
		<Specification/>
		<PurchasePrice adj="N">31.7900</PurchasePrice>
		<CaseCost>31.7900</CaseCost>
		<PurchaseUOM>cs</PurchaseUOM>
		<CaseQty>25.000</CaseQty>
		<CaseUOM>lb</CaseUOM>
		<PakQty>1.000</PakQty>
		<UnitCost>1.2716</UnitCost>
		<YieldFactor>1.0000</YieldFactor>
		<SupplierGroup id=""/>
		<TaxGroup id=""/>
		<BidPrice expires=""/>
	</CaseSize>
	<CaseSize Item="I-3243" current="N" acceptBids="N">
		<Supplier id="104">Z DONT USE HAN-KA FOODS LTD</Supplier>
		<Description/>
		<Barcode/>
		<OrderCode>1411</OrderCode>
		<Specification/>
		<PurchasePrice adj="N">37.5000</PurchasePrice>
		<CaseCost>37.5000</CaseCost>
		<PurchaseUOM>cs</PurchaseUOM>
		<CaseQty>35.000</CaseQty>
		<CaseUOM>lb</CaseUOM>
		<PakQty>1.000</PakQty>
		<UnitCost>1.0714</UnitCost>
		<YieldFactor>1.0000</YieldFactor>
		<SupplierGroup id=""/>
		<TaxGroup id=""/>
		<BidPrice expires=""/>
	</CaseSize>
	<CaseSize Item="I-3291" current="N" acceptBids="N">
		<Supplier id="26">GORDON FOOD SERVICE (GFS)</Supplier>
		<Description/>
		<Barcode/>
		<OrderCode/>
		<Specification>ROBIN HOOD</Specification>
		<PurchasePrice adj="N">17.6900</PurchasePrice>
		<CaseCost>17.6900</CaseCost>
		<PurchaseUOM>cs</PurchaseUOM>
		<CaseQty>20.000</CaseQty>
		<CaseUOM>Kg</CaseUOM>
		<PakQty>1.000</PakQty>
		<UnitCost>0.8845</UnitCost>
		<YieldFactor>1.0000</YieldFactor>
		<SupplierGroup id=""/>
		<TaxGroup id=""/>
		<BidPrice expires=""/>
	</CaseSize>
	<CaseSize Item="I-3291" current="N" acceptBids="N">
		<Supplier id="26">GORDON FOOD SERVICE (GFS)</Supplier>
		<Description>1 x 10KG </Description>
		<Barcode/>
		<OrderCode>1289867</OrderCode>
		<Specification>ROBIN HOOD</Specification>
		<PurchasePrice adj="N">9.6300</PurchasePrice>
		<CaseCost>9.6300</CaseCost>
		<PurchaseUOM>cs</PurchaseUOM>
		<CaseQty>10.000</CaseQty>
		<CaseUOM>Kg</CaseUOM>
		<PakQty>1.000</PakQty>
		<UnitCost>0.9630</UnitCost>
		<YieldFactor>1.0000</YieldFactor>
		<SupplierGroup id=""/>
		<TaxGroup id=""/>
		<BidPrice expires=""/>
	</CaseSize>
	<CaseSize Item="I-3291" current="Y" acceptBids="N">
		<Supplier id="26">GORDON FOOD SERVICE (GFS)</Supplier>
		<Description>1 x 10KG </Description>
		<Barcode/>
		<OrderCode>1391045</OrderCode>
		<Specification>ROBIN HOOD</Specification>
		<PurchasePrice adj="N">9.6300</PurchasePrice>
		<CaseCost>9.6300</CaseCost>
		<PurchaseUOM>cs</PurchaseUOM>
		<CaseQty>10.000</CaseQty>
		<CaseUOM>Kg</CaseUOM>
		<PakQty>1.000</PakQty>
		<UnitCost>0.9630</UnitCost>
		<YieldFactor>1.0000</YieldFactor>
		<SupplierGroup id=""/>
		<TaxGroup id=""/>
		<BidPrice expires=""/>
	</CaseSize>
	<CaseSize Item="I-3291" current="N" acceptBids="N">
		<Supplier id="26">GORDON FOOD SERVICE (GFS)</Supplier>
		<Description>2 x 10KG </Description>
		<Barcode/>
		<OrderCode>3226007</OrderCode>
		<Specification>ROBIN HOOD</Specification>
		<PurchasePrice adj="N">16.2300</PurchasePrice>
		<CaseCost>16.2300</CaseCost>
		<PurchaseUOM>cs</PurchaseUOM>
		<CaseQty>20.000</CaseQty>
		<CaseUOM>Kg</CaseUOM>
		<PakQty>1.000</PakQty>
		<UnitCost>0.8115</UnitCost>
		<YieldFactor>1.0000</YieldFactor>
		<SupplierGroup id=""/>
		<TaxGroup id=""/>
		<BidPrice expires=""/>
	</CaseSize>
	<CaseSize Item="I-3388" current="N" acceptBids="Y">
		<Supplier id="26">GORDON FOOD SERVICE (GFS)</Supplier>
		<Description/>
		<Barcode/>
		<OrderCode/>
		<Specification/>
		<PurchasePrice adj="N">32.8800</PurchasePrice>
		<CaseCost>32.8800</CaseCost>
		<PurchaseUOM>cs</PurchaseUOM>
		<CaseQty>6.000</CaseQty>
		<CaseUOM>can</CaseUOM>
		<PakQty>3.000</PakQty>
		<UnitCost>1.8267</UnitCost>
		<YieldFactor>1.0000</YieldFactor>
		<SupplierGroup id=""/>
		<TaxGroup id=""/>
		<BidPrice expires=""/>
	</CaseSize>
	<CaseSize Item="I-3388" current="N" acceptBids="Y">
		<Supplier id="26">GORDON FOOD SERVICE (GFS)</Supplier>
		<Description/>
		<Barcode/>
		<OrderCode/>
		<Specification>1/16L, ANTI-FOAM, CANOLA HARVEST</Specification>
		<PurchasePrice adj="N">26.0300</PurchasePrice>
		<CaseCost>26.0300</CaseCost>
		<PurchaseUOM>cs</PurchaseUOM>
		<CaseQty>16.000</CaseQty>
		<CaseUOM>L</CaseUOM>
		<PakQty>1.000</PakQty>
		<UnitCost>1.6269</UnitCost>
		<YieldFactor>1.0000</YieldFactor>
		<SupplierGroup id=""/>
		<TaxGroup id=""/>
		<BidPrice expires=""/>
	</CaseSize>
	<CaseSize Item="I-3388" current="N" acceptBids="Y">
		<Supplier id="26">GORDON FOOD SERVICE (GFS)</Supplier>
		<Description/>
		<Barcode/>
		<OrderCode>2253405</OrderCode>
		<Specification>1/16L, ANTI-FOAM, CANOLA HARVEST</Specification>
		<PurchasePrice adj="N">50.7300</PurchasePrice>
		<CaseCost>50.7300</CaseCost>
		<PurchaseUOM>cs</PurchaseUOM>
		<CaseQty>16.000</CaseQty>
		<CaseUOM>L</CaseUOM>
		<PakQty>1.000</PakQty>
		<UnitCost>3.1706</UnitCost>
		<YieldFactor>1.0000</YieldFactor>
		<SupplierGroup id=""/>
		<TaxGroup id=""/>
		<BidPrice expires=""/>
	</CaseSize>
	<CaseSize Item="I-3388" current="Y" acceptBids="Y">
		<Supplier id="26">GORDON FOOD SERVICE (GFS)</Supplier>
		<Description/>
		<Barcode/>
		<OrderCode>3950097</OrderCode>
		<Specification>1/16L, ANTI-FOAM, CANOLA HARVEST</Specification>
		<PurchasePrice adj="N">61.0600</PurchasePrice>
		<CaseCost>61.0600</CaseCost>
		<PurchaseUOM>cs</PurchaseUOM>
		<CaseQty>6.000</CaseQty>
		<CaseUOM>can</CaseUOM>
		<PakQty>3.000</PakQty>
		<UnitCost>3.3922</UnitCost>
		<YieldFactor>1.0000</YieldFactor>
		<SupplierGroup id=""/>
		<TaxGroup id=""/>
		<BidPrice expires=""/>
	</CaseSize>
	<CaseSize Item="I-3388" current="N" acceptBids="N">
		<Supplier id="119">SYSCO</Supplier>
		<Description/>
		<Barcode/>
		<OrderCode>7217709</OrderCode>
		<Specification>REMOVED ROMANO FROM DESCRIPTION</Specification>
		<PurchasePrice adj="N">42.7400</PurchasePrice>
		<CaseCost>42.7400</CaseCost>
		<PurchaseUOM>cs</PurchaseUOM>
		<CaseQty>4.000</CaseQty>
		<CaseUOM>can</CaseUOM>
		<PakQty>3.000</PakQty>
		<UnitCost>3.5617</UnitCost>
		<YieldFactor>1.0000</YieldFactor>
		<SupplierGroup id=""/>
		<TaxGroup id=""/>
		<BidPrice expires=""/>
	</CaseSize>
	<CaseSize Item="I-3408" current="N" acceptBids="N">
		<Supplier id="26">GORDON FOOD SERVICE (GFS)</Supplier>
		<Description>1X10LB</Description>
		<Barcode/>
		<OrderCode>3363547</OrderCode>
		<Specification>ITALPASTA</Specification>
		<PurchasePrice adj="N">18.7200</PurchasePrice>
		<CaseCost>18.7200</CaseCost>
		<PurchaseUOM>cs</PurchaseUOM>
		<CaseQty>10.000</CaseQty>
		<CaseUOM>lb</CaseUOM>
		<PakQty>1.000</PakQty>
		<UnitCost>1.8720</UnitCost>
		<YieldFactor>1.0000</YieldFactor>
		<SupplierGroup id=""/>
		<TaxGroup id=""/>
		<BidPrice expires=""/>
	</CaseSize>
	<CaseSize Item="I-3408" current="Y" acceptBids="N">
		<Supplier id="26">GORDON FOOD SERVICE (GFS)</Supplier>
		<Description/>
		<Barcode/>
		<OrderCode>9598005</OrderCode>
		<Specification>ITALPASTA</Specification>
		<PurchasePrice adj="N">19.4600</PurchasePrice>
		<CaseCost>19.4600</CaseCost>
		<PurchaseUOM>cs</PurchaseUOM>
		<CaseQty>10.000</CaseQty>
		<CaseUOM>lb</CaseUOM>
		<PakQty>1.000</PakQty>
		<UnitCost>1.9460</UnitCost>
		<YieldFactor>1.0000</YieldFactor>
		<SupplierGroup id=""/>
		<TaxGroup id=""/>
		<BidPrice expires=""/>
	</CaseSize>
	<CaseSize Item="I-3425" current="Y" acceptBids="N">
		<Supplier id="26">GORDON FOOD SERVICE (GFS)</Supplier>
		<Description/>
		<Barcode/>
		<OrderCode>9789805</OrderCode>
		<Specification>GFS</Specification>
		<PurchasePrice adj="N">25.3900</PurchasePrice>
		<CaseCost>25.3900</CaseCost>
		<PurchaseUOM>cs</PurchaseUOM>
		<CaseQty>10.000</CaseQty>
		<CaseUOM>lb</CaseUOM>
		<PakQty>1.000</PakQty>
		<UnitCost>2.5390</UnitCost>
		<YieldFactor>1.0000</YieldFactor>
		<SupplierGroup id=""/>
		<TaxGroup id=""/>
		<BidPrice expires=""/>
	</CaseSize>
	<CaseSize Item="I-3619" current="N" acceptBids="N">
		<Supplier id="107">FAR-MET IMPORTERS</Supplier>
		<Description/>
		<Barcode/>
		<OrderCode/>
		<Specification/>
		<PurchasePrice adj="N">4.5000</PurchasePrice>
		<CaseCost>4.5000</CaseCost>
		<PurchaseUOM>ea</PurchaseUOM>
		<CaseQty>1.000</CaseQty>
		<CaseUOM>ea</CaseUOM>
		<PakQty>84.000</PakQty>
		<UnitCost>0.0536</UnitCost>
		<YieldFactor>1.0000</YieldFactor>
		<SupplierGroup id=""/>
		<TaxGroup id=""/>
		<BidPrice expires=""/>
	</CaseSize>
	<CaseSize Item="I-3619" current="Y" acceptBids="N">
		<Supplier id="107">FAR-MET IMPORTERS</Supplier>
		<Description>8 EA / 84 GRAM</Description>
		<Barcode/>
		<OrderCode>181710</OrderCode>
		<Specification>ROYAL COMMAND</Specification>
		<PurchasePrice adj="N">36.0000</PurchasePrice>
		<CaseCost>36.0000</CaseCost>
		<PurchaseUOM>cs</PurchaseUOM>
		<CaseQty>8.000</CaseQty>
		<CaseUOM>each</CaseUOM>
		<PakQty>84.000</PakQty>
		<UnitCost>0.0536</UnitCost>
		<YieldFactor>1.0000</YieldFactor>
		<SupplierGroup id=""/>
		<TaxGroup id=""/>
		<BidPrice expires=""/>
	</CaseSize>
	<CaseSize Item="I-3619" current="N" acceptBids="N">
		<Supplier id="26">GORDON FOOD SERVICE (GFS)</Supplier>
		<Description/>
		<Barcode/>
		<OrderCode>3549157</OrderCode>
		<Specification/>
		<PurchasePrice adj="N">105.3600</PurchasePrice>
		<CaseCost>105.3600</CaseCost>
		<PurchaseUOM>cs</PurchaseUOM>
		<CaseQty>12.000</CaseQty>
		<CaseUOM>ea</CaseUOM>
		<PakQty>60.000</PakQty>
		<UnitCost>0.1463</UnitCost>
		<YieldFactor>1.0000</YieldFactor>
		<SupplierGroup id=""/>
		<TaxGroup id=""/>
		<BidPrice expires=""/>
	</CaseSize>
	<CaseSize Item="I-3619" current="N" acceptBids="N">
		<Supplier id="26">GORDON FOOD SERVICE (GFS)</Supplier>
		<Description/>
		<Barcode/>
		<OrderCode>8736805</OrderCode>
		<Specification/>
		<PurchasePrice adj="N">94.1800</PurchasePrice>
		<CaseCost>94.1800</CaseCost>
		<PurchaseUOM>cs</PurchaseUOM>
		<CaseQty>12.000</CaseQty>
		<CaseUOM>ea</CaseUOM>
		<PakQty>60.000</PakQty>
		<UnitCost>0.1308</UnitCost>
		<YieldFactor>1.0000</YieldFactor>
		<SupplierGroup id=""/>
		<TaxGroup id=""/>
		<BidPrice expires=""/>
	</CaseSize>
	<CaseSize Item="I-3642" current="N" acceptBids="N">
		<Supplier id="107">FAR-MET IMPORTERS</Supplier>
		<Description>1 / 5 lb</Description>
		<Barcode/>
		<OrderCode/>
		<Specification>royal command</Specification>
		<PurchasePrice adj="N">73.7000</PurchasePrice>
		<CaseCost>73.7000</CaseCost>
		<PurchaseUOM>cs</PurchaseUOM>
		<CaseQty>1.000</CaseQty>
		<CaseUOM>ea</CaseUOM>
		<PakQty>2267.900</PakQty>
		<UnitCost>0.0325</UnitCost>
		<YieldFactor>1.0000</YieldFactor>
		<SupplierGroup id=""/>
		<TaxGroup id=""/>
		<BidPrice expires=""/>
	</CaseSize>
	<CaseSize Item="I-3642" current="Y" acceptBids="Y">
		<Supplier id="107">FAR-MET IMPORTERS</Supplier>
		<Description/>
		<Barcode/>
		<OrderCode>182016</OrderCode>
		<Specification>royal command 1 / 5 lb</Specification>
		<PurchasePrice adj="N">73.6800</PurchasePrice>
		<CaseCost>73.6800</CaseCost>
		<PurchaseUOM>cs</PurchaseUOM>
		<CaseQty>1.000</CaseQty>
		<CaseUOM>ea</CaseUOM>
		<PakQty>2267.900</PakQty>
		<UnitCost>0.0325</UnitCost>
		<YieldFactor>1.0000</YieldFactor>
		<SupplierGroup id=""/>
		<TaxGroup id=""/>
		<BidPrice expires=""/>
	</CaseSize>
	<CaseSize Item="I-3642" current="N" acceptBids="Y">
		<Supplier id="26">GORDON FOOD SERVICE (GFS)</Supplier>
		<Description/>
		<Barcode/>
		<OrderCode/>
		<Specification/>
		<PurchasePrice adj="N">213.8200</PurchasePrice>
		<CaseCost>213.8200</CaseCost>
		<PurchaseUOM>cs</PurchaseUOM>
		<CaseQty>6.000</CaseQty>
		<CaseUOM>Kg</CaseUOM>
		<PakQty>1000.000</PakQty>
		<UnitCost>0.0356</UnitCost>
		<YieldFactor>1.0000</YieldFactor>
		<SupplierGroup id=""/>
		<TaxGroup id=""/>
		<BidPrice expires=""/>
	</CaseSize>
	<CaseSize Item="I-3642" current="N" acceptBids="N">
		<Supplier id="26">GORDON FOOD SERVICE (GFS)</Supplier>
		<Description/>
		<Barcode/>
		<OrderCode>3549057</OrderCode>
		<Specification/>
		<PurchasePrice adj="N">213.8200</PurchasePrice>
		<CaseCost>213.8200</CaseCost>
		<PurchaseUOM>cs</PurchaseUOM>
		<CaseQty>12.000</CaseQty>
		<CaseUOM>ea</CaseUOM>
		<PakQty>500.000</PakQty>
		<UnitCost>0.0356</UnitCost>
		<YieldFactor>1.0000</YieldFactor>
		<SupplierGroup id=""/>
		<TaxGroup id=""/>
		<BidPrice expires=""/>
	</CaseSize>
	<CaseSize Item="I-3642" current="N" acceptBids="Y">
		<Supplier id="26">GORDON FOOD SERVICE (GFS)</Supplier>
		<Description/>
		<Barcode/>
		<OrderCode>8771205</OrderCode>
		<Specification/>
		<PurchasePrice adj="N">207.3400</PurchasePrice>
		<CaseCost>207.3400</CaseCost>
		<PurchaseUOM>cs</PurchaseUOM>
		<CaseQty>12.000</CaseQty>
		<CaseUOM>ea</CaseUOM>
		<PakQty>500.000</PakQty>
		<UnitCost>0.0346</UnitCost>
		<YieldFactor>1.0000</YieldFactor>
		<SupplierGroup id=""/>
		<TaxGroup id=""/>
		<BidPrice expires=""/>
	</CaseSize>
	<CaseSize Item="I-3643" current="N" acceptBids="N">
		<Supplier id="107">FAR-MET IMPORTERS</Supplier>
		<Description>1  / 5 lb</Description>
		<Barcode/>
		<OrderCode/>
		<Specification>ROYAL COMMAND</Specification>
		<PurchasePrice adj="N">73.7000</PurchasePrice>
		<CaseCost>73.7000</CaseCost>
		<PurchaseUOM>cs</PurchaseUOM>
		<CaseQty>1.000</CaseQty>
		<CaseUOM>each</CaseUOM>
		<PakQty>2.267</PakQty>
		<UnitCost>32.5099</UnitCost>
		<YieldFactor>1.0000</YieldFactor>
		<SupplierGroup id=""/>
		<TaxGroup id=""/>
		<BidPrice expires=""/>
	</CaseSize>
	<CaseSize Item="I-3643" current="Y" acceptBids="N">
		<Supplier id="107">FAR-MET IMPORTERS</Supplier>
		<Description>1  / 5 lb</Description>
		<Barcode/>
		<OrderCode>182016</OrderCode>
		<Specification>ROYAL COMMAND</Specification>
		<PurchasePrice adj="N">73.6800</PurchasePrice>
		<CaseCost>73.6800</CaseCost>
		<PurchaseUOM>cs</PurchaseUOM>
		<CaseQty>1.000</CaseQty>
		<CaseUOM>each</CaseUOM>
		<PakQty>2.267</PakQty>
		<UnitCost>32.5011</UnitCost>
		<YieldFactor>1.0000</YieldFactor>
		<SupplierGroup id=""/>
		<TaxGroup id=""/>
		<BidPrice expires=""/>
	</CaseSize>
	<CaseSize Item="I-3643" current="N" acceptBids="N">
		<Supplier id="107">FAR-MET IMPORTERS</Supplier>
		<Description>1  / 5 lb</Description>
		<Barcode/>
		<OrderCode>182016&apos;</OrderCode>
		<Specification>ROYAL COMMAND</Specification>
		<PurchasePrice adj="N">73.6800</PurchasePrice>
		<CaseCost>73.6800</CaseCost>
		<PurchaseUOM>cs</PurchaseUOM>
		<CaseQty>1.000</CaseQty>
		<CaseUOM>each</CaseUOM>
		<PakQty>2.267</PakQty>
		<UnitCost>32.5011</UnitCost>
		<YieldFactor>1.0000</YieldFactor>
		<SupplierGroup id=""/>
		<TaxGroup id=""/>
		<BidPrice expires=""/>
	</CaseSize>
	<CaseSize Item="I-3643" current="N" acceptBids="N">
		<Supplier id="26">GORDON FOOD SERVICE (GFS)</Supplier>
		<Description/>
		<Barcode/>
		<OrderCode>1441106</OrderCode>
		<Specification/>
		<PurchasePrice adj="N">68.9400</PurchasePrice>
		<CaseCost>68.9400</CaseCost>
		<PurchaseUOM>cs</PurchaseUOM>
		<CaseQty>2.100</CaseQty>
		<CaseUOM>Kg</CaseUOM>
		<PakQty>1.000</PakQty>
		<UnitCost>32.8286</UnitCost>
		<YieldFactor>1.0000</YieldFactor>
		<SupplierGroup id=""/>
		<TaxGroup id=""/>
		<BidPrice expires=""/>
	</CaseSize>
	<CaseSize Item="I-3643" current="N" acceptBids="N">
		<Supplier id="26">GORDON FOOD SERVICE (GFS)</Supplier>
		<Description/>
		<Barcode/>
		<OrderCode>3549557</OrderCode>
		<Specification/>
		<PurchasePrice adj="N">68.9400</PurchasePrice>
		<CaseCost>68.9400</CaseCost>
		<PurchaseUOM>cs</PurchaseUOM>
		<CaseQty>2.100</CaseQty>
		<CaseUOM>Kg</CaseUOM>
		<PakQty>1.000</PakQty>
		<UnitCost>32.8286</UnitCost>
		<YieldFactor>1.0000</YieldFactor>
		<SupplierGroup id=""/>
		<TaxGroup id=""/>
		<BidPrice expires=""/>
	</CaseSize>
	<CaseSize Item="I-3690" current="Y" acceptBids="Y">
		<Supplier id="26">GORDON FOOD SERVICE (GFS)</Supplier>
		<Description/>
		<Barcode/>
		<OrderCode>7703605</OrderCode>
		<Specification/>
		<PurchasePrice adj="N">96.5400</PurchasePrice>
		<CaseCost>96.5400</CaseCost>
		<PurchaseUOM>cs</PurchaseUOM>
		<CaseQty>6.000</CaseQty>
		<CaseUOM>LG CAN</CaseUOM>
		<PakQty>1.880</PakQty>
		<UnitCost>8.5585</UnitCost>
		<YieldFactor>1.0000</YieldFactor>
		<SupplierGroup id=""/>
		<TaxGroup id=""/>
		<BidPrice expires=""/>
	</CaseSize>
	<CaseSize Item="I-41372" current="Y" acceptBids="N">
		<Supplier id="54">SNOW CAP ENTERPRISES LTD.</Supplier>
		<Description/>
		<Barcode/>
		<OrderCode>TTI01006</OrderCode>
		<Specification/>
		<PurchasePrice adj="N">36.9000</PurchasePrice>
		<CaseCost>36.9000</CaseCost>
		<PurchaseUOM>cs</PurchaseUOM>
		<CaseQty>12.000</CaseQty>
		<CaseUOM>ea</CaseUOM>
		<PakQty>1.000</PakQty>
		<UnitCost>3.0750</UnitCost>
		<YieldFactor>1.0000</YieldFactor>
		<SupplierGroup id=""/>
		<TaxGroup id=""/>
		<BidPrice expires=""/>
	</CaseSize>
	<CaseSize Item="I-41373" current="Y" acceptBids="N">
		<Supplier id="54">SNOW CAP ENTERPRISES LTD.</Supplier>
		<Description/>
		<Barcode/>
		<OrderCode>TTI01008</OrderCode>
		<Specification/>
		<PurchasePrice adj="N">38.9000</PurchasePrice>
		<CaseCost>38.9000</CaseCost>
		<PurchaseUOM>cs</PurchaseUOM>
		<CaseQty>12.000</CaseQty>
		<CaseUOM>ea</CaseUOM>
		<PakQty>1.000</PakQty>
		<UnitCost>3.2417</UnitCost>
		<YieldFactor>1.0000</YieldFactor>
		<SupplierGroup id=""/>
		<TaxGroup id=""/>
		<BidPrice expires=""/>
	</CaseSize>
	<CaseSize Item="I-41374" current="Y" acceptBids="N">
		<Supplier id="54">SNOW CAP ENTERPRISES LTD.</Supplier>
		<Description/>
		<Barcode/>
		<OrderCode>TTI01009</OrderCode>
		<Specification/>
		<PurchasePrice adj="N">36.9000</PurchasePrice>
		<CaseCost>36.9000</CaseCost>
		<PurchaseUOM>cs</PurchaseUOM>
		<CaseQty>12.000</CaseQty>
		<CaseUOM>ea</CaseUOM>
		<PakQty>1.000</PakQty>
		<UnitCost>3.0750</UnitCost>
		<YieldFactor>1.0000</YieldFactor>
		<SupplierGroup id=""/>
		<TaxGroup id=""/>
		<BidPrice expires=""/>
	</CaseSize>
	<CaseSize Item="I-41375" current="Y" acceptBids="N">
		<Supplier id="54">SNOW CAP ENTERPRISES LTD.</Supplier>
		<Description/>
		<Barcode/>
		<OrderCode>TTI01010</OrderCode>
		<Specification/>
		<PurchasePrice adj="N">36.9000</PurchasePrice>
		<CaseCost>36.9000</CaseCost>
		<PurchaseUOM>cs</PurchaseUOM>
		<CaseQty>12.000</CaseQty>
		<CaseUOM>ea</CaseUOM>
		<PakQty>1.000</PakQty>
		<UnitCost>3.0750</UnitCost>
		<YieldFactor>1.0000</YieldFactor>
		<SupplierGroup id=""/>
		<TaxGroup id=""/>
		<BidPrice expires=""/>
	</CaseSize>
	<CaseSize Item="I-41376" current="Y" acceptBids="N">
		<Supplier id="54">SNOW CAP ENTERPRISES LTD.</Supplier>
		<Description/>
		<Barcode/>
		<OrderCode>TTI01011</OrderCode>
		<Specification/>
		<PurchasePrice adj="N">40.8900</PurchasePrice>
		<CaseCost>40.8900</CaseCost>
		<PurchaseUOM>cs</PurchaseUOM>
		<CaseQty>12.000</CaseQty>
		<CaseUOM>ea</CaseUOM>
		<PakQty>1.000</PakQty>
		<UnitCost>3.4075</UnitCost>
		<YieldFactor>1.0000</YieldFactor>
		<SupplierGroup id=""/>
		<TaxGroup id=""/>
		<BidPrice expires=""/>
	</CaseSize>
	<CaseSize Item="I-41377" current="Y" acceptBids="N">
		<Supplier id="54">SNOW CAP ENTERPRISES LTD.</Supplier>
		<Description/>
		<Barcode/>
		<OrderCode>TTI13006</OrderCode>
		<Specification/>
		<PurchasePrice adj="N">44.4000</PurchasePrice>
		<CaseCost>44.4000</CaseCost>
		<PurchaseUOM>cs</PurchaseUOM>
		<CaseQty>12.000</CaseQty>
		<CaseUOM>ea</CaseUOM>
		<PakQty>1.000</PakQty>
		<UnitCost>3.7000</UnitCost>
		<YieldFactor>1.0000</YieldFactor>
		<SupplierGroup id=""/>
		<TaxGroup id=""/>
		<BidPrice expires=""/>
	</CaseSize>
	<CaseSize Item="I-4657" current="N" acceptBids="N">
		<Supplier id="356">Fraser Valley Refrigeration</Supplier>
		<Description/>
		<Barcode/>
		<OrderCode>0832102</OrderCode>
		<Specification/>
		<PurchasePrice adj="N">8.2500</PurchasePrice>
		<CaseCost>8.2500</CaseCost>
		<PurchaseUOM>bag</PurchaseUOM>
		<CaseQty>3.000</CaseQty>
		<CaseUOM>lb</CaseUOM>
		<PakQty>1.000</PakQty>
		<UnitCost>2.7500</UnitCost>
		<YieldFactor>1.0000</YieldFactor>
		<SupplierGroup id=""/>
		<TaxGroup id=""/>
		<BidPrice expires=""/>
	</CaseSize>
	<CaseSize Item="I-4657" current="N" acceptBids="N">
		<Supplier id="23">FRESH POINT</Supplier>
		<Description/>
		<Barcode/>
		<OrderCode>0232006</OrderCode>
		<Specification/>
		<PurchasePrice adj="N">26.8500</PurchasePrice>
		<CaseCost>26.8500</CaseCost>
		<PurchaseUOM>bag</PurchaseUOM>
		<CaseQty>5.000</CaseQty>
		<CaseUOM>lb</CaseUOM>
		<PakQty>1.000</PakQty>
		<UnitCost>5.3700</UnitCost>
		<YieldFactor>1.0000</YieldFactor>
		<SupplierGroup id=""/>
		<TaxGroup id=""/>
		<BidPrice expires=""/>
	</CaseSize>
	<CaseSize Item="I-4657" current="N" acceptBids="N">
		<Supplier id="23">FRESH POINT</Supplier>
		<Description/>
		<Barcode/>
		<OrderCode>0832100</OrderCode>
		<Specification/>
		<PurchasePrice adj="N">13.2000</PurchasePrice>
		<CaseCost>13.2000</CaseCost>
		<PurchaseUOM>bag</PurchaseUOM>
		<CaseQty>5.000</CaseQty>
		<CaseUOM>lb</CaseUOM>
		<PakQty>1.000</PakQty>
		<UnitCost>2.6400</UnitCost>
		<YieldFactor>1.0000</YieldFactor>
		<SupplierGroup id=""/>
		<TaxGroup id=""/>
		<BidPrice expires=""/>
	</CaseSize>
	<CaseSize Item="I-4657" current="N" acceptBids="N">
		<Supplier id="23">FRESH POINT</Supplier>
		<Description/>
		<Barcode/>
		<OrderCode>0832102</OrderCode>
		<Specification/>
		<PurchasePrice adj="N">9.5500</PurchasePrice>
		<CaseCost>9.5500</CaseCost>
		<PurchaseUOM>bag</PurchaseUOM>
		<CaseQty>3.000</CaseQty>
		<CaseUOM>lb</CaseUOM>
		<PakQty>1.000</PakQty>
		<UnitCost>3.1833</UnitCost>
		<YieldFactor>1.0000</YieldFactor>
		<SupplierGroup id=""/>
		<TaxGroup id=""/>
		<BidPrice expires=""/>
	</CaseSize>
	<CaseSize Item="I-4657" current="Y" acceptBids="N">
		<Supplier id="23">FRESH POINT</Supplier>
		<Description/>
		<Barcode/>
		<OrderCode>0832110</OrderCode>
		<Specification>For UBC</Specification>
		<PurchasePrice adj="N">28.0000</PurchasePrice>
		<CaseCost>28.0000</CaseCost>
		<PurchaseUOM>cs</PurchaseUOM>
		<CaseQty>1.000</CaseQty>
		<CaseUOM>5#</CaseUOM>
		<PakQty>5.000</PakQty>
		<UnitCost>5.6000</UnitCost>
		<YieldFactor>1.0000</YieldFactor>
		<SupplierGroup id=""/>
		<TaxGroup id=""/>
		<BidPrice expires=""/>
	</CaseSize>
	<CaseSize Item="I-4657" current="N" acceptBids="N">
		<Supplier id="23">FRESH POINT</Supplier>
		<Description/>
		<Barcode/>
		<OrderCode>832100</OrderCode>
		<Specification/>
		<PurchasePrice adj="N">9.5500</PurchasePrice>
		<CaseCost>9.5500</CaseCost>
		<PurchaseUOM>bag</PurchaseUOM>
		<CaseQty>5.000</CaseQty>
		<CaseUOM>lb</CaseUOM>
		<PakQty>1.000</PakQty>
		<UnitCost>1.9100</UnitCost>
		<YieldFactor>1.0000</YieldFactor>
		<SupplierGroup id=""/>
		<TaxGroup id=""/>
		<BidPrice expires=""/>
	</CaseSize>
	<CaseSize Item="I-4657" current="N" acceptBids="N">
		<Supplier id="23">FRESH POINT</Supplier>
		<Description/>
		<Barcode/>
		<OrderCode>dixon trest</OrderCode>
		<Specification>dixon</Specification>
		<PurchasePrice adj="N">3.6500</PurchasePrice>
		<CaseCost>3.6500</CaseCost>
		<PurchaseUOM>cs</PurchaseUOM>
		<CaseQty>100.000</CaseQty>
		<CaseUOM>lb</CaseUOM>
		<PakQty>1.000</PakQty>
		<UnitCost>0.0365</UnitCost>
		<YieldFactor>1.0000</YieldFactor>
		<SupplierGroup id=""/>
		<TaxGroup id=""/>
		<BidPrice expires=""/>
	</CaseSize>
	<CaseSize Item="I-4657" current="N" acceptBids="Y">
		<Supplier id="166">STORE: VANIER CC00537</Supplier>
		<Description/>
		<Barcode/>
		<OrderCode/>
		<Specification/>
		<PurchasePrice adj="N">7.3500</PurchasePrice>
		<CaseCost>7.3500</CaseCost>
		<PurchaseUOM>bag</PurchaseUOM>
		<CaseQty>5.000</CaseQty>
		<CaseUOM>lb</CaseUOM>
		<PakQty>1.000</PakQty>
		<UnitCost>1.4700</UnitCost>
		<YieldFactor>1.0000</YieldFactor>
		<SupplierGroup id=""/>
		<TaxGroup id=""/>
		<BidPrice expires=""/>
	</CaseSize>
	<CaseSize Item="I-4657" current="N" acceptBids="Y">
		<Supplier id="154">TOTEM </Supplier>
		<Description/>
		<Barcode/>
		<OrderCode/>
		<Specification/>
		<PurchasePrice adj="N">7.3500</PurchasePrice>
		<CaseCost>7.3500</CaseCost>
		<PurchaseUOM>bag</PurchaseUOM>
		<CaseQty>5.000</CaseQty>
		<CaseUOM>lb</CaseUOM>
		<PakQty>1.000</PakQty>
		<UnitCost>1.4700</UnitCost>
		<YieldFactor>1.0000</YieldFactor>
		<SupplierGroup id=""/>
		<TaxGroup id=""/>
		<BidPrice expires=""/>
	</CaseSize>
	<CaseSize Item="I-4657" current="N" acceptBids="Y">
		<Supplier id="110">Z DONT USE GLORIOUS ORGANICS COOPERATIVE</Supplier>
		<Description/>
		<Barcode/>
		<OrderCode/>
		<Specification/>
		<PurchasePrice adj="N">15.0000</PurchasePrice>
		<CaseCost>15.0000</CaseCost>
		<PurchaseUOM>lb</PurchaseUOM>
		<CaseQty>1.000</CaseQty>
		<CaseUOM>lb</CaseUOM>
		<PakQty>1.000</PakQty>
		<UnitCost>15.0000</UnitCost>
		<YieldFactor>1.0000</YieldFactor>
		<SupplierGroup id=""/>
		<TaxGroup id=""/>
		<BidPrice expires=""/>
	</CaseSize>
	<CaseSize Item="I-4695" current="N" acceptBids="N">
		<Supplier id="23">FRESH POINT</Supplier>
		<Description>PARSLEY</Description>
		<Barcode/>
		<OrderCode/>
		<Specification/>
		<PurchasePrice adj="N">2.7000</PurchasePrice>
		<CaseCost>2.7000</CaseCost>
		<PurchaseUOM>cs</PurchaseUOM>
		<CaseQty>3.000</CaseQty>
		<CaseUOM>BUNCH</CaseUOM>
		<PakQty>0.250</PakQty>
		<UnitCost>3.6000</UnitCost>
		<YieldFactor>1.0000</YieldFactor>
		<SupplierGroup id=""/>
		<TaxGroup id=""/>
		<BidPrice expires=""/>
	</CaseSize>
	<CaseSize Item="I-4695" current="N" acceptBids="N">
		<Supplier id="23">FRESH POINT</Supplier>
		<Description>PARSLEY</Description>
		<Barcode/>
		<OrderCode>0248200</OrderCode>
		<Specification/>
		<PurchasePrice adj="N">2.7000</PurchasePrice>
		<CaseCost>2.7000</CaseCost>
		<PurchaseUOM>cs</PurchaseUOM>
		<CaseQty>3.000</CaseQty>
		<CaseUOM>BUNCH</CaseUOM>
		<PakQty>0.250</PakQty>
		<UnitCost>3.6000</UnitCost>
		<YieldFactor>1.0000</YieldFactor>
		<SupplierGroup id=""/>
		<TaxGroup id=""/>
		<BidPrice expires=""/>
	</CaseSize>
	<CaseSize Item="I-4695" current="Y" acceptBids="N">
		<Supplier id="23">FRESH POINT</Supplier>
		<Description/>
		<Barcode/>
		<OrderCode>0248500</OrderCode>
		<Specification/>
		<PurchasePrice adj="N">41.0500</PurchasePrice>
		<CaseCost>41.0500</CaseCost>
		<PurchaseUOM>cs</PurchaseUOM>
		<CaseQty>30.000</CaseQty>
		<CaseUOM>CT</CaseUOM>
		<PakQty>1.000</PakQty>
		<UnitCost>1.3683</UnitCost>
		<YieldFactor>1.0000</YieldFactor>
		<SupplierGroup id=""/>
		<TaxGroup id=""/>
		<BidPrice expires=""/>
	</CaseSize>
	<CaseSize Item="I-4695" current="N" acceptBids="N">
		<Supplier id="23">FRESH POINT</Supplier>
		<Description/>
		<Barcode/>
		<OrderCode>0680454</OrderCode>
		<Specification/>
		<PurchasePrice adj="N">5.7500</PurchasePrice>
		<CaseCost>5.7500</CaseCost>
		<PurchaseUOM>BUNCH</PurchaseUOM>
		<CaseQty>0.250</CaseQty>
		<CaseUOM>lb</CaseUOM>
		<PakQty>1.000</PakQty>
		<UnitCost>23.0000</UnitCost>
		<YieldFactor>1.0000</YieldFactor>
		<SupplierGroup id=""/>
		<TaxGroup id=""/>
		<BidPrice expires=""/>
	</CaseSize>
	<CaseSize Item="I-4695" current="N" acceptBids="N">
		<Supplier id="23">FRESH POINT</Supplier>
		<Description/>
		<Barcode/>
		<OrderCode>0680459</OrderCode>
		<Specification/>
		<PurchasePrice adj="N">12.2000</PurchasePrice>
		<CaseCost>12.2000</CaseCost>
		<PurchaseUOM>lb</PurchaseUOM>
		<CaseQty>1.000</CaseQty>
		<CaseUOM>lb</CaseUOM>
		<PakQty>1.000</PakQty>
		<UnitCost>12.2000</UnitCost>
		<YieldFactor>1.0000</YieldFactor>
		<SupplierGroup id=""/>
		<TaxGroup id=""/>
		<BidPrice expires=""/>
	</CaseSize>
	<CaseSize Item="I-4695" current="N" acceptBids="N">
		<Supplier id="23">FRESH POINT</Supplier>
		<Description/>
		<Barcode/>
		<OrderCode>680454</OrderCode>
		<Specification/>
		<PurchasePrice adj="N">5.3000</PurchasePrice>
		<CaseCost>5.3000</CaseCost>
		<PurchaseUOM>pak</PurchaseUOM>
		<CaseQty>4.000</CaseQty>
		<CaseUOM>oz</CaseUOM>
		<PakQty>1.000</PakQty>
		<UnitCost>1.3250</UnitCost>
		<YieldFactor>1.0000</YieldFactor>
		<SupplierGroup id=""/>
		<TaxGroup id=""/>
		<BidPrice expires=""/>
	</CaseSize>
	<CaseSize Item="I-4695" current="N" acceptBids="N">
		<Supplier id="23">FRESH POINT</Supplier>
		<Description/>
		<Barcode/>
		<OrderCode>680459</OrderCode>
		<Specification/>
		<PurchasePrice adj="N">10.8500</PurchasePrice>
		<CaseCost>10.8500</CaseCost>
		<PurchaseUOM>lb</PurchaseUOM>
		<CaseQty>1.000</CaseQty>
		<CaseUOM>lb</CaseUOM>
		<PakQty>1.000</PakQty>
		<UnitCost>10.8500</UnitCost>
		<YieldFactor>1.0000</YieldFactor>
		<SupplierGroup id=""/>
		<TaxGroup id=""/>
		<BidPrice expires=""/>
	</CaseSize>
	<CaseSize Item="I-4695" current="N" acceptBids="N">
		<Supplier id="166">STORE: VANIER CC00537</Supplier>
		<Description/>
		<Barcode/>
		<OrderCode/>
		<Specification/>
		<PurchasePrice adj="N">10.5000</PurchasePrice>
		<CaseCost>10.5000</CaseCost>
		<PurchaseUOM>lb</PurchaseUOM>
		<CaseQty>1.000</CaseQty>
		<CaseUOM>lb</CaseUOM>
		<PakQty>1.000</PakQty>
		<UnitCost>10.5000</UnitCost>
		<YieldFactor>1.0000</YieldFactor>
		<SupplierGroup id=""/>
		<TaxGroup id=""/>
		<BidPrice expires=""/>
	</CaseSize>
	<CaseSize Item="I-4695" current="N" acceptBids="N">
		<Supplier id="154">TOTEM </Supplier>
		<Description/>
		<Barcode/>
		<OrderCode/>
		<Specification/>
		<PurchasePrice adj="N">10.5000</PurchasePrice>
		<CaseCost>10.5000</CaseCost>
		<PurchaseUOM>lb</PurchaseUOM>
		<CaseQty>1.000</CaseQty>
		<CaseUOM>lb</CaseUOM>
		<PakQty>1.000</PakQty>
		<UnitCost>10.5000</UnitCost>
		<YieldFactor>1.0000</YieldFactor>
		<SupplierGroup id=""/>
		<TaxGroup id=""/>
		<BidPrice expires=""/>
	</CaseSize>
	<CaseSize Item="I-4695" current="N" acceptBids="N">
		<Supplier id="103">UBC Farm</Supplier>
		<Description/>
		<Barcode/>
		<OrderCode/>
		<Specification/>
		<PurchasePrice adj="N">2.5000</PurchasePrice>
		<CaseCost>2.5000</CaseCost>
		<PurchaseUOM>BUNCH</PurchaseUOM>
		<CaseQty>1.000</CaseQty>
		<CaseUOM>BUNCH</CaseUOM>
		<PakQty>0.125</PakQty>
		<UnitCost>20.0000</UnitCost>
		<YieldFactor>1.0000</YieldFactor>
		<SupplierGroup id=""/>
		<TaxGroup id=""/>
		<BidPrice expires=""/>
	</CaseSize>
	<CaseSize Item="I-4695" current="N" acceptBids="N">
		<Supplier id="103">UBC Farm</Supplier>
		<Description/>
		<Barcode/>
		<OrderCode/>
		<Specification/>
		<PurchasePrice adj="N">12.0000</PurchasePrice>
		<CaseCost>12.0000</CaseCost>
		<PurchaseUOM>each</PurchaseUOM>
		<CaseQty>1.000</CaseQty>
		<CaseUOM>each</CaseUOM>
		<PakQty>0.250</PakQty>
		<UnitCost>48.0000</UnitCost>
		<YieldFactor>1.0000</YieldFactor>
		<SupplierGroup id=""/>
		<TaxGroup id=""/>
		<BidPrice expires=""/>
	</CaseSize>
	<CaseSize Item="I-4695" current="N" acceptBids="N">
		<Supplier id="235">Z DON&apos;T USE  VFM</Supplier>
		<Description/>
		<Barcode/>
		<OrderCode/>
		<Specification/>
		<PurchasePrice adj="N">2.8000</PurchasePrice>
		<CaseCost>2.8000</CaseCost>
		<PurchaseUOM>BUNCH</PurchaseUOM>
		<CaseQty>1.000</CaseQty>
		<CaseUOM>BUNCH</CaseUOM>
		<PakQty>0.200</PakQty>
		<UnitCost>14.0000</UnitCost>
		<YieldFactor>1.0000</YieldFactor>
		<SupplierGroup id=""/>
		<TaxGroup id=""/>
		<BidPrice expires=""/>
	</CaseSize>
	<CaseSize Item="I-4725" current="Y" acceptBids="N">
		<Supplier id="23">FRESH POINT</Supplier>
		<Description/>
		<Barcode/>
		<OrderCode>0844300</OrderCode>
		<Specification/>
		<PurchasePrice adj="N">28.2000</PurchasePrice>
		<CaseCost>28.2000</CaseCost>
		<PurchaseUOM>cs</PurchaseUOM>
		<CaseQty>10.000</CaseQty>
		<CaseUOM>lb</CaseUOM>
		<PakQty>1.000</PakQty>
		<UnitCost>2.8200</UnitCost>
		<YieldFactor>1.0000</YieldFactor>
		<SupplierGroup id=""/>
		<TaxGroup id=""/>
		<BidPrice expires=""/>
	</CaseSize>
	<CaseSize Item="I-4725" current="N" acceptBids="N">
		<Supplier id="23">FRESH POINT</Supplier>
		<Description/>
		<Barcode/>
		<OrderCode>844300</OrderCode>
		<Specification/>
		<PurchasePrice adj="N">22.9500</PurchasePrice>
		<CaseCost>22.9500</CaseCost>
		<PurchaseUOM>cs</PurchaseUOM>
		<CaseQty>10.000</CaseQty>
		<CaseUOM>lb</CaseUOM>
		<PakQty>1.000</PakQty>
		<UnitCost>2.2950</UnitCost>
		<YieldFactor>1.0000</YieldFactor>
		<SupplierGroup id=""/>
		<TaxGroup id=""/>
		<BidPrice expires=""/>
	</CaseSize>
	<CaseSize Item="I-4725" current="N" acceptBids="N">
		<Supplier id="166">STORE: VANIER CC00537</Supplier>
		<Description/>
		<Barcode/>
		<OrderCode/>
		<Specification/>
		<PurchasePrice adj="N">30.3500</PurchasePrice>
		<CaseCost>30.3500</CaseCost>
		<PurchaseUOM>cs</PurchaseUOM>
		<CaseQty>10.000</CaseQty>
		<CaseUOM>lb</CaseUOM>
		<PakQty>1.000</PakQty>
		<UnitCost>3.0350</UnitCost>
		<YieldFactor>1.0000</YieldFactor>
		<SupplierGroup id=""/>
		<TaxGroup id=""/>
		<BidPrice expires=""/>
	</CaseSize>
	<CaseSize Item="I-4725" current="N" acceptBids="N">
		<Supplier id="154">TOTEM </Supplier>
		<Description/>
		<Barcode/>
		<OrderCode/>
		<Specification/>
		<PurchasePrice adj="N">30.3500</PurchasePrice>
		<CaseCost>30.3500</CaseCost>
		<PurchaseUOM>cs</PurchaseUOM>
		<CaseQty>10.000</CaseQty>
		<CaseUOM>lb</CaseUOM>
		<PakQty>1.000</PakQty>
		<UnitCost>3.0350</UnitCost>
		<YieldFactor>1.0000</YieldFactor>
		<SupplierGroup id=""/>
		<TaxGroup id=""/>
		<BidPrice expires=""/>
	</CaseSize>
	<CaseSize Item="I-4731" current="N" acceptBids="N">
		<Supplier id="23">FRESH POINT</Supplier>
		<Description/>
		<Barcode/>
		<OrderCode>0244000</OrderCode>
		<Specification/>
		<PurchasePrice adj="N">25.6000</PurchasePrice>
		<CaseCost>25.6000</CaseCost>
		<PurchaseUOM>cs</PurchaseUOM>
		<CaseQty>10.000</CaseQty>
		<CaseUOM>lb</CaseUOM>
		<PakQty>1.000</PakQty>
		<UnitCost>2.5600</UnitCost>
		<YieldFactor>1.0000</YieldFactor>
		<SupplierGroup id=""/>
		<TaxGroup id=""/>
		<BidPrice expires=""/>
	</CaseSize>
	<CaseSize Item="I-4731" current="Y" acceptBids="N">
		<Supplier id="23">FRESH POINT</Supplier>
		<Description/>
		<Barcode/>
		<OrderCode>0244120</OrderCode>
		<Specification/>
		<PurchasePrice adj="N">12.5000</PurchasePrice>
		<CaseCost>12.5000</CaseCost>
		<PurchaseUOM>CA</PurchaseUOM>
		<CaseQty>10.000</CaseQty>
		<CaseUOM>lb</CaseUOM>
		<PakQty>1.000</PakQty>
		<UnitCost>1.2500</UnitCost>
		<YieldFactor>1.0000</YieldFactor>
		<SupplierGroup id=""/>
		<TaxGroup id=""/>
		<BidPrice expires=""/>
	</CaseSize>
	<CaseSize Item="I-4731" current="N" acceptBids="N">
		<Supplier id="166">STORE: VANIER CC00537</Supplier>
		<Description/>
		<Barcode/>
		<OrderCode/>
		<Specification/>
		<PurchasePrice adj="N">17.6500</PurchasePrice>
		<CaseCost>17.6500</CaseCost>
		<PurchaseUOM>cs</PurchaseUOM>
		<CaseQty>10.000</CaseQty>
		<CaseUOM>lb</CaseUOM>
		<PakQty>1.000</PakQty>
		<UnitCost>1.7650</UnitCost>
		<YieldFactor>1.0000</YieldFactor>
		<SupplierGroup id=""/>
		<TaxGroup id=""/>
		<BidPrice expires=""/>
	</CaseSize>
	<CaseSize Item="I-4731" current="N" acceptBids="N">
		<Supplier id="154">TOTEM </Supplier>
		<Description/>
		<Barcode/>
		<OrderCode/>
		<Specification/>
		<PurchasePrice adj="N">17.6500</PurchasePrice>
		<CaseCost>17.6500</CaseCost>
		<PurchaseUOM>cs</PurchaseUOM>
		<CaseQty>10.000</CaseQty>
		<CaseUOM>lb</CaseUOM>
		<PakQty>1.000</PakQty>
		<UnitCost>1.7650</UnitCost>
		<YieldFactor>1.0000</YieldFactor>
		<SupplierGroup id=""/>
		<TaxGroup id=""/>
		<BidPrice expires=""/>
	</CaseSize>
	<CaseSize Item="I-4731" current="N" acceptBids="N">
		<Supplier id="235">Z DON&apos;T USE  VFM</Supplier>
		<Description/>
		<Barcode/>
		<OrderCode/>
		<Specification>FORAGER&apos;S DELIGHT</Specification>
		<PurchasePrice adj="N">12.5000</PurchasePrice>
		<CaseCost>12.5000</CaseCost>
		<PurchaseUOM>cs</PurchaseUOM>
		<CaseQty>10.000</CaseQty>
		<CaseUOM>lb</CaseUOM>
		<PakQty>1.000</PakQty>
		<UnitCost>1.2500</UnitCost>
		<YieldFactor>1.0000</YieldFactor>
		<SupplierGroup id=""/>
		<TaxGroup id=""/>
		<BidPrice expires=""/>
	</CaseSize>
	<CaseSize Item="I-4745" current="N" acceptBids="N">
		<Supplier id="23">FRESH POINT</Supplier>
		<Description/>
		<Barcode/>
		<OrderCode/>
		<Specification>JUMBO ONION</Specification>
		<PurchasePrice adj="N">19.3000</PurchasePrice>
		<CaseCost>19.3000</CaseCost>
		<PurchaseUOM>cs</PurchaseUOM>
		<CaseQty>50.000</CaseQty>
		<CaseUOM>lb</CaseUOM>
		<PakQty>1.000</PakQty>
		<UnitCost>0.3860</UnitCost>
		<YieldFactor>0.8500</YieldFactor>
		<SupplierGroup id=""/>
		<TaxGroup id=""/>
		<BidPrice expires=""/>
	</CaseSize>
	<CaseSize Item="I-4745" current="N" acceptBids="N">
		<Supplier id="23">FRESH POINT</Supplier>
		<Description/>
		<Barcode/>
		<OrderCode/>
		<Specification>1/4&quot; Diced</Specification>
		<PurchasePrice adj="N">12.0500</PurchasePrice>
		<CaseCost>12.0500</CaseCost>
		<PurchaseUOM>bag</PurchaseUOM>
		<CaseQty>5.000</CaseQty>
		<CaseUOM>lb</CaseUOM>
		<PakQty>1.000</PakQty>
		<UnitCost>2.4100</UnitCost>
		<YieldFactor>1.0000</YieldFactor>
		<SupplierGroup id=""/>
		<TaxGroup id=""/>
		<BidPrice expires=""/>
	</CaseSize>
	<CaseSize Item="I-4745" current="Y" acceptBids="N">
		<Supplier id="23">FRESH POINT</Supplier>
		<Description/>
		<Barcode/>
		<OrderCode>0848100</OrderCode>
		<Specification/>
		<PurchasePrice adj="N">53.9500</PurchasePrice>
		<CaseCost>53.9500</CaseCost>
		<PurchaseUOM>bag</PurchaseUOM>
		<CaseQty>25.000</CaseQty>
		<CaseUOM>lb</CaseUOM>
		<PakQty>1.000</PakQty>
		<UnitCost>2.1580</UnitCost>
		<YieldFactor>1.0000</YieldFactor>
		<SupplierGroup id=""/>
		<TaxGroup id=""/>
		<BidPrice expires=""/>
	</CaseSize>
	<CaseSize Item="I-4745" current="N" acceptBids="N">
		<Supplier id="23">FRESH POINT</Supplier>
		<Description/>
		<Barcode/>
		<OrderCode>0848101</OrderCode>
		<Specification/>
		<PurchasePrice adj="N">6.3500</PurchasePrice>
		<CaseCost>6.3500</CaseCost>
		<PurchaseUOM>cs</PurchaseUOM>
		<CaseQty>5.000</CaseQty>
		<CaseUOM>lb</CaseUOM>
		<PakQty>1.000</PakQty>
		<UnitCost>1.2700</UnitCost>
		<YieldFactor>1.0000</YieldFactor>
		<SupplierGroup id=""/>
		<TaxGroup id=""/>
		<BidPrice expires=""/>
	</CaseSize>
	<CaseSize Item="I-4745" current="N" acceptBids="N">
		<Supplier id="23">FRESH POINT</Supplier>
		<Description/>
		<Barcode/>
		<OrderCode>0848105</OrderCode>
		<Specification/>
		<PurchasePrice adj="N">11.0000</PurchasePrice>
		<CaseCost>11.0000</CaseCost>
		<PurchaseUOM>cs</PurchaseUOM>
		<CaseQty>5.000</CaseQty>
		<CaseUOM>lb</CaseUOM>
		<PakQty>1.000</PakQty>
		<UnitCost>2.2000</UnitCost>
		<YieldFactor>1.0000</YieldFactor>
		<SupplierGroup id=""/>
		<TaxGroup id=""/>
		<BidPrice expires=""/>
	</CaseSize>
	<CaseSize Item="I-4745" current="N" acceptBids="N">
		<Supplier id="23">FRESH POINT</Supplier>
		<Description/>
		<Barcode/>
		<OrderCode>0848204</OrderCode>
		<Specification>3/4&quot; Diced</Specification>
		<PurchasePrice adj="N">10.8500</PurchasePrice>
		<CaseCost>10.8500</CaseCost>
		<PurchaseUOM>bag</PurchaseUOM>
		<CaseQty>5.000</CaseQty>
		<CaseUOM>lb</CaseUOM>
		<PakQty>1.000</PakQty>
		<UnitCost>2.1700</UnitCost>
		<YieldFactor>1.0000</YieldFactor>
		<SupplierGroup id=""/>
		<TaxGroup id=""/>
		<BidPrice expires=""/>
	</CaseSize>
	<CaseSize Item="I-4745" current="N" acceptBids="N">
		<Supplier id="23">FRESH POINT</Supplier>
		<Description/>
		<Barcode/>
		<OrderCode>0848300</OrderCode>
		<Specification>1/8&quot; slice</Specification>
		<PurchasePrice adj="N">10.9500</PurchasePrice>
		<CaseCost>10.9500</CaseCost>
		<PurchaseUOM>bag</PurchaseUOM>
		<CaseQty>5.000</CaseQty>
		<CaseUOM>lb</CaseUOM>
		<PakQty>1.000</PakQty>
		<UnitCost>2.1900</UnitCost>
		<YieldFactor>1.0000</YieldFactor>
		<SupplierGroup id=""/>
		<TaxGroup id=""/>
		<BidPrice expires=""/>
	</CaseSize>
	<CaseSize Item="I-4745" current="N" acceptBids="N">
		<Supplier id="23">FRESH POINT</Supplier>
		<Description/>
		<Barcode/>
		<OrderCode>848100</OrderCode>
		<Specification/>
		<PurchasePrice adj="N">37.9000</PurchasePrice>
		<CaseCost>37.9000</CaseCost>
		<PurchaseUOM>bag</PurchaseUOM>
		<CaseQty>25.000</CaseQty>
		<CaseUOM>lb</CaseUOM>
		<PakQty>1.000</PakQty>
		<UnitCost>1.5160</UnitCost>
		<YieldFactor>1.0000</YieldFactor>
		<SupplierGroup id=""/>
		<TaxGroup id=""/>
		<BidPrice expires=""/>
	</CaseSize>
	<CaseSize Item="I-4745" current="N" acceptBids="N">
		<Supplier id="166">STORE: VANIER CC00537</Supplier>
		<Description/>
		<Barcode/>
		<OrderCode/>
		<Specification/>
		<PurchasePrice adj="N">23.9600</PurchasePrice>
		<CaseCost>23.9600</CaseCost>
		<PurchaseUOM>bag</PurchaseUOM>
		<CaseQty>25.000</CaseQty>
		<CaseUOM>lb</CaseUOM>
		<PakQty>1.000</PakQty>
		<UnitCost>0.9584</UnitCost>
		<YieldFactor>1.0000</YieldFactor>
		<SupplierGroup id=""/>
		<TaxGroup id=""/>
		<BidPrice expires=""/>
	</CaseSize>
	<CaseSize Item="I-4745" current="N" acceptBids="N">
		<Supplier id="154">TOTEM </Supplier>
		<Description/>
		<Barcode/>
		<OrderCode/>
		<Specification/>
		<PurchasePrice adj="N">23.9600</PurchasePrice>
		<CaseCost>23.9600</CaseCost>
		<PurchaseUOM>bag</PurchaseUOM>
		<CaseQty>25.000</CaseQty>
		<CaseUOM>lb</CaseUOM>
		<PakQty>1.000</PakQty>
		<UnitCost>0.9584</UnitCost>
		<YieldFactor>1.0000</YieldFactor>
		<SupplierGroup id=""/>
		<TaxGroup id=""/>
		<BidPrice expires=""/>
	</CaseSize>
	<CaseSize Item="I-4745" current="N" acceptBids="N">
		<Supplier id="110">Z DONT USE GLORIOUS ORGANICS COOPERATIVE</Supplier>
		<Description/>
		<Barcode/>
		<OrderCode/>
		<Specification/>
		<PurchasePrice adj="N">3.0000</PurchasePrice>
		<CaseCost>3.0000</CaseCost>
		<PurchaseUOM>lb</PurchaseUOM>
		<CaseQty>1.000</CaseQty>
		<CaseUOM>lb</CaseUOM>
		<PakQty>1.000</PakQty>
		<UnitCost>3.0000</UnitCost>
		<YieldFactor>1.0000</YieldFactor>
		<SupplierGroup id=""/>
		<TaxGroup id=""/>
		<BidPrice expires=""/>
	</CaseSize>
	<CaseSize Item="I-4914" current="Y" acceptBids="N">
		<Supplier id="23">FRESH POINT</Supplier>
		<Description/>
		<Barcode/>
		<OrderCode>0265040</OrderCode>
		<Specification/>
		<PurchasePrice adj="N">54.8000</PurchasePrice>
		<CaseCost>54.8000</CaseCost>
		<PurchaseUOM>cs</PurchaseUOM>
		<CaseQty>40.000</CaseQty>
		<CaseUOM>lb</CaseUOM>
		<PakQty>1.000</PakQty>
		<UnitCost>1.3700</UnitCost>
		<YieldFactor>1.0000</YieldFactor>
		<SupplierGroup id=""/>
		<TaxGroup id=""/>
		<BidPrice expires=""/>
	</CaseSize>
	<CaseSize Item="I-4914" current="N" acceptBids="N">
		<Supplier id="23">FRESH POINT</Supplier>
		<Description/>
		<Barcode/>
		<OrderCode>265040</OrderCode>
		<Specification/>
		<PurchasePrice adj="N">30.3000</PurchasePrice>
		<CaseCost>30.3000</CaseCost>
		<PurchaseUOM>cs</PurchaseUOM>
		<CaseQty>40.000</CaseQty>
		<CaseUOM>lb</CaseUOM>
		<PakQty>1.000</PakQty>
		<UnitCost>0.7575</UnitCost>
		<YieldFactor>1.0000</YieldFactor>
		<SupplierGroup id=""/>
		<TaxGroup id=""/>
		<BidPrice expires=""/>
	</CaseSize>
	<CaseSize Item="I-4914" current="N" acceptBids="N">
		<Supplier id="166">STORE: VANIER CC00537</Supplier>
		<Description/>
		<Barcode/>
		<OrderCode/>
		<Specification/>
		<PurchasePrice adj="N">1.0000</PurchasePrice>
		<CaseCost>1.0000</CaseCost>
		<PurchaseUOM>cs</PurchaseUOM>
		<CaseQty>40.000</CaseQty>
		<CaseUOM>lb</CaseUOM>
		<PakQty>1.000</PakQty>
		<UnitCost>0.0250</UnitCost>
		<YieldFactor>1.0000</YieldFactor>
		<SupplierGroup id=""/>
		<TaxGroup id=""/>
		<BidPrice expires=""/>
	</CaseSize>
	<CaseSize Item="I-4914" current="N" acceptBids="N">
		<Supplier id="154">TOTEM </Supplier>
		<Description/>
		<Barcode/>
		<OrderCode/>
		<Specification/>
		<PurchasePrice adj="N">1.0000</PurchasePrice>
		<CaseCost>1.0000</CaseCost>
		<PurchaseUOM>cs</PurchaseUOM>
		<CaseQty>40.000</CaseQty>
		<CaseUOM>lb</CaseUOM>
		<PakQty>1.000</PakQty>
		<UnitCost>0.0250</UnitCost>
		<YieldFactor>1.0000</YieldFactor>
		<SupplierGroup id=""/>
		<TaxGroup id=""/>
		<BidPrice expires=""/>
	</CaseSize>
	<CaseSize Item="I-5022" current="N" acceptBids="N">
		<Supplier id="317">FOOD MESH </Supplier>
		<Description/>
		<Barcode/>
		<OrderCode/>
		<Specification/>
		<PurchasePrice adj="N">15.5000</PurchasePrice>
		<CaseCost>15.5000</CaseCost>
		<PurchaseUOM>cs</PurchaseUOM>
		<CaseQty>10.000</CaseQty>
		<CaseUOM>Kg</CaseUOM>
		<PakQty>1.000</PakQty>
		<UnitCost>1.5500</UnitCost>
		<YieldFactor>1.0000</YieldFactor>
		<SupplierGroup id=""/>
		<TaxGroup id=""/>
		<BidPrice expires=""/>
	</CaseSize>
	<CaseSize Item="I-5022" current="N" acceptBids="Y">
		<Supplier id="26">GORDON FOOD SERVICE (GFS)</Supplier>
		<Description/>
		<Barcode/>
		<OrderCode> 6932205</OrderCode>
		<Specification>12X908G, ALASKO</Specification>
		<PurchasePrice adj="N">25.5400</PurchasePrice>
		<CaseCost>25.5400</CaseCost>
		<PurchaseUOM>cs</PurchaseUOM>
		<CaseQty>10.900</CaseQty>
		<CaseUOM>Kg</CaseUOM>
		<PakQty>1.000</PakQty>
		<UnitCost>2.3431</UnitCost>
		<YieldFactor>1.0000</YieldFactor>
		<SupplierGroup id=""/>
		<TaxGroup id=""/>
		<BidPrice expires=""/>
	</CaseSize>
	<CaseSize Item="I-5022" current="N" acceptBids="N">
		<Supplier id="26">GORDON FOOD SERVICE (GFS)</Supplier>
		<Description/>
		<Barcode/>
		<OrderCode>1138123</OrderCode>
		<Specification>ARCTIC GARDENS</Specification>
		<PurchasePrice adj="N">39.0700</PurchasePrice>
		<CaseCost>39.0700</CaseCost>
		<PurchaseUOM>cs</PurchaseUOM>
		<CaseQty>10.000</CaseQty>
		<CaseUOM>Kg</CaseUOM>
		<PakQty>1.000</PakQty>
		<UnitCost>3.9070</UnitCost>
		<YieldFactor>1.0000</YieldFactor>
		<SupplierGroup id=""/>
		<TaxGroup id=""/>
		<BidPrice expires=""/>
	</CaseSize>
	<CaseSize Item="I-5022" current="N" acceptBids="N">
		<Supplier id="26">GORDON FOOD SERVICE (GFS)</Supplier>
		<Description/>
		<Barcode/>
		<OrderCode>3676407</OrderCode>
		<Specification/>
		<PurchasePrice adj="N">51.4200</PurchasePrice>
		<CaseCost>51.4200</CaseCost>
		<PurchaseUOM>cs</PurchaseUOM>
		<CaseQty>12.000</CaseQty>
		<CaseUOM>BLOCK</CaseUOM>
		<PakQty>1.250</PakQty>
		<UnitCost>3.4280</UnitCost>
		<YieldFactor>1.0000</YieldFactor>
		<SupplierGroup id=""/>
		<TaxGroup id=""/>
		<BidPrice expires=""/>
	</CaseSize>
	<CaseSize Item="I-5022" current="Y" acceptBids="Y">
		<Supplier id="26">GORDON FOOD SERVICE (GFS)</Supplier>
		<Description/>
		<Barcode/>
		<OrderCode>6932205</OrderCode>
		<Specification>12X908G, ALASKO</Specification>
		<PurchasePrice adj="N">40.0300</PurchasePrice>
		<CaseCost>40.0300</CaseCost>
		<PurchaseUOM>cs</PurchaseUOM>
		<CaseQty>10.900</CaseQty>
		<CaseUOM>Kg</CaseUOM>
		<PakQty>1.000</PakQty>
		<UnitCost>3.6725</UnitCost>
		<YieldFactor>1.0000</YieldFactor>
		<SupplierGroup id=""/>
		<TaxGroup id=""/>
		<BidPrice expires=""/>
	</CaseSize>
	<CaseSize Item="I-5022" current="N" acceptBids="N">
		<Supplier id="26">GORDON FOOD SERVICE (GFS)</Supplier>
		<Description/>
		<Barcode/>
		<OrderCode>9472805</OrderCode>
		<Specification/>
		<PurchasePrice adj="N">59.0200</PurchasePrice>
		<CaseCost>59.0200</CaseCost>
		<PurchaseUOM>cs</PurchaseUOM>
		<CaseQty>12.000</CaseQty>
		<CaseUOM>BLOCK</CaseUOM>
		<PakQty>1.250</PakQty>
		<UnitCost>3.9347</UnitCost>
		<YieldFactor>1.0000</YieldFactor>
		<SupplierGroup id=""/>
		<TaxGroup id=""/>
		<BidPrice expires=""/>
	</CaseSize>
	<CaseSize Item="I-5983" current="N" acceptBids="N">
		<Supplier id="191">1 - Production</Supplier>
		<Description/>
		<Barcode/>
		<OrderCode/>
		<Specification/>
		<PurchasePrice adj="N">0</PurchasePrice>
		<CaseCost>0</CaseCost>
		<PurchaseUOM>L</PurchaseUOM>
		<CaseQty>1.000</CaseQty>
		<CaseUOM>L</CaseUOM>
		<PakQty>1.000</PakQty>
		<UnitCost>0</UnitCost>
		<YieldFactor>1.0000</YieldFactor>
		<SupplierGroup id=""/>
		<TaxGroup id=""/>
		<BidPrice expires=""/>
	</CaseSize>
	<CaseSize Item="I-5983" current="Y" acceptBids="Y">
		<Supplier id="64">Z DON&apos;T USE DO NOT USE (OLD CK)</Supplier>
		<Description/>
		<Barcode/>
		<OrderCode/>
		<Specification/>
		<PurchasePrice adj="N">0</PurchasePrice>
		<CaseCost>0</CaseCost>
		<PurchaseUOM>L</PurchaseUOM>
		<CaseQty>1.000</CaseQty>
		<CaseUOM>L</CaseUOM>
		<PakQty>1.000</PakQty>
		<UnitCost>0</UnitCost>
		<YieldFactor>1.0000</YieldFactor>
		<SupplierGroup id=""/>
		<TaxGroup id=""/>
		<BidPrice expires=""/>
	</CaseSize>
	<CaseSize Item="I-6006" current="N" acceptBids="Y">
		<Supplier id="26">GORDON FOOD SERVICE (GFS)</Supplier>
		<Description/>
		<Barcode/>
		<OrderCode/>
		<Specification>GFS</Specification>
		<PurchasePrice adj="N">123.3700</PurchasePrice>
		<CaseCost>123.3700</CaseCost>
		<PurchaseUOM>cs</PurchaseUOM>
		<CaseQty>4.000</CaseQty>
		<CaseUOM>can</CaseUOM>
		<PakQty>3.000</PakQty>
		<UnitCost>10.2808</UnitCost>
		<YieldFactor>1.0000</YieldFactor>
		<SupplierGroup id=""/>
		<TaxGroup id=""/>
		<BidPrice expires=""/>
	</CaseSize>
	<CaseSize Item="I-6006" current="Y" acceptBids="N">
		<Supplier id="26">GORDON FOOD SERVICE (GFS)</Supplier>
		<Description/>
		<Barcode/>
		<OrderCode>3886897</OrderCode>
		<Specification>GFS</Specification>
		<PurchasePrice adj="N">138.8500</PurchasePrice>
		<CaseCost>138.8500</CaseCost>
		<PurchaseUOM>cs</PurchaseUOM>
		<CaseQty>4.000</CaseQty>
		<CaseUOM>can</CaseUOM>
		<PakQty>3.000</PakQty>
		<UnitCost>11.5708</UnitCost>
		<YieldFactor>1.0000</YieldFactor>
		<SupplierGroup id=""/>
		<TaxGroup id=""/>
		<BidPrice expires=""/>
	</CaseSize>
	<CaseSize Item="I-6026" current="N" acceptBids="Y">
		<Supplier id="13">CIOFFI&apos;S MEAT MARKET AND DELI</Supplier>
		<Description/>
		<Barcode/>
		<OrderCode>WS1318</OrderCode>
		<Specification>12 x 1.36 KG DIAMOND CRYSTAL</Specification>
		<PurchasePrice adj="N">77.9900</PurchasePrice>
		<CaseCost>77.9900</CaseCost>
		<PurchaseUOM>cs</PurchaseUOM>
		<CaseQty>12.000</CaseQty>
		<CaseUOM>box</CaseUOM>
		<PakQty>1000.000</PakQty>
		<UnitCost>0.0065</UnitCost>
		<YieldFactor>1.0000</YieldFactor>
		<SupplierGroup id=""/>
		<TaxGroup id=""/>
		<BidPrice expires=""/>
	</CaseSize>
	<CaseSize Item="I-6026" current="N" acceptBids="Y">
		<Supplier id="26">GORDON FOOD SERVICE (GFS)</Supplier>
		<Description/>
		<Barcode/>
		<OrderCode/>
		<Specification/>
		<PurchasePrice adj="N">32.3400</PurchasePrice>
		<CaseCost>32.3400</CaseCost>
		<PurchaseUOM>cs</PurchaseUOM>
		<CaseQty>12.000</CaseQty>
		<CaseUOM>pak</CaseUOM>
		<PakQty>3.000</PakQty>
		<UnitCost>0.8983</UnitCost>
		<YieldFactor>1.0000</YieldFactor>
		<SupplierGroup id=""/>
		<TaxGroup id=""/>
		<BidPrice expires=""/>
	</CaseSize>
	<CaseSize Item="I-6026" current="N" acceptBids="Y">
		<Supplier id="26">GORDON FOOD SERVICE (GFS)</Supplier>
		<Description>B/C = 1 SHAKER</Description>
		<Barcode/>
		<OrderCode/>
		<Specification>WINDSOR</Specification>
		<PurchasePrice adj="N">5.0000</PurchasePrice>
		<CaseCost>5.0000</CaseCost>
		<PurchaseUOM>ea</PurchaseUOM>
		<CaseQty>1.000</CaseQty>
		<CaseUOM>ea</CaseUOM>
		<PakQty>1.000</PakQty>
		<UnitCost>5.0000</UnitCost>
		<YieldFactor>1.0000</YieldFactor>
		<SupplierGroup id=""/>
		<TaxGroup id=""/>
		<BidPrice expires=""/>
	</CaseSize>
	<CaseSize Item="I-6026" current="N" acceptBids="Y">
		<Supplier id="26">GORDON FOOD SERVICE (GFS)</Supplier>
		<Description/>
		<Barcode/>
		<OrderCode>1274160</OrderCode>
		<Specification>WINDSOR</Specification>
		<PurchasePrice adj="N">100.5400</PurchasePrice>
		<CaseCost>100.5400</CaseCost>
		<PurchaseUOM>cs</PurchaseUOM>
		<CaseQty>16.320</CaseQty>
		<CaseUOM>Kg</CaseUOM>
		<PakQty>1000.000</PakQty>
		<UnitCost>0.0062</UnitCost>
		<YieldFactor>1.0000</YieldFactor>
		<SupplierGroup id=""/>
		<TaxGroup id=""/>
		<BidPrice expires=""/>
	</CaseSize>
	<CaseSize Item="I-6026" current="N" acceptBids="Y">
		<Supplier id="26">GORDON FOOD SERVICE (GFS)</Supplier>
		<Description/>
		<Barcode/>
		<OrderCode>1438913</OrderCode>
		<Specification/>
		<PurchasePrice adj="N">87.6100</PurchasePrice>
		<CaseCost>87.6100</CaseCost>
		<PurchaseUOM>cs</PurchaseUOM>
		<CaseQty>9.000</CaseQty>
		<CaseUOM>pak</CaseUOM>
		<PakQty>1360.000</PakQty>
		<UnitCost>0.0072</UnitCost>
		<YieldFactor>1.0000</YieldFactor>
		<SupplierGroup id=""/>
		<TaxGroup id=""/>
		<BidPrice expires=""/>
	</CaseSize>
	<CaseSize Item="I-6026" current="Y" acceptBids="Y">
		<Supplier id="26">GORDON FOOD SERVICE (GFS)</Supplier>
		<Description/>
		<Barcode>52.27</Barcode>
		<OrderCode>9362805</OrderCode>
		<Specification>WINDSOR</Specification>
		<PurchasePrice adj="N">51.6000</PurchasePrice>
		<CaseCost>51.6000</CaseCost>
		<PurchaseUOM>cs</PurchaseUOM>
		<CaseQty>16.320</CaseQty>
		<CaseUOM>Kg</CaseUOM>
		<PakQty>1000.000</PakQty>
		<UnitCost>0.0032</UnitCost>
		<YieldFactor>1.0000</YieldFactor>
		<SupplierGroup id=""/>
		<TaxGroup id=""/>
		<BidPrice expires=""/>
	</CaseSize>
	<CaseSize Item="I-6820" current="N" acceptBids="Y">
		<Supplier id="26">GORDON FOOD SERVICE (GFS)</Supplier>
		<Description/>
		<Barcode/>
		<OrderCode>1125732</OrderCode>
		<Specification/>
		<PurchasePrice adj="N">17.7900</PurchasePrice>
		<CaseCost>17.7900</CaseCost>
		<PurchaseUOM>cs</PurchaseUOM>
		<CaseQty>5.000</CaseQty>
		<CaseUOM>Kg</CaseUOM>
		<PakQty>1.000</PakQty>
		<UnitCost>3.5580</UnitCost>
		<YieldFactor>1.0000</YieldFactor>
		<SupplierGroup id=""/>
		<TaxGroup id=""/>
		<BidPrice expires=""/>
	</CaseSize>
	<CaseSize Item="I-6820" current="N" acceptBids="Y">
		<Supplier id="26">GORDON FOOD SERVICE (GFS)</Supplier>
		<Description/>
		<Barcode/>
		<OrderCode>1127370</OrderCode>
		<Specification>5 X 5 KG</Specification>
		<PurchasePrice adj="N">92.7900</PurchasePrice>
		<CaseCost>92.7900</CaseCost>
		<PurchaseUOM>cs</PurchaseUOM>
		<CaseQty>5.000</CaseQty>
		<CaseUOM>bag</CaseUOM>
		<PakQty>5.000</PakQty>
		<UnitCost>3.7116</UnitCost>
		<YieldFactor>1.0000</YieldFactor>
		<SupplierGroup id=""/>
		<TaxGroup id=""/>
		<BidPrice expires=""/>
	</CaseSize>
	<CaseSize Item="I-6820" current="Y" acceptBids="N">
		<Supplier id="26">GORDON FOOD SERVICE (GFS)</Supplier>
		<Description/>
		<Barcode/>
		<OrderCode>1432614</OrderCode>
		<Specification/>
		<PurchasePrice adj="N">26.8300</PurchasePrice>
		<CaseCost>26.8300</CaseCost>
		<PurchaseUOM>cs</PurchaseUOM>
		<CaseQty>5.000</CaseQty>
		<CaseUOM>Kg</CaseUOM>
		<PakQty>1.000</PakQty>
		<UnitCost>5.3660</UnitCost>
		<YieldFactor>1.0000</YieldFactor>
		<SupplierGroup id=""/>
		<TaxGroup id=""/>
		<BidPrice expires=""/>
	</CaseSize>
	<CaseSize Item="I-8060" current="N" acceptBids="N">
		<Supplier id="52">SAPUTO DAIRY PRODUCTS</Supplier>
		<Description/>
		<Barcode/>
		<OrderCode/>
		<Specification/>
		<PurchasePrice adj="N">4.9400</PurchasePrice>
		<CaseCost>4.9400</CaseCost>
		<PurchaseUOM>ea</PurchaseUOM>
		<CaseQty>1.000</CaseQty>
		<CaseUOM>ea</CaseUOM>
		<PakQty>454.000</PakQty>
		<UnitCost>0.0109</UnitCost>
		<YieldFactor>1.0000</YieldFactor>
		<SupplierGroup id=""/>
		<TaxGroup id=""/>
		<BidPrice expires=""/>
	</CaseSize>
	<CaseSize Item="I-8060" current="N" acceptBids="N">
		<Supplier id="52">SAPUTO DAIRY PRODUCTS</Supplier>
		<Description/>
		<Barcode/>
		<OrderCode>068700005039</OrderCode>
		<Specification/>
		<PurchasePrice adj="N">5.4600</PurchasePrice>
		<CaseCost>5.4600</CaseCost>
		<PurchaseUOM>un</PurchaseUOM>
		<CaseQty>1.000</CaseQty>
		<CaseUOM>un</CaseUOM>
		<PakQty>454.000</PakQty>
		<UnitCost>0.0120</UnitCost>
		<YieldFactor>1.0000</YieldFactor>
		<SupplierGroup id=""/>
		<TaxGroup id=""/>
		<BidPrice expires=""/>
	</CaseSize>
	<CaseSize Item="I-8060" current="Y" acceptBids="N">
		<Supplier id="52">SAPUTO DAIRY PRODUCTS</Supplier>
		<Description/>
		<Barcode/>
		<OrderCode>171435</OrderCode>
		<Specification/>
		<PurchasePrice adj="N">6.6200</PurchasePrice>
		<CaseCost>6.6200</CaseCost>
		<PurchaseUOM>un</PurchaseUOM>
		<CaseQty>1.000</CaseQty>
		<CaseUOM>ea</CaseUOM>
		<PakQty>454.000</PakQty>
		<UnitCost>0.0146</UnitCost>
		<YieldFactor>1.0000</YieldFactor>
		<SupplierGroup id=""/>
		<TaxGroup id=""/>
		<BidPrice expires=""/>
	</CaseSize>
	<CaseSize Item="I-8060" current="N" acceptBids="N">
		<Supplier id="52">SAPUTO DAIRY PRODUCTS</Supplier>
		<Description/>
		<Barcode/>
		<OrderCode>71562</OrderCode>
		<Specification/>
		<PurchasePrice adj="N">167.8600</PurchasePrice>
		<CaseCost>167.8600</CaseCost>
		<PurchaseUOM>cs</PurchaseUOM>
		<CaseQty>25.000</CaseQty>
		<CaseUOM>ea</CaseUOM>
		<PakQty>454.000</PakQty>
		<UnitCost>0.0148</UnitCost>
		<YieldFactor>1.0000</YieldFactor>
		<SupplierGroup id=""/>
		<TaxGroup id=""/>
		<BidPrice expires=""/>
	</CaseSize>
	<CaseSize Item="I-8060" current="N" acceptBids="Y">
		<Supplier id="52">SAPUTO DAIRY PRODUCTS</Supplier>
		<Description>25 x 454g /cs</Description>
		<Barcode/>
		<OrderCode>71984</OrderCode>
		<Specification>SAPUTO</Specification>
		<PurchasePrice adj="N">158.9400</PurchasePrice>
		<CaseCost>158.9400</CaseCost>
		<PurchaseUOM>cs</PurchaseUOM>
		<CaseQty>25.000</CaseQty>
		<CaseUOM>ea</CaseUOM>
		<PakQty>454.000</PakQty>
		<UnitCost>0.0140</UnitCost>
		<YieldFactor>1.0000</YieldFactor>
		<SupplierGroup id=""/>
		<TaxGroup id=""/>
		<BidPrice expires=""/>
	</CaseSize>
</CaseSizes>
