﻿<?xml version="1.0" encoding="UTF-8" standalone="yes"?>
<Ingredients>
	<Ingredient qty="225.000" uom="g" recipe="P-18907" invFactor="0.1837" conversion="0.00100000" ingredient="I-3643"/>
	<Ingredient qty="1000.000" uom="g" recipe="P-18907" invFactor="0.8163" conversion="1.00000000" ingredient="I-6026"/>
	<Ingredient qty="2.000" uom="Kg" recipe="P-25993" invFactor="0.2857" conversion="1000.00000000" ingredient="I-3642"/>
	<Ingredient qty="5.000" uom="Kg" recipe="P-25993" invFactor="0.7143" conversion="1000.00000000" ingredient="I-6026"/>
	<Ingredient qty="750.000" uom="ml" recipe="P-26020" invFactor="300.0000" conversion="0.00100000" ingredient="I-3388"/>
	<Ingredient qty="2.270" uom="Kg" recipe="P-26020" invFactor="0.9080" conversion="2.20462000" ingredient="I-4657"/>
	<Ingredient qty="1.000" uom="g" recipe="P-26076" invFactor="0.2000" conversion="0.00220462" ingredient="I-11215"/>
	<Ingredient qty="450.000" uom="g" recipe="P-26076" invFactor="90.0000" conversion="0.00100000" ingredient="I-14179"/>
	<Ingredient qty="285.000" uom="g" recipe="P-26076" invFactor="57.0000" conversion="0.00100000" ingredient="I-2141"/>
	<Ingredient qty="4.000" uom="L" recipe="P-26076" invFactor="0.8000" conversion="1.00000000" ingredient="I-2251"/>
	<Ingredient qty="225.000" uom="g" recipe="P-26076" invFactor="45.0000" conversion="0.00100000" ingredient="I-3291"/>
	<Ingredient qty="1.000" uom="g" recipe="P-26076" invFactor="0.2000" conversion="1.00000000" ingredient="I-3619"/>
	<Ingredient qty="225.000" uom="g" recipe="P-26076" invFactor="45.0000" conversion="0.00220462" ingredient="I-4745"/>
	<Ingredient qty="225.000" uom="g" recipe="P-26076" invFactor="45.0000" conversion="1.00000000" ingredient="I-8060"/>
	<Ingredient qty="5.000" uom="g" recipe="P-26076" invFactor="1.0000" conversion="1.00000000" ingredient="P-18907"/>
	<Ingredient qty="2.250" uom="Kg" recipe="P-26205" invFactor="2.0018" conversion="2.20462000" ingredient="I-4725"/>
	<Ingredient qty="100.000" uom="ml" recipe="P-26205" invFactor="88.9680" conversion="0.00100000" ingredient="I-6006"/>
	<Ingredient qty="5.000" uom="g" recipe="P-26205" invFactor="4.4484" conversion="1.00000000" ingredient="P-25993"/>
	<Ingredient qty="20.000" uom="L" recipe="P-33519" invFactor="1.0000" conversion="1.00000000" ingredient="I-2251"/>
	<Ingredient qty="50.000" uom="g" recipe="P-33519" invFactor="2.5000" conversion="1.00000000" ingredient="I-3619"/>
	<Ingredient qty="350.000" uom="g" recipe="P-33519" invFactor="17.5000" conversion="0.00220462" ingredient="I-4745"/>
	<Ingredient qty="360.000" uom="ml" recipe="P-33519" invFactor="18.0000" conversion="0.00100000" ingredient="P-50495"/>
	<Ingredient qty="2.000" uom="lb" recipe="P-33520" invFactor="0.2500" conversion="0.45359200" ingredient="I-2141"/>
	<Ingredient qty="20.000" uom="g" recipe="P-33520" invFactor="2.5000" conversion="1.00000000" ingredient="P-18907"/>
	<Ingredient qty="60.000" uom="g" recipe="P-33520" invFactor="7.5000" conversion="0.00100000" ingredient="P-26020"/>
	<Ingredient qty="8.000" uom="L" recipe="P-33520" invFactor="1.0000" conversion="1.00000000" ingredient="P-33519"/>
	<Ingredient qty="4.530" uom="Kg" recipe="P-45011" invFactor="0.5033" conversion="2.20462000" ingredient="I-3425"/>
	<Ingredient qty="10.000" uom="L" recipe="P-45011" invFactor="1.1111" conversion="1.00000000" ingredient="I-5983"/>
	<Ingredient qty="700.000" uom="g" recipe="P-50429" invFactor="1.5556" conversion="0.00220462" ingredient="I-4695"/>
	<Ingredient qty="1000.000" uom="ml" recipe="P-50495" invFactor="500.0000" conversion="0.00100000" ingredient="I-5983"/>
	<Ingredient qty="1000.000" uom="g" recipe="P-50495" invFactor="500.0000" conversion="0.00100000" ingredient="I-6820"/>
	<Ingredient qty="300.000" uom="ml" recipe="P-55515" invFactor="21.7391" conversion="0.00100000" ingredient="I-3388"/>
	<Ingredient qty="6.300" uom="Kg" recipe="P-55515" invFactor="0.4565" conversion="1.00000000" ingredient="I-5022"/>
	<Ingredient qty="50.000" uom="g" recipe="P-55515" invFactor="3.6232" conversion="1.00000000" ingredient="P-18907"/>
	<Ingredient qty="400.000" uom="g" recipe="P-55515" invFactor="28.9855" conversion="0.00100000" ingredient="P-26020"/>
	<Ingredient qty="9.000" uom="Kg" recipe="P-55515" invFactor="0.6522" conversion="2.20462000" ingredient="P-58359"/>
	<Ingredient qty="4.000" uom="Kg" recipe="P-55515" invFactor="0.2899" conversion="2.20462000" ingredient="P-9745"/>
	<Ingredient qty="500.000" uom="g" recipe="P-55516" invFactor="90.0901" conversion="0.00100000" ingredient="I-14179"/>
	<Ingredient qty="100.000" uom="g" recipe="P-55516" invFactor="18.0180" conversion="0.00100000" ingredient="I-2141"/>
	<Ingredient qty="500.000" uom="g" recipe="P-55516" invFactor="90.0901" conversion="0.00100000" ingredient="I-2146"/>
	<Ingredient qty="600.000" uom="g" recipe="P-55516" invFactor="108.1081" conversion="0.00220462" ingredient="I-3408"/>
	<Ingredient qty="2.250" uom="L" recipe="P-55516" invFactor="0.4054" conversion="1.00000000" ingredient="P-26076"/>
	<Ingredient qty="1.600" uom="Kg" recipe="P-55516" invFactor="0.2883" conversion="1.00000000" ingredient="P-55515"/>
	<Ingredient qty="1.880" uom="Kg" recipe="P-56952" invFactor="1.0000" conversion="1.00000000" ingredient="I-3690"/>
	<Ingredient qty="10.000" uom="lb" recipe="P-58359" invFactor="1.0000" conversion="1.00000000" ingredient="I-4731"/>
	<Ingredient qty="100.000" uom="g" recipe="P-61757" invFactor="50.0000" conversion="0.00100000" ingredient="I-11903"/>
	<Ingredient qty="50.000" uom="g" recipe="P-61757" invFactor="25.0000" conversion="0.00100000" ingredient="I-2656"/>
	<Ingredient qty="50.000" uom="g" recipe="P-61757" invFactor="25.0000" conversion="0.00220462" ingredient="I-3243"/>
	<Ingredient qty="100.000" uom="g" recipe="P-61757" invFactor="50.0000" conversion="0.00100000" ingredient="P-26205"/>
	<Ingredient qty="500.000" uom="ml" recipe="P-61757" invFactor="250.0000" conversion="0.00100000" ingredient="P-33520"/>
	<Ingredient qty="1.000" uom="Kg" recipe="P-61757" invFactor="0.5000" conversion="1.00000000" ingredient="P-45011"/>
	<Ingredient qty="20.000" uom="g" recipe="P-61757" invFactor="10.0000" conversion="1.00000000" ingredient="P-50429"/>
	<Ingredient qty="300.000" uom="g" recipe="P-61757" invFactor="150.0000" conversion="0.00100000" ingredient="P-56952"/>
	<Ingredient qty="50.000" uom="lb" recipe="P-9745" invFactor="1.0965" conversion="1.00000000" ingredient="I-17150"/>
	<Ingredient qty="1.000" uom="ea" recipe="R-41670" invFactor="1.0000" conversion="1.00000000" ingredient="I-41373"/>
	<Ingredient qty="1.000" uom="ea" recipe="R-41720" invFactor="1.0000" conversion="1.00000000" ingredient="I-41372"/>
	<Ingredient qty="1.000" uom="ea" recipe="R-41721" invFactor="1.0000" conversion="1.00000000" ingredient="I-41374"/>
	<Ingredient qty="1.000" uom="ea" recipe="R-41722" invFactor="1.0000" conversion="1.00000000" ingredient="I-41375"/>
	<Ingredient qty="1.000" uom="ea" recipe="R-41723" invFactor="1.0000" conversion="1.00000000" ingredient="I-41376"/>
	<Ingredient qty="1.000" uom="ea" recipe="R-41724" invFactor="1.0000" conversion="1.00000000" ingredient="I-41377"/>
	<Ingredient qty="115.000" uom="g" recipe="R-50825" invFactor="1.0000" conversion="0.00220462" ingredient="I-4914"/>
	<Ingredient qty="200.000" uom="g" recipe="R-61688" invFactor="1.0000" conversion="0.00100000" ingredient="P-55516"/>
	<Ingredient qty="3.000" uom="g" recipe="R-61758" invFactor="1.0000" conversion="1.00000000" ingredient="P-50429"/>
	<Ingredient qty="300.000" uom="g" recipe="R-61758" invFactor="1.0000" conversion="0.00100000" ingredient="P-61757"/>
</Ingredients>
