﻿<?xml version="1.0" encoding="UTF-8" standalone="yes"?>
<Preps>
	<Prep id="P-55515" active="Y" keyItem="N">
		<Description>FILLING|Lasagna|Spin Mush|23</Description>
		<Barcode/>
		<Cost>5.0403</Cost>
		<PakQty>13.800</PakQty>
		<PakUOM>Kg</PakUOM>
		<Comments/>
		<InventoryGroup id=""/>
		<SalesCategory id=""/>
		<IncomeAccount id="" ref="" type="" locked=""/>
		<Location id=""/>
	</Prep>
	<Prep id="P-55516" active="Y" keyItem="N">
		<Description>Lasagna|Spin Mushroom|23</Description>
		<Barcode/>
		<Cost>6.8958</Cost>
		<PakQty>5.550</PakQty>
		<PakUOM>Kg</PakUOM>
		<Comments/>
		<InventoryGroup id=""/>
		<SalesCategory id=""/>
		<IncomeAccount id="" ref="" type="" locked=""/>
		<Location id=""/>
	</Prep>
	<Prep id="P-25993" active="Y" keyItem="N">
		<Description>MIX|Salt and Pepper - FT</Description>
		<Barcode/>
		<Cost>12.4571</Cost>
		<PakQty>7.000</PakQty>
		<PakUOM>Kg</PakUOM>
		<Comments/>
		<InventoryGroup id=""/>
		<SalesCategory id=""/>
		<IncomeAccount id="" ref="" type="" locked=""/>
		<Location id="501">OK - FOOD TRUCK</Location>
	</Prep>
	<Prep id="P-18907" active="Y" keyItem="N">
		<Description>MIX|Salt&amp;Pepper</Description>
		<Barcode/>
		<Cost>0.0086</Cost>
		<PakQty>1225.000</PakQty>
		<PakUOM>g</PakUOM>
		<Comments/>
		<InventoryGroup id=""/>
		<SalesCategory id=""/>
		<IncomeAccount id="" ref="" type="" locked=""/>
		<Location id=""/>
	</Prep>
	<Prep id="P-61757" active="Y" keyItem="N">
		<Description>PASTA|Tuna Casserole</Description>
		<Barcode/>
		<Cost>7.3580</Cost>
		<PakQty>2.000</PakQty>
		<PakUOM>Kg</PakUOM>
		<Comments/>
		<InventoryGroup id=""/>
		<SalesCategory id=""/>
		<IncomeAccount id="" ref="" type="" locked=""/>
		<Location id=""/>
	</Prep>
	<Prep id="P-9745" active="Y" keyItem="N">
		<Description>PREP|Jumbo Onion</Description>
		<Barcode/>
		<Cost>1.7325</Cost>
		<PakQty>45.600</PakQty>
		<PakUOM>lb</PakUOM>
		<Comments/>
		<InventoryGroup id=""/>
		<SalesCategory id=""/>
		<IncomeAccount id="" ref="" type="" locked=""/>
		<Location id="449">OK - ARCHIVE</Location>
	</Prep>
	<Prep id="P-26020" active="Y" keyItem="Y">
		<Description>PUREE|Garlic|Kg - FT</Description>
		<Barcode/>
		<Cost>12.2277</Cost>
		<PakQty>2.500</PakQty>
		<PakUOM>Kg</PakUOM>
		<Comments>2 weeks</Comments>
		<InventoryGroup id="47">PREP</InventoryGroup>
		<SalesCategory id="2">Food</SalesCategory>
		<IncomeAccount id="14" ref="Gross Sales" type="I" locked="Y">Gross Sales</IncomeAccount>
		<Location id="500">OK - PROCESSED </Location>
	</Prep>
	<Prep id="P-33520" active="Y" keyItem="N">
		<Description>SAUCE|OK|Alfredo</Description>
		<Barcode/>
		<Cost>5.0102</Cost>
		<PakQty>8.000</PakQty>
		<PakUOM>L</PakUOM>
		<Comments/>
		<InventoryGroup id="299">ZDONT USE OK - PREP</InventoryGroup>
		<SalesCategory id="2">Food</SalesCategory>
		<IncomeAccount id="14" ref="Gross Sales" type="I" locked="Y">Gross Sales</IncomeAccount>
		<Location id="4">PREP</Location>
	</Prep>
	<Prep id="P-26076" active="Y" keyItem="Y">
		<Description>SAUCE|Signature Cheese </Description>
		<Barcode/>
		<Cost>5.0595</Cost>
		<PakQty>5.000</PakQty>
		<PakUOM>L</PakUOM>
		<Comments/>
		<InventoryGroup id="299">ZDONT USE OK - PREP</InventoryGroup>
		<SalesCategory id="2">Food</SalesCategory>
		<IncomeAccount id="14" ref="Gross Sales" type="I" locked="Y">Gross Sales</IncomeAccount>
		<Location id="449">OK - ARCHIVE</Location>
	</Prep>
	<Prep id="P-33519" active="Y" keyItem="Y">
		<Description>SAUCE|WhiteSauce</Description>
		<Barcode/>
		<Cost>2.2106</Cost>
		<PakQty>20.000</PakQty>
		<PakUOM>L</PakUOM>
		<Comments/>
		<InventoryGroup id="299">ZDONT USE OK - PREP</InventoryGroup>
		<SalesCategory id="2">Food</SalesCategory>
		<IncomeAccount id="14" ref="Gross Sales" type="I" locked="Y">Gross Sales</IncomeAccount>
		<Location id="449">OK - ARCHIVE</Location>
	</Prep>
	<Prep id="P-26205" active="Y" keyItem="Y">
		<Description>SAUTEED|Mushroom</Description>
		<Barcode/>
		<Cost>13.5106</Cost>
		<PakQty>1.124</PakQty>
		<PakUOM>Kg</PakUOM>
		<Comments/>
		<InventoryGroup id="47">PREP</InventoryGroup>
		<SalesCategory id="2">Food</SalesCategory>
		<IncomeAccount id="14" ref="Gross Sales" type="I" locked="Y">Gross Sales</IncomeAccount>
		<Location id="459">OK - STN - GRILL</Location>
	</Prep>
	<Prep id="P-58359" active="Y" keyItem="N">
		<Description>SLICED|Mushroom Foodservice</Description>
		<Barcode/>
		<Cost>1.2500</Cost>
		<PakQty>10.000</PakQty>
		<PakUOM>lb</PakUOM>
		<Comments/>
		<InventoryGroup id=""/>
		<SalesCategory id=""/>
		<IncomeAccount id="" ref="" type="" locked=""/>
		<Location id=""/>
	</Prep>
	<Prep id="P-50495" active="Y" keyItem="N">
		<Description>SLURRY|Cornstarch</Description>
		<Barcode/>
		<Cost>2.6830</Cost>
		<PakQty>2.000</PakQty>
		<PakUOM>L</PakUOM>
		<Comments/>
		<InventoryGroup id=""/>
		<SalesCategory id=""/>
		<IncomeAccount id="" ref="" type="" locked=""/>
		<Location id=""/>
	</Prep>
	<Prep id="P-56952" active="Y" keyItem="N">
		<Description>YIELD|Drained Tuna</Description>
		<Barcode/>
		<Cost>8.5585</Cost>
		<PakQty>1.880</PakQty>
		<PakUOM>Kg</PakUOM>
		<Comments/>
		<InventoryGroup id=""/>
		<SalesCategory id=""/>
		<IncomeAccount id="" ref="" type="" locked=""/>
		<Location id=""/>
	</Prep>
	<Prep id="P-50429" active="Y" keyItem="Y">
		<Description>YIELD|Italian Parsley|Herb</Description>
		<Barcode/>
		<Cost>0.0047</Cost>
		<PakQty>450.000</PakQty>
		<PakUOM>g</PakUOM>
		<Comments/>
		<InventoryGroup id="47">PREP</InventoryGroup>
		<SalesCategory id="2">Food</SalesCategory>
		<IncomeAccount id="14" ref="Gross Sales" type="I" locked="Y">Gross Sales</IncomeAccount>
		<Location id="500">OK - PROCESSED </Location>
	</Prep>
	<Prep id="P-45011" active="Y" keyItem="N">
		<Description>YIELD|Pasta|Egg Noodle</Description>
		<Barcode/>
		<Cost>2.8174</Cost>
		<PakQty>9.000</PakQty>
		<PakUOM>Kg</PakUOM>
		<Comments/>
		<InventoryGroup id=""/>
		<SalesCategory id=""/>
		<IncomeAccount id="" ref="" type="" locked=""/>
		<Location id=""/>
	</Prep>
</Preps>
