﻿<?xml version="1.0" encoding="UTF-8" standalone="yes"?>
<Prods>
	<Prod id="R-61688" active="Y" special="N">
		<Description>ALF|Pasta|Spin Mush Lasagna</Description>
		<Barcode/>
		<Cost>1.3792</Cost>
		<Comments/>
		<SalesGroup id="367">OK - AL FORNO</SalesGroup>
		<SalesCategory id="2">Food</SalesCategory>
		<IncomeAccount id="14" ref="Gross Sales" type="I" locked="Y">Gross Sales</IncomeAccount>
		<TaxGroup id=""/>
		<Price>0</Price>
		<PLU num="33730"/>
	</Prod>
	<Prod id="R-61758" active="Y" special="N">
		<Description>ALF|Pasta|Tuna Casserole</Description>
		<Barcode/>
		<Cost>2.2215</Cost>
		<Comments/>
		<SalesGroup id="367">OK - AL FORNO</SalesGroup>
		<SalesCategory id="2">Food</SalesCategory>
		<IncomeAccount id="14" ref="Gross Sales" type="I" locked="Y">Gross Sales</IncomeAccount>
		<TaxGroup id=""/>
		<Price>8.99</Price>
		<PLU num="33709"/>
	</Prod>
	<Prod id="R-41723" active="Y" special="N">
		<Description>ALF|Quiche| Mush. &amp; Jarl.</Description>
		<Barcode/>
		<Cost>3.4075</Cost>
		<Comments/>
		<SalesGroup id="367">OK - AL FORNO</SalesGroup>
		<SalesCategory id="2">Food</SalesCategory>
		<IncomeAccount id="14" ref="Gross Sales" type="I" locked="Y">Gross Sales</IncomeAccount>
		<TaxGroup id=""/>
		<Price>10.00</Price>
		<PLU num="24495">QUICHE MUSHROOM JARLSBERG</PLU>
	</Prod>
	<Prod id="R-41721" active="Y" special="N">
		<Description>ALF|Quiche| Onion &amp; Gruyere</Description>
		<Barcode/>
		<Cost>3.0750</Cost>
		<Comments/>
		<SalesGroup id="367">OK - AL FORNO</SalesGroup>
		<SalesCategory id="2">Food</SalesCategory>
		<IncomeAccount id="14" ref="Gross Sales" type="I" locked="Y">Gross Sales</IncomeAccount>
		<TaxGroup id=""/>
		<Price>10.00</Price>
		<PLU num="24493">QUICHE CARAMELIZED ONION GRUYERE</PLU>
	</Prod>
	<Prod id="R-41722" active="Y" special="N">
		<Description>ALF|Quiche|Broccoli Cheddar</Description>
		<Barcode/>
		<Cost>3.0750</Cost>
		<Comments/>
		<SalesGroup id="367">OK - AL FORNO</SalesGroup>
		<SalesCategory id="2">Food</SalesCategory>
		<IncomeAccount id="14" ref="Gross Sales" type="I" locked="Y">Gross Sales</IncomeAccount>
		<TaxGroup id=""/>
		<Price>10.00</Price>
		<PLU num="24494">QUICHE BROCOLLI CHEDDAR</PLU>
	</Prod>
	<Prod id="R-41670" active="Y" special="N">
		<Description>ALF|Quiche|Ham &amp; Cheddar </Description>
		<Barcode/>
		<Cost>3.2417</Cost>
		<Comments/>
		<SalesGroup id="367">OK - AL FORNO</SalesGroup>
		<SalesCategory id="2">Food</SalesCategory>
		<IncomeAccount id="14" ref="Gross Sales" type="I" locked="Y">Gross Sales</IncomeAccount>
		<TaxGroup id=""/>
		<Price>10.00</Price>
		<PLU num="24492">QUICHE HAM AND CHEDDAR</PLU>
	</Prod>
	<Prod id="R-41720" active="Y" special="N">
		<Description>ALF|Red Pep. &amp; Goat</Description>
		<Barcode/>
		<Cost>3.0750</Cost>
		<Comments/>
		<SalesGroup id="367">OK - AL FORNO</SalesGroup>
		<SalesCategory id="2">Food</SalesCategory>
		<IncomeAccount id="14" ref="Gross Sales" type="I" locked="Y">Gross Sales</IncomeAccount>
		<TaxGroup id=""/>
		<Price>10.00</Price>
		<PLU num="24491">QUICHE RED PEPPER GOAT CHEESE</PLU>
	</Prod>
	<Prod id="R-50825" active="Y" special="N">
		<Description>ALF|Sweet Potato</Description>
		<Barcode/>
		<Cost>0.3473</Cost>
		<Comments/>
		<SalesGroup id="367">OK - AL FORNO</SalesGroup>
		<SalesCategory id="2">Food</SalesCategory>
		<IncomeAccount id="14" ref="Gross Sales" type="I" locked="Y">Gross Sales</IncomeAccount>
		<TaxGroup id=""/>
		<Price>1.99</Price>
		<PLU num="28890">Baked Sweet Potato</PLU>
	</Prod>
	<Prod id="R-41724" active="Y" special="N">
		<Description>ALF|Tourtiere Pie</Description>
		<Barcode/>
		<Cost>3.7000</Cost>
		<Comments/>
		<SalesGroup id="367">OK - AL FORNO</SalesGroup>
		<SalesCategory id="2">Food</SalesCategory>
		<IncomeAccount id="14" ref="Gross Sales" type="I" locked="Y">Gross Sales</IncomeAccount>
		<TaxGroup id=""/>
		<Price>10.00</Price>
		<PLU num="24496">PIE TOURTIERE</PLU>
	</Prod>
</Prods>
