﻿<?xml version="1.0" encoding="UTF-8" standalone="yes"?>
<Recipes>
	<Recipe id="P-9745" image="">***COOKS AND CHEFS, PLEASE READ THE ENTIRE RECIPE BEFORE BEGINNING- THIS IS A RECOMMENDED STEP WI Johnny
TH EVERY PRODUCT WE EVER PRODUCE- THANK YOU***

Related Products this prep gets used in:

Allergens: (to be filled out by nutrition)
Method:
1.
2.
3.
-cool, store, label and rotated this item with older product correctly and diligently 

Portioning:

Utensils needed:
</Recipe>
	<Recipe id="P-25993" image="">1) Combine and mix well

2) Place in appropriate sized container, lable and date.</Recipe>
	<Recipe id="P-26020" image="">1. Puree garlic in batches in robot coupe
2. Mix in garlic</Recipe>
	<Recipe id="P-26076" image="">1. Combine onion, bay leaf and cloves in cheese cloth, tie up tight.

2. Place milk and cheese cloth bundle in large sauce pot. Bring to a simmer, then turn off heat. Allow to infuse for 10 minutes

3. Remove cheese cloth bundle. Keep warm

4. Add butter to clean sauce rondeau. Melt butter until it starts generating bubbles, cook until bubbles stop and water is cooked out.

5. Take butter off heat and add flour, a little at a time until smooth and white roux forms.

6. Add milk while still off heat a little at a time being sure to incorporate, well, with whisk before adding more milk.

7. Add bechamel back into medium low heat until it simmers. Allow to simmer, stirring frequently with spatula (ensure to scrape bottom, the flour loves to stick to the bottom of the pan!) for 15-20  minutes.

8. Add salt &amp; pepper mix, parm, and mozzarella. Stir well until evenly incorporated.

9. Allow to cool in appropriate vessel. Label, date and refrigerate
</Recipe>
	<Recipe id="P-26205" image="">1)  In a large saute pan or rondeau and working in batches, heat oil over medium high heat.  Add about 1/3 of the oil and allow to get hot.  Add an appropriate amount of mushrooms so as to not overcrowd the rondeau. Add some seasoning as the mushrooms are beginning to brown.  Taste for seasoning.

2)  Allow to cool on flat tray. Reserve for service or if using later, label, date, refrigerate.</Recipe>
	<Recipe id="P-33519" image="">1)  Combine milk, onion and bay leaf in large steam kettle.  Bring to a simmer.  Lower heat and allow onion and bay leaf to steep in liquid for 20 minutes.  

2)  Bring milk back up to a simmer and add corn starch slurry as per recipe.  

3)  Strain thickened liquid and label, date, refrigerate.

</Recipe>
	<Recipe id="P-33520" image="">1)  Combine white sauce, salt and pepper and garlic.  Bring to a simmer and allow flavours to infuse, about 5 minutes.  

2)  Add parmesan cheese and taste for seasoning.

3)  Hold for service, or label, date, refrigerate.

Allergens:

Milk/Dairy</Recipe>
	<Recipe id="R-41722" image=""/>
	<Recipe id="P-45011" image="">1)  Put strainer in the kettle.  If you don&apos;t know what it looks like, ask someone.  If you can&apos;t find it, ask a dishwasher.  You will regret life if you do not do this step.  Trust me.

2)  In large kettle, bring water to a boil.  

3)  Add egg noodles and turn heat down by half.  Simmer egg noodles for 3-5 minutes or until al dente.  

4)  Drain water.  When water is completely drained, add cold water back into pot along with 3 grey lugs of ice.  Until pasta is completely covered.  mix gently.  

5)  Drain water and repeat step 4.  It&apos;s very important to stir the pasta gently to ensure that it is cooled throughout, especially when making large batches.

6)  Strain water again and add cooked pasta to appropriate vesself for storage.  Add a small amount of oil and stir into noodles to avoid having them stick.</Recipe>
	<Recipe id="P-50429" image="">***COOKS AND CHEFS, PLEASE READ THE ENTIRE RECIPE BEFORE BEGINNING- THIS IS A RECOMMENDED STEP WITH EVERY PRODUCT WE EVER PRODUCE- THANK YOU***
Amanda

Related Products this prep gets used in:

Allergens: (to be filled out by nutrition)
Method:

1.Remove the thickest parts of the stems (reserve for stock if necessary/possible)

2. using a sharp knife, lightly roll the parsley together in a bundle and slice through (chiffinade) continue this until parsley is fine. always use a slicing mottion rather than a chopping motion on soft herbs to prevent bruising.

3. Store in an apropriate size insert/cambro with a pice of paper towel at the bottom to wick away any moisture.

*Cool, store, label and rotated this item with older product correctly and diligently 






</Recipe>
	<Recipe id="P-50495" image="">Mixed in a cold water before used. </Recipe>
	<Recipe id="R-50825" image="">1) Roast Sweet Potato in oven at 350 for 35
 minutes or until potatoes are cooked through.

2) Place in bag and put on hot plate for grab and go alforno items.</Recipe>
	<Recipe id="P-55515" image="">IT IS VERY IMPORTANT SPINACH IS TOTALLY DEFROSTED AND AS MUCH LIQUID HAS BEEN SQUEEZED OUT.

1) In a large pan add oil over medium heat and sweat onion until soft.

2) Add garlic and sweat 1-2 minutes until fragrant.

3) Add mushrooms and cook until most of their liquid has been released.

4) Add spinach and stir to combine ensuring most of liquid in spinach has been released.

5) Season to taste.</Recipe>
	<Recipe id="P-55516" image="">***COOKS AND CHEFS, PLEASE READ THE ENTIRE RECIPE BEFORE BEGINNING- THIS IS A RECOMMENDED STEP WITH EVERY PRODUCT WE EVER PRODUCE- THANK YOU***

1) Spread a small amount of cheese sauce on bottom of 2&quot; hotel pans.

2) Spread lasagna noodles evenly.

3) Add mushroom/ spinach mixture then ricotta.

4) Add another layer of noodles.

5) Add sauce and more vegetable mixture.

6) Add noodles/ sauce.

7) Top with mozzarella and parmesan.

8) Bake uncovered in a 300 F oven for 45 mins. Ensure noodles are cooked and internal temperature is between 160-165 F.

Build in this order:
Bottom: 3-cheese sauce 750ml
            Noodles 8
            Mushroom/ Spinach mix 800g
            Ricotta 500g
            Noodles 8
            3-cheese sauce 750ml
            Mushroom/ Spinach mix 800g
            Noodles 8
            3-cheese sauce 750ml
            Mozzarella 500g
            Parmesan 100g
If building ahead of time, add mozza/parm before baking.</Recipe>
	<Recipe id="P-61757" image="">PREP RECIPE
***COOKS AND CHEFS, PLEASE READ THE ENTIRE RECIPE BEFORE BEGINNING- THIS IS A RECOMMENDED STEP WITH EVERY PRODUCT WE PRODUCE- THANK YOU***

Related Products this prep is used in:

Allergens: (to be filled out by nutrition)
Method:
1. In a large mixing bowl add cooked pasta, drained tuna, cooked mushrooms, peas, parsley &amp; aged cheddar cheese.
2. Mix well and transfer to shallow hotel pans.
3. Top with bread crumbs.

Cool, label and store.
Rotate this item with older product.
Portioning:

Utensils needed:
</Recipe>
</Recipes>
