ConversionId,ConvertToQty,ConvertToUom,Category,CO2 Emission (g CO2),Nitrogen Lost (g),Land Use (m^2),Water Withdrawals (mL),PrepId,Total CO2 Emission (g),Total Nitrogen Emission (g),Total Freshwater Withdrawals (mL),Total Land Use (m^2),Weight (g),GHG Emission (g) / 100g,N lost (g) / 100g,Stress-Weighted Water Use (L) / 100g,Land Use (m^2) / 100g,GHG Emission (g) / g,N lost (g) / g,Stress-Weighted Water Use (L) / g,Land Use (m^2) / g
I-0,1000.0,g,38,0.3062,0.0079,0.00032,9.9,P-0,306.20000000000005,7.9,9900.0,0.32,2000.0,15.310000000000002,0.395,0.49500000000000005,0.016,0.1531,0.00395,0.00495,0.00016
I-2,1.0,g,55,0.0,0.0,0.0,1.0,P-1,0.0,0.0,1.0,0.0,6306.92,0.0,0.0,1.5855599880765887e-05,0.0,0.0,0.0,1.5855599880765889e-07,0.0
I-77,5000.0,g,55,0.0,0.0,0.0,1.0,P-14,0.0,0.0,5000.0,0.0,7130.0,0.0,0.0,0.07012622720897616,0.0,0.0,0.0,0.0007012622720897616,0.0
I-95,100.0,g,55,0.0,0.0,0.0,1.0,P-17,0.0,0.0,100.0,0.0,570.0,0.0,0.0,0.01754385964912281,0.0,0.0,0.0,0.00017543859649122808,0.0
I-1,1000.0,g,55,0.0,0.0,0.0,1.0,P-0,0.0,0.0,1000.0,0.0,2000.0,0.0,0.0,0.05,0.0,0.0,0.0,0.0005,0.0
I-6,30.0,g,37,0.6932,0.0079,0.00016,77.0,P-1,20.796,0.23700000000000002,2310.0,0.0048000000000000004,6306.92,0.3297330551204074,0.003757777171741516,0.03662643572456921,7.610687942767628e-05,0.003297330551204074,3.757777171741516e-05,0.00036626435724569206,7.610687942767627e-07
I-17,30.0,g,37,0.6932,0.0079,0.00016,77.0,P-3,20.796,0.23700000000000002,2310.0,0.0048000000000000004,585.0,3.5548717948717945,0.04051282051282051,0.3948717948717949,0.0008205128205128206,0.035548717948717945,0.00040512820512820515,0.003948717948717949,8.205128205128205e-06
I-134,300.0,g,37,0.6932,0.0079,0.00016,77.0,P-24,207.96,2.37,23100.0,0.048,2455.0,8.470875763747454,0.09653767820773931,0.9409368635437882,0.001955193482688391,0.08470875763747454,0.0009653767820773931,0.009409368635437882,1.9551934826883912e-05
I-37,80.51265,g,37,0.6932,0.0079,0.00016,77.0,P-7,55.81136898,0.6360499350000001,6199.47405,0.012882024,2860.45265,1.9511376627751553,0.02223598894391767,0.21673052514957725,0.0004503491431679528,0.019511376627751553,0.0002223598894391767,0.0021673052514957726,4.503491431679528e-06
I-7,45.0,g,58,0.0,0.00675,0.0,20.225,P-1,0.0,0.30375,910.1250000000001,0.0,6306.92,0.0,0.004816138463782639,0.014430577841482056,0.0,0.0,4.816138463782639e-05,0.00014430577841482057,0.0
I-14,20.0,ml,58,0.0,0.00675,0.0,20.225,P-3,0.0,0.135,404.5,0.0,585.0,0.0,0.023076923076923078,0.06914529914529915,0.0,0.0,0.0002307692307692308,0.0006914529914529915,0.0
I-20,2724.0,g,58,0.0,0.00675,0.0,20.225,P-4,0.0,18.387,55092.9,0.0,14759.0,0.0,0.12458161122027238,0.37328342028592726,0.0,0.0,0.0012458161122027237,0.0037328342028592723,0.0
I-30,2.84,ml,58,0.0,0.00675,0.0,20.225,P-7,0.0,0.01917,57.439,0.0,2860.45265,0.0,0.0006701736524112713,0.0020080388325952533,0.0,0.0,6.701736524112713e-06,2.0080388325952534e-05,0.0
I-68,5.0,g,58,0.0,0.00675,0.0,20.225,P-12,0.0,0.03375,101.125,0.0,3764.5,0.0,0.0008965334041705407,0.0026862797184221015,0.0,0.0,8.965334041705407e-06,2.6862797184221014e-05,0.0
I-69,17.0,g,58,0.0,0.00675,0.0,20.225,P-12,0.0,0.11475,343.82500000000005,0.0,3764.5,0.0,0.003048213574179838,0.009133351042635145,0.0,0.0,3.048213574179838e-05,9.133351042635146e-05,0.0
I-72,300.0,g,58,0.0,0.00675,0.0,20.225,P-13,0.0,2.025,6067.5,0.0,3301.0,0.0,0.06134504695546804,0.18380793698879128,0.0,0.0,0.0006134504695546804,0.0018380793698879127,0.0
I-83,750.0,ml,58,0.0,0.00675,0.0,20.225,P-16,0.0,5.0625,15168.750000000002,0.0,4750.0,0.0,0.10657894736842105,0.3193421052631579,0.0,0.0,0.0010657894736842105,0.0031934210526315793,0.0
I-89,600.0,g,58,0.0,0.00675,0.0,20.225,P-16,0.0,4.05,12135.0,0.0,4750.0,0.0,0.08526315789473685,0.25547368421052635,0.0,0.0,0.0008526315789473684,0.0025547368421052633,0.0
I-90,350.0,ml,58,0.0,0.00675,0.0,20.225,P-16,0.0,2.3625,7078.750000000001,0.0,4750.0,0.0,0.049736842105263156,0.1490263157894737,0.0,0.0,0.0004973684210526315,0.0014902631578947371,0.0
I-118,45.0,ml,58,0.0,0.00675,0.0,20.225,P-22,0.0,0.30375,910.1250000000001,0.0,18013.899999999998,0.0,0.0016861978805255947,0.005052348464241504,0.0,0.0,1.6861978805255946e-05,5.052348464241504e-05,0.0
I-140,10.0,g,58,0.0,0.00675,0.0,20.225,P-25,0.0,0.0675,202.25,0.0,2632.3387000000002,0.0,0.002564259682844005,0.007683281790447407,0.0,0.0,2.564259682844005e-05,7.683281790447407e-05,0.0
I-48,170.09699999999998,g,58,0.0,0.00675,0.0,20.225,P-9,0.0,1.1481547499999998,3440.211825,0.0,460.142,0.0,0.24952183239087058,0.747641342237831,0.0,0.0,0.002495218323908706,0.00747641342237831,0.0
I-133,300.0,g,58,0.0,0.00675,0.0,20.225,P-24,0.0,2.025,6067.5,0.0,2455.0,0.0,0.08248472505091649,0.24714867617107944,0.0,0.0,0.0008248472505091649,0.0024714867617107944,0.0
I-8,15.0,g,31,0.4306,0.0027,0.00071,3.5,P-1,6.459,0.0405,52.5,0.01065,6306.92,0.10241131962986687,0.0006421517951710185,0.0008324189937402092,0.0001688621387301567,0.0010241131962986686,6.421517951710185e-06,8.324189937402092e-06,1.688621387301567e-06
I-18,15.0,g,31,0.4306,0.0027,0.00071,3.5,P-3,6.459,0.0405,52.5,0.01065,585.0,1.104102564102564,0.006923076923076924,0.008974358974358974,0.0018205128205128205,0.01104102564102564,6.923076923076924e-05,8.974358974358974e-05,1.8205128205128204e-05
I-98,200.0,g,31,0.4306,0.0027,0.00071,3.5,P-19,86.11999999999999,0.54,700.0,0.14200000000000002,985.8,8.736051937512679,0.054777845404747415,0.07100831811726517,0.014404544532359507,0.08736051937512679,0.0005477784540474742,0.0007100831811726517,0.00014404544532359506
I-99,200.0,g,31,0.4306,0.0027,0.00071,3.5,P-19,86.11999999999999,0.54,700.0,0.14200000000000002,985.8,8.736051937512679,0.054777845404747415,0.07100831811726517,0.014404544532359507,0.08736051937512679,0.0005477784540474742,0.0007100831811726517,0.00014404544532359506
I-100,200.0,g,31,0.4306,0.0027,0.00071,3.5,P-19,86.11999999999999,0.54,700.0,0.14200000000000002,985.8,8.736051937512679,0.054777845404747415,0.07100831811726517,0.014404544532359507,0.08736051937512679,0.0005477784540474742,0.0007100831811726517,0.00014404544532359506
I-117,15.0,g,31,0.4306,0.0027,0.00071,3.5,P-22,6.459,0.0405,52.5,0.01065,18013.899999999998,0.03585564480762079,0.00022482638407007925,0.00029144160897973234,5.912101210731713e-05,0.00035855644807620787,2.2482638407007925e-06,2.9144160897973234e-06,5.912101210731713e-07
I-132,200.0,g,31,0.4306,0.0027,0.00071,3.5,P-24,86.11999999999999,0.54,700.0,0.14200000000000002,2455.0,3.507942973523421,0.0219959266802444,0.028513238289205697,0.005784114052953157,0.03507942973523421,0.000219959266802444,0.000285132382892057,5.784114052953157e-05
I-136,500.0,g,31,0.4306,0.0027,0.00071,3.5,P-24,215.29999999999998,1.35,1750.0,0.355,2455.0,8.769857433808554,0.054989816700611004,0.07128309572301426,0.014460285132382893,0.08769857433808553,0.0005498981670061101,0.0007128309572301426,0.00014460285132382892
I-144,30.0,g,31,0.4306,0.0027,0.00071,3.5,P-25,12.918,0.081,105.0,0.0213,2632.3387000000002,0.49074231974783483,0.0030771116194128058,0.003988848395535117,0.0008091663888085525,0.004907423197478348,3.077111619412806e-05,3.988848395535118e-05,8.091663888085525e-06
I-9,16329.312,g,20,1.7542,0.005900000000000001,0.0041400000000000005,6.6,P-2,28644.8791104,96.34294080000001,107773.4592,67.60335168,17579.311999999998,162.94653118620343,0.5480472773906055,0.6130698357250841,0.3845619878639165,1.6294653118620344,0.005480472773906056,0.006130698357250841,0.0038456198786391647
I-112,17579.3,g,20,1.7542,0.005900000000000001,0.0041400000000000005,6.6,P-22,30837.60806,103.71787,116023.37999999999,72.77830200000001,18013.899999999998,171.1878497160526,0.5757657697666803,0.6440769627898456,0.40401191302272144,1.711878497160526,0.005757657697666803,0.006440769627898456,0.004040119130227214
I-10,1000.0,g,26,4.2854,0.012199999999999999,0.00692,1823.3,P-2,4285.400000000001,12.2,1823300.0,6.92,17579.311999999998,24.37751830105752,0.06939975807926954,10.37185072999444,0.03936445294332338,0.2437751830105752,0.0006939975807926954,0.1037185072999444,0.0003936445294332338
I-97,15.0,g,26,4.2854,0.012199999999999999,0.00692,1823.3,P-18,64.281,0.183,27349.5,0.1038,135.0,47.61555555555556,0.13555555555555557,20.258888888888887,0.0768888888888889,0.4761555555555556,0.0013555555555555556,0.20258888888888887,0.0007688888888888889
I-11,250.0,g,56,0.44,0.0,0.0,0.0,P-2,110.0,0.0,0.0,0.0,17579.311999999998,0.6257355236655451,0.0,0.0,0.0,0.006257355236655451,0.0,0.0,0.0
I-56,150.0,g,56,0.44,0.0,0.0,0.0,P-10,66.0,0.0,0.0,0.0,21641.64,0.30496764570522383,0.0,0.0,0.0,0.0030496764570522384,0.0,0.0,0.0
I-70,30.0,g,56,0.44,0.0,0.0,0.0,P-12,13.2,0.0,0.0,0.0,3764.5,0.350644175853367,0.0,0.0,0.0,0.00350644175853367,0.0,0.0,0.0
I-78,100.0,g,56,0.44,0.0,0.0,0.0,P-14,44.0,0.0,0.0,0.0,7130.0,0.6171107994389902,0.0,0.0,0.0,0.0061711079943899015,0.0,0.0,0.0
I-93,10.0,g,56,0.44,0.0,0.0,0.0,P-17,4.4,0.0,0.0,0.0,570.0,0.7719298245614036,0.0,0.0,0.0,0.0077192982456140355,0.0,0.0,0.0
I-104,30.0,g,56,0.44,0.0,0.0,0.0,P-19,13.2,0.0,0.0,0.0,985.8,1.3390139987827145,0.0,0.0,0.0,0.013390139987827145,0.0,0.0,0.0
I-126,73.0,g,56,0.44,0.0,0.0,0.0,P-23,32.12,0.0,0.0,0.0,20444.0,0.1571121111328507,0.0,0.0,0.0,0.001571121111328507,0.0,0.0,0.0
I-146,5.0,g,56,0.44,0.0,0.0,0.0,P-25,2.2,0.0,0.0,0.0,2632.3387000000002,0.08357587114454534,0.0,0.0,0.0,0.0008357587114454535,0.0,0.0,0.0
I-16,10.0,g,39,0.3015,0.0079,0.00053,1.9,P-3,3.0149999999999997,0.07900000000000001,19.0,0.0053,585.0,0.5153846153846153,0.013504273504273507,0.003247863247863248,0.0009059829059829059,0.005153846153846153,0.00013504273504273508,3.247863247863248e-05,9.05982905982906e-06
I-27,750.0,g,39,0.3015,0.0079,0.00053,1.9,P-6,226.125,5.925000000000001,1425.0,0.39749999999999996,2500.0,9.045,0.23700000000000002,0.056999999999999995,0.015899999999999997,0.09045,0.00237,0.00057,0.000159
I-28,250.0,g,39,0.3015,0.0079,0.00053,1.9,P-6,75.375,1.975,475.0,0.1325,2500.0,3.015,0.079,0.019,0.0053,0.03015,0.00079,0.00018999999999999998,5.3e-05
I-32,120.0,g,39,0.3015,0.0079,0.00053,1.9,P-7,36.18,0.9480000000000001,228.0,0.0636,2860.45265,1.264834780607188,0.03314160785007226,0.007970766444954088,0.0022234243241187716,0.01264834780607188,0.0003314160785007226,7.970766444954088e-05,2.2234243241187718e-05
I-34,2.1,g,39,0.3015,0.0079,0.00053,1.9,P-7,0.63315,0.016590000000000004,3.9899999999999998,0.001113,2860.45265,0.022134608660625794,0.0005799781373762646,0.0001394884127866965,3.890992567207851e-05,0.00022134608660625792,5.7997813737626465e-06,1.3948841278669652e-06,3.890992567207851e-07
I-45,5.0,g,39,0.3015,0.0079,0.00053,1.9,P-8,1.5074999999999998,0.03950000000000001,9.5,0.00265,260.0,0.5798076923076922,0.015192307692307694,0.003653846153846154,0.0010192307692307692,0.005798076923076922,0.00015192307692307695,3.653846153846154e-05,1.0192307692307692e-05
I-61,2267.96,g,39,0.3015,0.0079,0.00053,1.9,P-11,683.78994,17.916884000000003,4309.124,1.2020188,6267.96,10.909290103957268,0.28584872909208103,0.06874842851581695,0.019177193217569992,0.10909290103957268,0.0028584872909208103,0.0006874842851581695,0.00019177193217569992
I-66,175.0,g,39,0.3015,0.0079,0.00053,1.9,P-12,52.762499999999996,1.3825,332.5,0.09275,3764.5,1.4015805551866116,0.03672466463009696,0.008832514278124586,0.0024638066144242266,0.014015805551866116,0.0003672466463009696,8.832514278124586e-05,2.4638066144242265e-05
I-82,450.0,g,39,0.3015,0.0079,0.00053,1.9,P-16,135.67499999999998,3.555,855.0,0.2385,4750.0,2.8563157894736837,0.0748421052631579,0.018,0.005021052631578947,0.02856315789473684,0.000748421052631579,0.00017999999999999998,5.021052631578947e-05
I-86,100.0,g,39,0.3015,0.0079,0.00053,1.9,P-16,30.15,0.79,190.0,0.053,4750.0,0.6347368421052632,0.016631578947368424,0.004,0.0011157894736842104,0.006347368421052631,0.00016631578947368423,4e-05,1.1157894736842105e-05
I-94,30.0,g,39,0.3015,0.0079,0.00053,1.9,P-17,9.045,0.23700000000000002,57.0,0.0159,570.0,1.586842105263158,0.041578947368421056,0.01,0.0027894736842105266,0.01586842105263158,0.0004157894736842106,0.0001,2.7894736842105266e-05
I-101,200.0,g,39,0.3015,0.0079,0.00053,1.9,P-19,60.3,1.58,380.0,0.106,985.8,6.116859403530127,0.16027591803611282,0.03854737269222966,0.010752688172043012,0.061168594035301276,0.0016027591803611282,0.0003854737269222966,0.00010752688172043011
I-123,320.0,g,39,0.3015,0.0079,0.00053,1.9,P-23,96.47999999999999,2.5280000000000005,608.0,0.1696,20444.0,0.47192330268049304,0.012365486206221877,0.002973977695167286,0.000829583251809822,0.00471923302680493,0.00012365486206221876,2.973977695167286e-05,8.29583251809822e-06
I-130,100.0,g,39,0.3015,0.0079,0.00053,1.9,P-24,30.15,0.79,190.0,0.053,2455.0,1.2281059063136455,0.03217922606924643,0.007739307535641548,0.0021588594704684315,0.012281059063136455,0.00032179226069246436,7.739307535641548e-05,2.1588594704684316e-05
I-142,30.0,g,39,0.3015,0.0079,0.00053,1.9,P-25,9.045,0.23700000000000002,57.0,0.0159,2632.3387000000002,0.3436107975010966,0.00900340066420784,0.002165374843290493,0.0006040256141810322,0.003436107975010966,9.003400664207839e-05,2.165374843290493e-05,6.040256141810322e-06
I-143,5.0,g,39,0.3015,0.0079,0.00053,1.9,P-25,1.5074999999999998,0.03950000000000001,9.5,0.00265,2632.3387000000002,0.05726846625018277,0.0015005667773679734,0.0003608958072150821,0.0001006709356968387,0.0005726846625018277,1.5005667773679734e-05,3.608958072150821e-06,1.006709356968387e-06
I-21,12000.0,g,8,6.9824,0.028079999999999997,0.0078,28.08,P-4,83788.8,336.96,336960.0,93.6,14759.0,567.7132597059422,2.28308150958737,2.28308150958737,0.6341893082187139,5.677132597059422,0.022830815095873702,0.022830815095873702,0.006341893082187139
I-44,30.0,g,8,6.9824,0.028079999999999997,0.0078,28.08,P-8,209.472,0.8423999999999999,842.4,0.23399999999999999,260.0,80.56615384615385,0.32399999999999995,0.32399999999999995,0.09,0.8056615384615385,0.00324,0.00324,0.0009
I-51,5.0,g,8,6.9824,0.028079999999999997,0.0078,28.08,P-9,34.912,0.1404,140.39999999999998,0.039,460.142,7.587223074616096,0.030512320109879122,0.03051232010987912,0.008475644474966423,0.07587223074616097,0.00030512320109879124,0.0003051232010987912,8.475644474966423e-05
I-73,3000.0,g,8,6.9824,0.028079999999999997,0.0078,28.08,P-13,20947.2,84.24,84240.0,23.4,3301.0,634.5713420175705,2.5519539533474704,2.5519539533474704,0.7088760981520751,6.345713420175705,0.025519539533474703,0.025519539533474703,0.0070887609815207505
I-119,2000.0,g,8,6.9824,0.028079999999999997,0.0078,28.08,P-23,13964.800000000001,56.16,56160.0,15.6,20444.0,68.30757190373704,0.2747016239483467,0.2747016239483467,0.07630600665231853,0.6830757190373704,0.002747016239483467,0.002747016239483467,0.0007630600665231853
I-23,250.0,g,54,9.3703,0.00675,0.031,24.9,P-5,2342.5750000000003,1.6875,6225.0,7.75,1000.0,234.2575,0.16875,0.6224999999999999,0.775,2.342575,0.0016875,0.006225,0.00775
I-24,50.0,g,54,9.3703,0.00675,0.031,24.9,P-5,468.515,0.3375,1245.0,1.55,1000.0,46.851499999999994,0.03375,0.1245,0.155,0.46851499999999996,0.0003375,0.001245,0.00155
I-25,600.0,g,54,9.3703,0.00675,0.031,24.9,P-5,5622.18,4.05,14940.0,18.6,1000.0,562.2180000000001,0.40499999999999997,1.494,1.86,5.62218,0.00405,0.01494,0.018600000000000002
I-35,18.0,g,54,9.3703,0.00675,0.031,24.9,P-7,168.6654,0.1215,448.2,0.558,2860.45265,5.89645838045947,0.004247579487113691,0.01566884877468606,0.019507402088966584,0.058964583804594704,4.247579487113691e-05,0.0001566884877468606,0.00019507402088966583
I-46,1.0,g,54,9.3703,0.00675,0.031,24.9,P-8,9.3703,0.00675,24.9,0.031,260.0,3.6039615384615384,0.002596153846153846,0.009576923076923077,0.011923076923076923,0.036039615384615385,2.596153846153846e-05,9.576923076923076e-05,0.00011923076923076923
I-57,30.0,g,54,9.3703,0.00675,0.031,24.9,P-10,281.10900000000004,0.20249999999999999,747.0,0.9299999999999999,21641.64,1.2989265138871178,0.0009356961856864821,0.0034516792627545785,0.004297271371300881,0.012989265138871178,9.356961856864822e-06,3.4516792627545785e-05,4.2972713713008806e-05
I-84,150.0,g,54,9.3703,0.00675,0.031,24.9,P-16,1405.545,1.0125,3735.0,4.65,4750.0,29.590421052631584,0.02131578947368421,0.07863157894736843,0.09789473684210527,0.2959042105263158,0.0002131578947368421,0.0007863157894736842,0.0009789473684210528
I-87,50.0,g,54,9.3703,0.00675,0.031,24.9,P-16,468.515,0.3375,1245.0,1.55,4750.0,9.863473684210526,0.007105263157894737,0.02621052631578948,0.03263157894736842,0.09863473684210526,7.105263157894737e-05,0.0002621052631578948,0.0003263157894736842
I-91,30.0,g,54,9.3703,0.00675,0.031,24.9,P-17,281.10900000000004,0.20249999999999999,747.0,0.9299999999999999,570.0,49.317368421052635,0.035526315789473684,0.13105263157894737,0.16315789473684209,0.4931736842105264,0.0003552631578947368,0.0013105263157894736,0.001631578947368421
I-105,10.0,g,54,9.3703,0.00675,0.031,24.9,P-19,93.703,0.0675,249.0,0.31,985.8,9.50527490363157,0.006847230675593427,0.025258673158855754,0.03144654088050315,0.09505274903631569,6.847230675593427e-05,0.00025258673158855754,0.0003144654088050315
I-109,15.0,g,54,9.3703,0.00675,0.031,24.9,P-21,140.55450000000002,0.10124999999999999,373.5,0.46499999999999997,1465.0,9.5941638225256,0.0069112627986348115,0.025494880546075085,0.031740614334470986,0.09594163822525599,6.911262798634812e-05,0.00025494880546075084,0.00031740614334470986
I-124,4.0,g,54,9.3703,0.00675,0.031,24.9,P-23,37.4812,0.027,99.6,0.124,20444.0,0.18333594208569753,0.00013206808843670514,0.00048718450401095677,0.0006065349246722755,0.0018333594208569753,1.3206808843670514e-06,4.8718450401095675e-06,6.065349246722755e-06
I-125,16.0,g,54,9.3703,0.00675,0.031,24.9,P-23,149.9248,0.108,398.4,0.496,20444.0,0.7333437683427901,0.0005282723537468206,0.001948738016043827,0.002426139698689102,0.007333437683427901,5.2827235374682055e-06,1.948738016043827e-05,2.426139698689102e-05
I-128,3.0,g,54,9.3703,0.00675,0.031,24.9,P-23,28.1109,0.02025,74.69999999999999,0.093,20444.0,0.13750195656427314,9.905106632752886e-05,0.0003653883780082175,0.0004549011935042066,0.0013750195656427313,9.905106632752886e-07,3.6538837800821752e-06,4.549011935042066e-06
I-81,30.0,g,54,9.3703,0.00675,0.031,24.9,P-15,281.10900000000004,0.20249999999999999,747.0,0.9299999999999999,2970.0,9.464949494949495,0.006818181818181817,0.02515151515151515,0.031313131313131314,0.09464949494949496,6.818181818181817e-05,0.0002515151515151515,0.0003131313131313131
I-26,100.0,g,43,1.6414,0.0,0.00239,10.1,P-5,164.14,0.0,1010.0,0.23900000000000002,1000.0,16.413999999999998,0.0,0.101,0.0239,0.16413999999999998,0.0,0.00101,0.000239
I-65,10.0,g,43,1.6414,0.0,0.00239,10.1,P-12,16.414,0.0,101.0,0.0239,3764.5,0.43602071988311863,0.0,0.002682959224332581,0.0006348784699163236,0.004360207198831186,0.0,2.682959224332581e-05,6.348784699163236e-06
I-85,2000.0,ml,43,1.6414,0.0,0.00239,10.1,P-16,3282.7999999999997,0.0,20200.0,4.78,4750.0,69.11157894736841,0.0,0.4252631578947368,0.10063157894736842,0.6911157894736841,0.0,0.004252631578947368,0.0010063157894736842
I-88,300.0,g,43,1.6414,0.0,0.00239,10.1,P-16,492.42,0.0,3030.0,0.7170000000000001,4750.0,10.366736842105263,0.0,0.06378947368421052,0.015094736842105267,0.10366736842105263,0.0,0.0006378947368421052,0.00015094736842105266
I-148,15.0,g,43,1.6414,0.0,0.00239,10.1,P-25,24.621,0.0,151.5,0.03585,2632.3387000000002,0.9353279652044775,0.0,0.005755338399272099,0.0013619068093327046,0.009353279652044775,0.0,5.755338399272099e-05,1.3619068093327046e-05
I-29,1500.0,g,48,3.2401,0.0002,0.01583,1.4,P-6,4860.15,0.3,2100.0,23.745,2500.0,194.40599999999998,0.011999999999999999,0.084,0.9498000000000001,1.94406,0.00011999999999999999,0.00084,0.009498000000000001
I-39,600.0,ml,48,3.2401,0.0002,0.01583,1.4,P-7,1944.06,0.12000000000000001,840.0,9.498,2860.45265,67.96336936393615,0.004195140234186362,0.029365981639304532,0.3320453495358505,0.6796336936393615,4.195140234186362e-05,0.00029365981639304533,0.003320453495358505
I-62,4000.0,g,48,3.2401,0.0002,0.01583,1.4,P-11,12960.4,0.8,5600.0,63.32,6267.96,206.77221935047444,0.012763323314124532,0.08934326319887172,1.0102170403129567,2.0677221935047445,0.0001276332331412453,0.0008934326319887172,0.010102170403129567
I-64,60.0,g,48,3.2401,0.0002,0.01583,1.4,P-12,194.406,0.012,84.0,0.9498,3764.5,5.16419179173861,0.00031876743259397,0.00223137202815779,0.025230442289812725,0.05164191791738611,3.1876743259397e-06,2.23137202815779e-05,0.00025230442289812723
I-79,2840.0,g,48,3.2401,0.0002,0.01583,1.4,P-15,9201.884,0.5680000000000001,3975.9999999999995,44.9572,2970.0,309.82774410774414,0.019124579124579127,0.13387205387205386,1.5137104377104378,3.098277441077441,0.00019124579124579126,0.0013387205387205385,0.015137104377104377
I-80,100.0,ml,48,3.2401,0.0002,0.01583,1.4,P-15,324.01,0.02,140.0,1.583,2970.0,10.90942760942761,0.0006734006734006734,0.004713804713804714,0.0532996632996633,0.10909427609427609,6.734006734006734e-06,4.713804713804714e-05,0.000532996632996633
I-110,100.0,ml,48,3.2401,0.0002,0.01583,1.4,P-21,324.01,0.02,140.0,1.583,1465.0,22.116723549488054,0.0013651877133105802,0.009556313993174062,0.10805460750853242,0.22116723549488054,1.3651877133105803e-05,9.556313993174063e-05,0.0010805460750853242
I-145,30.0,ml,48,3.2401,0.0002,0.01583,1.4,P-25,97.203,0.006,42.0,0.4749,2632.3387000000002,3.692647910392382,0.00022793419403057817,0.0015955393582140474,0.018040991457520264,0.03692647910392382,2.279341940305782e-06,1.5955393582140473e-05,0.00018040991457520263
I-150,3000.0,ml,48,3.2401,0.0002,0.01583,1.4,P-27,9720.3,0.6,4200.0,47.49,3050.0,318.6983606557377,0.019672131147540982,0.1377049180327869,1.557049180327869,3.186983606557377,0.00019672131147540983,0.001377049180327869,0.015570491803278689
I-33,12.0,g,40,0.5029,0.0079,0.00119,81.3,P-7,6.034800000000001,0.09480000000000001,975.5999999999999,0.014280000000000001,2860.45265,0.21097360237723214,0.0033141607850072263,0.03410649010393512,0.0004992216878681771,0.0021097360237723214,3.3141607850072265e-05,0.0003410649010393512,4.992216878681771e-06
I-36,60.0,g,40,0.5029,0.0079,0.00119,81.3,P-7,30.174,0.47400000000000003,4878.0,0.0714,2860.45265,1.0548680118861606,0.01657080392503613,0.1705324505196756,0.002496108439340885,0.010548680118861606,0.0001657080392503613,0.0017053245051967562,2.4961084393408854e-05
I-52,9071.84,g,40,0.5029,0.0079,0.00119,81.3,P-10,4562.228336,71.66753600000001,737540.592,10.795489600000002,21641.64,21.080788406054257,0.3311557534456724,3.4079699690041974,0.04988295526586711,0.21080788406054257,0.003311557534456724,0.03407969969004197,0.0004988295526586711
I-53,2267.96,g,40,0.5029,0.0079,0.00119,81.3,P-10,1140.557084,17.916884000000003,184385.148,2.6988724000000004,21641.64,5.270197101513564,0.0827889383614181,0.8519924922510493,0.012470738816466778,0.05270197101513564,0.000827889383614181,0.008519924922510493,0.00012470738816466778
I-54,2267.96,g,40,0.5029,0.0079,0.00119,81.3,P-10,1140.557084,17.916884000000003,184385.148,2.6988724000000004,21641.64,5.270197101513564,0.0827889383614181,0.8519924922510493,0.012470738816466778,0.05270197101513564,0.000827889383614181,0.008519924922510493,0.00012470738816466778
I-55,2267.96,g,40,0.5029,0.0079,0.00119,81.3,P-10,1140.557084,17.916884000000003,184385.148,2.6988724000000004,21641.64,5.270197101513564,0.0827889383614181,0.8519924922510493,0.012470738816466778,0.05270197101513564,0.000827889383614181,0.008519924922510493,0.00012470738816466778
I-59,50.0,g,40,0.5029,0.0079,0.00119,81.3,P-10,25.145,0.395,4065.0,0.059500000000000004,21641.64,0.11618805229178565,0.0018251851523267183,0.018783234542299014,0.0002749329533251639,0.0011618805229178565,1.8251851523267183e-05,0.00018783234542299015,2.749329533251639e-06
I-60,4535.92,g,40,0.5029,0.0079,0.00119,81.3,P-10,2281.114168,35.833768000000006,368770.296,5.397744800000001,21641.64,10.540394203027128,0.1655778767228362,1.7039849845020987,0.024941477632933556,0.10540394203027129,0.001655778767228362,0.017039849845020986,0.00024941477632933555
I-115,30.0,g,40,0.5029,0.0079,0.00119,81.3,P-22,15.087,0.23700000000000002,2439.0,0.0357,18013.899999999998,0.08375199151766137,0.001315650691965649,0.013539544462886995,0.000198180294106218,0.0008375199151766137,1.315650691965649e-05,0.00013539544462886995,1.98180294106218e-06
I-121,5.0,g,40,0.5029,0.0079,0.00119,81.3,P-23,2.5145,0.03950000000000001,406.5,0.00595,20444.0,0.012299452162003522,0.00019321072197221682,0.0019883584425748387,2.9103893562903546e-05,0.00012299452162003522,1.932107219722168e-06,1.9883584425748385e-05,2.9103893562903546e-07
I-138,100.0,g,40,0.5029,0.0079,0.00119,81.3,P-25,50.29,0.79,8130.0,0.11900000000000001,2632.3387000000002,1.9104684362996294,0.030011335547359463,0.30885083291143345,0.0045206948482731345,0.019104684362996293,0.00030011335547359464,0.0030885083291143345,4.520694848273134e-05
I-151,50.0,g,40,0.5029,0.0079,0.00119,81.3,P-27,25.145,0.395,4065.0,0.059500000000000004,3050.0,0.8244262295081967,0.012950819672131148,0.13327868852459018,0.0019508196721311475,0.008244262295081966,0.0001295081967213115,0.0013327868852459018,1.9508196721311475e-05
I-5,15.0,g,40,0.5029,0.0079,0.00119,81.3,P-1,7.5435,0.11850000000000001,1219.5,0.01785,6306.92,0.11960671770055747,0.001878888585870758,0.019335904054594004,0.00028302245787167115,0.0011960671770055748,1.878888585870758e-05,0.00019335904054594002,2.8302245787167115e-06
I-31,165.0,g,40,0.5029,0.0079,0.00119,81.3,P-7,82.9785,1.3035,13414.5,0.19635000000000002,2860.45265,2.9008870326869416,0.045569710793849354,0.46896423892910793,0.006864298208187436,0.029008870326869416,0.00045569710793849356,0.004689642389291079,6.864298208187436e-05
I-49,0.55,g,40,0.5029,0.0079,0.00119,81.3,P-9,0.27659500000000004,0.004345000000000001,44.715,0.0006545000000000001,460.142,0.06011079188598303,0.0009442737241981824,0.009717652376874967,0.00014223870022732116,0.0006011079188598303,9.442737241981824e-06,9.717652376874966e-05,1.4223870022732115e-06
I-67,27.5,g,40,0.5029,0.0079,0.00119,81.3,P-12,13.82975,0.21725000000000003,2235.75,0.032725000000000004,3764.5,0.36737282507637137,0.0057710187275866656,0.05939035728516403,0.0008693053526364724,0.003673728250763714,5.771018727586666e-05,0.0005939035728516403,8.693053526364725e-06
I-102,45.8,g,40,0.5029,0.0079,0.00119,81.3,P-19,23.03282,0.36182000000000003,3723.5399999999995,0.054502,985.8,2.3364597281395825,0.03670318523026983,0.37771758977480213,0.005528707648610266,0.023364597281395824,0.00036703185230269834,0.0037771758977480216,5.528707648610266e-05
I-113,45.8,g,40,0.5029,0.0079,0.00119,81.3,P-22,23.03282,0.36182000000000003,3723.5399999999995,0.054502,18013.899999999998,0.12786137371696302,0.002008560056400891,0.020670371213340807,0.0003025552490021595,0.0012786137371696303,2.008560056400891e-05,0.00020670371213340807,3.025552490021595e-06
I-114,27.5,g,40,0.5029,0.0079,0.00119,81.3,P-22,13.82975,0.21725000000000003,2235.75,0.032725000000000004,18013.899999999998,0.0767726588911896,0.001206013134301845,0.012411249090979744,0.00018166526959736653,0.000767726588911896,1.206013134301845e-05,0.00012411249090979744,1.8166526959736652e-06
I-116,1.3,g,40,0.5029,0.0079,0.00119,81.3,P-22,0.6537700000000001,0.010270000000000001,105.69,0.0015470000000000002,18013.899999999998,0.0036292529657653266,5.7011529985178126e-05,0.0005867135933917697,8.587812744602781e-06,3.6292529657653265e-05,5.701152998517813e-07,5.8671359339176974e-06,8.587812744602781e-08
I-129,800.0,g,40,0.5029,0.0079,0.00119,81.3,P-24,402.32,6.32,65040.0,0.9520000000000001,2455.0,16.387780040733197,0.25743380855397147,2.64928716904277,0.03877800407331976,0.16387780040733196,0.002574338085539715,0.026492871690427702,0.0003877800407331976
I-135,27.5,g,40,0.5029,0.0079,0.00119,81.3,P-24,13.82975,0.21725000000000003,2235.75,0.032725000000000004,2455.0,0.5633299389002037,0.00884928716904277,0.09106924643584521,0.0013329938900203668,0.005633299389002037,8.84928716904277e-05,0.0009106924643584521,1.3329938900203668e-05
I-137,27.5,g,40,0.5029,0.0079,0.00119,81.3,P-24,13.82975,0.21725000000000003,2235.75,0.032725000000000004,2455.0,0.5633299389002037,0.00884928716904277,0.09106924643584521,0.0013329938900203668,0.005633299389002037,8.84928716904277e-05,0.0009106924643584521,1.3329938900203668e-05
I-139,79.3787,g,40,0.5029,0.0079,0.00119,81.3,P-25,39.91954823,0.6270917300000001,6453.48831,0.094460653,2632.3387000000002,1.5165050086449738,0.023822608010131828,0.24516177610426804,0.0035884688015261866,0.015165050086449739,0.00023822608010131828,0.0024516177610426804,3.5884688015261866e-05
I-13,20.0,g,40,0.5029,0.0079,0.00119,81.3,P-3,10.058,0.15800000000000003,1626.0,0.0238,585.0,1.7193162393162393,0.027008547008547015,0.2779487179487179,0.004068376068376069,0.017193162393162393,0.00027008547008547016,0.002779487179487179,4.068376068376069e-05
I-38,1800.0,g,51,1.3776,0.00864,0.00133,4.5,P-7,2479.68,15.552,8100.0,2.394,2860.45265,86.68837779922698,0.5436901743505524,0.2831719658075794,0.08369304767201792,0.8668837779922698,0.005436901743505525,0.0028317196580757943,0.0008369304767201792
I-41,150.0,g,41,0.397,0.005,0.00052,2.6,P-8,59.550000000000004,0.75,390.0,0.078,260.0,22.903846153846157,0.2884615384615385,0.15,0.03,0.22903846153846155,0.0028846153846153848,0.0015,0.0003
I-63,3250.0,g,41,0.397,0.005,0.00052,2.6,P-12,1290.25,16.25,8450.0,1.69,3764.5,34.27413999203082,0.43166423163766765,0.22446540045158717,0.04489308009031744,0.34274139992030817,0.0043166423163766765,0.0022446540045158716,0.0004489308009031744
I-19,135.0,g,41,0.397,0.005,0.00052,2.6,P-3,53.595000000000006,0.675,351.0,0.0702,585.0,9.161538461538463,0.11538461538461539,0.06,0.012,0.09161538461538463,0.001153846153846154,0.0006,0.00012
I-96,120.0,g,41,0.397,0.005,0.00052,2.6,P-18,47.64,0.6,312.0,0.0624,135.0,35.28888888888889,0.4444444444444444,0.2311111111111111,0.04622222222222222,0.3528888888888889,0.0044444444444444444,0.002311111111111111,0.0004622222222222222
I-42,50.0,g,6,8.9104,0.0933,0.01046,1559.3,P-8,445.52,4.665,77965.0,0.523,260.0,171.35384615384615,1.794230769230769,29.986538461538466,0.20115384615384618,1.7135384615384615,0.01794230769230769,0.29986538461538464,0.0020115384615384617
I-71,190.0,g,21,1.4785,0.005900000000000001,0.00454,677.075,P-12,280.91499999999996,1.1210000000000002,128644.25000000001,0.8625999999999999,3764.5,7.462212777261255,0.029778190994820035,3.4172997742064024,0.022914065612963205,0.07462212777261255,0.00029778190994820034,0.034172997742064025,0.00022914065612963206
I-106,200.0,g,21,1.4785,0.005900000000000001,0.00454,677.075,P-20,295.7,1.1800000000000002,135415.0,0.9079999999999999,4735.92,6.2437710096454335,0.024915961418267206,2.85931772496157,0.0191726211591412,0.06243771009645433,0.00024915961418267205,0.0285931772496157,0.000191726211591412
I-120,1082.0,g,21,1.4785,0.005900000000000001,0.00454,677.075,P-23,1599.7369999999999,6.383800000000001,732595.15,4.91228,20444.0,7.824970651535902,0.031225787517119942,3.5834237429074545,0.024027978869105848,0.07824970651535902,0.00031225787517119943,0.035834237429074545,0.0002402797886910585
I-75,2000.0,g,24,1.5225,0.0148,0.004889999999999999,419.2,P-14,3045.0,29.6,838400.0,9.78,7130.0,42.70687237026648,0.4151472650771389,11.758765778401122,0.13716690042075735,0.4270687237026648,0.004151472650771389,0.11758765778401122,0.0013716690042075736
I-12,340.0,g,24,1.5225,0.0148,0.004889999999999999,419.2,P-3,517.65,5.032,142528.0,1.6625999999999999,585.0,88.48717948717947,0.8601709401709401,24.36376068376068,0.28420512820512817,0.8848717948717948,0.008601709401709401,0.24363760683760682,0.0028420512820512816
I-47,283.495,g,24,1.5225,0.0148,0.004889999999999999,419.2,P-9,431.6211375,4.1957260000000005,118841.10399999999,1.3862905499999998,460.142,93.80172588027173,0.9118328689839225,25.827049910679744,0.3012745087386067,0.9380172588027174,0.009118328689839224,0.25827049910679745,0.0030127450873860674
I-76,30.0,ml,49,5.6383,0.0002,0.02671,317.9,P-14,169.149,0.006,9537.0,0.8013,7130.0,2.3723562412342214,8.41514726507714e-05,0.13375876577840115,0.01123842917251052,0.023723562412342216,8.415147265077139e-07,0.0013375876577840114,0.00011238429172510519
I-92,400.0,ml,49,5.6383,0.0002,0.02671,317.9,P-17,2255.32,0.08,127159.99999999999,10.684000000000001,570.0,395.6701754385965,0.014035087719298244,22.30877192982456,1.874385964912281,3.956701754385965,0.00014035087719298245,0.22308771929824558,0.01874385964912281
I-103,100.0,ml,49,5.6383,0.0002,0.02671,317.9,P-19,563.83,0.02,31789.999999999996,2.6710000000000003,985.8,57.19517143436803,0.002028809089064719,3.224792047068371,0.2709474538445933,0.5719517143436803,2.028809089064719e-05,0.03224792047068371,0.0027094745384459327
I-108,1350.0,g,25,2.5345,0.0053,0.00217,1574.9,P-21,3421.575,7.155,2126115.0,2.9295,1465.0,233.5546075085324,0.4883959044368601,145.1273037542662,0.19996587030716723,2.335546075085324,0.004883959044368601,1.451273037542662,0.001999658703071672
I-4,1465.0,g,25,2.5345,0.0053,0.00217,1574.9,P-1,3713.0425,7.7645,2307228.5,3.17905,6306.92,58.87251622027868,0.12311080527420676,36.58249192949966,0.0504057448009488,0.5887251622027868,0.0012311080527420675,0.3658249192949966,0.000504057448009488
I-111,270.0,g,25,2.5345,0.0053,0.00217,1574.9,P-22,684.3149999999999,1.431,425223.0,0.5859,18013.899999999998,3.798816469504105,0.007943865570476135,2.3605271484797856,0.0032524883562138128,0.03798816469504105,7.943865570476134e-05,0.023605271484797855,3.252488356213813e-05
I-122,941.0,g,5,11.4316,0.10035,0.01395,1010.176,P-23,10757.1356,94.42935,950575.616,13.12695,20444.0,52.61756799060849,0.4618927313637253,4.6496557229505,0.06420930346311877,0.5261756799060849,0.0046189273136372526,0.04649655722950499,0.0006420930346311877
I-127,16000.0,g,9,2.2325,0.019600000000000003,0.0020499999999999997,197.3,P-23,35720.0,313.6,3156800.0,32.8,20444.0,174.7211895910781,1.5339463901389163,15.441205243592254,0.16043827039718253,1.7472118959107807,0.015339463901389162,0.15441205243592254,0.0016043827039718254
I-147,60.0,ml,28,0.9943,0.00068,0.0007700000000000001,67.03,P-25,59.658,0.0408,4021.8,0.046200000000000005,2632.3387000000002,2.266349691246039,0.0015499525194079319,0.15278429025869655,0.0017550932940354523,0.02266349691246039,1.549952519407932e-05,0.0015278429025869654,1.7550932940354524e-05
I-152,22679.6,g,4,4.3996,0.1168,0.01151,370.3,P-28,99781.16816,2648.97728,8398255.879999999,261.042196,24779.6,402.67465237534105,10.690153513373906,33.89181375002018,1.0534560525593633,4.026746523753411,0.10690153513373905,0.3389181375002018,0.010534560525593633
I-153,2100.0,g,4,4.3996,0.1168,0.01151,370.3,P-28,9239.160000000002,245.28,777630.0,24.171,24779.6,37.285347624659,0.9898464866260958,3.138186249979822,0.09754394744063666,0.37285347624659004,0.009898464866260958,0.03138186249979822,0.0009754394744063665
I-3,4735.92,g,4,4.3996,0.1168,0.01151,370.3,P-1,20836.153632,553.155456,1753711.176,54.5104392,6306.92,330.369715043159,8.770611582198601,27.80614271308341,0.8642957132800163,3.3036971504315895,0.08770611582198601,0.2780614271308341,0.008642957132800163
I-107,4535.92,g,4,4.3996,0.1168,0.01151,370.3,P-20,19956.233632000003,529.7954560000001,1679651.176,52.2084392,4735.92,421.38029426172744,11.186748424804474,35.46620669268062,1.102392760012838,4.213802942617274,0.11186748424804474,0.3546620669268062,0.01102392760012838
I-149,4535.92,g,4,4.3996,0.1168,0.01151,370.3,P-26,19956.233632000003,529.7954560000001,1679651.176,52.2084392,4535.92,439.96000000000004,11.680000000000001,37.03,1.151,4.3996,0.11680000000000001,0.3703,0.01151
I-15,15.0,g,59,0.0,0.0,0.0,0.0,P-3,0.0,0.0,0.0,0.0,585.0,0.0,0.0,0.0,0.0,0.0,0.0,0.0,0.0
I-22,35.0,g,59,0.0,0.0,0.0,0.0,P-4,0.0,0.0,0.0,0.0,14759.0,0.0,0.0,0.0,0.0,0.0,0.0,0.0,0.0
I-50,1.0,g,59,0.0,0.0,0.0,0.0,P-9,0.0,0.0,0.0,0.0,460.142,0.0,0.0,0.0,0.0,0.0,0.0,0.0,0.0
I-74,1.0,g,59,0.0,0.0,0.0,0.0,P-13,0.0,0.0,0.0,0.0,3301.0,0.0,0.0,0.0,0.0,0.0,0.0,0.0,0.0
I-43,24.0,g,3,9.8315,0.1328,0.021019999999999997,1810.3,P-8,235.95600000000002,3.1872,43447.2,0.5044799999999999,260.0,90.7523076923077,1.2258461538461538,16.710461538461537,0.1940307692307692,0.907523076923077,0.012258461538461538,0.16710461538461538,0.0019403076923076921
I-141,2267.96,g,35,0.3942,0.0027,0.00042,37.4,P-25,894.029832,6.123492000000001,84821.704,0.9525432,2632.3387000000002,33.96332819936887,0.23262553561211557,3.2222944562567113,0.036186194428551303,0.3396332819936887,0.0023262553561211557,0.032222944562567114,0.00036186194428551306
I-58,1000.0,g,44,3.1509,0.0002,0.013139999999999999,67.5,P-10,3150.9,0.2,67500.0,13.139999999999999,21641.64,14.559432649281664,0.0009241443809249206,0.3118987285621607,0.06071628582676728,0.14559432649281664,9.241443809249207e-06,0.0031189872856216072,0.0006071628582676728
I-131,200.0,g,18,0.6995,0.005900000000000001,0.0069099999999999995,0.0,P-24,139.9,1.1800000000000002,0.0,1.382,2455.0,5.69857433808554,0.04806517311608962,0.0,0.056293279022403254,0.0569857433808554,0.0004806517311608962,0.0,0.0005629327902240325
