﻿<?xml version="1.0" encoding="UTF-8" standalone="yes"?>
<Conversions>
	<Conversion id="" multiplier="1.00000000">
		<ConvertFrom qty="1.0000" uom="XXX"/>
		<ConvertTo qty="1.0000" uom="L"/>
	</Conversion>
	<Conversion id="" multiplier="0.87719298">
		<ConvertFrom qty="1.0000" uom="1.14L"/>
		<ConvertTo qty="1.1400" uom="L"/>
	</Conversion>
	<Conversion id="" multiplier="0.66666667">
		<ConvertFrom qty="1.0000" uom="1.5L"/>
		<ConvertTo qty="1.5000" uom="L"/>
	</Conversion>
	<Conversion id="" multiplier="0.57142857">
		<ConvertFrom qty="1.0000" uom="1.75 L"/>
		<ConvertTo qty="1.7500" uom="L"/>
	</Conversion>
	<Conversion id="" multiplier="0.50000000">
		<ConvertFrom qty="1.0000" uom="2L"/>
		<ConvertTo qty="2.0000" uom="L"/>
	</Conversion>
	<Conversion id="" multiplier="0.25000000">
		<ConvertFrom qty="1.0000" uom="4L"/>
		<ConvertTo qty="4.0000" uom="L"/>
	</Conversion>
	<Conversion id="" multiplier="0.08333333">
		<ConvertFrom qty="1.0000" uom="FOOT"/>
		<ConvertTo qty="12.0000" uom="INCH"/>
	</Conversion>
	<Conversion id="" multiplier="0.06250000">
		<ConvertFrom qty="1.0000" uom="16L"/>
		<ConvertTo qty="16.0000" uom="L"/>
	</Conversion>
	<Conversion id="" multiplier="0.05917160">
		<ConvertFrom qty="1.0000" uom="1/2LTR"/>
		<ConvertTo qty="16.9000" uom="fl oz"/>
	</Conversion>
	<Conversion id="" multiplier="0.03937008">
		<ConvertFrom qty="1.0000" uom="750ML"/>
		<ConvertTo qty="25.4000" uom="fl oz"/>
	</Conversion>
	<Conversion id="" multiplier="0.03333333">
		<ConvertFrom qty="1.0000" uom="KEG 30L"/>
		<ConvertTo qty="30.0000" uom="L"/>
	</Conversion>
	<Conversion id="" multiplier="0.02597403">
		<ConvertFrom qty="1.0000" uom="1140ml"/>
		<ConvertTo qty="38.5000" uom="fl oz"/>
	</Conversion>
	<Conversion id="" multiplier="0.02500000">
		<ConvertFrom qty="1.0000" uom="full in"/>
		<ConvertTo qty="40.0000" uom="PTN"/>
	</Conversion>
	<Conversion id="" multiplier="0.02000000">
		<ConvertFrom qty="1.0000" uom="KEG 50L"/>
		<ConvertTo qty="50.0000" uom="L"/>
	</Conversion>
	<Conversion id="" multiplier="0.01706485">
		<ConvertFrom qty="1.0000" uom="KEG 59L"/>
		<ConvertTo qty="58.6000" uom="L"/>
	</Conversion>
	<Conversion id="" multiplier="0.01666667">
		<ConvertFrom qty="1.0000" uom="HOUR"/>
		<ConvertTo qty="60.0000" uom="MINUTE"/>
	</Conversion>
	<Conversion id="" multiplier="0.00200000">
		<ConvertFrom qty="1.0000" uom="500ML"/>
		<ConvertTo qty="500.0000" uom="ml"/>
	</Conversion>
	<Conversion id="" multiplier="0.00153846">
		<ConvertFrom qty="1.0000" uom="650ML"/>
		<ConvertTo qty="650.0000" uom="ml"/>
	</Conversion>
	<Conversion id="" multiplier="0.00151515">
		<ConvertFrom qty="1.0000" uom="660ML"/>
		<ConvertTo qty="660.0000" uom="ml"/>
	</Conversion>
	<Conversion id="" multiplier="0.00142857">
		<ConvertFrom qty="1.0000" uom="700ML"/>
		<ConvertTo qty="700.0000" uom="ml"/>
	</Conversion>
	<Conversion id="" multiplier="0.00140845">
		<ConvertFrom qty="1.0000" uom="710ml"/>
		<ConvertTo qty="710.0000" uom="ml"/>
	</Conversion>
	<Conversion id="" multiplier="0.00133333">
		<ConvertFrom qty="1.0000" uom="750ML"/>
		<ConvertTo qty="750.0000" uom="ml"/>
	</Conversion>
	<Conversion id="" multiplier="0.00059172">
		<ConvertFrom qty="1.0000" uom="keg50L"/>
		<ConvertTo qty="1690.0000" uom="fl oz"/>
	</Conversion>
	<Conversion id="" multiplier="0.00050403">
		<ConvertFrom qty="1.0000" uom="keg59L"/>
		<ConvertTo qty="1984.0000" uom="fl oz"/>
	</Conversion>
	<Conversion id="" multiplier="2.00000000">
		<ConvertFrom qty="2.0000" uom="cup"/>
		<ConvertTo qty="1.0000" uom="pt"/>
	</Conversion>
	<Conversion id="" multiplier="2.00000000">
		<ConvertFrom qty="2.0000" uom="pt"/>
		<ConvertTo qty="1.0000" uom="qt"/>
	</Conversion>
	<Conversion id="" multiplier="2.00000000">
		<ConvertFrom qty="2.0000" uom="Tbsp"/>
		<ConvertTo qty="1.0000" uom="fl oz"/>
	</Conversion>
	<Conversion id="" multiplier="3.00000000">
		<ConvertFrom qty="3.0000" uom="tsp"/>
		<ConvertTo qty="1.0000" uom="Tbsp"/>
	</Conversion>
	<Conversion id="" multiplier="4.00000000">
		<ConvertFrom qty="4.0000" uom="qt"/>
		<ConvertTo qty="1.0000" uom="gal"/>
	</Conversion>
	<Conversion id="" multiplier="8.00000000">
		<ConvertFrom qty="8.0000" uom="fl oz"/>
		<ConvertTo qty="1.0000" uom="cup"/>
	</Conversion>
	<Conversion id="" multiplier="16.00000000">
		<ConvertFrom qty="16.0000" uom="oz"/>
		<ConvertTo qty="1.0000" uom="lb"/>
	</Conversion>
	<Conversion id="" multiplier="28.34950000">
		<ConvertFrom qty="28.3495" uom="g"/>
		<ConvertTo qty="1.0000" uom="oz"/>
	</Conversion>
	<Conversion id="" multiplier="29.57350000">
		<ConvertFrom qty="29.5735" uom="ml"/>
		<ConvertTo qty="1.0000" uom="fl oz"/>
	</Conversion>
	<Conversion id="" multiplier="35.21126761">
		<ConvertFrom qty="100.0000" uom="fl oz"/>
		<ConvertTo qty="2.8400" uom="L"/>
	</Conversion>
	<Conversion id="" multiplier="1000.00000000">
		<ConvertFrom qty="1000.0000" uom="g"/>
		<ConvertTo qty="1.0000" uom="Kg"/>
	</Conversion>
	<Conversion id="" multiplier="1000.00000000">
		<ConvertFrom qty="1000.0000" uom="mg"/>
		<ConvertTo qty="1.0000" uom="g"/>
	</Conversion>
	<Conversion id="" multiplier="1000.00000000">
		<ConvertFrom qty="1000.0000" uom="ml"/>
		<ConvertTo qty="1.0000" uom="L"/>
	</Conversion>
	<Conversion id="I-1041" multiplier="1.00000000">
		<ConvertFrom qty="1.0000" uom="CT"/>
		<ConvertTo qty="1.0000" uom="bag"/>
	</Conversion>
	<Conversion id="I-1120" multiplier="0.02000000">
		<ConvertFrom qty="1.0000" uom="CT"/>
		<ConvertTo qty="50.0000" uom="g"/>
	</Conversion>
	<Conversion id="I-1122" multiplier="0.01428571">
		<ConvertFrom qty="1.0000" uom="CT"/>
		<ConvertTo qty="70.0000" uom="g"/>
	</Conversion>
	<Conversion id="I-1131" multiplier="0.00135685">
		<ConvertFrom qty="1.0000" uom="CT"/>
		<ConvertTo qty="737.0000" uom="g"/>
	</Conversion>
	<Conversion id="I-1197" multiplier="0.01333333">
		<ConvertFrom qty="1.0000" uom="CT"/>
		<ConvertTo qty="75.0000" uom="g"/>
	</Conversion>
	<Conversion id="I-1716" multiplier="20.00000000">
		<ConvertFrom qty="20.0000" uom="BIB 20L"/>
		<ConvertTo qty="1.0000" uom="L"/>
	</Conversion>
	<Conversion id="I-1758" multiplier="0.03278689">
		<ConvertFrom qty="1.0000" uom="fl oz"/>
		<ConvertTo qty="30.5000" uom="g"/>
	</Conversion>
	<Conversion id="I-1758" multiplier="0.00409836">
		<ConvertFrom qty="1.0000" uom="cup"/>
		<ConvertTo qty="244.0000" uom="g"/>
	</Conversion>
	<Conversion id="I-1759" multiplier="0.03246753">
		<ConvertFrom qty="1.0000" uom="fl oz"/>
		<ConvertTo qty="30.8000" uom="g"/>
	</Conversion>
	<Conversion id="I-1759" multiplier="0.00413223">
		<ConvertFrom qty="1.0000" uom="cup"/>
		<ConvertTo qty="242.0000" uom="g"/>
	</Conversion>
	<Conversion id="I-1813" multiplier="0.03278689">
		<ConvertFrom qty="1.0000" uom="fl oz"/>
		<ConvertTo qty="30.5000" uom="g"/>
	</Conversion>
	<Conversion id="I-1813" multiplier="0.00409836">
		<ConvertFrom qty="1.0000" uom="cup"/>
		<ConvertTo qty="244.0000" uom="g"/>
	</Conversion>
	<Conversion id="I-1814" multiplier="0.03278689">
		<ConvertFrom qty="1.0000" uom="fl oz"/>
		<ConvertTo qty="30.5000" uom="g"/>
	</Conversion>
	<Conversion id="I-1814" multiplier="0.00409836">
		<ConvertFrom qty="1.0000" uom="cup"/>
		<ConvertTo qty="244.0000" uom="g"/>
	</Conversion>
	<Conversion id="I-1815" multiplier="0.03246753">
		<ConvertFrom qty="1.0000" uom="fl oz"/>
		<ConvertTo qty="30.8000" uom="g"/>
	</Conversion>
	<Conversion id="I-1815" multiplier="0.00406504">
		<ConvertFrom qty="1.0000" uom="cup"/>
		<ConvertTo qty="246.0000" uom="g"/>
	</Conversion>
	<Conversion id="I-1820" multiplier="0.03215434">
		<ConvertFrom qty="1.0000" uom="fl oz"/>
		<ConvertTo qty="31.1000" uom="g"/>
	</Conversion>
	<Conversion id="I-1820" multiplier="0.00401606">
		<ConvertFrom qty="1.0000" uom="cup"/>
		<ConvertTo qty="249.0000" uom="g"/>
	</Conversion>
	<Conversion id="I-1821" multiplier="0.03194888">
		<ConvertFrom qty="1.0000" uom="fl oz"/>
		<ConvertTo qty="31.3000" uom="g"/>
	</Conversion>
	<Conversion id="I-1821" multiplier="0.00400000">
		<ConvertFrom qty="1.0000" uom="cup"/>
		<ConvertTo qty="250.0000" uom="g"/>
	</Conversion>
	<Conversion id="I-1827" multiplier="0.00411523">
		<ConvertFrom qty="1.0000" uom="cup"/>
		<ConvertTo qty="243.0000" uom="g"/>
	</Conversion>
	<Conversion id="I-1827" multiplier="0.03296703">
		<ConvertFrom qty="6.0000" uom="fl oz"/>
		<ConvertTo qty="182.0000" uom="g"/>
	</Conversion>
	<Conversion id="I-1829" multiplier="2.00000000">
		<ConvertFrom qty="2.0000" uom="750ML"/>
		<ConvertTo qty="1.0000" uom="bottle"/>
	</Conversion>
	<Conversion id="I-2074" multiplier="0.07042254">
		<ConvertFrom qty="1.0000" uom="Tbsp"/>
		<ConvertTo qty="14.2000" uom="g"/>
	</Conversion>
	<Conversion id="I-2074" multiplier="0.00440529">
		<ConvertFrom qty="1.0000" uom="cup"/>
		<ConvertTo qty="227.0000" uom="g"/>
	</Conversion>
	<Conversion id="I-2083" multiplier="0.02000000">
		<ConvertFrom qty="1.0000" uom="CT"/>
		<ConvertTo qty="50.0000" uom="g"/>
	</Conversion>
	<Conversion id="I-2115" multiplier="0.06896552">
		<ConvertFrom qty="1.0000" uom="Tbsp"/>
		<ConvertTo qty="14.5000" uom="g"/>
	</Conversion>
	<Conversion id="I-2115" multiplier="0.05555556">
		<ConvertFrom qty="1.0000" uom="PTN"/>
		<ConvertTo qty="18.0000" uom="g"/>
	</Conversion>
	<Conversion id="I-2115" multiplier="0.00431034">
		<ConvertFrom qty="1.0000" uom="cup"/>
		<ConvertTo qty="232.0000" uom="g"/>
	</Conversion>
	<Conversion id="I-2158" multiplier="0.01666667">
		<ConvertFrom qty="1.0000" uom="CT"/>
		<ConvertTo qty="60.0000" uom="g"/>
	</Conversion>
	<Conversion id="I-2159" multiplier="1.00000000">
		<ConvertFrom qty="1.0000" uom="CT"/>
		<ConvertTo qty="1.0000" uom="ea"/>
	</Conversion>
	<Conversion id="I-2159" multiplier="0.03030303">
		<ConvertFrom qty="1.0000" uom="CT"/>
		<ConvertTo qty="33.0000" uom="g"/>
	</Conversion>
	<Conversion id="I-2159" multiplier="0.00411523">
		<ConvertFrom qty="1.0000" uom="cup"/>
		<ConvertTo qty="243.0000" uom="g"/>
	</Conversion>
	<Conversion id="I-2188" multiplier="0.00833333">
		<ConvertFrom qty="1.0000" uom="cup"/>
		<ConvertTo qty="120.0000" uom="g"/>
	</Conversion>
	<Conversion id="I-2205" multiplier="0.06666667">
		<ConvertFrom qty="1.0000" uom="Tbsp"/>
		<ConvertTo qty="15.0000" uom="g"/>
	</Conversion>
	<Conversion id="I-2205" multiplier="0.03311258">
		<ConvertFrom qty="1.0000" uom="fl oz"/>
		<ConvertTo qty="30.2000" uom="g"/>
	</Conversion>
	<Conversion id="I-2205" multiplier="0.00413223">
		<ConvertFrom qty="1.0000" uom="cup"/>
		<ConvertTo qty="242.0000" uom="g"/>
	</Conversion>
	<Conversion id="I-2207" multiplier="0.03278689">
		<ConvertFrom qty="1.0000" uom="fl oz"/>
		<ConvertTo qty="30.5000" uom="g"/>
	</Conversion>
	<Conversion id="I-2207" multiplier="0.00409836">
		<ConvertFrom qty="1.0000" uom="cup"/>
		<ConvertTo qty="244.0000" uom="g"/>
	</Conversion>
	<Conversion id="I-2207" multiplier="0.00102459">
		<ConvertFrom qty="1.0000" uom="qt"/>
		<ConvertTo qty="976.0000" uom="g"/>
	</Conversion>
	<Conversion id="I-2208" multiplier="0.00408163">
		<ConvertFrom qty="1.0000" uom="cup"/>
		<ConvertTo qty="245.0000" uom="g"/>
	</Conversion>
	<Conversion id="I-2208" multiplier="0.00102041">
		<ConvertFrom qty="1.0000" uom="L"/>
		<ConvertTo qty="980.0000" uom="g"/>
	</Conversion>
	<Conversion id="I-2217" multiplier="0.06666667">
		<ConvertFrom qty="1.0000" uom="Tbsp"/>
		<ConvertTo qty="15.0000" uom="g"/>
	</Conversion>
	<Conversion id="I-2220" multiplier="0.03278689">
		<ConvertFrom qty="1.0000" uom="fl oz"/>
		<ConvertTo qty="30.5000" uom="g"/>
	</Conversion>
	<Conversion id="I-2220" multiplier="0.00409836">
		<ConvertFrom qty="1.0000" uom="cup"/>
		<ConvertTo qty="244.0000" uom="g"/>
	</Conversion>
	<Conversion id="I-2220" multiplier="0.00102459">
		<ConvertFrom qty="1.0000" uom="qt"/>
		<ConvertTo qty="976.0000" uom="g"/>
	</Conversion>
	<Conversion id="I-2221" multiplier="0.03205128">
		<ConvertFrom qty="1.0000" uom="fl oz"/>
		<ConvertTo qty="31.2000" uom="g"/>
	</Conversion>
	<Conversion id="I-2221" multiplier="0.00400000">
		<ConvertFrom qty="1.0000" uom="cup"/>
		<ConvertTo qty="250.0000" uom="g"/>
	</Conversion>
	<Conversion id="I-2221" multiplier="0.00100000">
		<ConvertFrom qty="1.0000" uom="qt"/>
		<ConvertTo qty="1000.0000" uom="g"/>
	</Conversion>
	<Conversion id="I-2223" multiplier="0.03267974">
		<ConvertFrom qty="1.0000" uom="fl oz"/>
		<ConvertTo qty="30.6000" uom="g"/>
	</Conversion>
	<Conversion id="I-2223" multiplier="0.00408163">
		<ConvertFrom qty="1.0000" uom="cup"/>
		<ConvertTo qty="245.0000" uom="g"/>
	</Conversion>
	<Conversion id="I-2223" multiplier="0.00102041">
		<ConvertFrom qty="1.0000" uom="qt"/>
		<ConvertTo qty="980.0000" uom="g"/>
	</Conversion>
	<Conversion id="I-2236" multiplier="0.03278689">
		<ConvertFrom qty="1.0000" uom="fl oz"/>
		<ConvertTo qty="30.5000" uom="g"/>
	</Conversion>
	<Conversion id="I-2236" multiplier="0.00409836">
		<ConvertFrom qty="1.0000" uom="cup"/>
		<ConvertTo qty="244.0000" uom="g"/>
	</Conversion>
	<Conversion id="I-2236" multiplier="0.00102459">
		<ConvertFrom qty="1.0000" uom="qt"/>
		<ConvertTo qty="976.0000" uom="g"/>
	</Conversion>
	<Conversion id="I-2244" multiplier="0.10638298">
		<ConvertFrom qty="1.0000" uom="Tbsp"/>
		<ConvertTo qty="9.4000" uom="g"/>
	</Conversion>
	<Conversion id="I-2244" multiplier="0.00662252">
		<ConvertFrom qty="1.0000" uom="cup"/>
		<ConvertTo qty="151.0000" uom="g"/>
	</Conversion>
	<Conversion id="I-2244" multiplier="0.00447628">
		<ConvertFrom qty="1.0000" uom="Kg"/>
		<ConvertTo qty="223.4000" uom="PTN"/>
	</Conversion>
	<Conversion id="I-2251" multiplier="0.03278689">
		<ConvertFrom qty="1.0000" uom="fl oz"/>
		<ConvertTo qty="30.5000" uom="g"/>
	</Conversion>
	<Conversion id="I-2251" multiplier="0.00409836">
		<ConvertFrom qty="1.0000" uom="cup"/>
		<ConvertTo qty="244.0000" uom="g"/>
	</Conversion>
	<Conversion id="I-2251" multiplier="0.00102459">
		<ConvertFrom qty="1.0000" uom="qt"/>
		<ConvertTo qty="976.0000" uom="g"/>
	</Conversion>
	<Conversion id="I-2252" multiplier="0.06666667">
		<ConvertFrom qty="1.0000" uom="Tbsp"/>
		<ConvertTo qty="15.0000" uom="g"/>
	</Conversion>
	<Conversion id="I-2252" multiplier="0.03278689">
		<ConvertFrom qty="1.0000" uom="fl oz"/>
		<ConvertTo qty="30.5000" uom="g"/>
	</Conversion>
	<Conversion id="I-2252" multiplier="0.00409836">
		<ConvertFrom qty="1.0000" uom="cup"/>
		<ConvertTo qty="244.0000" uom="g"/>
	</Conversion>
	<Conversion id="I-2252" multiplier="0.00102459">
		<ConvertFrom qty="1.0000" uom="qt"/>
		<ConvertTo qty="976.0000" uom="g"/>
	</Conversion>
	<Conversion id="I-2254" multiplier="0.06666667">
		<ConvertFrom qty="1.0000" uom="Tbsp"/>
		<ConvertTo qty="15.0000" uom="g"/>
	</Conversion>
	<Conversion id="I-2254" multiplier="0.00413223">
		<ConvertFrom qty="1.0000" uom="cup"/>
		<ConvertTo qty="242.0000" uom="g"/>
	</Conversion>
	<Conversion id="I-2306" multiplier="0.02000000">
		<ConvertFrom qty="1.0000" uom="Kg"/>
		<ConvertTo qty="50.0000" uom="slice"/>
	</Conversion>
	<Conversion id="I-2310" multiplier="0.02000000">
		<ConvertFrom qty="1.0000" uom="Kg"/>
		<ConvertTo qty="50.0000" uom="slice"/>
	</Conversion>
	<Conversion id="I-2313" multiplier="0.02000000">
		<ConvertFrom qty="1.0000" uom="Kg"/>
		<ConvertTo qty="50.0000" uom="slice"/>
	</Conversion>
	<Conversion id="I-2489" multiplier="0.00847458">
		<ConvertFrom qty="1.0000" uom="ea"/>
		<ConvertTo qty="118.0000" uom="g"/>
	</Conversion>
	<Conversion id="I-2572" multiplier="0.01666667">
		<ConvertFrom qty="1.0000" uom="CT"/>
		<ConvertTo qty="60.0000" uom="g"/>
	</Conversion>
	<Conversion id="I-2654" multiplier="0.00200000">
		<ConvertFrom qty="1.0000" uom="CT"/>
		<ConvertTo qty="500.0000" uom="g"/>
	</Conversion>
	<Conversion id="I-2903" multiplier="0.22222222">
		<ConvertFrom qty="1.0000" uom="tsp"/>
		<ConvertTo qty="4.5000" uom="g"/>
	</Conversion>
	<Conversion id="I-2903" multiplier="0.07407407">
		<ConvertFrom qty="1.0000" uom="Tbsp"/>
		<ConvertTo qty="13.5000" uom="g"/>
	</Conversion>
	<Conversion id="I-2903" multiplier="0.00462963">
		<ConvertFrom qty="1.0000" uom="cup"/>
		<ConvertTo qty="216.0000" uom="g"/>
	</Conversion>
	<Conversion id="I-2933" multiplier="5.00000000">
		<ConvertFrom qty="5.0000" uom="CT"/>
		<ConvertTo qty="1.0000" uom="ea"/>
	</Conversion>
	<Conversion id="I-3141" multiplier="1.40845070">
		<ConvertFrom qty="1.4085" uom="ml"/>
		<ConvertTo qty="1.0000" uom="g"/>
	</Conversion>
	<Conversion id="I-3143" multiplier="2.84000000">
		<ConvertFrom qty="2.8400" uom="L"/>
		<ConvertTo qty="1.0000" uom="can"/>
	</Conversion>
	<Conversion id="I-3144" multiplier="0.06250000">
		<ConvertFrom qty="1.0000" uom="Tbsp"/>
		<ConvertTo qty="16.0000" uom="g"/>
	</Conversion>
	<Conversion id="I-3144" multiplier="0.00390625">
		<ConvertFrom qty="1.0000" uom="cup"/>
		<ConvertTo qty="256.0000" uom="g"/>
	</Conversion>
	<Conversion id="I-3144" multiplier="0.00229358">
		<ConvertFrom qty="1.0000" uom="can"/>
		<ConvertTo qty="436.0000" uom="g"/>
	</Conversion>
	<Conversion id="I-3145" multiplier="0.00416667">
		<ConvertFrom qty="1.0000" uom="cup"/>
		<ConvertTo qty="240.0000" uom="g"/>
	</Conversion>
	<Conversion id="I-3145" multiplier="0.00226244">
		<ConvertFrom qty="1.0000" uom="can"/>
		<ConvertTo qty="442.0000" uom="g"/>
	</Conversion>
	<Conversion id="I-3146" multiplier="0.00413223">
		<ConvertFrom qty="1.0000" uom="cup"/>
		<ConvertTo qty="242.0000" uom="g"/>
	</Conversion>
	<Conversion id="I-3146" multiplier="0.00225225">
		<ConvertFrom qty="1.0000" uom="can"/>
		<ConvertTo qty="444.0000" uom="g"/>
	</Conversion>
	<Conversion id="I-3149" multiplier="0.00416667">
		<ConvertFrom qty="1.0000" uom="cup"/>
		<ConvertTo qty="240.0000" uom="g"/>
	</Conversion>
	<Conversion id="I-3159" multiplier="0.00040000">
		<ConvertFrom qty="1.0000" uom="bottle"/>
		<ConvertTo qty="2500.0000" uom="g"/>
	</Conversion>
	<Conversion id="I-3225" multiplier="0.06666667">
		<ConvertFrom qty="1.0000" uom="Tbsp"/>
		<ConvertTo qty="15.0000" uom="g"/>
	</Conversion>
	<Conversion id="I-3225" multiplier="0.00442478">
		<ConvertFrom qty="1.0000" uom="cup"/>
		<ConvertTo qty="226.0000" uom="g"/>
	</Conversion>
	<Conversion id="I-3229" multiplier="0.00390625">
		<ConvertFrom qty="1.0000" uom="cup"/>
		<ConvertTo qty="256.0000" uom="g"/>
	</Conversion>
	<Conversion id="I-3237" multiplier="0.16666667">
		<ConvertFrom qty="1.0000" uom="pak"/>
		<ConvertTo qty="6.0000" uom="g"/>
	</Conversion>
	<Conversion id="I-3283" multiplier="0.23809524">
		<ConvertFrom qty="1.0000" uom="tsp"/>
		<ConvertTo qty="4.2000" uom="g"/>
	</Conversion>
	<Conversion id="I-3283" multiplier="0.07692308">
		<ConvertFrom qty="1.0000" uom="Tbsp"/>
		<ConvertTo qty="13.0000" uom="g"/>
	</Conversion>
	<Conversion id="I-3284" multiplier="0.23809524">
		<ConvertFrom qty="1.0000" uom="tsp"/>
		<ConvertTo qty="4.2000" uom="g"/>
	</Conversion>
	<Conversion id="I-3284" multiplier="0.07692308">
		<ConvertFrom qty="1.0000" uom="Tbsp"/>
		<ConvertTo qty="13.0000" uom="g"/>
	</Conversion>
	<Conversion id="I-3284" multiplier="0.00480769">
		<ConvertFrom qty="1.0000" uom="cup"/>
		<ConvertTo qty="208.0000" uom="g"/>
	</Conversion>
	<Conversion id="I-3321" multiplier="0.04761905">
		<ConvertFrom qty="1.0000" uom="Tbsp"/>
		<ConvertTo qty="21.0000" uom="g"/>
	</Conversion>
	<Conversion id="I-3321" multiplier="0.00294985">
		<ConvertFrom qty="1.0000" uom="cup"/>
		<ConvertTo qty="339.0000" uom="g"/>
	</Conversion>
	<Conversion id="I-3348" multiplier="0.06666667">
		<ConvertFrom qty="1.0000" uom="Tbsp"/>
		<ConvertTo qty="15.0000" uom="g"/>
	</Conversion>
	<Conversion id="I-3356" multiplier="1.02459016">
		<ConvertFrom qty="250.0000" uom="ml"/>
		<ConvertTo qty="244.0000" uom="g"/>
	</Conversion>
	<Conversion id="I-3365" multiplier="0.00401606">
		<ConvertFrom qty="1.0000" uom="cup"/>
		<ConvertTo qty="249.0000" uom="g"/>
	</Conversion>
	<Conversion id="I-3365" multiplier="0.00100000">
		<ConvertFrom qty="1.0000" uom="L"/>
		<ConvertTo qty="1000.0000" uom="g"/>
	</Conversion>
	<Conversion id="I-3367" multiplier="0.00401606">
		<ConvertFrom qty="1.0000" uom="cup"/>
		<ConvertTo qty="249.0000" uom="g"/>
	</Conversion>
	<Conversion id="I-3370" multiplier="0.00401606">
		<ConvertFrom qty="1.0000" uom="cup"/>
		<ConvertTo qty="249.0000" uom="g"/>
	</Conversion>
	<Conversion id="I-3386" multiplier="0.22222222">
		<ConvertFrom qty="1.0000" uom="tsp"/>
		<ConvertTo qty="4.5000" uom="g"/>
	</Conversion>
	<Conversion id="I-3386" multiplier="0.07142857">
		<ConvertFrom qty="1.0000" uom="Tbsp"/>
		<ConvertTo qty="14.0000" uom="g"/>
	</Conversion>
	<Conversion id="I-3386" multiplier="0.00458716">
		<ConvertFrom qty="1.0000" uom="cup"/>
		<ConvertTo qty="218.0000" uom="g"/>
	</Conversion>
	<Conversion id="I-3387" multiplier="1.00000000">
		<ConvertFrom qty="1.0000" uom="L"/>
		<ConvertTo qty="1.0000" uom="Kg"/>
	</Conversion>
	<Conversion id="I-3387" multiplier="0.22222222">
		<ConvertFrom qty="1.0000" uom="tsp"/>
		<ConvertTo qty="4.5000" uom="g"/>
	</Conversion>
	<Conversion id="I-3387" multiplier="0.07142857">
		<ConvertFrom qty="1.0000" uom="Tbsp"/>
		<ConvertTo qty="14.0000" uom="g"/>
	</Conversion>
	<Conversion id="I-3387" multiplier="0.00458716">
		<ConvertFrom qty="1.0000" uom="cup"/>
		<ConvertTo qty="218.0000" uom="g"/>
	</Conversion>
	<Conversion id="I-3388" multiplier="0.22222222">
		<ConvertFrom qty="1.0000" uom="tsp"/>
		<ConvertTo qty="4.5000" uom="g"/>
	</Conversion>
	<Conversion id="I-3388" multiplier="0.07142857">
		<ConvertFrom qty="1.0000" uom="Tbsp"/>
		<ConvertTo qty="14.0000" uom="g"/>
	</Conversion>
	<Conversion id="I-3388" multiplier="0.00458716">
		<ConvertFrom qty="1.0000" uom="cup"/>
		<ConvertTo qty="218.0000" uom="g"/>
	</Conversion>
	<Conversion id="I-3389" multiplier="0.22222222">
		<ConvertFrom qty="1.0000" uom="tsp"/>
		<ConvertTo qty="4.5000" uom="g"/>
	</Conversion>
	<Conversion id="I-3389" multiplier="0.07407407">
		<ConvertFrom qty="1.0000" uom="Tbsp"/>
		<ConvertTo qty="13.5000" uom="g"/>
	</Conversion>
	<Conversion id="I-3389" multiplier="0.00462963">
		<ConvertFrom qty="1.0000" uom="cup"/>
		<ConvertTo qty="216.0000" uom="g"/>
	</Conversion>
	<Conversion id="I-3390" multiplier="0.22222222">
		<ConvertFrom qty="1.0000" uom="tsp"/>
		<ConvertTo qty="4.5000" uom="g"/>
	</Conversion>
	<Conversion id="I-3390" multiplier="0.07407407">
		<ConvertFrom qty="1.0000" uom="Tbsp"/>
		<ConvertTo qty="13.5000" uom="g"/>
	</Conversion>
	<Conversion id="I-3390" multiplier="0.00462963">
		<ConvertFrom qty="1.0000" uom="cup"/>
		<ConvertTo qty="216.0000" uom="g"/>
	</Conversion>
	<Conversion id="I-3391" multiplier="0.22222222">
		<ConvertFrom qty="1.0000" uom="tsp"/>
		<ConvertTo qty="4.5000" uom="g"/>
	</Conversion>
	<Conversion id="I-3391" multiplier="0.07352941">
		<ConvertFrom qty="1.0000" uom="Tbsp"/>
		<ConvertTo qty="13.6000" uom="g"/>
	</Conversion>
	<Conversion id="I-3391" multiplier="0.00458716">
		<ConvertFrom qty="1.0000" uom="cup"/>
		<ConvertTo qty="218.0000" uom="g"/>
	</Conversion>
	<Conversion id="I-3392" multiplier="0.22222222">
		<ConvertFrom qty="1.0000" uom="tsp"/>
		<ConvertTo qty="4.5000" uom="g"/>
	</Conversion>
	<Conversion id="I-3392" multiplier="0.07352941">
		<ConvertFrom qty="1.0000" uom="Tbsp"/>
		<ConvertTo qty="13.6000" uom="g"/>
	</Conversion>
	<Conversion id="I-3392" multiplier="0.00458716">
		<ConvertFrom qty="1.0000" uom="cup"/>
		<ConvertTo qty="218.0000" uom="g"/>
	</Conversion>
	<Conversion id="I-3394" multiplier="0.11904762">
		<ConvertFrom qty="1.0000" uom="Tbsp"/>
		<ConvertTo qty="8.4000" uom="g"/>
	</Conversion>
	<Conversion id="I-3435" multiplier="0.00381679">
		<ConvertFrom qty="0.5000" uom="cup"/>
		<ConvertTo qty="131.0000" uom="g"/>
	</Conversion>
	<Conversion id="I-3435" multiplier="0.00101284">
		<ConvertFrom qty="2.8400" uom="L"/>
		<ConvertTo qty="2804.0000" uom="g"/>
	</Conversion>
	<Conversion id="I-3449" multiplier="0.00187500">
		<ConvertFrom qty="0.1875" uom="L"/>
		<ConvertTo qty="100.0000" uom="g"/>
	</Conversion>
	<Conversion id="I-3458" multiplier="0.00093897">
		<ConvertFrom qty="1.0000" uom="L"/>
		<ConvertTo qty="1065.0000" uom="g"/>
	</Conversion>
	<Conversion id="I-3468" multiplier="0.00408163">
		<ConvertFrom qty="1.0000" uom="cup"/>
		<ConvertTo qty="245.0000" uom="g"/>
	</Conversion>
	<Conversion id="I-3497" multiplier="0.00342466">
		<ConvertFrom qty="1.0000" uom="cup"/>
		<ConvertTo qty="292.0000" uom="g"/>
	</Conversion>
	<Conversion id="I-3501" multiplier="0.00342466">
		<ConvertFrom qty="1.0000" uom="cup"/>
		<ConvertTo qty="292.0000" uom="g"/>
	</Conversion>
	<Conversion id="I-3517" multiplier="0.05555556">
		<ConvertFrom qty="1.0000" uom="Tbsp"/>
		<ConvertTo qty="18.0000" uom="g"/>
	</Conversion>
	<Conversion id="I-3545" multiplier="0.16666667">
		<ConvertFrom qty="1.0000" uom="tsp"/>
		<ConvertTo qty="6.0000" uom="g"/>
	</Conversion>
	<Conversion id="I-3545" multiplier="0.05555556">
		<ConvertFrom qty="1.0000" uom="Tbsp"/>
		<ConvertTo qty="18.0000" uom="g"/>
	</Conversion>
	<Conversion id="I-3563" multiplier="0.21276596">
		<ConvertFrom qty="1.0000" uom="tsp"/>
		<ConvertTo qty="4.7000" uom="g"/>
	</Conversion>
	<Conversion id="I-3572" multiplier="0.05882353">
		<ConvertFrom qty="1.0000" uom="Tbsp"/>
		<ConvertTo qty="17.0000" uom="g"/>
	</Conversion>
	<Conversion id="I-3572" multiplier="0.00363636">
		<ConvertFrom qty="1.0000" uom="cup"/>
		<ConvertTo qty="275.0000" uom="g"/>
	</Conversion>
	<Conversion id="I-3575" multiplier="0.00704225">
		<ConvertFrom qty="1.0000" uom="cup"/>
		<ConvertTo qty="142.0000" uom="g"/>
	</Conversion>
	<Conversion id="I-3577" multiplier="0.37037037">
		<ConvertFrom qty="1.0000" uom="tsp"/>
		<ConvertTo qty="2.7000" uom="g"/>
	</Conversion>
	<Conversion id="I-3577" multiplier="0.12500000">
		<ConvertFrom qty="1.0000" uom="Tbsp"/>
		<ConvertTo qty="8.0000" uom="g"/>
	</Conversion>
	<Conversion id="I-3582" multiplier="0.16666667">
		<ConvertFrom qty="1.0000" uom="tsp"/>
		<ConvertTo qty="6.0000" uom="g"/>
	</Conversion>
	<Conversion id="I-3582" multiplier="0.05555556">
		<ConvertFrom qty="1.0000" uom="Tbsp"/>
		<ConvertTo qty="18.0000" uom="g"/>
	</Conversion>
	<Conversion id="I-3582" multiplier="0.00342466">
		<ConvertFrom qty="1.0000" uom="cup"/>
		<ConvertTo qty="292.0000" uom="g"/>
	</Conversion>
	<Conversion id="I-3589" multiplier="0.11111111">
		<ConvertFrom qty="1.0000" uom="Tbsp"/>
		<ConvertTo qty="9.0000" uom="g"/>
	</Conversion>
	<Conversion id="I-3589" multiplier="0.00694444">
		<ConvertFrom qty="1.0000" uom="cup"/>
		<ConvertTo qty="144.0000" uom="g"/>
	</Conversion>
	<Conversion id="I-3590" multiplier="0.00781250">
		<ConvertFrom qty="1.0000" uom="cup"/>
		<ConvertTo qty="128.0000" uom="g"/>
	</Conversion>
	<Conversion id="I-3591" multiplier="0.11111111">
		<ConvertFrom qty="1.0000" uom="Tbsp"/>
		<ConvertTo qty="9.0000" uom="g"/>
	</Conversion>
	<Conversion id="I-3591" multiplier="0.00694444">
		<ConvertFrom qty="1.0000" uom="cup"/>
		<ConvertTo qty="144.0000" uom="g"/>
	</Conversion>
	<Conversion id="I-3617" multiplier="0.52631579">
		<ConvertFrom qty="1.0000" uom="tsp"/>
		<ConvertTo qty="1.9000" uom="g"/>
	</Conversion>
	<Conversion id="I-3617" multiplier="0.16666667">
		<ConvertFrom qty="1.0000" uom="Tbsp"/>
		<ConvertTo qty="6.0000" uom="g"/>
	</Conversion>
	<Conversion id="I-3619" multiplier="4.65616546">
		<ConvertFrom qty="1.0000" uom="leaf"/>
		<ConvertTo qty="0.2148" uom="g"/>
	</Conversion>
	<Conversion id="I-3620" multiplier="0.17241379">
		<ConvertFrom qty="1.0000" uom="Tbsp"/>
		<ConvertTo qty="5.8000" uom="g"/>
	</Conversion>
	<Conversion id="I-3621" multiplier="1.42857143">
		<ConvertFrom qty="1.0000" uom="tsp"/>
		<ConvertTo qty="0.7000" uom="g"/>
	</Conversion>
	<Conversion id="I-3622" multiplier="0.37037037">
		<ConvertFrom qty="1.0000" uom="tsp"/>
		<ConvertTo qty="2.7000" uom="g"/>
	</Conversion>
	<Conversion id="I-3622" multiplier="0.12500000">
		<ConvertFrom qty="1.0000" uom="Tbsp"/>
		<ConvertTo qty="8.0000" uom="g"/>
	</Conversion>
	<Conversion id="I-3623" multiplier="0.55555556">
		<ConvertFrom qty="1.0000" uom="tsp"/>
		<ConvertTo qty="1.8000" uom="g"/>
	</Conversion>
	<Conversion id="I-3623" multiplier="0.18867925">
		<ConvertFrom qty="1.0000" uom="Tbsp"/>
		<ConvertTo qty="5.3000" uom="g"/>
	</Conversion>
	<Conversion id="I-3624" multiplier="0.55555556">
		<ConvertFrom qty="1.0000" uom="tsp"/>
		<ConvertTo qty="1.8000" uom="g"/>
	</Conversion>
	<Conversion id="I-3624" multiplier="0.18867925">
		<ConvertFrom qty="1.0000" uom="Tbsp"/>
		<ConvertTo qty="5.3000" uom="g"/>
	</Conversion>
	<Conversion id="I-3625" multiplier="0.38461538">
		<ConvertFrom qty="1.0000" uom="tsp"/>
		<ConvertTo qty="2.6000" uom="g"/>
	</Conversion>
	<Conversion id="I-3625" multiplier="0.12820513">
		<ConvertFrom qty="1.0000" uom="Tbsp"/>
		<ConvertTo qty="7.8000" uom="g"/>
	</Conversion>
	<Conversion id="I-3628" multiplier="0.47619048">
		<ConvertFrom qty="1.0000" uom="tsp"/>
		<ConvertTo qty="2.1000" uom="g"/>
	</Conversion>
	<Conversion id="I-3628" multiplier="0.15384615">
		<ConvertFrom qty="1.0000" uom="Tbsp"/>
		<ConvertTo qty="6.5000" uom="g"/>
	</Conversion>
	<Conversion id="I-3629" multiplier="0.55555556">
		<ConvertFrom qty="1.0000" uom="tsp"/>
		<ConvertTo qty="1.8000" uom="g"/>
	</Conversion>
	<Conversion id="I-3629" multiplier="0.20000000">
		<ConvertFrom qty="1.0000" uom="Tbsp"/>
		<ConvertTo qty="5.0000" uom="g"/>
	</Conversion>
	<Conversion id="I-3630" multiplier="0.16666667">
		<ConvertFrom qty="1.0000" uom="Tbsp"/>
		<ConvertTo qty="6.0000" uom="g"/>
	</Conversion>
	<Conversion id="I-3631" multiplier="0.50000000">
		<ConvertFrom qty="1.0000" uom="tsp"/>
		<ConvertTo qty="2.0000" uom="g"/>
	</Conversion>
	<Conversion id="I-3631" multiplier="0.15873016">
		<ConvertFrom qty="1.0000" uom="Tbsp"/>
		<ConvertTo qty="6.3000" uom="g"/>
	</Conversion>
	<Conversion id="I-3632" multiplier="0.32258065">
		<ConvertFrom qty="1.0000" uom="tsp"/>
		<ConvertTo qty="3.1000" uom="g"/>
	</Conversion>
	<Conversion id="I-3632" multiplier="0.10309278">
		<ConvertFrom qty="1.0000" uom="Tbsp"/>
		<ConvertTo qty="9.7000" uom="g"/>
	</Conversion>
	<Conversion id="I-3633" multiplier="0.55555556">
		<ConvertFrom qty="1.0000" uom="tsp"/>
		<ConvertTo qty="1.8000" uom="g"/>
	</Conversion>
	<Conversion id="I-3633" multiplier="0.19230769">
		<ConvertFrom qty="1.0000" uom="Tbsp"/>
		<ConvertTo qty="5.2000" uom="g"/>
	</Conversion>
	<Conversion id="I-3634" multiplier="1.00000000">
		<ConvertFrom qty="1.0000" uom="tsp"/>
		<ConvertTo qty="1.0000" uom="g"/>
	</Conversion>
	<Conversion id="I-3634" multiplier="0.32258065">
		<ConvertFrom qty="1.0000" uom="Tbsp"/>
		<ConvertTo qty="3.1000" uom="g"/>
	</Conversion>
	<Conversion id="I-3636" multiplier="1.66666667">
		<ConvertFrom qty="1.0000" uom="tsp"/>
		<ConvertTo qty="0.6000" uom="g"/>
	</Conversion>
	<Conversion id="I-3636" multiplier="0.58823529">
		<ConvertFrom qty="1.0000" uom="Tbsp"/>
		<ConvertTo qty="1.7000" uom="g"/>
	</Conversion>
	<Conversion id="I-3637" multiplier="0.50000000">
		<ConvertFrom qty="1.0000" uom="tsp"/>
		<ConvertTo qty="2.0000" uom="g"/>
	</Conversion>
	<Conversion id="I-3637" multiplier="0.15873016">
		<ConvertFrom qty="1.0000" uom="Tbsp"/>
		<ConvertTo qty="6.3000" uom="g"/>
	</Conversion>
	<Conversion id="I-3638" multiplier="0.45454545">
		<ConvertFrom qty="1.0000" uom="tsp"/>
		<ConvertTo qty="2.2000" uom="g"/>
	</Conversion>
	<Conversion id="I-3638" multiplier="0.14285714">
		<ConvertFrom qty="1.0000" uom="Tbsp"/>
		<ConvertTo qty="7.0000" uom="g"/>
	</Conversion>
	<Conversion id="I-3639" multiplier="0.41666667">
		<ConvertFrom qty="1.0000" uom="tsp"/>
		<ConvertTo qty="2.4000" uom="g"/>
	</Conversion>
	<Conversion id="I-3639" multiplier="0.14492754">
		<ConvertFrom qty="1.0000" uom="Tbsp"/>
		<ConvertTo qty="6.9000" uom="g"/>
	</Conversion>
	<Conversion id="I-3640" multiplier="0.43478261">
		<ConvertFrom qty="1.0000" uom="tsp"/>
		<ConvertTo qty="2.3000" uom="g"/>
	</Conversion>
	<Conversion id="I-3640" multiplier="0.14705882">
		<ConvertFrom qty="1.0000" uom="Tbsp"/>
		<ConvertTo qty="6.8000" uom="g"/>
	</Conversion>
	<Conversion id="I-3641" multiplier="0.43478261">
		<ConvertFrom qty="1.0000" uom="tsp"/>
		<ConvertTo qty="2.3000" uom="g"/>
	</Conversion>
	<Conversion id="I-3641" multiplier="0.14705882">
		<ConvertFrom qty="1.0000" uom="Tbsp"/>
		<ConvertTo qty="6.8000" uom="g"/>
	</Conversion>
	<Conversion id="I-3642" multiplier="0.14492754">
		<ConvertFrom qty="1.0000" uom="Tbsp"/>
		<ConvertTo qty="6.9000" uom="g"/>
	</Conversion>
	<Conversion id="I-3643" multiplier="0.14492754">
		<ConvertFrom qty="1.0000" uom="Tbsp"/>
		<ConvertTo qty="6.9000" uom="g"/>
	</Conversion>
	<Conversion id="I-3644" multiplier="0.34482759">
		<ConvertFrom qty="1.0000" uom="tsp"/>
		<ConvertTo qty="2.9000" uom="g"/>
	</Conversion>
	<Conversion id="I-3646" multiplier="0.14084507">
		<ConvertFrom qty="1.0000" uom="Tbsp"/>
		<ConvertTo qty="7.1000" uom="g"/>
	</Conversion>
	<Conversion id="I-3647" multiplier="0.14084507">
		<ConvertFrom qty="1.0000" uom="Tbsp"/>
		<ConvertTo qty="7.1000" uom="g"/>
	</Conversion>
	<Conversion id="I-3649" multiplier="0.34482759">
		<ConvertFrom qty="1.0000" uom="tsp"/>
		<ConvertTo qty="2.9000" uom="g"/>
	</Conversion>
	<Conversion id="I-3651" multiplier="1.42857143">
		<ConvertFrom qty="1.0000" uom="tsp"/>
		<ConvertTo qty="0.7000" uom="g"/>
	</Conversion>
	<Conversion id="I-3651" multiplier="0.47619048">
		<ConvertFrom qty="1.0000" uom="Tbsp"/>
		<ConvertTo qty="2.1000" uom="g"/>
	</Conversion>
	<Conversion id="I-3653" multiplier="0.23255814">
		<ConvertFrom qty="1.0000" uom="Tbsp"/>
		<ConvertTo qty="4.3000" uom="g"/>
	</Conversion>
	<Conversion id="I-3654" multiplier="0.45454545">
		<ConvertFrom qty="1.0000" uom="tsp"/>
		<ConvertTo qty="2.2000" uom="g"/>
	</Conversion>
	<Conversion id="I-3654" multiplier="0.14705882">
		<ConvertFrom qty="1.0000" uom="Tbsp"/>
		<ConvertTo qty="6.8000" uom="g"/>
	</Conversion>
	<Conversion id="I-3655" multiplier="0.06666667">
		<ConvertFrom qty="1.0000" uom="ea"/>
		<ConvertTo qty="15.0000" uom="g"/>
	</Conversion>
	<Conversion id="I-3655" multiplier="1.50015002">
		<ConvertFrom qty="1.5002" uom="g"/>
		<ConvertTo qty="1.0000" uom="ea"/>
	</Conversion>
	<Conversion id="I-3657" multiplier="0.21739130">
		<ConvertFrom qty="1.0000" uom="tsp"/>
		<ConvertTo qty="4.6000" uom="g"/>
	</Conversion>
	<Conversion id="I-3657" multiplier="0.00454545">
		<ConvertFrom qty="1.0000" uom="cup"/>
		<ConvertTo qty="220.0000" uom="g"/>
	</Conversion>
	<Conversion id="I-3658" multiplier="0.21739130">
		<ConvertFrom qty="1.0000" uom="tsp"/>
		<ConvertTo qty="4.6000" uom="g"/>
	</Conversion>
	<Conversion id="I-3658" multiplier="0.00454545">
		<ConvertFrom qty="1.0000" uom="cup"/>
		<ConvertTo qty="220.0000" uom="g"/>
	</Conversion>
	<Conversion id="I-3659" multiplier="0.23809524">
		<ConvertFrom qty="1.0000" uom="tsp"/>
		<ConvertTo qty="4.2000" uom="g"/>
	</Conversion>
	<Conversion id="I-3659" multiplier="0.00500000">
		<ConvertFrom qty="1.0000" uom="cup"/>
		<ConvertTo qty="200.0000" uom="g"/>
	</Conversion>
	<Conversion id="I-3660" multiplier="0.23809524">
		<ConvertFrom qty="1.0000" uom="tsp"/>
		<ConvertTo qty="4.2000" uom="g"/>
	</Conversion>
	<Conversion id="I-3660" multiplier="0.00500000">
		<ConvertFrom qty="1.0000" uom="cup"/>
		<ConvertTo qty="200.0000" uom="g"/>
	</Conversion>
	<Conversion id="I-3661" multiplier="0.40000000">
		<ConvertFrom qty="1.0000" uom="tsp"/>
		<ConvertTo qty="2.5000" uom="g"/>
	</Conversion>
	<Conversion id="I-3670" multiplier="0.05000000">
		<ConvertFrom qty="1.0000" uom="Tbsp"/>
		<ConvertTo qty="20.0000" uom="g"/>
	</Conversion>
	<Conversion id="I-3670" multiplier="0.00317460">
		<ConvertFrom qty="1.0000" uom="cup"/>
		<ConvertTo qty="315.0000" uom="g"/>
	</Conversion>
	<Conversion id="I-3671" multiplier="0.05000000">
		<ConvertFrom qty="1.0000" uom="Tbsp"/>
		<ConvertTo qty="20.0000" uom="g"/>
	</Conversion>
	<Conversion id="I-3671" multiplier="0.00318471">
		<ConvertFrom qty="1.0000" uom="cup"/>
		<ConvertTo qty="314.0000" uom="g"/>
	</Conversion>
	<Conversion id="I-3676" multiplier="0.35211268">
		<ConvertFrom qty="1.0000" uom="LG CAN"/>
		<ConvertTo qty="2.8400" uom="L"/>
	</Conversion>
	<Conversion id="I-3678" multiplier="0.00392157">
		<ConvertFrom qty="1.0000" uom="cup"/>
		<ConvertTo qty="255.0000" uom="g"/>
	</Conversion>
	<Conversion id="I-3679" multiplier="0.06666667">
		<ConvertFrom qty="1.0000" uom="Tbsp"/>
		<ConvertTo qty="15.0000" uom="g"/>
	</Conversion>
	<Conversion id="I-3679" multiplier="0.00526316">
		<ConvertFrom qty="1.0000" uom="can"/>
		<ConvertTo qty="190.0000" uom="g"/>
	</Conversion>
	<Conversion id="I-3679" multiplier="0.00416667">
		<ConvertFrom qty="1.0000" uom="cup"/>
		<ConvertTo qty="240.0000" uom="g"/>
	</Conversion>
	<Conversion id="I-3679" multiplier="0.00096061">
		<ConvertFrom qty="1.0000" uom="L"/>
		<ConvertTo qty="1041.0000" uom="g"/>
	</Conversion>
	<Conversion id="I-3692" multiplier="0.18867925">
		<ConvertFrom qty="1.0000" uom="tsp"/>
		<ConvertTo qty="5.3000" uom="g"/>
	</Conversion>
	<Conversion id="I-3692" multiplier="0.06250000">
		<ConvertFrom qty="1.0000" uom="Tbsp"/>
		<ConvertTo qty="16.0000" uom="g"/>
	</Conversion>
	<Conversion id="I-3692" multiplier="0.00392157">
		<ConvertFrom qty="1.0000" uom="cup"/>
		<ConvertTo qty="255.0000" uom="g"/>
	</Conversion>
	<Conversion id="I-3692" multiplier="0.00100000">
		<ConvertFrom qty="1.0000" uom="L"/>
		<ConvertTo qty="1000.0000" uom="g"/>
	</Conversion>
	<Conversion id="I-3695" multiplier="0.20000000">
		<ConvertFrom qty="1.0000" uom="tsp"/>
		<ConvertTo qty="5.0000" uom="g"/>
	</Conversion>
	<Conversion id="I-3695" multiplier="0.06711409">
		<ConvertFrom qty="1.0000" uom="Tbsp"/>
		<ConvertTo qty="14.9000" uom="g"/>
	</Conversion>
	<Conversion id="I-3695" multiplier="0.00418410">
		<ConvertFrom qty="1.0000" uom="cup"/>
		<ConvertTo qty="239.0000" uom="g"/>
	</Conversion>
	<Conversion id="I-3698" multiplier="0.20000000">
		<ConvertFrom qty="1.0000" uom="tsp"/>
		<ConvertTo qty="5.0000" uom="g"/>
	</Conversion>
	<Conversion id="I-3698" multiplier="0.06711409">
		<ConvertFrom qty="1.0000" uom="Tbsp"/>
		<ConvertTo qty="14.9000" uom="g"/>
	</Conversion>
	<Conversion id="I-3698" multiplier="0.00420168">
		<ConvertFrom qty="1.0000" uom="cup"/>
		<ConvertTo qty="238.0000" uom="g"/>
	</Conversion>
	<Conversion id="I-3698" multiplier="0.00100000">
		<ConvertFrom qty="1.0000" uom="L"/>
		<ConvertTo qty="1000.0000" uom="g"/>
	</Conversion>
	<Conversion id="I-3854" multiplier="0.00869565">
		<ConvertFrom qty="1.0000" uom="CT"/>
		<ConvertTo qty="115.0000" uom="g"/>
	</Conversion>
	<Conversion id="I-3898" multiplier="0.01851852">
		<ConvertFrom qty="1.0000" uom="Kg"/>
		<ConvertTo qty="54.0000" uom="ea"/>
	</Conversion>
	<Conversion id="I-4249" multiplier="0.00549451">
		<ConvertFrom qty="1.0000" uom="CT"/>
		<ConvertTo qty="182.0000" uom="g"/>
	</Conversion>
	<Conversion id="I-4252" multiplier="0.00549451">
		<ConvertFrom qty="1.0000" uom="CT"/>
		<ConvertTo qty="182.0000" uom="g"/>
	</Conversion>
	<Conversion id="I-4255" multiplier="0.00549451">
		<ConvertFrom qty="1.0000" uom="CT"/>
		<ConvertTo qty="182.0000" uom="g"/>
	</Conversion>
	<Conversion id="I-4271" multiplier="0.00549451">
		<ConvertFrom qty="1.0000" uom="CT"/>
		<ConvertTo qty="182.0000" uom="g"/>
	</Conversion>
	<Conversion id="I-4279" multiplier="0.00549451">
		<ConvertFrom qty="1.0000" uom="CT"/>
		<ConvertTo qty="182.0000" uom="g"/>
	</Conversion>
	<Conversion id="I-4341" multiplier="0.06250000">
		<ConvertFrom qty="0.2500" uom="cup"/>
		<ConvertTo qty="4.0000" uom="g"/>
	</Conversion>
	<Conversion id="I-4341" multiplier="0.35714286">
		<ConvertFrom qty="1.0000" uom="CT"/>
		<ConvertTo qty="2.8000" uom="oz"/>
	</Conversion>
	<Conversion id="I-4347" multiplier="0.00263158">
		<ConvertFrom qty="1.0000" uom="CT"/>
		<ConvertTo qty="380.0000" uom="g"/>
	</Conversion>
	<Conversion id="I-4352" multiplier="0.00427350">
		<ConvertFrom qty="1.0000" uom="CT"/>
		<ConvertTo qty="234.0000" uom="g"/>
	</Conversion>
	<Conversion id="I-4375" multiplier="0.06666667">
		<ConvertFrom qty="1.0000" uom="CT"/>
		<ConvertTo qty="15.0000" uom="g"/>
	</Conversion>
	<Conversion id="I-4396" multiplier="0.00561798">
		<ConvertFrom qty="1.0000" uom="CT"/>
		<ConvertTo qty="178.0000" uom="g"/>
	</Conversion>
	<Conversion id="I-4450" multiplier="0.33333333">
		<ConvertFrom qty="1.0000" uom="Tbsp"/>
		<ConvertTo qty="3.0000" uom="g"/>
	</Conversion>
	<Conversion id="I-4450" multiplier="0.03030303">
		<ConvertFrom qty="1.0000" uom="cup"/>
		<ConvertTo qty="33.0000" uom="g"/>
	</Conversion>
	<Conversion id="I-4450" multiplier="0.01000000">
		<ConvertFrom qty="1.0000" uom="CT"/>
		<ConvertTo qty="100.0000" uom="g"/>
	</Conversion>
	<Conversion id="I-4451" multiplier="0.00427350">
		<ConvertFrom qty="1.0000" uom="CT"/>
		<ConvertTo qty="234.0000" uom="g"/>
	</Conversion>
	<Conversion id="I-4452" multiplier="0.00427350">
		<ConvertFrom qty="1.0000" uom="HEAD"/>
		<ConvertTo qty="234.0000" uom="g"/>
	</Conversion>
	<Conversion id="I-4454" multiplier="0.00549451">
		<ConvertFrom qty="1.0000" uom="CT"/>
		<ConvertTo qty="182.0000" uom="g"/>
	</Conversion>
	<Conversion id="I-4456" multiplier="0.00520833">
		<ConvertFrom qty="1.0000" uom="CT"/>
		<ConvertTo qty="192.0000" uom="g"/>
	</Conversion>
	<Conversion id="I-4458" multiplier="0.00591716">
		<ConvertFrom qty="1.0000" uom="CT"/>
		<ConvertTo qty="169.0000" uom="g"/>
	</Conversion>
	<Conversion id="I-4460" multiplier="0.00549451">
		<ConvertFrom qty="1.0000" uom="CT"/>
		<ConvertTo qty="182.0000" uom="g"/>
	</Conversion>
	<Conversion id="I-4461" multiplier="0.00549451">
		<ConvertFrom qty="1.0000" uom="CT"/>
		<ConvertTo qty="182.0000" uom="g"/>
	</Conversion>
	<Conversion id="I-4472" multiplier="0.00735294">
		<ConvertFrom qty="1.0000" uom="CT"/>
		<ConvertTo qty="136.0000" uom="g"/>
	</Conversion>
	<Conversion id="I-4473" multiplier="0.00735294">
		<ConvertFrom qty="1.0000" uom="HEAD"/>
		<ConvertTo qty="136.0000" uom="g"/>
	</Conversion>
	<Conversion id="I-4480" multiplier="0.00555556">
		<ConvertFrom qty="1.0000" uom="CT"/>
		<ConvertTo qty="180.0000" uom="g"/>
	</Conversion>
	<Conversion id="I-4507" multiplier="0.18018018">
		<ConvertFrom qty="1.0000" uom="Kg"/>
		<ConvertTo qty="5.5500" uom="piece"/>
	</Conversion>
	<Conversion id="I-4507" multiplier="0.00847458">
		<ConvertFrom qty="1.0000" uom="ea"/>
		<ConvertTo qty="118.0000" uom="g"/>
	</Conversion>
	<Conversion id="I-4527" multiplier="0.00694444">
		<ConvertFrom qty="1.0000" uom="cup"/>
		<ConvertTo qty="144.0000" uom="g"/>
	</Conversion>
	<Conversion id="I-4527" multiplier="0.00220264">
		<ConvertFrom qty="1.0000" uom="BASKET"/>
		<ConvertTo qty="454.0000" uom="g"/>
	</Conversion>
	<Conversion id="I-4529" multiplier="0.00694444">
		<ConvertFrom qty="1.0000" uom="cup"/>
		<ConvertTo qty="144.0000" uom="g"/>
	</Conversion>
	<Conversion id="I-4529" multiplier="0.00588235">
		<ConvertFrom qty="1.0000" uom="BASKET"/>
		<ConvertTo qty="170.0000" uom="g"/>
	</Conversion>
	<Conversion id="I-4530" multiplier="0.00675676">
		<ConvertFrom qty="1.0000" uom="cup"/>
		<ConvertTo qty="148.0000" uom="g"/>
	</Conversion>
	<Conversion id="I-4530" multiplier="0.00303030">
		<ConvertFrom qty="1.0000" uom="BASKET"/>
		<ConvertTo qty="330.0000" uom="g"/>
	</Conversion>
	<Conversion id="I-4536" multiplier="0.00164474">
		<ConvertFrom qty="1.0000" uom="BUNCH"/>
		<ConvertTo qty="608.0000" uom="g"/>
	</Conversion>
	<Conversion id="I-4536" multiplier="0.00123457">
		<ConvertFrom qty="1.0000" uom="CT"/>
		<ConvertTo qty="810.0000" uom="g"/>
	</Conversion>
	<Conversion id="I-4557" multiplier="0.04347826">
		<ConvertFrom qty="1.0000" uom="leaf"/>
		<ConvertTo qty="23.0000" uom="g"/>
	</Conversion>
	<Conversion id="I-4557" multiplier="0.00100000">
		<ConvertFrom qty="1.0000" uom="CT"/>
		<ConvertTo qty="1000.0000" uom="g"/>
	</Conversion>
	<Conversion id="I-4560" multiplier="0.00122850">
		<ConvertFrom qty="1.0000" uom="CT"/>
		<ConvertTo qty="814.0000" uom="g"/>
	</Conversion>
	<Conversion id="I-4574" multiplier="0.00909091">
		<ConvertFrom qty="1.0000" uom="cup"/>
		<ConvertTo qty="110.0000" uom="g"/>
	</Conversion>
	<Conversion id="I-4593" multiplier="0.00200000">
		<ConvertFrom qty="1.0000" uom="HEAD"/>
		<ConvertTo qty="500.0000" uom="g"/>
	</Conversion>
	<Conversion id="I-4593" multiplier="0.00170068">
		<ConvertFrom qty="1.0000" uom="CT"/>
		<ConvertTo qty="588.0000" uom="g"/>
	</Conversion>
	<Conversion id="I-4594" multiplier="0.00119048">
		<ConvertFrom qty="1.0000" uom="CT"/>
		<ConvertTo qty="840.0000" uom="g"/>
	</Conversion>
	<Conversion id="I-4598" multiplier="0.00125000">
		<ConvertFrom qty="1.0000" uom="CT"/>
		<ConvertTo qty="800.0000" uom="g"/>
	</Conversion>
	<Conversion id="I-4601" multiplier="0.00990099">
		<ConvertFrom qty="1.0000" uom="cup"/>
		<ConvertTo qty="101.0000" uom="g"/>
	</Conversion>
	<Conversion id="I-4620" multiplier="0.06250000">
		<ConvertFrom qty="0.2500" uom="cup"/>
		<ConvertTo qty="4.0000" uom="g"/>
	</Conversion>
	<Conversion id="I-4620" multiplier="0.01000000">
		<ConvertFrom qty="1.0000" uom="CT"/>
		<ConvertTo qty="100.0000" uom="g"/>
	</Conversion>
	<Conversion id="I-4621" multiplier="0.06250000">
		<ConvertFrom qty="0.2500" uom="cup"/>
		<ConvertTo qty="4.0000" uom="g"/>
	</Conversion>
	<Conversion id="I-4621" multiplier="0.35714286">
		<ConvertFrom qty="1.0000" uom="BUNCH"/>
		<ConvertTo qty="2.8000" uom="oz"/>
	</Conversion>
	<Conversion id="I-4626" multiplier="0.00263158">
		<ConvertFrom qty="1.0000" uom="CT"/>
		<ConvertTo qty="380.0000" uom="g"/>
	</Conversion>
	<Conversion id="I-4628" multiplier="0.00332226">
		<ConvertFrom qty="1.0000" uom="HEAD"/>
		<ConvertTo qty="301.0000" uom="g"/>
	</Conversion>
	<Conversion id="I-4640" multiplier="0.07692308">
		<ConvertFrom qty="1.0000" uom="cs"/>
		<ConvertTo qty="13.0000" uom="Kg"/>
	</Conversion>
	<Conversion id="I-4640" multiplier="0.00200000">
		<ConvertFrom qty="1.0000" uom="CT"/>
		<ConvertTo qty="500.0000" uom="g"/>
	</Conversion>
	<Conversion id="I-4663" multiplier="0.07692308">
		<ConvertFrom qty="1.0000" uom="CT"/>
		<ConvertTo qty="13.0000" uom="oz"/>
	</Conversion>
	<Conversion id="I-4664" multiplier="0.00813008">
		<ConvertFrom qty="1.0000" uom="CT"/>
		<ConvertTo qty="123.0000" uom="g"/>
	</Conversion>
	<Conversion id="I-4679" multiplier="0.06666667">
		<ConvertFrom qty="1.0000" uom="BUNCH"/>
		<ConvertTo qty="15.0000" uom="g"/>
	</Conversion>
	<Conversion id="I-4690" multiplier="0.20000000">
		<ConvertFrom qty="1.0000" uom="leaf"/>
		<ConvertTo qty="5.0000" uom="g"/>
	</Conversion>
	<Conversion id="I-4690" multiplier="0.00613497">
		<ConvertFrom qty="1.0000" uom="CT"/>
		<ConvertTo qty="163.0000" uom="g"/>
	</Conversion>
	<Conversion id="I-4691" multiplier="0.00066667">
		<ConvertFrom qty="1.0000" uom="CT"/>
		<ConvertTo qty="1500.0000" uom="g"/>
	</Conversion>
	<Conversion id="I-4693" multiplier="0.00132450">
		<ConvertFrom qty="1.0000" uom="CT"/>
		<ConvertTo qty="755.0000" uom="g"/>
	</Conversion>
	<Conversion id="I-4698" multiplier="0.00400000">
		<ConvertFrom qty="1.0000" uom="CT"/>
		<ConvertTo qty="250.0000" uom="g"/>
	</Conversion>
	<Conversion id="I-4699" multiplier="0.00500000">
		<ConvertFrom qty="1.0000" uom="BUNCH"/>
		<ConvertTo qty="200.0000" uom="g"/>
	</Conversion>
	<Conversion id="I-4700" multiplier="0.00400000">
		<ConvertFrom qty="1.0000" uom="CT"/>
		<ConvertTo qty="250.0000" uom="g"/>
	</Conversion>
	<Conversion id="I-4702" multiplier="0.01449275">
		<ConvertFrom qty="1.0000" uom="HEAD"/>
		<ConvertTo qty="69.0000" uom="g"/>
	</Conversion>
	<Conversion id="I-4709" multiplier="0.01190476">
		<ConvertFrom qty="1.0000" uom="CT"/>
		<ConvertTo qty="84.0000" uom="g"/>
	</Conversion>
	<Conversion id="I-4711" multiplier="0.00277778">
		<ConvertFrom qty="1.0000" uom="CT"/>
		<ConvertTo qty="360.0000" uom="g"/>
	</Conversion>
	<Conversion id="I-4711" multiplier="0.00277778">
		<ConvertFrom qty="1.0000" uom="HEAD"/>
		<ConvertTo qty="360.0000" uom="g"/>
	</Conversion>
	<Conversion id="I-4712" multiplier="0.01492537">
		<ConvertFrom qty="1.0000" uom="CT"/>
		<ConvertTo qty="67.0000" uom="g"/>
	</Conversion>
	<Conversion id="I-4745" multiplier="0.00666667">
		<ConvertFrom qty="1.0000" uom="ea"/>
		<ConvertTo qty="150.0000" uom="g"/>
	</Conversion>
	<Conversion id="I-4761" multiplier="0.33333333">
		<ConvertFrom qty="1.0000" uom="lb"/>
		<ConvertTo qty="3.0000" uom="CT"/>
	</Conversion>
	<Conversion id="I-4764" multiplier="0.00763359">
		<ConvertFrom qty="1.0000" uom="CT"/>
		<ConvertTo qty="131.0000" uom="g"/>
	</Conversion>
	<Conversion id="I-4765" multiplier="0.01041667">
		<ConvertFrom qty="1.0000" uom="CT"/>
		<ConvertTo qty="96.0000" uom="g"/>
	</Conversion>
	<Conversion id="I-4766" multiplier="0.00763359">
		<ConvertFrom qty="1.0000" uom="CT"/>
		<ConvertTo qty="131.0000" uom="g"/>
	</Conversion>
	<Conversion id="I-4772" multiplier="0.26315789">
		<ConvertFrom qty="1.0000" uom="Tbsp"/>
		<ConvertTo qty="3.8000" uom="g"/>
	</Conversion>
	<Conversion id="I-4772" multiplier="0.01000000">
		<ConvertFrom qty="1.0000" uom="BUNCH"/>
		<ConvertTo qty="100.0000" uom="g"/>
	</Conversion>
	<Conversion id="I-4781" multiplier="0.00434783">
		<ConvertFrom qty="1.0000" uom="CT"/>
		<ConvertTo qty="230.0000" uom="g"/>
	</Conversion>
	<Conversion id="I-4783" multiplier="0.00714286">
		<ConvertFrom qty="1.0000" uom="CT"/>
		<ConvertTo qty="140.0000" uom="g"/>
	</Conversion>
	<Conversion id="I-4804" multiplier="0.00110497">
		<ConvertFrom qty="1.0000" uom="CT"/>
		<ConvertTo qty="905.0000" uom="g"/>
	</Conversion>
	<Conversion id="I-4829" multiplier="0.00813008">
		<ConvertFrom qty="1.0000" uom="cup"/>
		<ConvertTo qty="123.0000" uom="g"/>
	</Conversion>
	<Conversion id="I-4829" multiplier="0.00588235">
		<ConvertFrom qty="1.0000" uom="BASKET"/>
		<ConvertTo qty="170.0000" uom="g"/>
	</Conversion>
	<Conversion id="I-4844" multiplier="0.00159744">
		<ConvertFrom qty="1.0000" uom="HEAD"/>
		<ConvertTo qty="626.0000" uom="g"/>
	</Conversion>
	<Conversion id="I-4894" multiplier="0.04000000">
		<ConvertFrom qty="1.0000" uom="ea"/>
		<ConvertTo qty="25.0000" uom="g"/>
	</Conversion>
	<Conversion id="I-4915" multiplier="0.02777778">
		<ConvertFrom qty="1.0000" uom="cup"/>
		<ConvertTo qty="36.0000" uom="g"/>
	</Conversion>
	<Conversion id="I-4915" multiplier="0.02083333">
		<ConvertFrom qty="1.0000" uom="leaf"/>
		<ConvertTo qty="48.0000" uom="g"/>
	</Conversion>
	<Conversion id="I-4915" multiplier="0.00222222">
		<ConvertFrom qty="1.0000" uom="HEAD"/>
		<ConvertTo qty="450.0000" uom="g"/>
	</Conversion>
	<Conversion id="I-4925" multiplier="0.00352113">
		<ConvertFrom qty="1.0000" uom="BASKET"/>
		<ConvertTo qty="284.0000" uom="g"/>
	</Conversion>
	<Conversion id="I-4947" multiplier="0.02941176">
		<ConvertFrom qty="1.0000" uom="cup"/>
		<ConvertTo qty="34.0000" uom="g"/>
	</Conversion>
	<Conversion id="I-4947" multiplier="0.00735294">
		<ConvertFrom qty="1.0000" uom="CT"/>
		<ConvertTo qty="136.0000" uom="g"/>
	</Conversion>
	<Conversion id="I-4949" multiplier="0.00022134">
		<ConvertFrom qty="1.0000" uom="CT"/>
		<ConvertTo qty="4518.0000" uom="g"/>
	</Conversion>
	<Conversion id="P-5962" multiplier="0.01333333">
		<ConvertFrom qty="1.0000" uom="L"/>
		<ConvertTo qty="75.0000" uom="srvg"/>
	</Conversion>
	<Conversion id="I-5967" multiplier="1.00000000">
		<ConvertFrom qty="1.0000" uom="500ML"/>
		<ConvertTo qty="1.0000" uom="473ML"/>
	</Conversion>
	<Conversion id="I-5968" multiplier="1.00000000">
		<ConvertFrom qty="1.0000" uom="500ML"/>
		<ConvertTo qty="1.0000" uom="473ML"/>
	</Conversion>
	<Conversion id="I-5977" multiplier="0.38461538">
		<ConvertFrom qty="1.0000" uom="tsp"/>
		<ConvertTo qty="2.6000" uom="g"/>
	</Conversion>
	<Conversion id="I-5977" multiplier="0.14285714">
		<ConvertFrom qty="1.0000" uom="piece"/>
		<ConvertTo qty="7.0000" uom="g"/>
	</Conversion>
	<Conversion id="I-5977" multiplier="0.12820513">
		<ConvertFrom qty="1.0000" uom="Tbsp"/>
		<ConvertTo qty="7.8000" uom="g"/>
	</Conversion>
	<Conversion id="I-5983" multiplier="0.03378378">
		<ConvertFrom qty="1.0000" uom="fl oz"/>
		<ConvertTo qty="29.6000" uom="g"/>
	</Conversion>
	<Conversion id="I-5983" multiplier="0.00100000">
		<ConvertFrom qty="1.0000" uom="L"/>
		<ConvertTo qty="1000.0000" uom="g"/>
	</Conversion>
	<Conversion id="I-6006" multiplier="0.22222222">
		<ConvertFrom qty="1.0000" uom="tsp"/>
		<ConvertTo qty="4.5000" uom="g"/>
	</Conversion>
	<Conversion id="I-6006" multiplier="0.07407407">
		<ConvertFrom qty="1.0000" uom="Tbsp"/>
		<ConvertTo qty="13.5000" uom="g"/>
	</Conversion>
	<Conversion id="I-6006" multiplier="0.00462963">
		<ConvertFrom qty="1.0000" uom="cup"/>
		<ConvertTo qty="216.0000" uom="g"/>
	</Conversion>
	<Conversion id="I-6013" multiplier="1.00000000">
		<ConvertFrom qty="1.0000" uom="473ML"/>
		<ConvertTo qty="1.0000" uom="bottle"/>
	</Conversion>
	<Conversion id="I-6017" multiplier="0.00161250">
		<ConvertFrom qty="0.1613" uom="L"/>
		<ConvertTo qty="100.0000" uom="g"/>
	</Conversion>
	<Conversion id="I-6017" multiplier="0.14285714">
		<ConvertFrom qty="1.0000" uom="slice"/>
		<ConvertTo qty="7.0000" uom="g"/>
	</Conversion>
	<Conversion id="I-6017" multiplier="0.01538462">
		<ConvertFrom qty="1.0000" uom="piece"/>
		<ConvertTo qty="65.0000" uom="g"/>
	</Conversion>
	<Conversion id="I-6443" multiplier="0.03246753">
		<ConvertFrom qty="1.0000" uom="fl oz"/>
		<ConvertTo qty="30.8000" uom="g"/>
	</Conversion>
	<Conversion id="I-6443" multiplier="0.00406504">
		<ConvertFrom qty="1.0000" uom="cup"/>
		<ConvertTo qty="246.0000" uom="g"/>
	</Conversion>
	<Conversion id="I-6775" multiplier="0.00549451">
		<ConvertFrom qty="1.0000" uom="CT"/>
		<ConvertTo qty="182.0000" uom="g"/>
	</Conversion>
	<Conversion id="I-6791" multiplier="0.00411523">
		<ConvertFrom qty="1.0000" uom="cup"/>
		<ConvertTo qty="243.0000" uom="g"/>
	</Conversion>
	<Conversion id="I-6812" multiplier="0.00909091">
		<ConvertFrom qty="1.0000" uom="cup"/>
		<ConvertTo qty="110.0000" uom="g"/>
	</Conversion>
	<Conversion id="I-6832" multiplier="0.00909091">
		<ConvertFrom qty="1.0000" uom="cup"/>
		<ConvertTo qty="110.0000" uom="g"/>
	</Conversion>
	<Conversion id="I-7060" multiplier="0.03401361">
		<ConvertFrom qty="1.0000" uom="fl oz"/>
		<ConvertTo qty="29.4000" uom="g"/>
	</Conversion>
	<Conversion id="I-7061" multiplier="0.03401361">
		<ConvertFrom qty="1.0000" uom="fl oz"/>
		<ConvertTo qty="29.4000" uom="g"/>
	</Conversion>
	<Conversion id="I-7978" multiplier="2.63157895">
		<ConvertFrom qty="1.0000" uom="lb"/>
		<ConvertTo qty="0.3800" uom="L"/>
	</Conversion>
	<Conversion id="I-7978" multiplier="0.54347826">
		<ConvertFrom qty="1.0000" uom="XXX"/>
		<ConvertTo qty="1.8400" uom="L"/>
	</Conversion>
	<Conversion id="I-8042" multiplier="0.00549451">
		<ConvertFrom qty="1.0000" uom="CT"/>
		<ConvertTo qty="182.0000" uom="g"/>
	</Conversion>
	<Conversion id="I-8058" multiplier="0.00408163">
		<ConvertFrom qty="1.0000" uom="cup"/>
		<ConvertTo qty="245.0000" uom="g"/>
	</Conversion>
	<Conversion id="I-8060" multiplier="0.07042254">
		<ConvertFrom qty="1.0000" uom="Tbsp"/>
		<ConvertTo qty="14.2000" uom="g"/>
	</Conversion>
	<Conversion id="I-8060" multiplier="0.00440529">
		<ConvertFrom qty="1.0000" uom="cup"/>
		<ConvertTo qty="227.0000" uom="g"/>
	</Conversion>
	<Conversion id="I-8235" multiplier="0.22222222">
		<ConvertFrom qty="1.0000" uom="tsp"/>
		<ConvertTo qty="4.5000" uom="g"/>
	</Conversion>
	<Conversion id="I-8235" multiplier="0.07407407">
		<ConvertFrom qty="1.0000" uom="Tbsp"/>
		<ConvertTo qty="13.5000" uom="g"/>
	</Conversion>
	<Conversion id="I-8235" multiplier="0.00462963">
		<ConvertFrom qty="1.0000" uom="cup"/>
		<ConvertTo qty="216.0000" uom="g"/>
	</Conversion>
	<Conversion id="I-8235" multiplier="0.00115741">
		<ConvertFrom qty="1.0000" uom="L"/>
		<ConvertTo qty="864.0000" uom="g"/>
	</Conversion>
	<Conversion id="I-9295" multiplier="0.06666667">
		<ConvertFrom qty="1.0000" uom="slice"/>
		<ConvertTo qty="15.0000" uom="g"/>
	</Conversion>
	<Conversion id="I-10149" multiplier="0.16666667">
		<ConvertFrom qty="1.0000" uom="Tbsp"/>
		<ConvertTo qty="6.0000" uom="g"/>
	</Conversion>
	<Conversion id="I-10149" multiplier="0.08333333">
		<ConvertFrom qty="1.0000" uom="CT"/>
		<ConvertTo qty="12.0000" uom="g"/>
	</Conversion>
	<Conversion id="I-10149" multiplier="0.01388889">
		<ConvertFrom qty="1.0000" uom="BUNCH"/>
		<ConvertTo qty="72.0000" uom="g"/>
	</Conversion>
	<Conversion id="I-10760" multiplier="0.02777778">
		<ConvertFrom qty="1.0000" uom="cup"/>
		<ConvertTo qty="36.0000" uom="g"/>
	</Conversion>
	<Conversion id="I-10760" multiplier="0.02083333">
		<ConvertFrom qty="1.0000" uom="leaf"/>
		<ConvertTo qty="48.0000" uom="g"/>
	</Conversion>
	<Conversion id="I-10760" multiplier="0.00200000">
		<ConvertFrom qty="1.0000" uom="HEAD"/>
		<ConvertTo qty="500.0000" uom="g"/>
	</Conversion>
	<Conversion id="I-11361" multiplier="0.03205128">
		<ConvertFrom qty="1.0000" uom="fl oz"/>
		<ConvertTo qty="31.2000" uom="g"/>
	</Conversion>
	<Conversion id="I-11361" multiplier="0.00400000">
		<ConvertFrom qty="1.0000" uom="CT"/>
		<ConvertTo qty="250.0000" uom="g"/>
	</Conversion>
	<Conversion id="I-11361" multiplier="0.00400000">
		<ConvertFrom qty="1.0000" uom="cup"/>
		<ConvertTo qty="250.0000" uom="g"/>
	</Conversion>
	<Conversion id="I-11361" multiplier="0.00100000">
		<ConvertFrom qty="1.0000" uom="qt"/>
		<ConvertTo qty="1000.0000" uom="g"/>
	</Conversion>
	<Conversion id="I-11363" multiplier="0.03278689">
		<ConvertFrom qty="1.0000" uom="fl oz"/>
		<ConvertTo qty="30.5000" uom="g"/>
	</Conversion>
	<Conversion id="I-11363" multiplier="0.00409836">
		<ConvertFrom qty="1.0000" uom="cup"/>
		<ConvertTo qty="244.0000" uom="g"/>
	</Conversion>
	<Conversion id="I-11363" multiplier="0.00377358">
		<ConvertFrom qty="1.0000" uom="CT"/>
		<ConvertTo qty="265.0000" uom="g"/>
	</Conversion>
	<Conversion id="I-11363" multiplier="0.00102459">
		<ConvertFrom qty="1.0000" uom="qt"/>
		<ConvertTo qty="976.0000" uom="g"/>
	</Conversion>
	<Conversion id="I-11365" multiplier="0.03278689">
		<ConvertFrom qty="1.0000" uom="fl oz"/>
		<ConvertTo qty="30.5000" uom="g"/>
	</Conversion>
	<Conversion id="I-11365" multiplier="0.00409836">
		<ConvertFrom qty="1.0000" uom="cup"/>
		<ConvertTo qty="244.0000" uom="g"/>
	</Conversion>
	<Conversion id="I-11365" multiplier="0.00216450">
		<ConvertFrom qty="1.0000" uom="CT"/>
		<ConvertTo qty="462.0000" uom="g"/>
	</Conversion>
	<Conversion id="I-11365" multiplier="0.00102459">
		<ConvertFrom qty="1.0000" uom="qt"/>
		<ConvertTo qty="976.0000" uom="g"/>
	</Conversion>
	<Conversion id="I-11553" multiplier="0.00328947">
		<ConvertFrom qty="1.0000" uom="BUNCH"/>
		<ConvertTo qty="304.0000" uom="g"/>
	</Conversion>
	<Conversion id="I-11656" multiplier="0.00434783">
		<ConvertFrom qty="1.0000" uom="CT"/>
		<ConvertTo qty="230.0000" uom="g"/>
	</Conversion>
	<Conversion id="I-11664" multiplier="0.03448276">
		<ConvertFrom qty="1.0000" uom="LOAF"/>
		<ConvertTo qty="29.0000" uom="slice"/>
	</Conversion>
	<Conversion id="I-11804" multiplier="1.00000000">
		<ConvertFrom qty="1.0000" uom="ea"/>
		<ConvertTo qty="1.0000" uom="SHEET"/>
	</Conversion>
	<Conversion id="I-12478" multiplier="0.03333333">
		<ConvertFrom qty="1.0000" uom="LOAF"/>
		<ConvertTo qty="30.0000" uom="slice"/>
	</Conversion>
	<Conversion id="I-13205" multiplier="0.00354610">
		<ConvertFrom qty="1.0000" uom="CT"/>
		<ConvertTo qty="282.0000" uom="g"/>
	</Conversion>
	<Conversion id="I-13225" multiplier="0.00549451">
		<ConvertFrom qty="1.0000" uom="CT"/>
		<ConvertTo qty="182.0000" uom="g"/>
	</Conversion>
	<Conversion id="I-13253" multiplier="0.00549451">
		<ConvertFrom qty="1.0000" uom="CT"/>
		<ConvertTo qty="182.0000" uom="g"/>
	</Conversion>
	<Conversion id="I-13302" multiplier="0.05555556">
		<ConvertFrom qty="1.0000" uom="Tbsp"/>
		<ConvertTo qty="18.0000" uom="g"/>
	</Conversion>
	<Conversion id="I-13302" multiplier="0.00714286">
		<ConvertFrom qty="1.0000" uom="CT"/>
		<ConvertTo qty="140.0000" uom="g"/>
	</Conversion>
	<Conversion id="I-13302" multiplier="0.00347222">
		<ConvertFrom qty="1.0000" uom="cup"/>
		<ConvertTo qty="288.0000" uom="g"/>
	</Conversion>
	<Conversion id="I-13303" multiplier="1.00000000">
		<ConvertFrom qty="1.0000" uom="CT"/>
		<ConvertTo qty="1.0000" uom="ea"/>
	</Conversion>
	<Conversion id="I-13327" multiplier="0.03378378">
		<ConvertFrom qty="1.0000" uom="fl oz"/>
		<ConvertTo qty="29.6000" uom="g"/>
	</Conversion>
	<Conversion id="I-13327" multiplier="0.00909091">
		<ConvertFrom qty="1.0000" uom="pak"/>
		<ConvertTo qty="110.0000" uom="g"/>
	</Conversion>
	<Conversion id="I-14041" multiplier="1.00000000">
		<ConvertFrom qty="1.0000" uom="473ML"/>
		<ConvertTo qty="1.0000" uom="bottle"/>
	</Conversion>
	<Conversion id="I-14181" multiplier="0.07142857">
		<ConvertFrom qty="1.0000" uom="slice"/>
		<ConvertTo qty="14.0000" uom="g"/>
	</Conversion>
	<Conversion id="I-16217" multiplier="0.00271003">
		<ConvertFrom qty="1.0000" uom="CT"/>
		<ConvertTo qty="369.0000" uom="g"/>
	</Conversion>
	<Conversion id="I-16497" multiplier="0.00271003">
		<ConvertFrom qty="1.0000" uom="CT"/>
		<ConvertTo qty="369.0000" uom="g"/>
	</Conversion>
	<Conversion id="I-17203" multiplier="0.18867925">
		<ConvertFrom qty="1.0000" uom="tsp"/>
		<ConvertTo qty="5.3000" uom="g"/>
	</Conversion>
	<Conversion id="I-17203" multiplier="0.06250000">
		<ConvertFrom qty="1.0000" uom="Tbsp"/>
		<ConvertTo qty="16.0000" uom="g"/>
	</Conversion>
	<Conversion id="I-17203" multiplier="0.00392157">
		<ConvertFrom qty="1.0000" uom="cup"/>
		<ConvertTo qty="255.0000" uom="g"/>
	</Conversion>
	<Conversion id="I-17205" multiplier="0.16666667">
		<ConvertFrom qty="1.0000" uom="BASKET"/>
		<ConvertTo qty="6.0000" uom="oz"/>
	</Conversion>
	<Conversion id="I-17205" multiplier="0.00694444">
		<ConvertFrom qty="1.0000" uom="cup"/>
		<ConvertTo qty="144.0000" uom="g"/>
	</Conversion>
	<Conversion id="I-17616" multiplier="0.07142857">
		<ConvertFrom qty="1.0000" uom="slice"/>
		<ConvertTo qty="14.0000" uom="g"/>
	</Conversion>
	<Conversion id="I-17618" multiplier="0.07142857">
		<ConvertFrom qty="1.0000" uom="slice"/>
		<ConvertTo qty="14.0000" uom="g"/>
	</Conversion>
	<Conversion id="I-17670" multiplier="0.02000000">
		<ConvertFrom qty="1.0000" uom="Kg"/>
		<ConvertTo qty="50.0000" uom="slice"/>
	</Conversion>
	<Conversion id="I-18803" multiplier="2.15517241">
		<ConvertFrom qty="250.0000" uom="ml"/>
		<ConvertTo qty="116.0000" uom="g"/>
	</Conversion>
	<Conversion id="I-19283" multiplier="0.00210526">
		<ConvertFrom qty="1.0000" uom="bag"/>
		<ConvertTo qty="475.0000" uom="g"/>
	</Conversion>
	<Conversion id="I-19662" multiplier="0.03278689">
		<ConvertFrom qty="1.0000" uom="fl oz"/>
		<ConvertTo qty="30.5000" uom="g"/>
	</Conversion>
	<Conversion id="I-19662" multiplier="0.00409836">
		<ConvertFrom qty="1.0000" uom="cup"/>
		<ConvertTo qty="244.0000" uom="g"/>
	</Conversion>
	<Conversion id="I-19662" multiplier="0.00211416">
		<ConvertFrom qty="1.0000" uom="CT"/>
		<ConvertTo qty="473.0000" uom="g"/>
	</Conversion>
	<Conversion id="I-19662" multiplier="0.00102459">
		<ConvertFrom qty="1.0000" uom="qt"/>
		<ConvertTo qty="976.0000" uom="g"/>
	</Conversion>
	<Conversion id="I-19737" multiplier="0.00103306">
		<ConvertFrom qty="1.0000" uom="L"/>
		<ConvertTo qty="968.0000" uom="g"/>
	</Conversion>
	<Conversion id="I-20348" multiplier="0.23809524">
		<ConvertFrom qty="1.0000" uom="tsp"/>
		<ConvertTo qty="4.2000" uom="g"/>
	</Conversion>
	<Conversion id="I-20348" multiplier="0.07692308">
		<ConvertFrom qty="1.0000" uom="Tbsp"/>
		<ConvertTo qty="13.0000" uom="g"/>
	</Conversion>
	<Conversion id="I-20348" multiplier="0.00480769">
		<ConvertFrom qty="1.0000" uom="cup"/>
		<ConvertTo qty="208.0000" uom="g"/>
	</Conversion>
	<Conversion id="I-22026" multiplier="0.21276596">
		<ConvertFrom qty="1.0000" uom="tsp"/>
		<ConvertTo qty="4.7000" uom="g"/>
	</Conversion>
	<Conversion id="I-22026" multiplier="0.00106383">
		<ConvertFrom qty="1.0000" uom="L"/>
		<ConvertTo qty="940.0000" uom="g"/>
	</Conversion>
	<Conversion id="I-22443" multiplier="0.00381679">
		<ConvertFrom qty="1.0000" uom="L"/>
		<ConvertTo qty="262.0000" uom="g"/>
	</Conversion>
	<Conversion id="I-23336" multiplier="0.00381679">
		<ConvertFrom qty="1.0000" uom="cup"/>
		<ConvertTo qty="262.0000" uom="g"/>
	</Conversion>
	<Conversion id="I-26014" multiplier="0.22222222">
		<ConvertFrom qty="1.0000" uom="tsp"/>
		<ConvertTo qty="4.5000" uom="g"/>
	</Conversion>
	<Conversion id="I-26014" multiplier="0.07352941">
		<ConvertFrom qty="1.0000" uom="Tbsp"/>
		<ConvertTo qty="13.6000" uom="g"/>
	</Conversion>
	<Conversion id="I-26014" multiplier="0.00458716">
		<ConvertFrom qty="1.0000" uom="cup"/>
		<ConvertTo qty="218.0000" uom="g"/>
	</Conversion>
	<Conversion id="I-26667" multiplier="0.03527337">
		<ConvertFrom qty="1.0000" uom="oz"/>
		<ConvertTo qty="28.3500" uom="g"/>
	</Conversion>
	<Conversion id="I-26667" multiplier="0.00588235">
		<ConvertFrom qty="1.0000" uom="ea"/>
		<ConvertTo qty="170.0000" uom="g"/>
	</Conversion>
	<Conversion id="I-26667" multiplier="0.00220459">
		<ConvertFrom qty="1.0000" uom="lb"/>
		<ConvertTo qty="453.6000" uom="g"/>
	</Conversion>
	<Conversion id="I-27407" multiplier="0.01333333">
		<ConvertFrom qty="1.0000" uom="ea"/>
		<ConvertTo qty="75.0000" uom="g"/>
	</Conversion>
	<Conversion id="I-28770" multiplier="0.18867925">
		<ConvertFrom qty="1.0000" uom="tsp"/>
		<ConvertTo qty="5.3000" uom="g"/>
	</Conversion>
	<Conversion id="I-28770" multiplier="0.06250000">
		<ConvertFrom qty="1.0000" uom="Tbsp"/>
		<ConvertTo qty="16.0000" uom="g"/>
	</Conversion>
	<Conversion id="I-28770" multiplier="0.00392157">
		<ConvertFrom qty="1.0000" uom="cup"/>
		<ConvertTo qty="255.0000" uom="g"/>
	</Conversion>
	<Conversion id="I-31126" multiplier="0.02000000">
		<ConvertFrom qty="1.0000" uom="500UN"/>
		<ConvertTo qty="50.0000" uom="g"/>
	</Conversion>
	<Conversion id="I-31126" multiplier="0.02000000">
		<ConvertFrom qty="1.0000" uom="ea"/>
		<ConvertTo qty="50.0000" uom="g"/>
	</Conversion>
	<Conversion id="I-31900" multiplier="0.20408163">
		<ConvertFrom qty="1.0000" uom="tsp"/>
		<ConvertTo qty="4.9000" uom="g"/>
	</Conversion>
	<Conversion id="I-31900" multiplier="0.03448276">
		<ConvertFrom qty="1.0000" uom="fl oz"/>
		<ConvertTo qty="29.0000" uom="g"/>
	</Conversion>
	<Conversion id="I-31992" multiplier="0.03278689">
		<ConvertFrom qty="1.0000" uom="fl oz"/>
		<ConvertTo qty="30.5000" uom="g"/>
	</Conversion>
	<Conversion id="I-31992" multiplier="0.00409836">
		<ConvertFrom qty="1.0000" uom="cup"/>
		<ConvertTo qty="244.0000" uom="g"/>
	</Conversion>
	<Conversion id="I-31992" multiplier="0.00102459">
		<ConvertFrom qty="1.0000" uom="L"/>
		<ConvertTo qty="976.0000" uom="g"/>
	</Conversion>
	<Conversion id="I-31992" multiplier="0.00102459">
		<ConvertFrom qty="1.0000" uom="qt"/>
		<ConvertTo qty="976.0000" uom="g"/>
	</Conversion>
	<Conversion id="I-40609" multiplier="0.02500000">
		<ConvertFrom qty="1.0000" uom="CT"/>
		<ConvertTo qty="40.0000" uom="g"/>
	</Conversion>
	<Conversion id="I-40935" multiplier="0.01190476">
		<ConvertFrom qty="1.0000" uom="slice"/>
		<ConvertTo qty="84.0000" uom="g"/>
	</Conversion>
	<Conversion id="I-43559" multiplier="0.02000000">
		<ConvertFrom qty="1.0000" uom="CT"/>
		<ConvertTo qty="50.0000" uom="g"/>
	</Conversion>
	<Conversion id="I-45114" multiplier="0.03333333">
		<ConvertFrom qty="0.5000" uom="fl oz"/>
		<ConvertTo qty="15.0000" uom="g"/>
	</Conversion>
	<Conversion id="I-49967" multiplier="1.00000000">
		<ConvertFrom qty="1.0000" uom="ml"/>
		<ConvertTo qty="1.0000" uom="g"/>
	</Conversion>
	<Conversion id="I-60809" multiplier="0.00406504">
		<ConvertFrom qty="1.0000" uom="cup"/>
		<ConvertTo qty="246.0000" uom="g"/>
	</Conversion>
	<Conversion id="I-60809" multiplier="0.00101626">
		<ConvertFrom qty="1.0000" uom="qt"/>
		<ConvertTo qty="984.0000" uom="g"/>
	</Conversion>
	<Conversion id="I-65787" multiplier="0.02000000">
		<ConvertFrom qty="1.0000" uom="ea"/>
		<ConvertTo qty="50.0000" uom="g"/>
	</Conversion>
	<Conversion id="I-65787" multiplier="0.03529412">
		<ConvertFrom qty="3.0000" uom="oz"/>
		<ConvertTo qty="85.0000" uom="g"/>
	</Conversion>
</Conversions>
