ProdId,Description,SalesGroup,GHG Emission (g),Weight (g),GHG Emission (Kg),GHG Emission (Kg) / 100g,GHG Emission (g) / 100g,Sales,GHG Emission (g) / 100g * sales,N lost (g) / 100g,Stress-Weighted Water Use (L) / 100g,Land Use (m^2) / 100g
R-53080,SL|Lamb Roast|ala carte,GV SIMPLY LOCAL,9119.828773,120.0,9.1198,7.599857,7599.857311,61,463591.296,42.24,86.48,26.14
R-44681,SAND|Add Roast Beef,GV-SANDWICH,3184.784299,50.0,3.1848,6.369569,6369.568598,271,1726153.09,50.75,9446.24,19.48
R-53405,SL|Beef Back Rib,GV SIMPLY LOCAL,12396.52008,284.0,12.3965,4.364972,4364.971858,12,52379.6623,34.73,6471.15,13.35
R-49123,SL|Beef Brisket|115g,GV SIMPLY LOCAL,6399.166309,165.0,6.3992,3.878283,3878.282612,1,3878.282612,30.7,5732.27,11.87
R-54321,DIM SUM|Beef Stir Stirfry|SP,GV - DIM SUM,9580.520376,384.0,9.5805,2.494927,2494.927181,123,306876.0433,19.85,3784.78,7.5
R-53404,SL|Beef Back Rib Plate,GV SIMPLY LOCAL,12678.98491,554.0,12.679,2.288625,2288.625434,65,148760.6532,18.26,3408.11,6.99
R-51176,SL|Lamb Roast Plate|Sample,GV SIMPLY LOCAL,9638.020234,450.0,9.638,2.141782,2141.782274,275,588990.1254,11.97,223.82,7.41
R-51179,G&G|Roast beef|Tv Dinner,GV - GRAB & GO,6611.6688,310.0,6.6117,2.132796,2132.796387,925,1972836.658,16.79,3090.04,6.64
R-49124,SL|Beef Brisket Plate,GV SIMPLY LOCAL,6572.171249,330.0,6.5722,1.991567,1991.567045,16,31865.07272,15.79,3021.85,6.04
R-44766,FLX|Pho Beef Noodle,GV - FLEX ASIAN NOODLE,7895.281469,416.0,7.8953,1.897904,1897.904199,2204,4182980.855,15.04,2875.24,5.74
R-55005,GRL|Kalderta beef plate|SP,SPECIALS,7672.879175,405.0,7.6729,1.894538,1894.538068,209,395958.4562,15.02,2789.26,5.78
R-50361,GZA|Bowl|Spicy Beef,GV GYAZA,7351.95954,405.0,7.352,1.815299,1815.298652,2241,4068084.279,14.33,2723.49,5.43
R-40778,GZA|sushi cone|beef,GV GYAZA,1769.906711,111.0,1.7699,1.594511,1594.510551,1,1594.510551,6.51,1359.83,2.37
R-43885,SAND|Roast Beef Full Build,GV-SANDWICH,4708.588082,330.0,4.7086,1.426845,1426.844873,2949,4207765.53,13.03,3612.4,4.79
R-54263,FLX|Beef and broccoli|SP,SPECIALS,3627.422916,255.0,3.6274,1.422519,1422.51879,57,81083.57103,11.14,2206.91,4.24
R-51251,FLX|BBP|Add On|Pork Belly,GV FLEX BAO,1271.018634,90.0,1.271,1.412243,1412.242927,17,24008.12976,18.97,7668.19,2.99
R-37708,SL|Herb'd Pork Loin||125g,GV SIMPLY LOCAL,2288.851798,175.0,2.2889,1.307915,1307.915313,200,261583.0626,16.74,6866.46,2.96
R-47094,FLX|Stew beef one pot,GV - FLEX BC,3176.592318,245.0,3.1766,1.296568,1296.568293,1327,1720546.125,10.56,2027.68,3.89
R-48878,SL|Beef flat roast| +4,GV SIMPLY LOCAL,7953.053411,655.0,7.9531,1.214207,1214.206628,141,171203.1345,9.41,1915.18,3.69
R-22218,G&G|Spread|Nutella|Ptn,GV - GRAB & GO,156.8399922,14.99999925,0.1568,1.0456,1045.6,1453,1519256.8,0.27,22.0,6.9
R-44680,SAND|Add Ham,GV-SANDWICH,761.1483871,75.0,0.7611,1.014865,1014.864516,264,267924.2322,13.71,5599.24,2.17
R-53406,GRL|Add|Ham|1oz,ADD ONS,284.1620645,28.0,0.2842,1.014865,1014.864516,39,39579.71612,13.71,5599.25,2.17
R-56711,CAL|Taco|Oceanwise|Prawn(1),GV - CALIENTE,551.3618349,55.0,0.5514,1.002476,1002.476064,2209,2214469.625,1.93,1491.94,0.41
R-52676,FLX|Porchetta,GV - FLEX BC,1820.499688,200.0,1.8205,0.91025,910.249844,74,67358.48846,11.42,4698.68,2.07
R-44764,GRL|Add|Cheese|Ratio,ADD ONS,124.7456025,14.00000028,0.1247,0.89104,891.04,2823,2515405.92,9.33,8046.29,1.05
R-42254,FLX|Pasta|Meat Sce & Spaghetti,SPECIALS,2514.631479,312.441,2.5146,0.804834,804.834026,229,184306.992,6.59,1590.79,2.37
R-54846,GRL|Benny |Pulled Pork|SP,GV - GRILL BREAKFAST,1657.564386,221.0,1.6576,0.750029,750.029134,35,26251.01969,6.63,2633.67,0.97
R-53358,POP|Add Cod bouille|MR,SPECIALS,761.8367615,103.0,0.7618,0.739647,739.647341,5,3698.236705,9.38,2818.59,1.16
R-62238,SL|Salmon Cajun|100g,GV SIMPLY LOCAL,776.39102,105.0,0.7764,0.73942,739.420019,79,58414.1815,9.03,1139.85,1.26
R-47110,SL|Chicken Thigh (2),GV SIMPLY LOCAL,1284.501972,174.0,1.2845,0.73822,738.219524,803,592790.2778,18.53,63.68,2.01
R-44024,GRL|Wrap|Gather & Run|,GV - GRILL BREAKFAST,1388.00654,191.5,1.388,0.724808,724.807593,1622,1175637.916,7.75,3112.71,1.22
R-49710,DOD|SideSousVide Sockeye|SIDE,GV-FLEX DOD,724.2868892,100.0,0.7243,0.724287,724.286889,53,38387.20512,9.8,1309.63,1.1
R-52503,DIM SUM|Dry Pork Stirfry|SP,GV - DIM SUM,2521.757328,384.0,2.5218,0.656708,656.707637,187,122804.3281,8.38,3372.59,1.35
R-54003,GRL|Benny|Chorizo,GV - GRILL BREAKFAST,1359.888479,221.0,1.3599,0.615334,615.334154,78,47996.06401,6.17,2609.68,0.96
R-52826,FLX|Salmon Chowder 240ml,GV - FLEX BC,2071.680578,349.0,2.0717,0.593605,593.60475,67,39771.51825,5.21,1927.93,0.8
R-44583,CAL|Taco|Mojo pork(1),GV - CALIENTE,866.8126096,147.0,0.8668,0.589668,589.668442,2209,1302577.588,4.32,2117.1,0.85
R-46329,GRL|ADD|Chicken Thigh (2),GV GRILL DAY,1044.939332,180.0,1.0449,0.580522,580.521851,1579,916644.0027,15.03,43.17,1.52
R-44903,SL|Herbed chicken breast|150g,GV SIMPLY LOCAL,809.1465179,153.0,0.8091,0.528854,528.853933,200,105770.7866,14.02,49.72,1.38
R-53788,GRL|English Muffin Sand|SP,GV - GRILL BREAKFAST,256.9291037,49.00000061,0.2569,0.524345,524.345103,81,42471.95334,3.47,2000.35,0.6
R-51180,SL|Porchetta Plate|sample,GV SIMPLY LOCAL,2513.487125,480.0,2.5135,0.523643,523.643151,685,358695.5584,6.58,2624.01,1.15
R-46325,SL|Chicken Breast,GV SIMPLY LOCAL,900.7010682,173.5,0.9007,0.519136,519.136062,49,25437.66704,13.6,48.43,1.37
R-44799,SL|Chicken Breast|Lemon Thyme,GV SIMPLY LOCAL,992.2556184,194.0,0.9923,0.511472,511.471968,345,176457.829,13.27,47.42,1.36
R-54307,FLX|Bao|Bun|Pork Belly (1 ea),GV FLEX BAO,697.5617056,139.0,0.6976,0.501843,501.842954,412,206759.297,6.67,2802.37,1.08
R-54173,CALI|Churros|THREE,SPECIALS,90.21896939,18.0,0.0902,0.501216,501.216497,108,54131.38168,2.67,2203.78,0.63
R-53418,POP|Meat lover dog|TEN,SPECIALS,273.0097545,56.0,0.273,0.487517,487.517419,236,115054.1109,3.47,2051.02,0.71
R-54643,DIM SUM|Chicken Stirfry|SP,GV - DIM SUM,1868.160528,384.0,1.8682,0.4865,486.500137,57,27730.50781,11.34,239.0,1.18
R-44779,GRL|Chick Wings|W/O Gluten,GV GRILL DAY,2406.881154,497.0,2.4069,0.484282,484.281922,6527,3160908.105,8.97,97.82,1.09
R-47592,FNH|Rigatoni Baked,SPECIALS,1435.789312,296.7,1.4358,0.48392,483.919552,5,2419.59776,6.2,3708.8,0.87
R-54638,SS|POP|Chiles|Rellenos|Squares,SPECIALS,1335.895444,278.0,1.3359,0.480538,480.53793,30,14416.1379,5.6,3311.27,0.69
R-45376,SL|Maple salmon|100g,GV SIMPLY LOCAL,692.9191425,150.0,0.6929,0.461946,461.946095,524,242059.7538,5.87,744.65,0.82
R-53783,FNH|Chicken&Couscous plate|N13,SPECIALS,1490.196234,330.0,1.4902,0.451575,451.574616,88,39738.56621,10.33,467.83,1.22
R-44682,SAND|Add Turkey,GV-SANDWICH,219.98,50.0,0.22,0.43996,439.96,376,165424.96,11.68,33.36,1.15
R-44734,GRL|Side|Turkey Sausage (2),GV - GRILL BREAKFAST,676.140665,155.0000375,0.6761,0.43622,436.219678,4659,2032347.48,11.3,32.32,1.16
R-44931,GRL|Burger|Salmon,GV GRILL DAY,657.6050717,151.0,0.6576,0.4355,435.500047,1404,611442.066,3.96,1019.61,0.57
R-36654,GRL|Egg|Scrambled Scoop.,GV - GRILL BREAKFAST,539.9854847,125.0,0.54,0.431988,431.988388,4344,1876557.557,7.2,2190.73,0.81
R-44376,FLX|Butter Chicken,GV FLEX GLOBAL BOWL,1901.162053,467.0,1.9012,0.407101,407.101082,3403,1385364.982,4.19,1111.72,0.68
R-54867,GRL|Calzone|blend|SP,SPECIALS,330.4462417,84.0,0.3304,0.393388,393.388383,26,10228.09796,4.61,3183.52,0.49
R-14081,G&G|Cereal Cold|Large| & Milk,GV - GRAB & GO,660.9819258,178.441,0.661,0.37042,370.420434,85,31485.73689,1.09,719.84,0.23
R-54671,G&G|Meatball & Spaghetti|Pack,GV - GRAB & GO,1618.191391,445.1385,1.6182,0.363525,363.525373,28,10178.71044,4.49,2230.85,0.74
R-55270,PASTA|Chicken Pasta|SP,SPECIALS,1702.479491,472.796,1.7025,0.360088,360.087541,34,12242.97639,4.96,1243.42,0.67
R-44739,ADD|Creamed Spin|Omelet,ADD ONS,251.9484945,70.0,0.2519,0.359926,359.926421,935,336531.2036,2.39,1690.41,0.5
R-51173,SL|maple bals Pork Loin|+ 3,GV SIMPLY LOCAL,1902.277541,532.0,1.9023,0.357571,357.570966,1530,547083.578,4.29,1681.46,0.84
R-38256,GRL|Egg Any Style,GV - GRILL BREAKFAST,139.1102604,39.00000033,0.1391,0.356693,356.692972,3661,1305852.97,5.47,1662.79,0.76
R-35879,CAL|Taco|Cod(1),GV - CALIENTE,520.0388785,147.0,0.52,0.353768,353.767945,1087,384545.7562,2.82,1305.22,0.51
R-54786,FLX|Baked Chicken Alfredo|Sp,SPECIALS,1698.20562,482.796,1.6982,0.351744,351.743929,110,38691.83219,5.0,1690.36,0.64
R-54918,POP|Eggplant Parmesan|TEN,SPECIALS,1650.940314,475.0,1.6509,0.347566,347.566382,88,30585.84162,2.33,1245.65,0.34
R-44890,GRL|Benny|Classic,GV - GRILL BREAKFAST,573.3684793,165.0,0.5734,0.347496,347.496048,2882,1001483.61,3.58,1570.69,0.55
R-31284,GRLlVeggie Quesadilla,SPECIALS,642.3246675,186.03,0.6423,0.34528,345.280152,180,62150.42736,2.6,2038.42,0.52
R-54919,POP|Chicken Ballotine|TEN,SPECIALS,1638.48463,475.0,1.6385,0.344944,344.944133,80,27595.53064,4.83,170.56,0.52
R-49570,DOD|SousVide salmon|FLX,GV-FLEX DOD,1003.783328,295.0,1.0038,0.340266,340.265535,691,235123.4847,3.7,585.32,0.5
R-14079,G&G|Cereal Cold|Small| & Milk,GV - GRAB & GO,396.5138017,119.294,0.3965,0.332384,332.383692,782,259924.0471,1.2,752.29,0.23
R-54903,PASTA|Baked Chorizo Penne|Sp,SPECIALS,1903.533516,597.296,1.9035,0.318692,318.691824,60,19121.50944,3.86,1938.67,0.61
R-51177,SL|Turkey Plate|sample,GV SIMPLY LOCAL,1337.919319,420.06,1.3379,0.318507,318.506718,646,205755.3398,7.22,269.71,0.89
R-40569,FLX|Bao|Bowl|Pork Belly,GV FLEX BAO,1148.295771,361.0,1.1483,0.318087,318.087471,378,120237.064,3.52,1512.32,0.6
R-53773,SS|POP|Moroccan|Chick,SPECIALS,1669.539212,525.0,1.6695,0.318007,318.007469,104,33072.77678,5.97,439.99,0.9
R-54640,SS|POP|Chicken|Polenta|Beans,SPECIALS,1649.384399,521.0,1.6494,0.31658,316.580499,109,34507.27439,5.48,360.1,1.01
R-51248,GZA|Combo|Miso+Cone|BEEF,GV GYAZA,1845.204412,596.0,1.8452,0.309598,309.598056,7,2167.186392,2.14,438.5,0.79
R-54673,G&G|Lasagna Vegetable|Package,GV - GRAB & GO,768.3352565,250.0,0.7683,0.307334,307.334103,22,6761.350266,3.38,2538.02,0.48
R-51172,SL|Salmon Plate|Sample,GV SIMPLY LOCAL,1191.116265,390.0,1.1911,0.305414,305.414427,3218,982823.6261,3.36,861.56,0.67
R-53249,POP|Flatbread|RoastedApple|MR,SPECIALS,332.4218426,111.0,0.3324,0.299479,299.479138,42,12578.1238,2.3,1795.8,0.46
R-47012,G&G|Yogurt|Greek|Vanilla,GV - GRAB & GO,446.73,150.0,0.4467,0.29782,297.82,182,54203.24,2.61,1300.26,0.23
R-44816,SL|Chicken Breast|Plate Day 3,GV SIMPLY LOCAL,1224.08959,419.0,1.2241,0.292145,292.145487,345,100790.193,6.53,198.46,0.75
R-54847,FLX|Pasta|Scallop & Spaghett,SPECIALS,1231.287331,436.436875,1.2313,0.282123,282.122662,44,12413.39713,3.77,1443.49,0.33
R-38033,SIDE|Fruit Cup|9oz,GV - SIDES,714.5368142,255.1455,0.7145,0.280051,280.050722,15268,4275814.423,2.25,1678.55,0.26
R-53772,SS|POP|Koftas,SPECIALS,741.8143162,265.0,0.7418,0.27993,279.929931,62,17355.65572,2.18,2082.1,0.43
R-54609,POP|Coq Au Vin|Ed,SPECIALS,1082.155357,396.0,1.0822,0.273272,273.271555,81,22134.99596,5.37,404.36,0.7
R-51174,SL|Chicken Thigh Plate|Sample,GV SIMPLY LOCAL,1145.444658,420.06,1.1454,0.272686,272.685963,4792,1306711.135,6.06,159.45,0.79
R-44379,FLX|Chicken Pot Pie(1),GV FLEX GLOBAL BOWL,880.615109,325.0,0.8806,0.270958,270.958495,1520,411856.9124,5.06,588.32,0.67
R-44678,SAND|Add Cheese,GV-SANDWICH,37.86920062,14.0,0.0379,0.270494,270.49429,7522,2034658.049,7.16,6178.43,0.8
R-40779,GZA|Sushi cone|chicken,GV GYAZA,243.7540213,92.0,0.2438,0.26495,264.950023,1,264.950023,2.96,281.95,0.34
R-54833,G&G |Chicken Alfredo| Packaged,SPECIALS,1233.125822,471.796,1.2331,0.261368,261.368435,4,1045.47374,4.38,1181.03,0.53
R-50330,CAL|Taco|Chicken(1),GV - CALIENTE,290.2008782,112.0,0.2902,0.259108,259.107927,478,123853.5891,3.39,791.34,0.55
R-44511,CAL|Soup|Tortilla Chicken,GV - CALIENTE,999.5085114,388.0,0.9995,0.257605,257.605286,906,233390.3891,6.22,717.68,0.89
R-55426,GRL|Afritada plate|SP,SPECIALS,1254.212141,495.0,1.2542,0.253376,253.37619,95,24070.73805,5.0,127.53,0.56
R-55304,FLX|BPD||Adobo Chicken plate+1,GV - FLEX BC,1347.739984,550.0,1.3477,0.245044,245.043633,24,5881.047192,4.68,165.4,0.57
R-55057,FF|Bowl|Mediterranean,GV FRESH FARE DAY,988.5190528,405.0,0.9885,0.244079,244.078778,33,8054.599674,1.92,1177.08,0.67
R-40586,FLX|Bao|Bun|Thai Chicken,GV FLEX BAO,614.9377715,252.0,0.6149,0.244023,244.022925,108,26354.4759,5.56,380.55,0.64
R-53419,POP|Plant base dog|TEN,SPECIALS,206.4095874,86.0,0.2064,0.240011,240.011148,78,18720.86954,1.86,1392.83,0.42
R-52651,GRL|Add|PickledVeg,ADD ONS,54.24538223,23.0,0.0542,0.235849,235.849488,302,71226.54538,0.83,87.96,0.21
R-49939,GRLTortellini Alfredo|SP,SPECIALS,342.5955774,146.0,0.3426,0.234655,234.654505,89,20884.25095,5.06,1870.27,0.38
R-54196,FF|Empanada|feta pepper|ARI,SPECIALS,603.063701,260.0,0.6031,0.231948,231.947577,49,11365.43127,2.36,1876.7,0.44
R-55144,DEL|Salad|Greek,GV - DELISH,674.9744817,293.0,0.675,0.230367,230.366717,17,3916.234189,2.37,1591.95,0.36
R-45059,FLX|Chicken Soba Noodle,GV - FLEX ASIAN NOODLE,856.671097,375.0,0.8567,0.228446,228.445626,344,78585.29534,4.64,368.7,0.64
R-48501,G&G|Cup|Chocolate Almond Bark,GV - GRAB & GO,535.675,236.588125,0.5357,0.226417,226.416689,3,679.250067,0.64,6834.89,0.37
R-40777,GZA|Sushi Cone|Tuna,GV GYAZA,164.0750025,72.5,0.1641,0.22631,226.310348,1,226.310348,1.98,464.83,0.26
R-40603,FLX|Pasta|Meatball & Spaghetti,SPECIALS,923.1871299,408.294,0.9232,0.226108,226.108424,2377,537459.7238,2.76,1301.23,0.46
R-50302,DEL|Salad|Caesar Classic,GV - DELISH,619.510458,280.5,0.6195,0.220859,220.859343,2,441.718686,2.05,1336.04,0.59
R-47464,FLX|Cabbage Roll Pomme Anna,GV-FLEX PLANT FORWARD,642.3114057,294.0,0.6423,0.218473,218.473267,305,66634.34644,1.56,568.94,0.32
R-44800,SL|Turkey Roast|+3,GV SIMPLY LOCAL,1426.019342,654.0,1.426,0.218046,218.045771,84,18315.84476,4.66,101.83,0.57
R-44775,GRL|Poutine|Classic,GV GRILL DAY,863.8029245,400.0,0.8638,0.215951,215.950731,4088,882806.5883,2.24,1632.0,0.28
R-32742,FF|Bowl|Overnight Oats,GV FRESH FARE BREAKFAST,721.4576113,340.0,0.7215,0.212193,212.193415,1228,260573.5136,0.65,2927.7,0.37
R-53992,FNH|Healthy Harvest Combo,SPECIALS,1719.097688,813.9999254,1.7191,0.211191,211.191382,6,1267.148292,3.05,969.79,0.5
R-45203,FLX|Salmon Laksa 100g,GV - FLEX ASIAN NOODLE,1255.139591,595.0,1.2551,0.210948,210.94783,638,134584.7155,1.82,341.47,0.25
R-44780,ADD|Condiment House Made,ADD ONS,126.095723,60.0,0.1261,0.21016,210.159538,333,69983.12615,0.41,322.17,0.15
R-53420,POP|Cauliflower Dog|TEN,SPECIALS,296.9347863,147.0,0.2969,0.201996,201.996453,24,4847.914872,1.56,1109.39,0.55
R-54637,SS|POP|Vegtable|Paella,SPECIALS,527.5794232,265.0,0.5276,0.199087,199.086575,61,12144.28108,1.1,534.12,0.39
R-54670,G&G |Penne Alfredo| Packaged,GV - GRAB & GO,695.4937783,350.1455,0.6955,0.19863,198.629935,18,3575.33883,1.96,1508.96,0.33
R-44886,FLX|Bao|Bowl|Thai Chicken,GV FLEX BAO,838.3062136,423.0,0.8383,0.198181,198.181138,460,91163.32348,3.41,316.7,0.42
R-50359,GZA|Bowl|Tuna Albacore,GV GYAZA,777.9239331,398.0,0.7779,0.195458,195.458275,1376,268950.5864,2.02,478.29,0.28
R-55455,FLX|Beyond Spaghetti|PASTA,SPECIALS,754.2543215,391.533875,0.7543,0.192641,192.640885,24,4623.38124,1.81,1248.05,0.33
R-43884,SAND|Turkey Full Build,GV-SANDWICH,594.7616485,310.0,0.5948,0.191859,191.858596,3014,578261.8083,5.35,1722.28,1.0
R-50362,GZA|Bowl|Karaage Chicken,GV GYAZA,896.4772781,478.0,0.8965,0.187548,187.547548,2377,445800.5216,3.4,170.29,0.4
R-54951,GRL|Poutine|Chicken Skin|SP,GV GRILL DAY,743.6471096,400.0,0.7436,0.185912,185.911777,25,4647.794425,2.15,1231.09,0.27
R-54645,DIM SUM|Tofu Stir Stirfry|SP,GV - DIM SUM,712.4421276,384.0,0.7124,0.185532,185.531804,9,1669.786236,0.97,210.32,0.36
R-35896,CAL|Bowl|Havana|Plant based,GV - CALIENTE,770.2754806,420.0,0.7703,0.183399,183.398924,14644,2685693.843,0.67,163.5,0.65
R-49836,DOD|Rice Coconut|SIDE,GV-FLEX DOD,320.718765,175.0,0.3207,0.183268,183.267866,68,12462.21489,0.33,192.22,0.14
R-40776,GZA|Sushi Cone|Salmon,GV GYAZA,187.7081066,102.5,0.1877,0.18313,183.12986,1,183.12986,1.52,406.7,0.2
R-47103,FLX|Potato|Pomme Anna,GV-FLEX PLANT FORWARD,274.4716667,150.0,0.2745,0.182981,182.981111,19,3476.641109,1.97,948.54,0.24
R-38159,SIDE|Large Bowl|32oz,GV - SIDES,1628.992999,907.184,1.629,0.179566,179.565887,2024,363441.3553,1.58,1026.71,0.24
R-53778,FNH|Ravioli Squash|N13,SPECIALS,196.4985312,110.0,0.1965,0.178635,178.635028,84,15005.34235,1.79,1552.75,0.41
R-55059,FLX|Lettuce wrap Tofu,GV - FLEX BC,402.9042643,229.0,0.4029,0.175941,175.940727,69,12139.91016,0.71,1344.45,0.38
R-38160,SIDE|Small Bowl|16oz,GV - SIDES,781.8610867,453.592,0.7819,0.172371,172.371005,15498,2671405.835,1.5,963.39,0.24
R-46327,SIDE|Small Plate|6 inch,GV - SIDES,390.9305434,226.796,0.3909,0.172371,172.371005,5628,970104.0161,1.5,963.39,0.24
R-53417,POP|Cauliflower fries|TEN,SPECIALS,627.5156215,365.0,0.6275,0.171922,171.922088,73,12550.31242,0.72,227.96,0.81
R-47099,DOD|Potato salad | Add tuna,GV-FLEX DOD,684.0666835,400.0,0.6841,0.171017,171.016671,4,684.066684,2.38,280.46,0.24
R-46547,DEL|Salad|Bandit,GV - DELISH,498.6117299,295.0,0.4986,0.169021,169.020925,1112,187951.2686,1.66,956.25,0.23
R-50360,GZA|Bowl|Salmon ponzu,GV GYAZA,778.4945607,462.0,0.7785,0.168505,168.505316,2374,400031.6202,1.78,321.77,0.24
R-44679,SAND|Add Falafel,GV-SANDWICH,67.104,40.0,0.0671,0.16776,167.76,256,42946.56,0.59,0.0,1.3
R-33923,FRUIT|Blueberry|Basket,GV - FRUIT,782.9647409,473.17625,0.783,0.16547,165.47,39,6453.33,0.27,1624.51,0.07
R-53152,FRUIT|Blueberry|Basket.,GV - FRUIT,782.9647409,473.17625,0.783,0.16547,165.47,16,2647.52,0.27,1624.51,0.07
R-17207,FRUIT|Raspberry|Basket,GV - FRUIT,516.2661109,311.9998253,0.5163,0.16547,165.47,2,330.94,0.27,1624.51,0.07
R-41830,FLX|Pasta|Tomato & Spaghetti,SPECIALS,544.6540849,329.327875,0.5447,0.165384,165.383536,44,7276.875584,1.57,1192.08,0.31
R-53978,POP|Sauce Add|MR,SPECIALS,99.2164506,60.0,0.0992,0.165361,165.360751,3,496.082253,0.25,70.68,0.24
R-49585,FLX|Rotini|Primavera,SPECIALS,586.7374559,360.0,0.5867,0.162983,162.982627,17,2770.704659,1.65,1056.31,0.31
R-47096,FF|Risotto|Mushroom|Herbs&chee,GV FRESH FARE FEATURE,487.4720452,300.0,0.4875,0.162491,162.490682,514,83520.21055,0.72,349.75,0.38
R-50558,FLX|Bao|Bun|Smoked Tofu,GV FLEX BAO,172.3100019,107.0,0.1723,0.161037,161.037385,33,5314.233705,0.76,155.6,0.54
R-36666,FF|Bowl|Five Alarm,GV FRESH FARE DAY,756.3079631,471.0,0.7563,0.160575,160.574939,1287,206659.9465,1.69,533.88,0.34
R-53975,FREE|Greens|Latino Bowl,GV - CALIENTE,752.5031217,470.0,0.7525,0.160107,160.107047,3,480.321141,0.74,379.8,0.71
R-36628,CAL|Side|Rice&Beans,GV - CALIENTE,187.8000889,120.0,0.1878,0.1565,156.500074,21,3286.501554,0.52,148.35,0.76
R-14068,SIDE|Soup|Congee|Meat,GV - SOUP,738.6959904,473.176,0.7387,0.156114,156.114425,5525,862532.1981,1.4,352.27,0.45
R-53150,GRL|French Toast (2) Special,SPECIALS,311.6340639,200.000042,0.3116,0.155817,155.816999,84,13088.62792,1.04,899.47,0.41
R-53619,FREE|Greens|Thai Coconut|,GV FRESH FARE DAY,671.4854064,434.0,0.6715,0.15472,154.72014,9,1392.48126,0.5,1044.1,0.27
R-46347,FF|Pasta|Avocado Spin old,GV FRESH FARE DAY,541.5918774,355.0,0.5416,0.152561,152.561092,8,1220.488736,1.4,1130.23,0.4
R-48484,G&G|Donut|Glazed|Package,GV - GRAB & GO,21.315,14.0,0.0213,0.15225,152.25,416,63336.0,1.48,1282.14,0.49
R-48482,G&G|Donut|Chocolate|Package,GV - GRAB & GO,21.315,14.0,0.0213,0.15225,152.25,276,42021.0,1.48,1282.14,0.49
R-49122,G&G|Macarons (8),GV - GRAB & GO,12.18,8.0,0.0122,0.15225,152.25,251,38214.75,1.48,1282.12,0.49
R-48483,G&G|Donut|Powdered|Package,GV - GRAB & GO,24.36,16.0,0.0244,0.15225,152.25,168,25578.0,1.48,1282.19,0.49
R-53364,DES|Cookie|6 pack,GV - DESSERT,9.135,6.0,0.0091,0.15225,152.25,50,7612.5,1.48,1282.17,0.49
R-54319,G&G|Croissant|Chocolate|Mini 6,GV - GRAB & GO,9.135,6.0,0.0091,0.15225,152.25,12,1827.0,1.48,1282.17,0.49
R-54462,G&G|Cinnamon Bun|Mini (6),GV - GRAB & GO,9.135,6.0,0.0091,0.15225,152.25,3,456.75,1.48,1282.17,0.49
R-51223,FLX|Bao|Bowl|Smoked Tofu,GV FLEX BAO,430.7414734,285.0,0.4307,0.151137,151.137359,91,13753.49967,0.51,150.99,0.34
R-35900,CAL|Bowl|Latino,GV - CALIENTE,556.6267746,370.0,0.5566,0.15044,150.439669,1632,245517.5398,0.72,351.96,0.69
R-45982,FREE|Greens|Five Alarm Bowl,GV FRESH FARE DAY,685.9871937,466.0,0.686,0.147208,147.207552,8,1177.660416,1.66,514.12,0.27
R-54729,FLX|Rotini & Veggie Pesto|SP,SPECIALS,565.4935007,386.0,0.5655,0.146501,146.500907,135,19777.62245,1.36,756.21,0.37
R-43922,FLX|Laksa Tofu Noodle,GV - FLEX ASIAN NOODLE,851.9922628,585.0,0.852,0.14564,145.639703,551,80247.47635,0.54,179.11,0.18
R-36854,SL|Side|Rice Brown,GV SIMPLY LOCAL,144.8021283,100.0,0.1448,0.144802,144.802128,638,92383.75766,0.69,276.44,0.38
R-54607,POP|Spicy Potato Curry|Ed,SPECIALS,570.305325,396.0,0.5703,0.144016,144.016496,101,14545.6661,0.58,169.82,0.36
R-49761,GZA|Bowl|Bibimbap Tofu,GV GYAZA,661.7398784,460.0,0.6617,0.143856,143.856495,872,125442.8636,0.71,227.85,0.19
R-36568,FF|Pasta|Spinach Avocado new,GV FRESH FARE DAY,513.656847,357.5,0.5137,0.14368,143.680237,7005,1006480.06,1.25,1000.78,0.41
R-50534,FF|Salad|UBC Power|fall2020,GV FRESH FARE FEATURE,501.8099544,357.0,0.5018,0.140563,140.563012,499,70140.94299,0.53,1246.63,0.39
R-55294,FLX|Sweet and sour tofu|SP,SPECIALS,404.0161701,295.0,0.404,0.136955,136.954634,66,9039.005844,1.13,491.71,0.37
R-44520,CAL|Side|Potato Los Cabos,GV - CALIENTE BRUNCH,125.7760251,93.0,0.1258,0.135243,135.243038,3,405.729114,1.01,28.16,0.27
R-46335,CAL|Side|Spanish Potatoes,GV - CALIENTE,125.7760251,93.0,0.1258,0.135243,135.243038,3,405.729114,1.01,28.16,0.27
R-40621,FF|Bowl|Thai Coconut,GV FRESH FARE DAY,587.9434062,443.0,0.5879,0.132719,132.718602,2557,339361.4653,0.46,217.0,0.25
R-51989,GRL|Add|Mushroom,ADD ONS,26.19421571,20.0,0.0262,0.130971,130.971079,946,123898.6407,1.71,635.05,0.36
R-53786,FLX|Side|Rice Brown,GV FLEX GLOBAL BOWL,223.368849,173.097,0.2234,0.129043,129.042588,1,129.042588,0.26,227.43,0.12
R-54299,GZA|Tofu Wakame Cone|G&G,GV GYAZA,143.1249675,112.0,0.1431,0.12779,127.79015,4,511.1606,0.7,264.63,0.18
R-55234,FF|Pasta|Tomato basil,GV FRESH FARE DAY,368.2190648,294.0,0.3682,0.125245,125.24458,56,7013.69648,1.61,1264.7,0.39
R-57248,SL|Veg blend|SL,FOOD,282.0823553,230.0,0.2821,0.122645,122.644502,84,10302.13817,1.24,299.72,0.45
R-38028,SIDE|Fruit Topper|4oz,GV - SIDES,136.9203917,112.0,0.1369,0.12225,122.25035,2195,268339.5183,1.34,754.78,0.25
R-53779,FNH|Autum Salad|N13,SPECIALS,333.5667088,275.9999254,0.3336,0.120858,120.857536,22,2658.865792,0.55,1194.74,0.26
R-50532,GZA|Salad|Sunomono,GV GYAZA,203.5756111,170.0,0.2036,0.11975,119.750359,1,119.750359,0.53,275.58,0.12
R-44784,CAL|Side|Brown Rice Chipotle,GV - CALIENTE BRUNCH,155.2329221,130.0,0.1552,0.11941,119.40994,10,1194.0994,0.3,216.64,0.1
R-54251,G&G|Salad Asian|D19,SPECIALS,201.7126188,175.0,0.2017,0.115264,115.264354,7,806.850478,0.83,1419.25,0.23
R-53324,Eat It|Glazed Chick Plate|POP,SPECIALS,292.2787963,257.0,0.2923,0.113727,113.727158,77,8756.991166,0.9,501.47,0.15
R-17126,SL|Side|Vegetable Fancy,GV SIMPLY LOCAL,146.2705988,129.0,0.1463,0.113388,113.388061,985,111687.2401,1.35,260.05,0.35
R-44324,DEL|Salad|Marinated Tofu,GV - DELISH,328.9681557,292.5,0.329,0.112468,112.467746,424,47686.3243,0.69,254.36,0.28
R-38014,SIDE|Soup|16oz,GV - SOUP,529.0441372,473.176,0.529,0.111807,111.807052,10590,1184036.681,0.98,213.32,0.37
R-38026,SIDE|Soup|8oz,GV - SOUP,264.5220686,236.588,0.2645,0.111807,111.807052,5857,654853.9036,0.98,213.32,0.37
R-55086,FLX|Rotini Veggie SunDry Pesto,SPECIALS,481.8968486,437.796,0.4819,0.110073,110.073379,67,7374.916393,1.25,697.21,0.24
R-53770,FREE|Greens|Marinated Tofu|,GV - DELISH,243.8996049,225.5,0.2439,0.108159,108.15947,1,108.15947,0.74,293.88,0.25
R-43886,SAND|Falafel Full Build,GV-SANDWICH,320.9008396,300.0,0.3209,0.106967,106.966947,2289,244847.3417,2.58,1769.52,0.91
R-48467,G&G|Cup|Fruit Loop Medley,GV - GRAB & GO,251.345,236.588125,0.2513,0.106237,106.237369,114,12111.06007,0.42,759.02,0.33
R-44774,GRL|Side|Yam Fries,GV GRILL DAY,212.4160051,202.0,0.2124,0.105156,105.156438,4388,461426.4499,0.53,107.24,0.32
R-50013,GZA|Combo|Bibimbap Miso|SP,SPECIALS,662.8690074,645.0,0.6629,0.10277,102.770389,4,411.081556,0.51,162.9,0.14
R-57247,SL|Veg blend|UBC,FOOD,205.4863072,200.0,0.2055,0.102743,102.743154,84,8630.424936,1.46,214.42,0.24
R-50333,FF|Bowl|Roasted squash,GV FRESH FARE DAY,375.7283683,375.0,0.3757,0.100194,100.194232,311,31160.40615,0.63,198.14,0.22
R-50363,GZA|Bowl|Acorn Squash,GV GYAZA,382.4264579,385.0,0.3824,0.099332,99.331547,533,52943.71455,0.39,120.6,0.21
R-43902,FLX|Soba Noodle & Broccoli|NB,GV - FLEX ASIAN NOODLE,293.00587,295.0,0.293,0.099324,99.324024,148,14699.95555,0.77,453.02,0.26
R-46326,SL|Chicken Breast plate,GV SIMPLY LOCAL,191.8075146,195.125,0.1918,0.0983,98.299815,345,33913.43618,0.66,278.62,0.22
R-54039,FF|Bowl|Kale,GV FRESH FARE DAY,262.6435059,278.0,0.2626,0.094476,94.476081,81,7652.562561,1.01,351.74,0.3
R-53776,FNH|Pumpkin Soup|N13,SPECIALS,272.5561478,292.0,0.2726,0.093341,93.341147,31,2893.575557,1.13,446.96,0.17
R-47535,G&G|Chips|Taro House-Made,GV - GRAB & GO,138.3531339,151.3,0.1384,0.091443,91.442917,47,4297.817099,0.59,72.81,0.25
R-40466,DEL|Smoothie|Hawaiian Sun,GV - DELISH,317.8460082,348.0,0.3178,0.091335,91.33506,463,42288.13278,0.24,178.35,0.1
R-45981,FREE|Greens|Gather Bowl,GV FRESH FARE DAY,602.328352,660.0,0.6023,0.091262,91.261872,35,3194.16552,0.58,272.31,0.38
R-28374,SAND|Vegetable Full Build,GV-SANDWICH,226.908917,249.5735,0.2269,0.090919,90.918674,1422,129286.3544,2.95,2101.29,0.85
R-54764,G&G|Rotini & Veggie Pesto,GV - GRAB & GO,329.9298236,385.0,0.3299,0.085696,85.696058,32,2742.273856,0.82,455.88,0.29
R-50300,DEL|Salad|Ubc Fresh,GV - DELISH,191.0213852,225.0,0.191,0.084898,84.898393,33,2801.646969,0.82,132.89,0.29
R-54956,FLX|Chowder Chowdown|SP,SPECIALS,278.8301602,330.25,0.2788,0.08443,84.430026,4,337.720104,1.75,97.74,0.07
R-46330,SL|Side|Quinoa,GV SIMPLY LOCAL,139.7157858,170.097,0.1397,0.082139,82.138889,149,12238.69446,0.33,586.87,0.25
R-48469,G&G|Cup|Pineapple Ring Dried,GV - GRAB & GO,192.205,236.588125,0.1922,0.08124,81.240341,82,6661.707962,0.32,580.43,0.25
R-36639,GRL|Salad|Signature,GV GRILL DAY,84.90455252,105.0,0.0849,0.080861,80.861479,45,3638.766555,0.72,204.01,0.24
R-37685,GRL|Salad|Signature Greens,GV GRILL DAY,84.90455252,105.0,0.0849,0.080861,80.861479,1627,131561.6263,0.72,204.01,0.24
R-44930,FLX|PHO Veg Noodle Soup,GV - FLEX ASIAN NOODLE,398.5574308,506.0,0.3986,0.078766,78.766291,153,12051.24252,0.47,115.87,0.16
R-52828,BBC|High tideline salad|POP,SPECIALS,130.0213031,174.0,0.13,0.074725,74.724887,8,597.799096,0.9,495.61,0.2
R-44768,FLX|Steamed Vegetables|NB,GV - FLEX ASIAN NOODLE,99.45249403,135.0,0.0995,0.073669,73.668514,25,1841.71285,1.04,289.39,0.26
R-49825,DEL|Rotini Pesto|Salad,SPECIALS,256.2065168,350.0,0.2562,0.073202,73.201862,44,3220.881928,0.9,550.48,0.21
R-47363,CAL|Side|Pico de Gallo,GV - CALIENTE,84.22833588,120.0,0.0842,0.07019,70.19028,6,421.14168,0.93,406.95,0.04
R-36552,FF|Yaki Soba Miso Noodle|SP,GV FRESH FARE DAY,470.3599634,683.0,0.4704,0.068867,68.866759,189,13015.81745,0.75,485.84,0.24
R-45468,GRL|Add|Spinach,ADD ONS,22.48761837,33.0,0.0225,0.068144,68.144298,705,48041.73009,0.73,267.52,0.19
R-45233,GRL|Side|Potato Fries,GV GRILL DAY,150.9709245,230.0,0.151,0.06564,65.639532,15725,1032181.641,0.63,34.48,0.13
R-44777,GRL|Poutine|Mushroom,GV GRILL DAY,277.7552952,431.0,0.2778,0.064444,64.444384,45,2899.99728,0.73,172.99,0.15
R-43867,FLX|Bao,GV FLEX BAO,161.6944354,251.0,0.1617,0.06442,64.420094,36,2319.123384,0.82,436.22,0.17
R-36856,SL|Potato|Smashed kale,GV - FLEX BC,107.2793426,180.0,0.1073,0.0596,59.599635,79,4708.371165,0.53,17.87,0.14
R-52652,SL|Side|Roasted Potato,GV SIMPLY LOCAL,104.3184383,180.0,0.1043,0.057955,57.954688,101,5853.423488,0.63,18.53,0.1
R-51254,FLX|Carrot Noodle|PF,GV-FLEX PLANT FORWARD,61.1986521,106.0,0.0612,0.057735,57.734577,4,230.938308,0.91,92.29,0.14
R-55319,G&G|Rotini Veggie SunDry Pesto,GV - GRAB & GO,246.3331715,436.796,0.2463,0.056395,56.395473,14,789.536622,0.76,428.65,0.15
R-51249,GZA|Combo|Miso+Cone|CHICK,GV GYAZA,319.0517223,577.0,0.3191,0.055295,55.294926,2,110.589852,0.94,86.58,0.13
R-47098,DOD|Potato salad|FLX,GV-FLEX DOD,162.8515412,300.0,0.1629,0.054284,54.283847,2,108.567694,0.56,19.32,0.06
R-44915,GRL|Hash|Lemon Truffle Delux,GV - GRILL BREAKFAST,131.7537587,258.0,0.1318,0.051067,51.067348,4691,239556.9295,0.52,15.56,0.1
R-50364,GZA|Combo|Miso+Cone|SAL,GV GYAZA,263.0058076,587.5,0.263,0.044767,44.766946,230,10296.39758,0.43,103.02,0.08
R-53289,CAL|Soup|Mexican Veggie|Sp,GV - CALIENTE,200.8113593,450.0,0.2008,0.044625,44.624747,41,1829.614627,0.95,652.68,0.32
R-45802,FRUIT|Avocado,GV - FRUIT,58.56160937,136.0000218,0.0586,0.04306,43.06,3532,152087.92,0.27,0.47,0.07
R-13566,FRUIT|Kiwi,GV - FRUIT,29.71140743,69.00001725,0.0297,0.04306,43.06,366,15759.96,0.27,0.46,0.07
R-13948,FRUIT|Canteloupe|1/4 cut,GV - FRUIT,59.42293786,138.0003202,0.0594,0.04306,43.06,214,9214.84,0.27,0.47,0.07
R-13575,FRUIT|Cup|Grapes,GV - FRUIT,48.8291788,113.398,0.0488,0.04306,43.06,184,7923.04,0.27,0.47,0.07
R-13576,FRUIT|Honeydew 1/4 Cut,GV - FRUIT,161.4741926,374.998125,0.1615,0.04306,43.06,161,6932.66,0.27,0.47,0.07
R-44791,CAL|Side|Guacamole,GV - CALIENTE,19.377,45.0,0.0194,0.04306,43.06,26,1119.56,0.27,0.47,0.07
R-46351,FRUIT|Nectarine,GV - FRUIT,61.14523057,142.000071,0.0611,0.04306,43.06,1,43.06,0.27,0.47,0.07
R-16240,FRUIT|Pear|Bartlet,GV - FRUIT,76.64676628,177.9999217,0.0766,0.04306,43.06,1,43.06,0.27,0.47,0.07
R-51247,GZA|Combo|Miso+Cone|TUN,GV GYAZA,239.3727035,557.5,0.2394,0.042937,42.936808,101,4336.617608,0.47,100.69,0.08
R-55090,FREE|Greens|Spin Avocado Pasta,GV FRESH FARE DAY,541.5918774,1355.0,0.5416,0.03997,39.96988,1,39.96988,0.37,296.19,0.1
R-39821,G&G|Chips|Hardbite|Rocksalt,GV - GRAB & GO,19.85,50.0,0.0199,0.0397,39.7,365,14490.5,0.5,7.84,0.05
R-13564,FRUIT|Orange Whole,GV - FRUIT,51.64018502,130.999962,0.0516,0.03942,39.42,2981,117511.02,0.27,134.55,0.04
R-34978,FRUIT|Grapefruit,GV - FRUIT,48.48660776,123.0000197,0.0485,0.03942,39.42,759,29919.78,0.27,134.55,0.04
R-38544,FRUIT|Lemon,GV - FRUIT,33.1128053,84.00001344,0.0331,0.03942,39.42,322,12693.24,0.27,134.55,0.04
R-42550,FRUIT|Lime,GV - FRUIT,26.41140555,67.00001407,0.0264,0.03942,39.42,227,8948.34,0.27,134.55,0.04
R-47747,FREE|Green-To-Go|Orange,GV - GRAB & GO,51.64018502,130.999962,0.0516,0.03942,39.42,37,1458.54,0.27,134.55,0.04
R-46333,FRUIT|Mandarin,GV - FRUIT,39.42,100.0,0.0394,0.03942,39.42,1,39.42,0.27,134.55,0.04
R-40891,FRUIT|Orange Cut,GV - FRUIT,51.64018502,132.999962,0.0516,0.038827,38.827218,1208,46903.27934,0.27,132.53,0.04
R-37051,FLX|Side Naan,GV FLEX GLOBAL BOWL,95.70990834,250.0,0.0957,0.038284,38.283963,638,24425.16839,1.04,776.57,0.28
R-47001,FREE|Green-To-Go|Fruit,GV - GRAB & GO,49.57482494,135.5999029,0.0496,0.03656,36.559632,199,7275.366768,0.27,86.51,0.09
R-39817,FRUIT|Apple|BC Asst,GV - FRUIT,82.14448195,229.3897848,0.0821,0.03581,35.81,3481,124654.61,0.27,102.47,0.06
R-13560,FRUIT|Apple|Gala,GV - FRUIT,65.17414656,181.9998508,0.0652,0.03581,35.81,2085,74663.85,0.27,102.47,0.06
R-13563,FRUIT|Apple|Red Delicious,GV - FRUIT,65.17414656,181.9998508,0.0652,0.03581,35.81,1236,44261.16,0.27,102.47,0.06
R-13562,FRUIT|Apple|Granny Smith,GV - FRUIT,65.17414656,181.9998508,0.0652,0.03581,35.81,1105,39570.05,0.27,102.47,0.06
R-13559,FRUIT|Apple|Fuji 64,GV - FRUIT,68.755244,192.0001229,0.0688,0.03581,35.81,1014,36311.34,0.27,102.47,0.06
R-34989,FRUIT|Apple|Golden Delicious,GV - FRUIT,60.51889758,168.9999932,0.0605,0.03581,35.81,572,20483.32,0.27,102.47,0.06
R-49588,FRUIT|Apple|Ambrosia,GV - FRUIT,65.17414656,181.9998508,0.0652,0.03581,35.81,283,10134.23,0.27,102.47,0.06
R-37832,FRUIT|Apple|Fuji 113ct,GV - FRUIT,65.17414656,181.9998508,0.0652,0.03581,35.81,92,3294.52,0.27,102.47,0.06
R-47000,FREE|Green-To-Go|Apple Asst,GV - GRAB & GO,65.17414656,181.9998508,0.0652,0.03581,35.81,86,3079.66,0.27,102.47,0.06
R-49587,FRUIT|Apple|Macintosh,GV - FRUIT,65.17414656,181.9998508,0.0652,0.03581,35.81,43,1539.83,0.27,102.47,0.06
R-53356,POP|Fennel Bouillabaisse|MR,SPECIALS,83.284362,236.0,0.0833,0.03529,35.289984,62,2187.979008,0.44,129.11,0.05
R-14102,SIDE|SoupCongee|Plain,GV - SOUP,146.2343368,453.592,0.1462,0.032239,32.239179,416,13411.49846,0.08,51.36,0.04
R-50508,GZA|Soup|Miso,GV GYAZA,75.29770104,485.0,0.0753,0.015525,15.525299,1,15.525299,0.06,1.59,0.04
R-49912,GZA|Miso for cone|SP,SPECIALS,1.129129,185.0,0.0011,0.00061,0.61034,101,61.64434,0.01,1.41,0.0
R-30499,DEL|Des|Soft Serve|8oz,GV - DELISH,0.222372267,224.0,0.0002,9.9e-05,0.099273,42,4.169466,0.0,0.5,0.0
