﻿<?xml version="1.0" encoding="UTF-8" standalone="yes"?>
<Ingredients>
	<Ingredient qty="10.000" uom="Kg" recipe="P-18746" invFactor="1.2048" conversion="2.20462000" ingredient="I-4792"/>
	<Ingredient qty="225.000" uom="g" recipe="P-18907" invFactor="0.1837" conversion="0.00100000" ingredient="I-3643"/>
	<Ingredient qty="1000.000" uom="g" recipe="P-18907" invFactor="0.8163" conversion="1.00000000" ingredient="I-6026"/>
	<Ingredient qty="2.270" uom="Kg" recipe="P-19175" invFactor="1.4188" conversion="2.20462000" ingredient="I-6807"/>
	<Ingredient qty="4.000" uom="L" recipe="P-22245" invFactor="2.4242" conversion="1.00000000" ingredient="I-3448"/>
	<Ingredient qty="454.000" uom="g" recipe="P-22534" invFactor="1.3969" conversion="0.00220462" ingredient="I-4695"/>
	<Ingredient qty="3.000" uom="leaf" recipe="P-25761" invFactor="1.3233" conversion="0.21476900" ingredient="I-3619"/>
	<Ingredient qty="10.000" uom="g" recipe="P-25761" invFactor="4.4111" conversion="1.00000000" ingredient="I-3649"/>
	<Ingredient qty="1.000" uom="Kg" recipe="P-25761" invFactor="0.4411" conversion="1.00000000" ingredient="I-3660"/>
	<Ingredient qty="2.000" uom="L" recipe="P-25761" invFactor="0.8822" conversion="1.00000000" ingredient="I-3698"/>
	<Ingredient qty="5.000" uom="g" recipe="P-25761" invFactor="2.2056" conversion="0.00220462" ingredient="I-4660"/>
	<Ingredient qty="2.267" uom="Kg" recipe="P-25761" invFactor="1.0000" conversion="2.20462000" ingredient="I-4757"/>
	<Ingredient qty="5.000" uom="g" recipe="P-25761" invFactor="2.2056" conversion="1.00000000" ingredient="I-6026"/>
	<Ingredient qty="2.000" uom="g" recipe="P-25761" invFactor="0.8822" conversion="1.00000000" ingredient="P-52036"/>
	<Ingredient qty="750.000" uom="ml" recipe="P-26020" invFactor="300.0000" conversion="0.00100000" ingredient="I-3388"/>
	<Ingredient qty="2.270" uom="Kg" recipe="P-26020" invFactor="0.9080" conversion="2.20462000" ingredient="I-4657"/>
	<Ingredient qty="350.000" uom="ml" recipe="P-26067" invFactor="26.9231" conversion="0.03381406" ingredient="I-1813"/>
	<Ingredient qty="4.500" uom="Kg" recipe="P-26067" invFactor="0.3462" conversion="1.00000000" ingredient="I-19152"/>
	<Ingredient qty="6.000" uom="L" recipe="P-26067" invFactor="0.4615" conversion="1.00000000" ingredient="I-26960"/>
	<Ingredient qty="40.000" uom="g" recipe="P-26067" invFactor="3.0769" conversion="0.00100000" ingredient="I-2980"/>
	<Ingredient qty="4.000" uom="L" recipe="P-26067" invFactor="0.3077" conversion="1.00000000" ingredient="I-3337"/>
	<Ingredient qty="125.000" uom="g" recipe="P-26067" invFactor="9.6154" conversion="1.00000000" ingredient="I-3364"/>
	<Ingredient qty="225.000" uom="ml" recipe="P-26067" invFactor="17.3077" conversion="0.00100000" ingredient="I-3388"/>
	<Ingredient qty="200.000" uom="ml" recipe="P-26067" invFactor="15.3846" conversion="1.00000000" ingredient="I-3447"/>
	<Ingredient qty="75.000" uom="ml" recipe="P-26067" invFactor="5.7692" conversion="0.00100000" ingredient="I-3595"/>
	<Ingredient qty="70.000" uom="g" recipe="P-26067" invFactor="5.3846" conversion="1.00000000" ingredient="I-3639"/>
	<Ingredient qty="5.000" uom="g" recipe="P-26067" invFactor="0.3846" conversion="0.00100000" ingredient="I-3643"/>
	<Ingredient qty="400.000" uom="g" recipe="P-26067" invFactor="30.7692" conversion="0.00100000" ingredient="I-3658"/>
	<Ingredient qty="250.000" uom="ml" recipe="P-26067" invFactor="19.2308" conversion="0.00100000" ingredient="I-47774"/>
	<Ingredient qty="225.000" uom="g" recipe="P-26067" invFactor="17.3077" conversion="0.00220462" ingredient="I-4894"/>
	<Ingredient qty="4.000" uom="g" recipe="P-26067" invFactor="0.3077" conversion="1.00000000" ingredient="I-6026"/>
	<Ingredient qty="250.000" uom="ml" recipe="P-26067" invFactor="19.2308" conversion="0.03381406" ingredient="I-6443"/>
	<Ingredient qty="20.000" uom="g" recipe="P-26175" invFactor="0.0455" conversion="0.00220462" ingredient="I-11215"/>
	<Ingredient qty="20.000" uom="g" recipe="P-26175" invFactor="0.0455" conversion="0.00100000" ingredient="I-11216"/>
	<Ingredient qty="40.000" uom="g" recipe="P-26175" invFactor="0.0909" conversion="0.00100000" ingredient="I-2911"/>
	<Ingredient qty="20.000" uom="g" recipe="P-26175" invFactor="0.0455" conversion="1.00000000" ingredient="I-3617"/>
	<Ingredient qty="40.000" uom="g" recipe="P-26175" invFactor="0.0909" conversion="1.00000000" ingredient="I-3620"/>
	<Ingredient qty="20.000" uom="g" recipe="P-26175" invFactor="0.0455" conversion="1.00000000" ingredient="I-3621"/>
	<Ingredient qty="20.000" uom="g" recipe="P-26175" invFactor="0.0455" conversion="1.00000000" ingredient="I-3625"/>
	<Ingredient qty="40.000" uom="g" recipe="P-26175" invFactor="0.0909" conversion="0.03527399" ingredient="I-3629"/>
	<Ingredient qty="20.000" uom="g" recipe="P-26175" invFactor="0.0455" conversion="1.00000000" ingredient="I-3632"/>
	<Ingredient qty="40.000" uom="g" recipe="P-26175" invFactor="0.0909" conversion="1.00000000" ingredient="I-3633"/>
	<Ingredient qty="20.000" uom="g" recipe="P-26175" invFactor="0.0455" conversion="1.00000000" ingredient="I-3638"/>
	<Ingredient qty="60.000" uom="g" recipe="P-26175" invFactor="0.1364" conversion="1.00000000" ingredient="I-3640"/>
	<Ingredient qty="40.000" uom="g" recipe="P-26175" invFactor="0.0909" conversion="1.00000000" ingredient="I-3654"/>
	<Ingredient qty="40.000" uom="g" recipe="P-26175" invFactor="0.0909" conversion="1.00000000" ingredient="I-42230"/>
	<Ingredient qty="125.000" uom="g" recipe="P-26175" invFactor="0.2841" conversion="1.00000000" ingredient="I-6026"/>
	<Ingredient qty="4.000" uom="Kg" recipe="P-26181" invFactor="1.3333" conversion="1.00000000" ingredient="I-3838"/>
	<Ingredient qty="100.000" uom="g" recipe="P-26181" invFactor="33.3333" conversion="1.00000000" ingredient="P-26175"/>
	<Ingredient qty="1.920" uom="L" recipe="P-26181" invFactor="0.6400" conversion="1.00000000" ingredient="P-64879"/>
	<Ingredient qty="700.000" uom="g" recipe="P-26186" invFactor="777.7778" conversion="0.00220462" ingredient="I-3243"/>
	<Ingredient qty="225.000" uom="g" recipe="P-26186" invFactor="250.0000" conversion="1.00000000" ingredient="I-8060"/>
	<Ingredient qty="60.000" uom="g" recipe="P-26186" invFactor="66.6667" conversion="0.00100000" ingredient="P-26020"/>
	<Ingredient qty="12.000" uom="g" recipe="P-26186" invFactor="13.3333" conversion="1.00000000" ingredient="P-29007"/>
	<Ingredient qty="100.000" uom="ml" recipe="P-26213" invFactor="22.2222" conversion="0.00100000" ingredient="I-3388"/>
	<Ingredient qty="115.000" uom="g" recipe="P-26213" invFactor="25.5556" conversion="0.00220462" ingredient="I-4894"/>
	<Ingredient qty="5.000" uom="g" recipe="P-26213" invFactor="1.1111" conversion="0.00220462" ingredient="I-4919"/>
	<Ingredient qty="10.000" uom="g" recipe="P-26213" invFactor="2.2222" conversion="1.00000000" ingredient="P-18907"/>
	<Ingredient qty="10.000" uom="g" recipe="P-26213" invFactor="2.2222" conversion="0.00100000" ingredient="P-26020"/>
	<Ingredient qty="4.000" uom="L" recipe="P-26213" invFactor="0.8889" conversion="1.00000000" ingredient="P-33520"/>
	<Ingredient qty="1.000" uom="Kg" recipe="P-26213" invFactor="0.2222" conversion="2.20462000" ingredient="P-58359"/>
	<Ingredient qty="100.000" uom="ml" recipe="P-26216" invFactor="34.4828" conversion="0.00100000" ingredient="I-3388"/>
	<Ingredient qty="1.500" uom="Kg" recipe="P-26216" invFactor="0.5172" conversion="2.20462000" ingredient="I-3416"/>
	<Ingredient qty="20.000" uom="L" recipe="P-26216" invFactor="6.8966" conversion="1.00000000" ingredient="I-5983"/>
	<Ingredient qty="10.000" uom="g" recipe="P-26216" invFactor="3.4483" conversion="1.00000000" ingredient="I-6026"/>
	<Ingredient qty="4.000" uom="oz" recipe="P-26218" invFactor="0.8000" conversion="0.06250000" ingredient="I-4695"/>
	<Ingredient qty="1.000" uom="lb" recipe="P-26218" invFactor="0.2000" conversion="0.45359200" ingredient="P-26186"/>
	<Ingredient qty="2.500" uom="L" recipe="P-26218" invFactor="0.5000" conversion="1.00000000" ingredient="P-26213"/>
	<Ingredient qty="3.000" uom="lb" recipe="P-26218" invFactor="0.6000" conversion="0.45359200" ingredient="P-26216"/>
	<Ingredient qty="3.000" uom="Kg" recipe="P-26226" invFactor="0.7500" conversion="1.00000000" ingredient="I-2948"/>
	<Ingredient qty="100.000" uom="ml" recipe="P-26226" invFactor="25.0000" conversion="0.00100000" ingredient="I-3388"/>
	<Ingredient qty="5.000" uom="g" recipe="P-26226" invFactor="1.2500" conversion="1.00000000" ingredient="I-3623"/>
	<Ingredient qty="65.000" uom="g" recipe="P-26226" invFactor="16.2500" conversion="0.00220462" ingredient="I-4657"/>
	<Ingredient qty="45.000" uom="g" recipe="P-26226" invFactor="11.2500" conversion="1.00000000" ingredient="P-18907"/>
	<Ingredient qty="1.000" uom="Kg" recipe="P-26460" invFactor="0.4444" conversion="1.00000000" ingredient="I-3340"/>
	<Ingredient qty="5.000" uom="L" recipe="P-26460" invFactor="2.2222" conversion="1.00000000" ingredient="I-5983"/>
	<Ingredient qty="30.000" uom="g" recipe="P-29007" invFactor="0.2500" conversion="0.00100000" ingredient="I-2911"/>
	<Ingredient qty="30.000" uom="g" recipe="P-29007" invFactor="0.2500" conversion="1.00000000" ingredient="I-3318"/>
	<Ingredient qty="30.000" uom="g" recipe="P-29007" invFactor="0.2500" conversion="1.00000000" ingredient="I-3635"/>
	<Ingredient qty="30.000" uom="g" recipe="P-29007" invFactor="0.2500" conversion="1.00000000" ingredient="I-3636"/>
	<Ingredient qty="20.000" uom="L" recipe="P-33519" invFactor="1.0000" conversion="1.00000000" ingredient="I-2251"/>
	<Ingredient qty="50.000" uom="g" recipe="P-33519" invFactor="2.5000" conversion="1.00000000" ingredient="I-3619"/>
	<Ingredient qty="350.000" uom="g" recipe="P-33519" invFactor="17.5000" conversion="0.00220462" ingredient="I-4745"/>
	<Ingredient qty="360.000" uom="ml" recipe="P-33519" invFactor="18.0000" conversion="0.00100000" ingredient="P-50495"/>
	<Ingredient qty="2.000" uom="lb" recipe="P-33520" invFactor="0.2500" conversion="0.45359200" ingredient="I-2141"/>
	<Ingredient qty="20.000" uom="g" recipe="P-33520" invFactor="2.5000" conversion="1.00000000" ingredient="P-18907"/>
	<Ingredient qty="60.000" uom="g" recipe="P-33520" invFactor="7.5000" conversion="0.00100000" ingredient="P-26020"/>
	<Ingredient qty="8.000" uom="L" recipe="P-33520" invFactor="1.0000" conversion="1.00000000" ingredient="P-33519"/>
	<Ingredient qty="57.000" uom="g" recipe="P-34084" invFactor="2.8500" conversion="0.00100000" ingredient="I-27410"/>
	<Ingredient qty="11.550" uom="Kg" recipe="P-34123" invFactor="1.0490" conversion="2.20462000" ingredient="I-4745"/>
	<Ingredient qty="11.500" uom="Kg" recipe="P-43440" invFactor="1.0445" conversion="1.00000000" ingredient="P-19175"/>
	<Ingredient qty="1.000" uom="Kg" recipe="P-44429" invFactor="1.0000" conversion="1.00000000" ingredient="P-50587"/>
	<Ingredient qty="1.000" uom="Kg" recipe="P-45047" invFactor="2.0000" conversion="2.20462000" ingredient="I-4508"/>
	<Ingredient qty="454.000" uom="g" recipe="P-46862" invFactor="22.7000" conversion="1.00000000" ingredient="I-35791"/>
	<Ingredient qty="12.000" uom="CT" recipe="P-47324" invFactor="1.3333" conversion="1.00000000" ingredient="I-2159"/>
	<Ingredient qty="45.000" uom="g" recipe="P-47324" invFactor="5.0000" conversion="0.00100000" ingredient="I-2911"/>
	<Ingredient qty="90.000" uom="ml" recipe="P-47324" invFactor="10.0000" conversion="0.00100000" ingredient="I-3572"/>
	<Ingredient qty="20.000" uom="g" recipe="P-47324" invFactor="2.2222" conversion="1.00000000" ingredient="I-3642"/>
	<Ingredient qty="454.000" uom="g" recipe="P-47324" invFactor="50.4444" conversion="0.00220462" ingredient="I-4745"/>
	<Ingredient qty="7.500" uom="Kg" recipe="P-47324" invFactor="0.8333" conversion="1.00000000" ingredient="I-59287"/>
	<Ingredient qty="60.000" uom="g" recipe="P-47324" invFactor="6.6667" conversion="1.00000000" ingredient="I-6026"/>
	<Ingredient qty="125.000" uom="g" recipe="P-47324" invFactor="13.8889" conversion="1.00000000" ingredient="P-22534"/>
	<Ingredient qty="150.000" uom="g" recipe="P-47324" invFactor="16.6667" conversion="0.00100000" ingredient="P-26020"/>
	<Ingredient qty="1.000" uom="Kg" recipe="P-47324" invFactor="0.1111" conversion="1.00000000" ingredient="P-26460"/>
	<Ingredient qty="1.500" uom="L" recipe="P-48489" invFactor="1.5000" conversion="1.00000000" ingredient="I-3387"/>
	<Ingredient qty="1.150" uom="Kg" recipe="P-48489" invFactor="1.1500" conversion="2.20462000" ingredient="I-4657"/>
	<Ingredient qty="10.000" uom="Kg" recipe="P-48870" invFactor="1.5873" conversion="1.00000000" ingredient="I-19665"/>
	<Ingredient qty="40.000" uom="g" recipe="P-48870" invFactor="6.3492" conversion="0.00100000" ingredient="I-2051"/>
	<Ingredient qty="10.000" uom="g" recipe="P-48870" invFactor="1.5873" conversion="0.00100000" ingredient="I-2911"/>
	<Ingredient qty="50.000" uom="g" recipe="P-48870" invFactor="7.9365" conversion="1.00000000" ingredient="I-6026"/>
	<Ingredient qty="2.000" uom="Kg" recipe="P-49002" invFactor="2.0000" conversion="1.00000000" ingredient="I-2305"/>
	<Ingredient qty="700.000" uom="g" recipe="P-50429" invFactor="1.5556" conversion="0.00220462" ingredient="I-4695"/>
	<Ingredient qty="1000.000" uom="ml" recipe="P-50495" invFactor="500.0000" conversion="0.00100000" ingredient="I-5983"/>
	<Ingredient qty="1000.000" uom="g" recipe="P-50495" invFactor="500.0000" conversion="0.00100000" ingredient="I-6820"/>
	<Ingredient qty="200.000" uom="g" recipe="P-50500" invFactor="1.0526" conversion="0.00220462" ingredient="I-4508"/>
	<Ingredient qty="25.000" uom="lb" recipe="P-50553" invFactor="1.0870" conversion="1.00000000" ingredient="I-4745"/>
	<Ingredient qty="10.000" uom="Kg" recipe="P-50587" invFactor="1.1111" conversion="2.20462000" ingredient="I-4933"/>
	<Ingredient qty="2.000" uom="Kg" recipe="P-50789" invFactor="1.0000" conversion="1.00000000" ingredient="I-2078"/>
	<Ingredient qty="20.000" uom="ml" recipe="P-50860" invFactor="16.6667" conversion="0.00100000" ingredient="I-3388"/>
	<Ingredient qty="30.000" uom="ml" recipe="P-50860" invFactor="25.0000" conversion="0.00100000" ingredient="I-3692"/>
	<Ingredient qty="15.000" uom="g" recipe="P-50860" invFactor="12.5000" conversion="1.00000000" ingredient="P-18907"/>
	<Ingredient qty="30.000" uom="g" recipe="P-50860" invFactor="25.0000" conversion="0.00100000" ingredient="P-26020"/>
	<Ingredient qty="100.000" uom="g" recipe="P-50860" invFactor="83.3333" conversion="0.00100000" ingredient="P-43440"/>
	<Ingredient qty="1.000" uom="Kg" recipe="P-50860" invFactor="0.8333" conversion="1.00000000" ingredient="P-44429"/>
	<Ingredient qty="30.000" uom="g" recipe="P-50860" invFactor="25.0000" conversion="1.00000000" ingredient="P-50500"/>
	<Ingredient qty="1.000" uom="Kg" recipe="P-52036" invFactor="0.0020" conversion="2.20462000" ingredient="I-4919"/>
	<Ingredient qty="500.000" uom="ml" recipe="P-52096" invFactor="166.6667" conversion="0.00100000" ingredient="I-3388"/>
	<Ingredient qty="100.000" uom="g" recipe="P-52096" invFactor="33.3333" conversion="0.00100000" ingredient="I-6028"/>
	<Ingredient qty="20.000" uom="g" recipe="P-52096" invFactor="6.6667" conversion="1.00000000" ingredient="P-18907"/>
	<Ingredient qty="5.000" uom="Kg" recipe="P-52096" invFactor="1.6667" conversion="2.20462000" ingredient="P-50553"/>
	<Ingredient qty="60.000" uom="ml" recipe="P-56506" invFactor="66.6667" conversion="0.03381406" ingredient="I-1813"/>
	<Ingredient qty="60.000" uom="ml" recipe="P-56506" invFactor="66.6667" conversion="0.00100000" ingredient="I-1820"/>
	<Ingredient qty="2.000" uom="g" recipe="P-56506" invFactor="2.2222" conversion="0.00100000" ingredient="I-2911"/>
	<Ingredient qty="60.000" uom="ml" recipe="P-56506" invFactor="66.6667" conversion="0.00100000" ingredient="I-3389"/>
	<Ingredient qty="5.000" uom="g" recipe="P-56506" invFactor="5.5556" conversion="0.03527399" ingredient="I-3630"/>
	<Ingredient qty="5.000" uom="g" recipe="P-56506" invFactor="5.5556" conversion="1.00000000" ingredient="I-3640"/>
	<Ingredient qty="1.000" uom="Kg" recipe="P-56506" invFactor="1.1111" conversion="1.00000000" ingredient="I-3856"/>
	<Ingredient qty="50.000" uom="g" recipe="P-56506" invFactor="55.5556" conversion="0.00100000" ingredient="I-6028"/>
	<Ingredient qty="20.000" uom="g" recipe="P-56506" invFactor="22.2222" conversion="0.00100000" ingredient="P-26020"/>
	<Ingredient qty="1.000" uom="lb" recipe="P-57213" invFactor="1.2500" conversion="2.49226576" ingredient="I-4271"/>
	<Ingredient qty="10.000" uom="lb" recipe="P-58359" invFactor="1.0000" conversion="1.00000000" ingredient="I-4731"/>
	<Ingredient qty="150.000" uom="ml" recipe="P-61001" invFactor="0.1154" conversion="0.00142019" ingredient="I-3321"/>
	<Ingredient qty="1000.000" uom="ml" recipe="P-61001" invFactor="0.7692" conversion="1.00000000" ingredient="I-3368"/>
	<Ingredient qty="5.000" uom="piece" recipe="P-61001" invFactor="0.0038" conversion="0.10481247" ingredient="I-6017"/>
	<Ingredient qty="100.000" uom="g" recipe="P-61001" invFactor="0.0769" conversion="0.00100000" ingredient="P-48489"/>
	<Ingredient qty="15.000" uom="g" recipe="P-61009" invFactor="15.0000" conversion="0.00100000" ingredient="I-11094"/>
	<Ingredient qty="1.000" uom="CT" recipe="P-61009" invFactor="1.0000" conversion="1.00000000" ingredient="I-1120"/>
	<Ingredient qty="80.000" uom="g" recipe="P-61009" invFactor="80.0000" conversion="0.00100000" ingredient="I-14179"/>
	<Ingredient qty="15.000" uom="g" recipe="P-61009" invFactor="15.0000" conversion="0.00100000" ingredient="P-19175"/>
	<Ingredient qty="30.000" uom="ml" recipe="P-61009" invFactor="30.0000" conversion="0.00100000" ingredient="P-26067"/>
	<Ingredient qty="40.000" uom="g" recipe="P-61009" invFactor="40.0000" conversion="0.00100000" ingredient="P-26181"/>
	<Ingredient qty="90.000" uom="ml" recipe="P-61009" invFactor="90.0000" conversion="0.00100000" ingredient="P-26226"/>
	<Ingredient qty="1.000" uom="Kg" recipe="P-61736" invFactor="0.5000" conversion="1.00000000" ingredient="I-2119"/>
	<Ingredient qty="1.000" uom="Kg" recipe="P-61736" invFactor="0.5000" conversion="0.93884000" ingredient="I-2254"/>
	<Ingredient qty="125.000" uom="ml" recipe="P-64879" invFactor="65.1042" conversion="0.00100000" ingredient="I-1820"/>
	<Ingredient qty="125.000" uom="ml" recipe="P-64879" invFactor="65.1042" conversion="0.00100000" ingredient="I-3388"/>
	<Ingredient qty="340.000" uom="g" recipe="P-64879" invFactor="177.0833" conversion="0.00101284" ingredient="I-3435"/>
	<Ingredient qty="30.000" uom="ml" recipe="P-64879" invFactor="15.6250" conversion="0.00100000" ingredient="I-3572"/>
	<Ingredient qty="10.000" uom="g" recipe="P-64879" invFactor="5.2083" conversion="1.00000000" ingredient="I-3642"/>
	<Ingredient qty="125.000" uom="ml" recipe="P-64879" invFactor="65.1042" conversion="0.00100000" ingredient="I-3670"/>
	<Ingredient qty="10.000" uom="g" recipe="P-64879" invFactor="5.2083" conversion="0.00220462" ingredient="I-4657"/>
	<Ingredient qty="30.000" uom="ml" recipe="P-64879" invFactor="15.6250" conversion="0.00100000" ingredient="I-47774"/>
	<Ingredient qty="1.000" uom="L" recipe="P-64879" invFactor="0.5208" conversion="1.00000000" ingredient="I-5983"/>
	<Ingredient qty="125.000" uom="ml" recipe="P-64879" invFactor="65.1042" conversion="0.00100000" ingredient="I-9382"/>
	<Ingredient qty="1.000" uom="Kg" recipe="P-9765" invFactor="1.0000" conversion="1.00000000" ingredient="P-18746"/>
	<Ingredient qty="300.000" uom="g" recipe="R-28350" invFactor="1.0000" conversion="0.00220462" ingredient="P-26218"/>
	<Ingredient qty="1.000" uom="ea" recipe="R-41719" invFactor="1.0000" conversion="1.00000000" ingredient="I-41371"/>
	<Ingredient qty="1.000" uom="ea" recipe="R-45844" invFactor="1.0000" conversion="1.00000000" ingredient="I-41378"/>
	<Ingredient qty="1.000" uom="CT" recipe="R-50788" invFactor="1.0000" conversion="1.00000000" ingredient="I-1120"/>
	<Ingredient qty="10.000" uom="ml" recipe="R-50788" invFactor="1.0000" conversion="0.00100000" ingredient="I-17203"/>
	<Ingredient qty="15.000" uom="g" recipe="R-50788" invFactor="1.0000" conversion="1.00000000" ingredient="I-2697"/>
	<Ingredient qty="3.000" uom="g" recipe="R-50788" invFactor="1.0000" conversion="1.00000000" ingredient="P-18907"/>
	<Ingredient qty="5.000" uom="g" recipe="R-50788" invFactor="1.0000" conversion="0.00100000" ingredient="P-45047"/>
	<Ingredient qty="100.000" uom="g" recipe="R-50788" invFactor="1.0000" conversion="0.00100000" ingredient="P-46862"/>
	<Ingredient qty="50.000" uom="g" recipe="R-50788" invFactor="1.0000" conversion="0.00100000" ingredient="P-50789"/>
	<Ingredient qty="1.000" uom="CT" recipe="R-50859" invFactor="1.0000" conversion="1.00000000" ingredient="I-1120"/>
	<Ingredient qty="30.000" uom="g" recipe="R-50859" invFactor="1.0000" conversion="0.00100000" ingredient="I-14179"/>
	<Ingredient qty="10.000" uom="ml" recipe="R-50859" invFactor="1.0000" conversion="0.00100000" ingredient="I-17203"/>
	<Ingredient qty="15.000" uom="g" recipe="R-50859" invFactor="1.0000" conversion="1.00000000" ingredient="I-2697"/>
	<Ingredient qty="10.000" uom="g" recipe="R-50859" invFactor="1.0000" conversion="0.00220462" ingredient="I-4463"/>
	<Ingredient qty="100.000" uom="g" recipe="R-50859" invFactor="1.0000" conversion="0.00100000" ingredient="P-50860"/>
	<Ingredient qty="1.000" uom="un" recipe="R-60471" invFactor="1.0000" conversion="1.00000000" ingredient="P-61009"/>
	<Ingredient qty="1.000" uom="CT" recipe="R-61002" invFactor="1.0000" conversion="1.00000000" ingredient="I-1120"/>
	<Ingredient qty="3.000" uom="slice" recipe="R-61002" invFactor="1.0000" conversion="1.00000000" ingredient="I-17618"/>
	<Ingredient qty="15.000" uom="g" recipe="R-61002" invFactor="1.0000" conversion="0.00100000" ingredient="P-22245"/>
	<Ingredient qty="100.000" uom="g" recipe="R-61002" invFactor="1.0000" conversion="0.00100000" ingredient="P-56506"/>
	<Ingredient qty="60.000" uom="ml" recipe="R-61002" invFactor="1.0000" conversion="1.00000000" ingredient="P-61001"/>
	<Ingredient qty="1.000" uom="un" recipe="R-61010" invFactor="1.0000" conversion="1.00000000" ingredient="P-61009"/>
	<Ingredient qty="1.000" uom="CT" recipe="R-61735" invFactor="1.0000" conversion="1.00000000" ingredient="I-1120"/>
	<Ingredient qty="40.000" uom="g" recipe="R-61735" invFactor="1.0000" conversion="1.00000000" ingredient="P-34084"/>
	<Ingredient qty="15.000" uom="g" recipe="R-61735" invFactor="1.0000" conversion="0.00100000" ingredient="P-34123"/>
	<Ingredient qty="20.000" uom="g" recipe="R-61735" invFactor="1.0000" conversion="0.00100000" ingredient="P-61736"/>
	<Ingredient qty="1.000" uom="CT" recipe="R-61737" invFactor="1.0000" conversion="1.00000000" ingredient="I-1120"/>
	<Ingredient qty="30.000" uom="g" recipe="R-61737" invFactor="1.0000" conversion="0.00100000" ingredient="I-14179"/>
	<Ingredient qty="60.000" uom="ml" recipe="R-61737" invFactor="1.0000" conversion="0.00100000" ingredient="P-26226"/>
	<Ingredient qty="100.000" uom="g" recipe="R-61737" invFactor="1.0000" conversion="0.00100000" ingredient="P-47324"/>
	<Ingredient qty="5.000" uom="g" recipe="R-61737" invFactor="1.0000" conversion="1.00000000" ingredient="P-50429"/>
	<Ingredient qty="30.000" uom="g" recipe="R-61737" invFactor="1.0000" conversion="0.00100000" ingredient="P-52096"/>
	<Ingredient qty="1.000" uom="CT" recipe="R-61749" invFactor="1.0000" conversion="1.00000000" ingredient="I-1120"/>
	<Ingredient qty="30.000" uom="g" recipe="R-61749" invFactor="1.0000" conversion="0.00100000" ingredient="I-14179"/>
	<Ingredient qty="30.000" uom="ml" recipe="R-61749" invFactor="1.0000" conversion="0.00100000" ingredient="I-3507"/>
	<Ingredient qty="20.000" uom="g" recipe="R-61749" invFactor="1.0000" conversion="0.00100000" ingredient="I-4978"/>
	<Ingredient qty="15.000" uom="g" recipe="R-61749" invFactor="1.0000" conversion="0.00100000" ingredient="P-25761"/>
	<Ingredient qty="80.000" uom="g" recipe="R-61749" invFactor="1.0000" conversion="0.00100000" ingredient="P-48870"/>
	<Ingredient qty="20.000" uom="g" recipe="R-61749" invFactor="1.0000" conversion="0.00100000" ingredient="P-9765"/>
	<Ingredient qty="1.000" uom="CT" recipe="R-61778" invFactor="1.0000" conversion="1.00000000" ingredient="I-1120"/>
	<Ingredient qty="40.000" uom="g" recipe="R-61778" invFactor="1.0000" conversion="0.00100000" ingredient="I-14179"/>
	<Ingredient qty="30.000" uom="g" recipe="R-61778" invFactor="1.0000" conversion="0.00100000" ingredient="I-2141"/>
	<Ingredient qty="20.000" uom="g" recipe="R-61778" invFactor="1.0000" conversion="0.00100000" ingredient="I-2146"/>
	<Ingredient qty="15.000" uom="ml" recipe="R-61778" invFactor="1.0000" conversion="0.00100000" ingredient="I-3389"/>
	<Ingredient qty="30.000" uom="g" recipe="R-61778" invFactor="1.0000" conversion="0.00100000" ingredient="I-7953"/>
	<Ingredient qty="1.000" uom="CT" recipe="R-61780" invFactor="1.0000" conversion="1.00000000" ingredient="I-1120"/>
	<Ingredient qty="15.000" uom="g" recipe="R-61780" invFactor="1.0000" conversion="0.00100000" ingredient="I-11903"/>
	<Ingredient qty="15.000" uom="g" recipe="R-61780" invFactor="1.0000" conversion="0.00100000" ingredient="I-14179"/>
	<Ingredient qty="10.000" uom="g" recipe="R-61780" invFactor="1.0000" conversion="0.00220462" ingredient="I-4463"/>
	<Ingredient qty="20.000" uom="g" recipe="R-61780" invFactor="1.0000" conversion="0.00100000" ingredient="P-49002"/>
	<Ingredient qty="30.000" uom="g" recipe="R-61780" invFactor="1.0000" conversion="0.00220462" ingredient="P-57213"/>
	<Ingredient qty="1.000" uom="CT" recipe="R-68122" invFactor="1.0000" conversion="1.00000000" ingredient="I-1120"/>
	<Ingredient qty="30.000" uom="g" recipe="R-68122" invFactor="1.0000" conversion="0.00100000" ingredient="I-14179"/>
	<Ingredient qty="100.000" uom="g" recipe="R-68122" invFactor="1.0000" conversion="0.00220462" ingredient="I-64875"/>
	<Ingredient qty="60.000" uom="ml" recipe="R-68122" invFactor="1.0000" conversion="0.00100000" ingredient="P-26226"/>
	<Ingredient qty="5.000" uom="g" recipe="R-68122" invFactor="1.0000" conversion="1.00000000" ingredient="P-50429"/>
	<Ingredient qty="30.000" uom="g" recipe="R-68122" invFactor="1.0000" conversion="0.00100000" ingredient="P-52096"/>
</Ingredients>
