﻿<?xml version="1.0" encoding="UTF-8" standalone="yes"?>
<ItemAllergens>
	<Item con_num="I-1120">
		<ItemAllergen allergenId="2">GLUTEN</ItemAllergen>
	</Item>
	<Item con_num="I-1120">
		<ItemAllergen allergenId="6">WHEAT</ItemAllergen>
	</Item>
	<Item con_num="I-2078">
		<ItemAllergen allergenId="1">MILK</ItemAllergen>
	</Item>
	<Item con_num="I-2119">
		<ItemAllergen allergenId="1">MILK</ItemAllergen>
	</Item>
	<Item con_num="I-2141">
		<ItemAllergen allergenId="1">MILK</ItemAllergen>
	</Item>
	<Item con_num="I-2146">
		<ItemAllergen allergenId="1">MILK</ItemAllergen>
	</Item>
	<Item con_num="I-2159">
		<ItemAllergen allergenId="5">EGGS</ItemAllergen>
	</Item>
	<Item con_num="I-2251">
		<ItemAllergen allergenId="1">MILK</ItemAllergen>
	</Item>
	<Item con_num="I-2254">
		<ItemAllergen allergenId="1">MILK</ItemAllergen>
	</Item>
	<Item con_num="I-2697">
		<ItemAllergen allergenId="1">MILK</ItemAllergen>
	</Item>
	<Item con_num="I-3243">
		<ItemAllergen allergenId="2">GLUTEN</ItemAllergen>
	</Item>
	<Item con_num="I-3243">
		<ItemAllergen allergenId="6">WHEAT</ItemAllergen>
	</Item>
	<Item con_num="I-3321">
		<ItemAllergen allergenId="42">NO KNOWN PRIORITY ALLERGENS</ItemAllergen>
	</Item>
	<Item con_num="I-3337">
		<ItemAllergen allergenId="11">SULPHITES</ItemAllergen>
	</Item>
	<Item con_num="I-3368">
		<ItemAllergen allergenId="11">SULPHITES</ItemAllergen>
	</Item>
	<Item con_num="I-3368">
		<ItemAllergen allergenId="13">MUSTARD</ItemAllergen>
	</Item>
	<Item con_num="I-3416">
		<ItemAllergen allergenId="2">GLUTEN</ItemAllergen>
	</Item>
	<Item con_num="I-3416">
		<ItemAllergen allergenId="6">WHEAT</ItemAllergen>
	</Item>
	<Item con_num="I-3447">
		<ItemAllergen allergenId="11">SULPHITES</ItemAllergen>
	</Item>
	<Item con_num="I-3448">
		<ItemAllergen allergenId="11">SULPHITES</ItemAllergen>
	</Item>
	<Item con_num="I-3507">
		<ItemAllergen allergenId="2">GLUTEN</ItemAllergen>
	</Item>
	<Item con_num="I-3507">
		<ItemAllergen allergenId="6">WHEAT</ItemAllergen>
	</Item>
	<Item con_num="I-3507">
		<ItemAllergen allergenId="10">SOY</ItemAllergen>
	</Item>
	<Item con_num="I-3507">
		<ItemAllergen allergenId="13">MUSTARD</ItemAllergen>
	</Item>
	<Item con_num="I-3572">
		<ItemAllergen allergenId="11">SULPHITES</ItemAllergen>
	</Item>
	<Item con_num="I-3572">
		<ItemAllergen allergenId="37">FISH (ANCHOVY)</ItemAllergen>
	</Item>
	<Item con_num="I-3633">
		<ItemAllergen allergenId="11">SULPHITES</ItemAllergen>
	</Item>
	<Item con_num="I-3692">
		<ItemAllergen allergenId="11">SULPHITES</ItemAllergen>
	</Item>
	<Item con_num="I-3698">
		<ItemAllergen allergenId="11">SULPHITES</ItemAllergen>
	</Item>
	<Item con_num="I-6017">
		<ItemAllergen allergenId="11">SULPHITES</ItemAllergen>
	</Item>
	<Item con_num="I-6017">
		<ItemAllergen allergenId="13">MUSTARD</ItemAllergen>
	</Item>
	<Item con_num="I-6028">
		<ItemAllergen allergenId="42">NO KNOWN PRIORITY ALLERGENS</ItemAllergen>
	</Item>
	<Item con_num="I-7953">
		<ItemAllergen allergenId="1">MILK</ItemAllergen>
	</Item>
	<Item con_num="I-8060">
		<ItemAllergen allergenId="1">MILK</ItemAllergen>
	</Item>
	<Item con_num="I-11903">
		<ItemAllergen allergenId="1">MILK</ItemAllergen>
	</Item>
	<Item con_num="I-14179">
		<ItemAllergen allergenId="1">MILK</ItemAllergen>
	</Item>
	<Item con_num="I-17203">
		<ItemAllergen allergenId="11">SULPHITES</ItemAllergen>
	</Item>
	<Item con_num="I-17618">
		<ItemAllergen allergenId="1">MILK</ItemAllergen>
	</Item>
	<Item con_num="I-26960">
		<ItemAllergen allergenId="11">SULPHITES</ItemAllergen>
	</Item>
	<Item con_num="I-26960">
		<ItemAllergen allergenId="13">MUSTARD</ItemAllergen>
	</Item>
	<Item con_num="I-27410">
		<ItemAllergen allergenId="42">NO KNOWN PRIORITY ALLERGENS</ItemAllergen>
	</Item>
	<Item con_num="R-28350">
		<ItemAllergen allergenId="1">MILK</ItemAllergen>
	</Item>
	<Item con_num="R-28350">
		<ItemAllergen allergenId="2">GLUTEN</ItemAllergen>
	</Item>
	<Item con_num="R-28350">
		<ItemAllergen allergenId="6">WHEAT</ItemAllergen>
	</Item>
	<Item con_num="I-41371">
		<ItemAllergen allergenId="1">MILK</ItemAllergen>
	</Item>
	<Item con_num="I-41371">
		<ItemAllergen allergenId="2">GLUTEN</ItemAllergen>
	</Item>
	<Item con_num="I-41371">
		<ItemAllergen allergenId="5">EGGS</ItemAllergen>
	</Item>
	<Item con_num="I-41371">
		<ItemAllergen allergenId="6">WHEAT</ItemAllergen>
	</Item>
	<Item con_num="I-41378">
		<ItemAllergen allergenId="1">MILK</ItemAllergen>
	</Item>
	<Item con_num="I-41378">
		<ItemAllergen allergenId="2">GLUTEN</ItemAllergen>
	</Item>
	<Item con_num="I-41378">
		<ItemAllergen allergenId="5">EGGS</ItemAllergen>
	</Item>
	<Item con_num="I-41378">
		<ItemAllergen allergenId="6">WHEAT</ItemAllergen>
	</Item>
	<Item con_num="I-47774">
		<ItemAllergen allergenId="10">SOY</ItemAllergen>
	</Item>
	<Item con_num="I-47774">
		<ItemAllergen allergenId="11">SULPHITES</ItemAllergen>
	</Item>
	<Item con_num="R-50788">
		<ItemAllergen allergenId="1">MILK</ItemAllergen>
	</Item>
	<Item con_num="R-50788">
		<ItemAllergen allergenId="2">GLUTEN</ItemAllergen>
	</Item>
	<Item con_num="R-50788">
		<ItemAllergen allergenId="6">WHEAT</ItemAllergen>
	</Item>
	<Item con_num="R-50788">
		<ItemAllergen allergenId="11">SULPHITES</ItemAllergen>
	</Item>
	<Item con_num="R-50859">
		<ItemAllergen allergenId="1">MILK</ItemAllergen>
	</Item>
	<Item con_num="R-50859">
		<ItemAllergen allergenId="2">GLUTEN</ItemAllergen>
	</Item>
	<Item con_num="R-50859">
		<ItemAllergen allergenId="6">WHEAT</ItemAllergen>
	</Item>
	<Item con_num="R-50859">
		<ItemAllergen allergenId="11">SULPHITES</ItemAllergen>
	</Item>
	<Item con_num="I-59287">
		<ItemAllergen allergenId="13">MUSTARD</ItemAllergen>
	</Item>
	<Item con_num="R-61737">
		<ItemAllergen allergenId="1">MILK</ItemAllergen>
	</Item>
	<Item con_num="R-61737">
		<ItemAllergen allergenId="2">GLUTEN</ItemAllergen>
	</Item>
	<Item con_num="R-61737">
		<ItemAllergen allergenId="5">EGGS</ItemAllergen>
	</Item>
	<Item con_num="R-61737">
		<ItemAllergen allergenId="6">WHEAT</ItemAllergen>
	</Item>
	<Item con_num="R-61737">
		<ItemAllergen allergenId="11">SULPHITES</ItemAllergen>
	</Item>
	<Item con_num="R-61737">
		<ItemAllergen allergenId="37">FISH (ANCHOVY)</ItemAllergen>
	</Item>
	<Item con_num="R-61749">
		<ItemAllergen allergenId="1">MILK</ItemAllergen>
	</Item>
	<Item con_num="R-61749">
		<ItemAllergen allergenId="2">GLUTEN</ItemAllergen>
	</Item>
	<Item con_num="R-61749">
		<ItemAllergen allergenId="6">WHEAT</ItemAllergen>
	</Item>
	<Item con_num="R-61749">
		<ItemAllergen allergenId="10">SOY</ItemAllergen>
	</Item>
	<Item con_num="R-61749">
		<ItemAllergen allergenId="11">SULPHITES</ItemAllergen>
	</Item>
	<Item con_num="R-61749">
		<ItemAllergen allergenId="13">MUSTARD</ItemAllergen>
	</Item>
	<Item con_num="R-61778">
		<ItemAllergen allergenId="1">MILK</ItemAllergen>
	</Item>
	<Item con_num="R-61778">
		<ItemAllergen allergenId="2">GLUTEN</ItemAllergen>
	</Item>
	<Item con_num="R-61778">
		<ItemAllergen allergenId="6">WHEAT</ItemAllergen>
	</Item>
	<Item con_num="R-61780">
		<ItemAllergen allergenId="1">MILK</ItemAllergen>
	</Item>
	<Item con_num="R-61780">
		<ItemAllergen allergenId="2">GLUTEN</ItemAllergen>
	</Item>
	<Item con_num="R-61780">
		<ItemAllergen allergenId="6">WHEAT</ItemAllergen>
	</Item>
	<Item con_num="I-64875">
		<ItemAllergen allergenId="2">GLUTEN</ItemAllergen>
	</Item>
	<Item con_num="I-64875">
		<ItemAllergen allergenId="6">WHEAT</ItemAllergen>
	</Item>
	<Item con_num="I-64875">
		<ItemAllergen allergenId="11">SULPHITES</ItemAllergen>
	</Item>
	<Item con_num="R-68122">
		<ItemAllergen allergenId="1">MILK</ItemAllergen>
	</Item>
	<Item con_num="R-68122">
		<ItemAllergen allergenId="2">GLUTEN</ItemAllergen>
	</Item>
	<Item con_num="R-68122">
		<ItemAllergen allergenId="6">WHEAT</ItemAllergen>
	</Item>
</ItemAllergens>
