﻿<?xml version="1.0" encoding="UTF-8" standalone="yes"?>
<Prods>
	<Prod id="R-45844" active="Y" special="N">
		<Description>ALF| Shepherds Pie</Description>
		<Barcode/>
		<Cost>3.7333</Cost>
		<Comments/>
		<SalesGroup id="367">OK - AL FORNO</SalesGroup>
		<SalesCategory id="2">Food</SalesCategory>
		<IncomeAccount id="14" ref="Gross Sales" type="I" locked="Y">Gross Sales</IncomeAccount>
		<TaxGroup id=""/>
		<Price>10.00</Price>
		<PLU num="26801">PIE SHEPHERDS</PLU>
	</Prod>
	<Prod id="R-41719" active="Y" special="N">
		<Description>ALF|Aspar. &amp; Asia Quiche</Description>
		<Barcode/>
		<Cost>3.0750</Cost>
		<Comments/>
		<SalesGroup id="367">OK - AL FORNO</SalesGroup>
		<SalesCategory id="2">Food</SalesCategory>
		<IncomeAccount id="14" ref="Gross Sales" type="I" locked="Y">Gross Sales</IncomeAccount>
		<TaxGroup id=""/>
		<Price>10.00</Price>
		<PLU num="24490">QUICHE ASPARAGUS ASIAGO</PLU>
	</Prod>
	<Prod id="R-28350" active="Y" special="N">
		<Description>ALF|Baked|Mushroom Alfredo</Description>
		<Barcode/>
		<Cost>3.1395</Cost>
		<Comments/>
		<SalesGroup id="367">OK - AL FORNO</SalesGroup>
		<SalesCategory id="2">Food</SalesCategory>
		<IncomeAccount id="14" ref="Gross Sales" type="I" locked="Y">Gross Sales</IncomeAccount>
		<TaxGroup id=""/>
		<Price>5.50</Price>
		<PLU num="19036">SQ FRI MUSHROOM ALFREDO</PLU>
	</Prod>
	<Prod id="R-61010" active="Y" special="N">
		<Description>ALF|Brisket Flatbread|TAILGATE</Description>
		<Barcode/>
		<Cost>3.5811</Cost>
		<Comments/>
		<SalesGroup id="287">SPECIALS</SalesGroup>
		<SalesCategory id="2">Food</SalesCategory>
		<IncomeAccount id="14" ref="Gross Sales" type="I" locked="Y">Gross Sales</IncomeAccount>
		<TaxGroup id=""/>
		<Price>9.99</Price>
		<PLU num="33074">SUPER BOWL KANSAS CITY BRISKET</PLU>
	</Prod>
	<Prod id="R-61002" active="Y" special="N">
		<Description>ALF|Cubano Flatread|TAILGATE</Description>
		<Barcode/>
		<Cost>4.0816</Cost>
		<Comments/>
		<SalesGroup id="332">OK - SQUARE MEAL</SalesGroup>
		<SalesCategory id="2">Food</SalesCategory>
		<IncomeAccount id="14" ref="Gross Sales" type="I" locked="Y">Gross Sales</IncomeAccount>
		<TaxGroup id=""/>
		<Price>9.99</Price>
		<PLU num="33076">SUPER BOWL TAMPA BAY CUBAN FLA</PLU>
	</Prod>
	<Prod id="R-60471" active="Y" special="N">
		<Description>ALF|Flatbread| Brisket</Description>
		<Barcode/>
		<Cost>3.5811</Cost>
		<Comments/>
		<SalesGroup id="287">SPECIALS</SalesGroup>
		<SalesCategory id="2">Food</SalesCategory>
		<IncomeAccount id="14" ref="Gross Sales" type="I" locked="Y">Gross Sales</IncomeAccount>
		<TaxGroup id=""/>
		<Price>9.99</Price>
		<PLU num="32913">BEEF BRISKET FLATBREAD</PLU>
	</Prod>
	<Prod id="R-61778" active="Y" special="N">
		<Description>ALF|Flatbread|4 Cheese</Description>
		<Barcode/>
		<Cost>3.3579</Cost>
		<Comments/>
		<SalesGroup id="367">OK - AL FORNO</SalesGroup>
		<SalesCategory id="2">Food</SalesCategory>
		<IncomeAccount id="14" ref="Gross Sales" type="I" locked="Y">Gross Sales</IncomeAccount>
		<TaxGroup id=""/>
		<Price>0</Price>
		<PLU num="33719">4 Cheese Flatbread</PLU>
	</Prod>
	<Prod id="R-61735" active="Y" special="N">
		<Description>ALF|Flatbread|Alsatian</Description>
		<Barcode/>
		<Cost>2.6221</Cost>
		<Comments/>
		<SalesGroup id="367">OK - AL FORNO</SalesGroup>
		<SalesCategory id="2">Food</SalesCategory>
		<IncomeAccount id="14" ref="Gross Sales" type="I" locked="Y">Gross Sales</IncomeAccount>
		<TaxGroup id=""/>
		<Price>7.99</Price>
		<PLU num="33720"/>
	</Prod>
	<Prod id="R-61780" active="Y" special="N">
		<Description>ALF|Flatbread|Apple &amp; Pancetta</Description>
		<Barcode/>
		<Cost>3.2703</Cost>
		<Comments/>
		<SalesGroup id="367">OK - AL FORNO</SalesGroup>
		<SalesCategory id="2">Food</SalesCategory>
		<IncomeAccount id="14" ref="Gross Sales" type="I" locked="Y">Gross Sales</IncomeAccount>
		<TaxGroup id=""/>
		<Price>0</Price>
		<PLU num="33722">Apple Pancetta Flatbread</PLU>
	</Prod>
	<Prod id="R-61749" active="Y" special="N">
		<Description>ALF|Flatbread|BBQ Chicken</Description>
		<Barcode/>
		<Cost>3.5398</Cost>
		<Comments/>
		<SalesGroup id="367">OK - AL FORNO</SalesGroup>
		<SalesCategory id="2">Food</SalesCategory>
		<IncomeAccount id="14" ref="Gross Sales" type="I" locked="Y">Gross Sales</IncomeAccount>
		<TaxGroup id=""/>
		<Price>0</Price>
		<PLU num="33723">BBQ CHICKEN FLATBREAD</PLU>
	</Prod>
	<Prod id="R-61737" active="Y" special="N">
		<Description>ALF|Flatbread|Beef &amp; Onion</Description>
		<Barcode/>
		<Cost>3.0405</Cost>
		<Comments/>
		<SalesGroup id="367">OK - AL FORNO</SalesGroup>
		<SalesCategory id="2">Food</SalesCategory>
		<IncomeAccount id="14" ref="Gross Sales" type="I" locked="Y">Gross Sales</IncomeAccount>
		<TaxGroup id=""/>
		<Price>9.99</Price>
		<PLU num="33721"/>
	</Prod>
	<Prod id="R-68122" active="Y" special="N">
		<Description>ALF|Flatbread|Beef Onion|TMRW</Description>
		<Barcode/>
		<Cost>3.4742</Cost>
		<Comments/>
		<SalesGroup id="367">OK - AL FORNO</SalesGroup>
		<SalesCategory id="2">Food</SalesCategory>
		<IncomeAccount id="14" ref="Gross Sales" type="I" locked="Y">Gross Sales</IncomeAccount>
		<TaxGroup id=""/>
		<Price>9.99</Price>
		<PLU num=""/>
	</Prod>
	<Prod id="R-50859" active="Y" special="N">
		<Description>ALF|Flatbread|Bruschetta</Description>
		<Barcode/>
		<Cost>2.7514</Cost>
		<Comments/>
		<SalesGroup id="367">OK - AL FORNO</SalesGroup>
		<SalesCategory id="2">Food</SalesCategory>
		<IncomeAccount id="14" ref="Gross Sales" type="I" locked="Y">Gross Sales</IncomeAccount>
		<TaxGroup id=""/>
		<Price>7.99</Price>
		<PLU num="32183">BRUSCHETTA FLATBREAD</PLU>
	</Prod>
	<Prod id="R-50788" active="Y" special="N">
		<Description>ALF|Flatbread|Caprese</Description>
		<Barcode/>
		<Cost>2.8167</Cost>
		<Comments/>
		<SalesGroup id="367">OK - AL FORNO</SalesGroup>
		<SalesCategory id="2">Food</SalesCategory>
		<IncomeAccount id="14" ref="Gross Sales" type="I" locked="Y">Gross Sales</IncomeAccount>
		<TaxGroup id=""/>
		<Price>8.99</Price>
		<PLU num="31025">CAPRESE FLATBREAD</PLU>
	</Prod>
</Prods>
