﻿<?xml version="1.0" encoding="UTF-8" standalone="yes"?>
<Recipes>
	<Recipe id="P-9765" image="">***COOKS AND CHEFS, PLEASE READ THE ENTIRE RECIPE BEFORE BEGINNING- THIS IS A RECOMMENDED STEP WITH EVERY PRODUCT WE EVER PRODUCE- THANK YOU***
johnny

Related Products this prep gets used in:

Allergens: (to be filled out by nutrition)
Method:
1. Gather all ingredients and tools
2. Cut into small dice, approx 1/4 inch
3.
-cool, store, label and rotated this item with older product correctly and diligently 

Portioning:

Utensils needed:
</Recipe>
	<Recipe id="P-18746" image="">***COOKS AND CHEFS, PLEASE READ THE ENTIRE RECIPE BEFORE BEGINNING- THIS IS A RECOMMENDED STEP WITH EVERY PRODUCT WE EVER PRODUCE- THANK YOU***

Johnny,

Related Products this prep gets used in:

Allergens: (to be filled out by nutrition)
Method:
1.Gather ingredients
2.wash and cut to size wanted
3.place in container, label and store

-cool, store, label and rotated this item with older product correctly and diligently 

Portioning:

Utensils needed:
</Recipe>
	<Recipe id="P-19175" image="">Allergen:

n/a

Icon:

vegan, vegetarian, made without gluten

Method:



</Recipe>
	<Recipe id="P-22534" image="">***COOKS AND CHEFS, PLEASE READ THE ENTIRE RECIPE BEFORE BEGINNING- THIS IS A RECOMMENDED STEP WITH EVERY PRODUCT WE EVER PRODUCE- THANK YOU***
Amanda

Related Products this prep gets used in:

Allergens: (to be filled out by nutrition)
Method:

1.Remove the thickest parts of the stems (reserve for stock if necessary/possible)

2. using a sharp knife, lightly roll the parsley together in a bundle and slice through (chiffinade) continue this until parsley is fine. always use a slicing mottion rather than a chopping motion on soft herbs to prevent bruising.

3. Store in an apropriate size insert/cambro with a pice of paper towel at the bottom to wick away any moisture.

*Cool, store, label and rotated this item with older product correctly and diligently 


</Recipe>
	<Recipe id="P-25761" image="">***COOKS AND CHEFS, PLEASE READ THE ENTIRE RECIPE BEFORE BEGINNING- THIS IS A RECOMMENDED STEP WITH EVERY PRODUCT WE EVER PRODUCE- THANK YOU***

Related Products this prep gets used in:

Method:
1. Gather all ingredients.
2. Slice onions with food processor slicing blade.
3. Bring all other ingredients to a simmer and combine with onion


-cool, store, label and rotated this item with older product correctly and diligently 

Portioning: kettle, cambros, food processer

Utensils needed:
</Recipe>
	<Recipe id="P-26020" image="">1. Puree garlic in batches in robot coupe
2. Mix in garlic</Recipe>
	<Recipe id="P-26067" image="">***COOKS AND CHEFS, PLEASE READ THE ENTIRE RECIPE BEFORE BEGINNING- THIS IS A RECOMMENDED STEP WITH EVERY PRODUCT WE EVER PRODUCE- THANK YOU***
Related Products this prep gets used in:

Allergens: 
Method:

1) Heat canola oil over medium heat, add shallot and saute until soft and fragrant

2) Add cherries and heat until no longer frozen, about 3 minutes

3) Add remaining ingredients and bring to a simmer, stirring frequently for 30 minutes

4) Season with salt &amp; pepper, using the immusion blender, blend till smooth.

-Cool, store, label and rotate this item with older product correctly and diligently.

</Recipe>
	<Recipe id="P-26175" image="">***COOKS AND CHEFS, PLEASE READ THE ENTIRE RECIPE BEFORE BEGINNING- THIS IS A RECOMMENDED STEP WITH EVERY PRODUCT WE EVER PRODUCE- THANK YOU***

1. Roughly crush cloves.  Add all ingredients in bowl and mix wel

-cool, store, label and rotate this item with older product correctly and diligently.</Recipe>
	<Recipe id="P-26181" image="">***COOKS AND CHEFS, PLEASE READ THE ENTIRE RECIPE BEFORE BEGINNING- THIS IS A RECOMMENDED STEP WITH EVERY PRODUCT WE EVER PRODUCE- THANK YOU***

1) Pre heat rationale oven to 250F

2) Remove excess fat from brisket, score fatty side. Rub brisket in Berbere rub.  Set aside.  Brisket can be rubbed up to two days before.

3) Place brisket and braising liquid in deep 6&quot; hotel pan, cover with parchment and then cover insert with aluminum foil.  Fold aluminum foil back about half way so you can see meat and braising liquid.  

4)  Place insert over burners or on french top and bring to a boil. Fully cover with parchment and seal foil cover tight around the edges.

5) Place in rationale oven and cook for 12 hours or until tender.

-cool, store, label and rotate this item with older product correctly and diligently.</Recipe>
	<Recipe id="P-26186" image="">1. Melt butter in saucepan. Combine in large mixing bowl panko, garlic, herbs de provence, and salt and pepper mix. Incorporate well with butter. 
2. Allow to cool, transfer to appropriate vessel, label, date and refrigerate
3. Reserve for Mac &amp; Cheese</Recipe>
	<Recipe id="P-26213" image="">1. Working in batches, brown off mushrooms. In a large rondeau over medium high heat, add oil. Once oil is hot,  add butter and mushrooms. Saute until beginning to brown, add shallot, thyme and salt and pepper and cotninue to brown without crowding mushrooms. Allow to cool then pick out thyme sprigs
2. In large sauce pot, bring alfredo sauce up to a simmer.
add parmesan cheese and seasoning to taste and mushroom mixture.
3. Allow to cool, transfer to appropriate vessel, label, date and refrigerate.

Allergens:

Milk/Dairy
</Recipe>
	<Recipe id="P-26216" image="">***COOKS AND CHEFS, PLEASE READ THE ENTIRE RECIPE BEFORE BEGINNING- THIS IS A RECOMMENDED STEP WITH EVERY PRODUCT WE EVER PRODUCE- THANK YOU***
Johnny

Related Products this prep gets used in:

Allergens: (to be filled out by nutrition)

Method:
1.place a strainer in the kettle. If you don&apos;t know what it looks like, ask someone. If you can&apos;t find it, ask a dishwasher. You will regret life if you do not do this step. Trust me.

2. Fill large pot or steam kettle with water at least 6x water to pasta ratio, turn heat to high and bring the water to a FULL boil.

3. Once water is boiling reduce heat and add pasta. Stir stir every few minutes to make sure pasta does not stick. Cook until pasta is al dente, soft but with a bit of a bite.
APPROX 7 MINUTES

4. Drain water and stir in lots of ice, stirring constantly to fully cool all pasta. Once fully cooled be sure to drain any excess water. Then add oil and stir 

5.Store the now cooled pasta: labeling and rotating this item with older product correctly and diligently 

Portioning:

Utensils needed:.
</Recipe>
	<Recipe id="P-26218" image="">1. Preheat oven to 350F. Turn on steamer
2. Cook off pasta to al dente in salted water and allow to cool
3. While pasta is cooking slowly, warm up mushroom alfredo sauce
4. Mix sauce with pasta and parsley and pour into greased medium full hotel pan, cover with saran wrap
5. Put pasta in steamer to heat up. Remove saran and top with panko crust. Bake uncovered for 30 - 40 minutes or until crust is brown and cheese is bubbling</Recipe>
	<Recipe id="P-26226" image="">1)  In large rondeau over medium-lowheat, add oil.  When oil is warm, add garlic and fry until garlic is golden brown.  Ensure to cook garlic until it is no longer bitter to taste.  Add chili flakes and fry for about 30 seconds - 1 minute more.

2)  Add crushed tomatoes and bring to a simmer.  Add seasoning and simmer 5 minutes more.  Take off heat.

3)  Add tomato sauce to appropriate vessel and puree with immersion blender until smooth.  Label, date, refrigerate. </Recipe>
	<Recipe id="P-26460" image="">1)  In medium sauce pan, combine lentils and water

2)  Spread out on a baking tray and allow to cool.  Label, date, refrigerate.</Recipe>
	<Recipe id="R-28350" image=""/>
	<Recipe id="P-29007" image="">1)  Combine all well.  Store in appropriate container.</Recipe>
	<Recipe id="P-33519" image="">1)  Combine milk, onion and bay leaf in large steam kettle.  Bring to a simmer.  Lower heat and allow onion and bay leaf to steep in liquid for 20 minutes.  

2)  Bring milk back up to a simmer and add corn starch slurry as per recipe.  

3)  Strain thickened liquid and label, date, refrigerate.

</Recipe>
	<Recipe id="P-33520" image="">1)  Combine white sauce, salt and pepper and garlic.  Bring to a simmer and allow flavours to infuse, about 5 minutes.  

2)  Add parmesan cheese and taste for seasoning.

3)  Hold for service, or label, date, refrigerate.

Allergens:

Milk/Dairy</Recipe>
	<Recipe id="P-34084" image="">1)  Tray bacon on baking sheets and place in oven preheated to 350*F.  Cook until bacon is fully cooked and slightly crispy, about 15 minutes.

57g = approx 2 slices of raw bacon

</Recipe>
	<Recipe id="P-43440" image="">1) Ether by hand or using the Robocope 1/4&quot; dice attachment (if your not sure how to set up or properly use this machien please ask for assistance) dice onion to 1/4&quot; size.

2) Label, date, refrigerate.</Recipe>
	<Recipe id="P-44429" image="">1)  Set up robot coupe slicer with 1/4&quot; dice attachment.  If you don&apos;t know how, ask chef or a 1st cook.  

2)  Set up a perforated insert to catch tomato and allow them to drain as they come out of the robot coupe.

3)  Label, date, refrigerate, or reserve for making recipes or service.

Allergens:

No known prioirity allergens.
</Recipe>
	<Recipe id="P-45047" image="">***COOKS AND CHEFS, PLEASE READ THE ENTIRE RECIPE BEFORE BEGINNING- THIS IS A RECOMMENDED STEP WITH EVERY PRODUCT WE EVER PRODUCE- THANK YOU***

Johnny,

Related Products this prep gets used in:

Allergens: (to be filled out by nutrition)
Method:
1.Gather ingedients
2.wash and trim
3.place in container, label and place in fridge
-cool, store, label and rotated this item with older product correctly and diligently 

Portioning:

Utensils needed:

Allergen:

n/a

Icon:

vegan, vegatarian, made without gluten</Recipe>
	<Recipe id="P-46862" image="">***COOKS AND CHEFS, PLEASE READ THE ENTIRE RECIPE BEFORE BEGINNING- THIS IS A RECOMMENDED STEP WITH EVERY RECIPE WE EVER PRODUCE- THANK YOU***

Method:

1.Cut stem side top off wasting as little tomato as possible
2. Save tops for soup/sauce
3. Slice tomato slice 2mm thick
4.store in an insert with parchment paper lining, label and rotate with older product correctly and diligently 
</Recipe>
	<Recipe id="P-47324" image="">***COOKS AND CHEFS, PLEASE READ THE ENTIRE RECIPE BEFORE BEGINNING- THIS IS A RECOMMENDED STEP WITH EVERY PRODUCT WE EVER PRODUCE- THANK YOU***


Related Products this prep gets used in: Meatball sub 

Method:

1. Begin by sauteing onion until soft and staring to brown then add garlic and cook it out till it becomes fragrant. Reserve.

2. Cook lentils until soft and mash before adding into the mixture. DRAIN THOROUGHLY. Allow to steam out.

3. Make sure both cooked components are completely chilled down prior to adding to meat mixture.

4. Mix thoroughly, Cook a small piece and taste for seasoning, adjust as necassary.

5. Form into meatballs and chill thoroughly.

MEATBALL PORTION SIZE SHOULD BE 55g RAW- USE THE BLACK HANDLED PORTION SCOOP. CHECK WEIGHTS!

-Cool, store, label and rotate this item with older product correctly and diligently 
</Recipe>
	<Recipe id="P-48489" image="">Allergen:

n/a

Icon:

n/a

Method:

Combine oil and garlic in a pot. Bring the garlic and oil to a boil over medium high heat and immediately turn heat off. Allow product to cool in oil.

Once cool strain and reserve garlic oil and confit garlic separately.

***Note***

This recipe only costs out the confit garlic portion of the recipe with the garlic flavoured oil becoming a *free* by-product.</Recipe>
	<Recipe id="P-48870" image="">Combine and mix thoroughly.

Tray up Chicken and Bake/Roast until cooked to well done. 

Use immediatly or chill rapidly and stor for later use. 

</Recipe>
	<Recipe id="P-49002" image="">Allergens:

Icons:
made with out gluten

Method:
- slice pancetta rounds2-3mm thick
- lay flat on parchment lined sheet pan
- cover with another piece of parchment
- top with another flat sheetpan
- bake in 375 oven for 7-10 min or until crisp &amp; fat is rendered
- hold for service
</Recipe>
	<Recipe id="P-50429" image="">***COOKS AND CHEFS, PLEASE READ THE ENTIRE RECIPE BEFORE BEGINNING- THIS IS A RECOMMENDED STEP WITH EVERY PRODUCT WE EVER PRODUCE- THANK YOU***
Amanda

Related Products this prep gets used in:

Allergens: (to be filled out by nutrition)
Method:

1.Remove the thickest parts of the stems (reserve for stock if necessary/possible)

2. using a sharp knife, lightly roll the parsley together in a bundle and slice through (chiffinade) continue this until parsley is fine. always use a slicing mottion rather than a chopping motion on soft herbs to prevent bruising.

3. Store in an apropriate size insert/cambro with a pice of paper towel at the bottom to wick away any moisture.

*Cool, store, label and rotated this item with older product correctly and diligently 






</Recipe>
	<Recipe id="P-50495" image="">Mixed in a cold water before used. </Recipe>
	<Recipe id="P-50500" image="">1) Remove all leaves from thick stem.

2) Stack and line stem to tip, up 10-20 leaves largest at the bottom, smallest on top. Roll the stack in to a tight a tube as possible. Starting at the tip of the tube, holding stem, cut super thin ribbons of leaf.

3) Final product should be thin strips that can be used for garnish. Cut only what you need for the day, as they do not last very long.</Recipe>
	<Recipe id="P-50587" image="">***COOKS AND CHEFS, PLEASE READ THE ENTIRE RECIPE BEFORE BEGINNING- THIS IS A RECOMMENDED STEP WITH EVERY PRODUCT WE EVER PRODUCE- THANK YOU***
Amanda

Related Products this prep gets used in:

Allergens: (to be filled out by nutrition)

Method:

1. Gather all ingredients and tools

2. core out stem 

3. Quarter tomato, remove soft flesh and seeds, reserve for other uses.

4. Small Dice tomatoes for recipes.

*Cool, store, label and rotate this item with older product correctly and diligently </Recipe>
	<Recipe id="R-50788" image="">1) Lightly coat bottom of flat bread in pesto.

2) Evenly lay sliced Bocconcinni over pesto.

3) Add sliced tomatoes.

4) Place on parchment lined flash pan and bake in deck oven for 4-5 minutes. Until bottom is crispy and edges of flatbread is golden brown.

5) Once cooked take out from oven.

6) Spread out whole basil and drizzle balsamic glaze.

7) Cut into 4 even pieces and serve
</Recipe>
	<Recipe id="P-50789" image="">1.Drain and slice boconccinni.</Recipe>
	<Recipe id="R-50859" image="">1) Spread pesto on the bottom of the flatbread, drain excess liquid off bruschetta mix and place evenly over the top of the flatbread.

2) Add mozzarella cheese.

3) Place on parchment lined flash pan and bake in deck oven for 4-5 minutes. Until bottom is crispy and edges of flatbread is golden brown.

3) Take it off from oven and drizzle with balsamic reduction.

4) Cut into 4 even pieces and serve.
</Recipe>
	<Recipe id="P-50860" image="">***COOKS AND CHEFS, PLEASE READ THE ENTIRE RECIPE BEFORE BEGINNING- THIS IS A RECOMMENDED STEP WITH EVERY PRODUCT WE EVER PRODUCE- THANK YOU***
Related Products this prep gets used in:

Allergens: 
Method:

1) Dice tomatoes.

2) Combine all ingredients, and place in a container, pour over liquid to coat tomatoes. Let marinate at least 24 hours. 

-cool, store, label and rotate this item with older product correctly and diligently.

Portioning:

Utensils needed:</Recipe>
	<Recipe id="P-52096" image="">1. Assemble all the ingredients.
2. Heat your rondeau so that it&apos;s super hot.
3. Put your onions in followed by the oil - the onions cool down the skillet just enough so that the oil doesn&apos;t start burning or catches fire on you.
4. Turn down the heat to medium/low and continue cooking out the onions until golden/caramelized. Season with salt+pepper.
5. Add the brown sugar last just before you take the onins off the stove.

Cool, label, date, refrigirate.</Recipe>
	<Recipe id="P-56506" image="">1- Whisk together all marinade ingredients and coat pork loin. Let marinade for 12-24 hours, turning loin when possible to provide even coverage.

2- Remove pork from marinade, season with salt &amp; pepper and roast in a 400 F oven until internal temperature of pork reaches 160 F.

3- Let pork rest before slicing.</Recipe>
	<Recipe id="P-61001" image="">***COOKS AND CHEFS, PLEASE READ THE ENTIRE RECIPE BEFORE BEGINNING- THIS IS A RECOMMENDED STEP WITH EVERY PRODUCT WE EVER PRODUCE- THANK YOU***
Amanda

Related Products this prep gets used in:

Allergens: (to be filled out by nutrition)

Method:

1.Gather all ingredients


2. In food processer pulse toegether all ingredents until well blended


-Cool, store, label and rotate this item with older product correctly and diligently 

Portioning:

Utensils needed:

</Recipe>
	<Recipe id="R-61002" image="">***COOKS AND CHEFS, PLEASE READ THE ENTIRE RECIPE BEFORE BEGINNING- THIS IS A RECOMMENDED STEP WITH EVERY PRODUCT WE EVER PRODUCE- THANK YOU***
Amanda

Related Products this prep gets used in:

Allergens: (to be filled out by nutrition)
Method:

1.
2.
3.
-cool, store, label and rotated this item with older product correctly and diligently 

Portioning:

Utensils needed:

</Recipe>
	<Recipe id="R-61735" image="">1) Prebake flatbread first in deck oven for 4-5 minutes until bottom is crispy and edges of flatbread are golden brown before putting any toppings on.

2) After baking &amp; cooling lightly coat bottom of flatbread with cream cheese/ sour cream mixture, cooked bacon strips and thinly sliced white onion.

3) When you get an order warm flatbread in deck oven for 1 minute.

4) Take it off from oven cut into 4 even pieces and serve.</Recipe>
	<Recipe id="R-61737" image="">1) Lightly coat bottom of flat bread with tomato sauce.

2) Evenly lay cooked meatball mix, caramalized onions then mozzarella.

3) Place on parchment lined flash pan and bake in deck oven for 4-5 minutes. Until bottom is crispy and edges of flatbread is golden brown.

4) Garnish with rough chopped parsley.

5) Cut into 4 even pieces and serve.
</Recipe>
	<Recipe id="R-61749" image="">1) Lightly coat bottom of flat bread in bbq sauce.

2) Evenly lay chicken, peppers then cheese.

3) Top with corn..

4) Place on parchment lined flash pan and bake in deck oven for 4-5 minutes. Until bottom is crispy and edges of flatbread is golden brown.

5) Once cooked take out from oven.

6) Add pickled onions.

7) Cut into 4 even pieces and serve
</Recipe>
	<Recipe id="R-61778" image="">1) Lightly coat bottom of flat bread in olive oil.

2) Mix all cheeses together.

3) Spread cheese evenly over flatbread.

4) Place on parchment lined flash pan and bake in deck oven for 4-5 minutes. Until bottom is crispy and edges of flatbread is golden brown.

5) Once cooked take out from oven.

6) Cut into 4 even pieces and serve
</Recipe>
	<Recipe id="R-61780" image="">1) Lightly coat bottom of flat bread in cheese.

2) Evenly lay sliced apple &amp; cooked pancetta over.

3) Place on parchment lined flash pan and bake in deck oven for 4-5 minutes. Until bottom is crispy and edges of flatbread is golden brown.

4) Once cooked take out from oven.

6) Spread out arugula.

7) Cut into 4 even pieces and serve
</Recipe>
	<Recipe id="P-64879" image="">1. Combine all ingredients, if making ahead lable and store in cooler.</Recipe>
</Recipes>
