﻿<?xml version="1.0" encoding="UTF-8" standalone="yes"?>
<Ingredients>
	<Ingredient qty="2.000" uom="LOAF" recipe="P-13648" invFactor="0.8818" conversion="1.00000000" ingredient="I-11842"/>
	<Ingredient qty="60.000" uom="ml" recipe="P-13648" invFactor="26.4550" conversion="0.00100000" ingredient="I-3388"/>
	<Ingredient qty="5.000" uom="g" recipe="P-13648" invFactor="2.2046" conversion="1.00000000" ingredient="I-3642"/>
	<Ingredient qty="60.000" uom="ml" recipe="P-13648" invFactor="26.4550" conversion="0.00100000" ingredient="I-6006"/>
	<Ingredient qty="5.000" uom="g" recipe="P-13648" invFactor="2.2046" conversion="1.00000000" ingredient="I-6026"/>
	<Ingredient qty="10.000" uom="Kg" recipe="P-18746" invFactor="1.2048" conversion="2.20462000" ingredient="I-4792"/>
	<Ingredient qty="225.000" uom="g" recipe="P-18907" invFactor="0.1837" conversion="0.00100000" ingredient="I-3643"/>
	<Ingredient qty="1000.000" uom="g" recipe="P-18907" invFactor="0.8163" conversion="1.00000000" ingredient="I-6026"/>
	<Ingredient qty="2.270" uom="Kg" recipe="P-19175" invFactor="1.4188" conversion="2.20462000" ingredient="I-6807"/>
	<Ingredient qty="500.000" uom="g" recipe="P-24750" invFactor="1000.0000" conversion="1.00000000" ingredient="P-26514"/>
	<Ingredient qty="2.000" uom="Kg" recipe="P-25993" invFactor="0.2857" conversion="1000.00000000" ingredient="I-3642"/>
	<Ingredient qty="5.000" uom="Kg" recipe="P-25993" invFactor="0.7143" conversion="1000.00000000" ingredient="I-6026"/>
	<Ingredient qty="750.000" uom="ml" recipe="P-26020" invFactor="300.0000" conversion="0.00100000" ingredient="I-3388"/>
	<Ingredient qty="2.270" uom="Kg" recipe="P-26020" invFactor="0.9080" conversion="2.20462000" ingredient="I-4657"/>
	<Ingredient qty="300.000" uom="g" recipe="P-26054" invFactor="30.0000" conversion="0.00100000" ingredient="I-2897"/>
	<Ingredient qty="8.000" uom="L" recipe="P-26054" invFactor="0.8000" conversion="1.00000000" ingredient="I-3348"/>
	<Ingredient qty="200.000" uom="ml" recipe="P-26054" invFactor="20.0000" conversion="0.00100000" ingredient="I-3695"/>
	<Ingredient qty="1.000" uom="L" recipe="P-26054" invFactor="0.1000" conversion="1.00000000" ingredient="I-5983"/>
	<Ingredient qty="200.000" uom="ml" recipe="P-26054" invFactor="20.0000" conversion="1.00000000" ingredient="I-60805"/>
	<Ingredient qty="60.000" uom="g" recipe="P-26054" invFactor="6.0000" conversion="1.00000000" ingredient="P-25993"/>
	<Ingredient qty="200.000" uom="g" recipe="P-26054" invFactor="20.0000" conversion="0.00100000" ingredient="P-26020"/>
	<Ingredient qty="400.000" uom="ml" recipe="P-26062" invFactor="13.3333" conversion="0.03381406" ingredient="I-6443"/>
	<Ingredient qty="250.000" uom="g" recipe="P-26062" invFactor="8.3333" conversion="1.00000000" ingredient="P-18907"/>
	<Ingredient qty="300.000" uom="g" recipe="P-26062" invFactor="10.0000" conversion="0.00100000" ingredient="P-24750"/>
	<Ingredient qty="23.000" uom="Kg" recipe="P-26062" invFactor="0.7667" conversion="1.00000000" ingredient="P-44429"/>
	<Ingredient qty="1.000" uom="Kg" recipe="P-26062" invFactor="0.0333" conversion="1.00000000" ingredient="P-56811"/>
	<Ingredient qty="5.000" uom="Kg" recipe="P-26062" invFactor="0.1667" conversion="1.00000000" ingredient="P-57499"/>
	<Ingredient qty="340.000" uom="ml" recipe="P-26134" invFactor="124.9082" conversion="0.00100000" ingredient="I-1820"/>
	<Ingredient qty="100.000" uom="ml" recipe="P-26134" invFactor="36.7377" conversion="1.00000000" ingredient="I-1821"/>
	<Ingredient qty="100.000" uom="g" recipe="P-26134" invFactor="36.7377" conversion="1.00000000" ingredient="I-2850"/>
	<Ingredient qty="4.500" uom="Kg" recipe="P-26134" invFactor="1.6532" conversion="1.00000000" ingredient="I-3851"/>
	<Ingredient qty="30.000" uom="g" recipe="P-26134" invFactor="11.0213" conversion="0.00220462" ingredient="I-4657"/>
	<Ingredient qty="225.000" uom="g" recipe="P-26134" invFactor="82.6598" conversion="0.00220462" ingredient="I-4745"/>
	<Ingredient qty="150.000" uom="g" recipe="P-26134" invFactor="55.1065" conversion="0.00220462" ingredient="I-4787"/>
	<Ingredient qty="2.000" uom="L" recipe="P-26134" invFactor="0.7348" conversion="1.00000000" ingredient="I-5983"/>
	<Ingredient qty="30.000" uom="g" recipe="P-26134" invFactor="11.0213" conversion="1.00000000" ingredient="P-18907"/>
	<Ingredient qty="1.000" uom="CT" recipe="P-26514" invFactor="0.0182" conversion="1.00000000" ingredient="I-4341"/>
	<Ingredient qty="35.000" uom="Kg" recipe="P-28258" invFactor="0.7279" conversion="2.20462000" ingredient="I-3089"/>
	<Ingredient qty="500.000" uom="ml" recipe="P-28258" invFactor="10.3991" conversion="0.00100000" ingredient="I-3386"/>
	<Ingredient qty="50.000" uom="L" recipe="P-28258" invFactor="1.0399" conversion="1.00000000" ingredient="I-5983"/>
	<Ingredient qty="0.750" uom="Kg" recipe="P-31943" invFactor="0.3333" conversion="1.00000000" ingredient="I-3182"/>
	<Ingredient qty="1.500" uom="L" recipe="P-31943" invFactor="0.6667" conversion="1.00000000" ingredient="I-5983"/>
	<Ingredient qty="200.000" uom="g" recipe="P-31944" invFactor="90.9091" conversion="0.00220462" ingredient="I-3478"/>
	<Ingredient qty="2.000" uom="L" recipe="P-31944" invFactor="0.9091" conversion="1.00000000" ingredient="I-5983"/>
	<Ingredient qty="946.000" uom="ml" recipe="P-32661" invFactor="30.4180" conversion="1.00000000" ingredient="I-3141"/>
	<Ingredient qty="31.000" uom="L" recipe="P-32661" invFactor="0.9968" conversion="1.00000000" ingredient="I-5983"/>
	<Ingredient qty="2.840" uom="L" recipe="P-32678" invFactor="1.4200" conversion="1.00000000" ingredient="I-3145"/>
	<Ingredient qty="20.000" uom="Kg" recipe="P-33866" invFactor="1.2500" conversion="1.00000000" ingredient="I-19665"/>
	<Ingredient qty="700.000" uom="ml" recipe="P-33866" invFactor="43.7500" conversion="0.00100000" ingredient="I-3388"/>
	<Ingredient qty="165.000" uom="ml" recipe="P-33866" invFactor="10.3125" conversion="1.00000000" ingredient="I-3447"/>
	<Ingredient qty="56.000" uom="g" recipe="P-33866" invFactor="3.5000" conversion="1.00000000" ingredient="I-3640"/>
	<Ingredient qty="166.000" uom="g" recipe="P-33866" invFactor="10.3750" conversion="1.00000000" ingredient="P-18907"/>
	<Ingredient qty="110.000" uom="g" recipe="P-33866" invFactor="6.8750" conversion="0.00100000" ingredient="P-24750"/>
	<Ingredient qty="1.000" uom="Kg" recipe="P-33866" invFactor="0.0625" conversion="1.00000000" ingredient="P-26020"/>
	<Ingredient qty="3.000" uom="Kg" recipe="P-33866" invFactor="0.1875" conversion="1.00000000" ingredient="P-34123"/>
	<Ingredient qty="1.000" uom="Kg" recipe="P-33867" invFactor="0.3333" conversion="2.20462000" ingredient="I-36672"/>
	<Ingredient qty="5.000" uom="g" recipe="P-33867" invFactor="1.6667" conversion="0.00220462" ingredient="I-4695"/>
	<Ingredient qty="250.000" uom="g" recipe="P-33867" invFactor="83.3333" conversion="0.00220462" ingredient="I-4745"/>
	<Ingredient qty="20.000" uom="g" recipe="P-33867" invFactor="6.6667" conversion="0.00220462" ingredient="I-4787"/>
	<Ingredient qty="60.000" uom="g" recipe="P-33867" invFactor="20.0000" conversion="0.00100000" ingredient="P-26020"/>
	<Ingredient qty="1.500" uom="L" recipe="P-33867" invFactor="0.5000" conversion="1.00000000" ingredient="P-32661"/>
	<Ingredient qty="4.000" uom="L" recipe="P-33869" invFactor="2.4390" conversion="1.00000000" ingredient="I-3448"/>
	<Ingredient qty="11.550" uom="Kg" recipe="P-34123" invFactor="1.0490" conversion="2.20462000" ingredient="I-4745"/>
	<Ingredient qty="11.550" uom="Kg" recipe="P-34243" invFactor="1.0490" conversion="2.20462000" ingredient="I-4745"/>
	<Ingredient qty="21.000" uom="Kg" recipe="P-34298" invFactor="1.1667" conversion="2.20462000" ingredient="I-4550"/>
	<Ingredient qty="177.000" uom="ml" recipe="P-34311" invFactor="25.2857" conversion="1.00000000" ingredient="I-20348"/>
	<Ingredient qty="4.000" uom="L" recipe="P-34311" invFactor="0.5714" conversion="1.00000000" ingredient="I-2217"/>
	<Ingredient qty="1.000" uom="Kg" recipe="P-34311" invFactor="0.1429" conversion="1.00000000" ingredient="I-3657"/>
	<Ingredient qty="1.000" uom="L" recipe="P-34311" invFactor="0.1429" conversion="1.00000000" ingredient="I-5983"/>
	<Ingredient qty="0.900" uom="Kg" recipe="P-34311" invFactor="0.1286" conversion="1000.00000000" ingredient="I-8060"/>
	<Ingredient qty="200.000" uom="ml" recipe="P-34311" invFactor="28.5714" conversion="0.00100000" ingredient="P-47541"/>
	<Ingredient qty="1.800" uom="L" recipe="P-35723" invFactor="0.8182" conversion="1000.00000000" ingredient="I-3356"/>
	<Ingredient qty="10.000" uom="L" recipe="P-35723" invFactor="4.5455" conversion="1.00000000" ingredient="I-5983"/>
	<Ingredient qty="1.000" uom="Kg" recipe="P-35773" invFactor="1.0000" conversion="1.00000000" ingredient="P-57146"/>
	<Ingredient qty="1.000" uom="CT" recipe="P-39057" invFactor="0.0067" conversion="1.00000000" ingredient="I-4375"/>
	<Ingredient qty="1.000" uom="Kg" recipe="P-44429" invFactor="1.0000" conversion="1.00000000" ingredient="P-50587"/>
	<Ingredient qty="1.000" uom="L" recipe="P-47541" invFactor="0.5714" conversion="1.00000000" ingredient="I-5983"/>
	<Ingredient qty="1.000" uom="Kg" recipe="P-47541" invFactor="0.5714" conversion="1.00000000" ingredient="I-6820"/>
	<Ingredient qty="4.000" uom="g" recipe="P-49662" invFactor="4.0000" conversion="0.00100000" ingredient="I-11172"/>
	<Ingredient qty="10.000" uom="g" recipe="P-49662" invFactor="10.0000" conversion="0.00100000" ingredient="I-12176"/>
	<Ingredient qty="120.000" uom="ml" recipe="P-49662" invFactor="120.0000" conversion="0.00100000" ingredient="I-3389"/>
	<Ingredient qty="1.200" uom="Kg" recipe="P-49662" invFactor="1.2000" conversion="2.20462000" ingredient="I-4967"/>
	<Ingredient qty="15.000" uom="ml" recipe="P-50350" invFactor="7.5000" conversion="1.00000000" ingredient="I-20348"/>
	<Ingredient qty="1.000" uom="L" recipe="P-50350" invFactor="0.5000" conversion="1.00000000" ingredient="I-2217"/>
	<Ingredient qty="20.000" uom="g" recipe="P-50350" invFactor="10.0000" conversion="1.00000000" ingredient="I-3625"/>
	<Ingredient qty="30.000" uom="g" recipe="P-50350" invFactor="15.0000" conversion="0.00100000" ingredient="I-3661"/>
	<Ingredient qty="10.000" uom="Kg" recipe="P-50587" invFactor="1.1111" conversion="2.20462000" ingredient="I-4933"/>
	<Ingredient qty="1.000" uom="Kg" recipe="P-50840" invFactor="0.5669" conversion="2.20462000" ingredient="I-4785"/>
	<Ingredient qty="1.000" uom="Kg" recipe="P-53616" invFactor="1.1111" conversion="2.20462000" ingredient="I-4787"/>
	<Ingredient qty="100.000" uom="ml" recipe="P-53994" invFactor="22.2222" conversion="0.00100000" ingredient="I-3388"/>
	<Ingredient qty="10.000" uom="g" recipe="P-53994" invFactor="2.2222" conversion="1.00000000" ingredient="P-18907"/>
	<Ingredient qty="2.500" uom="Kg" recipe="P-53994" invFactor="0.5556" conversion="1.00000000" ingredient="P-35773"/>
	<Ingredient qty="2.500" uom="Kg" recipe="P-53994" invFactor="0.5556" conversion="1.00000000" ingredient="P-9765"/>
	<Ingredient qty="120.000" uom="g" recipe="P-54697" invFactor="20.0000" conversion="0.00220462" ingredient="I-6876"/>
	<Ingredient qty="4.540" uom="Kg" recipe="P-56811" invFactor="1.1350" conversion="2.20462000" ingredient="I-4787"/>
	<Ingredient qty="1.000" uom="CT" recipe="P-57092" invFactor="0.0016" conversion="1.00000000" ingredient="I-6777"/>
	<Ingredient qty="10.000" uom="Kg" recipe="P-57146" invFactor="1.2048" conversion="2.20462000" ingredient="I-4785"/>
	<Ingredient qty="11.500" uom="Kg" recipe="P-57499" invFactor="1.0455" conversion="1.00000000" ingredient="P-19175"/>
	<Ingredient qty="20.000" uom="ml" recipe="P-61788" invFactor="16.0000" conversion="0.00100000" ingredient="I-3388"/>
	<Ingredient qty="1.250" uom="Kg" recipe="P-61788" invFactor="1.0000" conversion="2.20462000" ingredient="I-4750"/>
	<Ingredient qty="10.000" uom="g" recipe="P-61788" invFactor="8.0000" conversion="1.00000000" ingredient="P-25993"/>
	<Ingredient qty="200.000" uom="ml" recipe="P-61789" invFactor="44.4444" conversion="0.00100000" ingredient="I-3389"/>
	<Ingredient qty="10.000" uom="g" recipe="P-61789" invFactor="2.2222" conversion="1.00000000" ingredient="P-25993"/>
	<Ingredient qty="2.000" uom="Kg" recipe="P-61789" invFactor="0.4444" conversion="1.00000000" ingredient="P-49662"/>
	<Ingredient qty="2.000" uom="Kg" recipe="P-61789" invFactor="0.4444" conversion="1.00000000" ingredient="P-53994"/>
	<Ingredient qty="1.000" uom="Kg" recipe="P-61789" invFactor="0.2222" conversion="1.00000000" ingredient="P-61788"/>
	<Ingredient qty="5.000" uom="Kg" recipe="P-63555" invFactor="0.5882" conversion="2.20462000" ingredient="I-4933"/>
	<Ingredient qty="1.000" uom="L" recipe="P-63555" invFactor="0.1176" conversion="35.21126761" ingredient="I-6443"/>
	<Ingredient qty="250.000" uom="g" recipe="P-63555" invFactor="29.4118" conversion="0.00100000" ingredient="P-24750"/>
	<Ingredient qty="100.000" uom="g" recipe="P-63555" invFactor="11.7647" conversion="1.00000000" ingredient="P-25993"/>
	<Ingredient qty="400.000" uom="g" recipe="P-63555" invFactor="47.0588" conversion="0.00100000" ingredient="P-53616"/>
	<Ingredient qty="1.600" uom="Kg" recipe="P-63555" invFactor="0.1882" conversion="2.20462000" ingredient="P-9746"/>
	<Ingredient qty="354.000" uom="ml" recipe="P-64456" invFactor="39.3333" conversion="0.00100000" ingredient="I-17483"/>
	<Ingredient qty="100.000" uom="g" recipe="P-64456" invFactor="11.1111" conversion="0.00100000" ingredient="I-3226"/>
	<Ingredient qty="300.000" uom="ml" recipe="P-64456" invFactor="33.3333" conversion="1.00000000" ingredient="I-3356"/>
	<Ingredient qty="4.000" uom="CT" recipe="P-64456" invFactor="0.4444" conversion="1.00000000" ingredient="I-62225"/>
	<Ingredient qty="50.000" uom="lb" recipe="P-9745" invFactor="1.0965" conversion="1.00000000" ingredient="I-17150"/>
	<Ingredient qty="1.000" uom="lb" recipe="P-9746" invFactor="1.0000" conversion="1.00000000" ingredient="P-9745"/>
	<Ingredient qty="1.000" uom="Kg" recipe="P-9765" invFactor="1.0000" conversion="1.00000000" ingredient="P-18746"/>
	<Ingredient qty="1.000" uom="L" recipe="R-13175" invFactor="1.0000" conversion="1.00000000" ingredient="I-5983"/>
	<Ingredient qty="1.000" uom="CT" recipe="R-29827" invFactor="1.0000" conversion="1.00000000" ingredient="I-2353"/>
	<Ingredient qty="1.000" uom="tsp" recipe="R-31947" invFactor="1.0000" conversion="0.00460000" ingredient="I-3658"/>
	<Ingredient qty="16.000" uom="fl oz" recipe="R-31947" invFactor="1.0000" conversion="0.02840000" ingredient="P-31943"/>
	<Ingredient qty="10.000" uom="g" recipe="R-31948" invFactor="1.0000" conversion="0.00220462" ingredient="I-4660"/>
	<Ingredient qty="5.000" uom="ml" recipe="R-31948" invFactor="1.0000" conversion="0.00100000" ingredient="I-54025"/>
	<Ingredient qty="16.000" uom="fl oz" recipe="R-31948" invFactor="1.0000" conversion="0.02840000" ingredient="P-31944"/>
	<Ingredient qty="10.000" uom="g" recipe="R-31948" invFactor="1.0000" conversion="1.00000000" ingredient="P-39057"/>
	<Ingredient qty="1.000" uom="CT" recipe="R-33872" invFactor="1.0000" conversion="1.00000000" ingredient="I-1152"/>
	<Ingredient qty="30.000" uom="g" recipe="R-33872" invFactor="1.0000" conversion="0.00093884" ingredient="I-2254"/>
	<Ingredient qty="30.000" uom="ml" recipe="R-33872" invFactor="1.0000" conversion="1.00000000" ingredient="I-37469"/>
	<Ingredient qty="40.000" uom="g" recipe="R-33872" invFactor="1.0000" conversion="0.00100000" ingredient="P-32678"/>
	<Ingredient qty="110.000" uom="g" recipe="R-33872" invFactor="1.0000" conversion="0.00100000" ingredient="P-33867"/>
	<Ingredient qty="15.000" uom="g" recipe="R-33872" invFactor="1.0000" conversion="0.00100000" ingredient="P-33869"/>
	<Ingredient qty="10.000" uom="g" recipe="R-33872" invFactor="1.0000" conversion="0.00100000" ingredient="P-34243"/>
	<Ingredient qty="30.000" uom="g" recipe="R-33872" invFactor="1.0000" conversion="0.00100000" ingredient="P-34298"/>
	<Ingredient qty="15.000" uom="g" recipe="R-33872" invFactor="1.0000" conversion="0.00220462" ingredient="P-50840"/>
	<Ingredient qty="30.000" uom="g" recipe="R-33872" invFactor="1.0000" conversion="0.00100000" ingredient="P-63555"/>
	<Ingredient qty="20.000" uom="g" recipe="R-35313" invFactor="1.0000" conversion="0.00100000" ingredient="I-2141"/>
	<Ingredient qty="20.000" uom="g" recipe="R-35313" invFactor="1.0000" conversion="0.00100000" ingredient="P-13648"/>
	<Ingredient qty="40.000" uom="ml" recipe="R-35313" invFactor="1.0000" conversion="0.00100000" ingredient="P-26054"/>
	<Ingredient qty="1.000" uom="each" recipe="R-35313" invFactor="1.0000" conversion="1.00000000" ingredient="P-54697"/>
	<Ingredient qty="80.000" uom="g" recipe="R-35313" invFactor="1.0000" conversion="1.00000000" ingredient="P-57092"/>
	<Ingredient qty="170.000" uom="g" recipe="R-40704" invFactor="1.0000" conversion="1.00000000" ingredient="I-40647"/>
	<Ingredient qty="30.000" uom="g" recipe="R-41795" invFactor="1.0000" conversion="0.00093884" ingredient="I-2254"/>
	<Ingredient qty="30.000" uom="ml" recipe="R-41795" invFactor="1.0000" conversion="1.00000000" ingredient="I-37469"/>
	<Ingredient qty="30.000" uom="g" recipe="R-41795" invFactor="1.0000" conversion="0.00100000" ingredient="P-26062"/>
	<Ingredient qty="40.000" uom="g" recipe="R-41795" invFactor="1.0000" conversion="0.00100000" ingredient="P-32678"/>
	<Ingredient qty="220.000" uom="g" recipe="R-41795" invFactor="1.0000" conversion="0.00100000" ingredient="P-33867"/>
	<Ingredient qty="15.000" uom="g" recipe="R-41795" invFactor="1.0000" conversion="0.00100000" ingredient="P-33869"/>
	<Ingredient qty="10.000" uom="g" recipe="R-41795" invFactor="1.0000" conversion="0.00100000" ingredient="P-34243"/>
	<Ingredient qty="30.000" uom="g" recipe="R-41795" invFactor="1.0000" conversion="0.00100000" ingredient="P-34298"/>
	<Ingredient qty="15.000" uom="g" recipe="R-41795" invFactor="1.0000" conversion="0.00220462" ingredient="P-50840"/>
	<Ingredient qty="1.000" uom="CT" recipe="R-43366" invFactor="1.0000" conversion="1.00000000" ingredient="I-1152"/>
	<Ingredient qty="30.000" uom="g" recipe="R-43366" invFactor="1.0000" conversion="0.00093884" ingredient="I-2254"/>
	<Ingredient qty="30.000" uom="ml" recipe="R-43366" invFactor="1.0000" conversion="1.00000000" ingredient="I-37469"/>
	<Ingredient qty="40.000" uom="g" recipe="R-43366" invFactor="1.0000" conversion="0.00100000" ingredient="P-32678"/>
	<Ingredient qty="75.000" uom="g" recipe="R-43366" invFactor="1.0000" conversion="0.00100000" ingredient="P-33866"/>
	<Ingredient qty="80.000" uom="g" recipe="R-43366" invFactor="1.0000" conversion="0.00100000" ingredient="P-33867"/>
	<Ingredient qty="15.000" uom="g" recipe="R-43366" invFactor="1.0000" conversion="0.00100000" ingredient="P-33869"/>
	<Ingredient qty="10.000" uom="g" recipe="R-43366" invFactor="1.0000" conversion="0.00100000" ingredient="P-34243"/>
	<Ingredient qty="30.000" uom="g" recipe="R-43366" invFactor="1.0000" conversion="0.00100000" ingredient="P-34298"/>
	<Ingredient qty="15.000" uom="g" recipe="R-43366" invFactor="1.0000" conversion="0.00220462" ingredient="P-50840"/>
	<Ingredient qty="30.000" uom="g" recipe="R-43366" invFactor="1.0000" conversion="0.00100000" ingredient="P-63555"/>
	<Ingredient qty="1.000" uom="CT" recipe="R-43367" invFactor="1.0000" conversion="1.00000000" ingredient="I-1152"/>
	<Ingredient qty="30.000" uom="g" recipe="R-43367" invFactor="1.0000" conversion="0.00093884" ingredient="I-2254"/>
	<Ingredient qty="30.000" uom="ml" recipe="R-43367" invFactor="1.0000" conversion="1.00000000" ingredient="I-37469"/>
	<Ingredient qty="75.000" uom="g" recipe="R-43367" invFactor="1.0000" conversion="0.00100000" ingredient="P-26134"/>
	<Ingredient qty="40.000" uom="g" recipe="R-43367" invFactor="1.0000" conversion="0.00100000" ingredient="P-32678"/>
	<Ingredient qty="110.000" uom="g" recipe="R-43367" invFactor="1.0000" conversion="0.00100000" ingredient="P-33867"/>
	<Ingredient qty="15.000" uom="g" recipe="R-43367" invFactor="1.0000" conversion="0.00100000" ingredient="P-33869"/>
	<Ingredient qty="10.000" uom="g" recipe="R-43367" invFactor="1.0000" conversion="0.00100000" ingredient="P-34243"/>
	<Ingredient qty="30.000" uom="g" recipe="R-43367" invFactor="1.0000" conversion="0.00100000" ingredient="P-34298"/>
	<Ingredient qty="15.000" uom="g" recipe="R-43367" invFactor="1.0000" conversion="0.00220462" ingredient="P-50840"/>
	<Ingredient qty="30.000" uom="g" recipe="R-43367" invFactor="1.0000" conversion="0.00100000" ingredient="P-63555"/>
	<Ingredient qty="30.000" uom="g" recipe="R-43372" invFactor="1.0000" conversion="0.00093884" ingredient="I-2254"/>
	<Ingredient qty="30.000" uom="ml" recipe="R-43372" invFactor="1.0000" conversion="1.00000000" ingredient="I-37469"/>
	<Ingredient qty="30.000" uom="g" recipe="R-43372" invFactor="1.0000" conversion="0.00100000" ingredient="P-26062"/>
	<Ingredient qty="40.000" uom="g" recipe="R-43372" invFactor="1.0000" conversion="0.00100000" ingredient="P-32678"/>
	<Ingredient qty="70.000" uom="g" recipe="R-43372" invFactor="1.0000" conversion="0.00100000" ingredient="P-33866"/>
	<Ingredient qty="220.000" uom="g" recipe="R-43372" invFactor="1.0000" conversion="0.00100000" ingredient="P-33867"/>
	<Ingredient qty="15.000" uom="g" recipe="R-43372" invFactor="1.0000" conversion="0.00100000" ingredient="P-33869"/>
	<Ingredient qty="10.000" uom="g" recipe="R-43372" invFactor="1.0000" conversion="0.00100000" ingredient="P-34243"/>
	<Ingredient qty="30.000" uom="g" recipe="R-43372" invFactor="1.0000" conversion="0.00100000" ingredient="P-34298"/>
	<Ingredient qty="15.000" uom="g" recipe="R-43372" invFactor="1.0000" conversion="0.00220462" ingredient="P-50840"/>
	<Ingredient qty="30.000" uom="g" recipe="R-43375" invFactor="1.0000" conversion="0.00093884" ingredient="I-2254"/>
	<Ingredient qty="30.000" uom="ml" recipe="R-43375" invFactor="1.0000" conversion="1.00000000" ingredient="I-37469"/>
	<Ingredient qty="30.000" uom="g" recipe="R-43375" invFactor="1.0000" conversion="0.00100000" ingredient="P-26062"/>
	<Ingredient qty="70.000" uom="g" recipe="R-43375" invFactor="1.0000" conversion="0.00100000" ingredient="P-26134"/>
	<Ingredient qty="40.000" uom="g" recipe="R-43375" invFactor="1.0000" conversion="0.00100000" ingredient="P-32678"/>
	<Ingredient qty="220.000" uom="g" recipe="R-43375" invFactor="1.0000" conversion="0.00100000" ingredient="P-33867"/>
	<Ingredient qty="15.000" uom="g" recipe="R-43375" invFactor="1.0000" conversion="0.00100000" ingredient="P-33869"/>
	<Ingredient qty="10.000" uom="g" recipe="R-43375" invFactor="1.0000" conversion="0.00100000" ingredient="P-34243"/>
	<Ingredient qty="30.000" uom="g" recipe="R-43375" invFactor="1.0000" conversion="0.00100000" ingredient="P-34298"/>
	<Ingredient qty="15.000" uom="g" recipe="R-43375" invFactor="1.0000" conversion="0.00220462" ingredient="P-50840"/>
	<Ingredient qty="1.000" uom="CT" recipe="R-45723" invFactor="1.0000" conversion="1.00000000" ingredient="I-1012p"/>
	<Ingredient qty="1.000" uom="each" recipe="R-54173" invFactor="1.0000" conversion="1.00000000" ingredient="I-43238"/>
	<Ingredient qty="15.000" uom="ml" recipe="R-54173" invFactor="1.0000" conversion="0.00100000" ingredient="P-34311"/>
	<Ingredient qty="150.000" uom="g" recipe="R-57965" invFactor="1.0000" conversion="0.00100000" ingredient="P-28258"/>
	<Ingredient qty="1.000" uom="L" recipe="R-60814" invFactor="1.0000" conversion="1.00000000" ingredient="I-5983"/>
	<Ingredient qty="1.000" uom="ea" recipe="R-64094" invFactor="1.0000" conversion="1.00000000" ingredient="R-35313"/>
	<Ingredient qty="1.000" uom="ea" recipe="R-64154" invFactor="1.0000" conversion="1.00000000" ingredient="I-63679"/>
	<Ingredient qty="1.000" uom="oz" recipe="R-64457" invFactor="1.0000" conversion="0.02834950" ingredient="P-35723"/>
	<Ingredient qty="15.000" uom="ml" recipe="R-64457" invFactor="1.0000" conversion="0.00100000" ingredient="P-50350"/>
	<Ingredient qty="1.000" uom="PTN" recipe="R-64457" invFactor="1.0000" conversion="1.00000000" ingredient="P-64456"/>
	<Ingredient qty="1.000" uom="CT" recipe="R-64886" invFactor="1.0000" conversion="1.00000000" ingredient="I-1152"/>
	<Ingredient qty="30.000" uom="g" recipe="R-64886" invFactor="1.0000" conversion="0.00093884" ingredient="I-2254"/>
	<Ingredient qty="30.000" uom="ml" recipe="R-64886" invFactor="1.0000" conversion="1.00000000" ingredient="I-37469"/>
	<Ingredient qty="40.000" uom="g" recipe="R-64886" invFactor="1.0000" conversion="0.00100000" ingredient="P-32678"/>
	<Ingredient qty="110.000" uom="g" recipe="R-64886" invFactor="1.0000" conversion="0.00100000" ingredient="P-33867"/>
	<Ingredient qty="15.000" uom="g" recipe="R-64886" invFactor="1.0000" conversion="0.00100000" ingredient="P-33869"/>
	<Ingredient qty="80.000" uom="g" recipe="R-64886" invFactor="1.0000" conversion="0.00100000" ingredient="P-61789"/>
	<Ingredient qty="30.000" uom="g" recipe="R-64886" invFactor="1.0000" conversion="0.00100000" ingredient="P-63555"/>
	<Ingredient qty="1.000" uom="bottle" recipe="R-67348" invFactor="1.0000" conversion="1.00000000" ingredient="I-66292"/>
</Ingredients>
