﻿<?xml version="1.0" encoding="UTF-8" standalone="yes"?>
<Items>
	<Item id="I-2353" active="Y" keyItem="Y" actualize="N">
		<Description>9&quot;X6&quot; 2-COMPARTMENT CLAMSHELL</Description>
		<Cost>0.3144</Cost>
		<CaseQty>200.000</CaseQty>
		<CaseUOM>CT</CaseUOM>
		<PakQty>1.000</PakQty>
		<PakUOM>CT</PakUOM>
		<Comments>PRICE EFFECTIVE APRIL 1 2019</Comments>
		<InventoryGroup id="24">DISPOSABLES</InventoryGroup>
		<SalesCategory id="4">Misc. </SalesCategory>
		<Location id="494">OK - STORES PAPER</Location>
		<ExpenseAccount id="26" ref="SC0302" type="C" locked="N">COS-TOContainer[GST]</ExpenseAccount>
		<IncomeAccount id="14" ref="Gross Sales" type="I" locked="Y">Gross Sales</IncomeAccount>
	</Item>
	<Item id="I-3141" active="Y" keyItem="Y" actualize="N">
		<Description>BASE VEG CONC LIQ G/FREE</Description>
		<Cost>0.0157</Cost>
		<CaseQty>4.000</CaseQty>
		<CaseUOM>pak</CaseUOM>
		<PakQty>946.000</PakQty>
		<PakUOM>ml</PakUOM>
		<Comments/>
		<InventoryGroup id="16">FOOD - GROCERY</InventoryGroup>
		<SalesCategory id="2">Food</SalesCategory>
		<Location id="490">OK - STORES AISLE #2</Location>
		<ExpenseAccount id="22" ref="SC0070" type="C" locked="N">COS-Food NoTax</ExpenseAccount>
		<IncomeAccount id="14" ref="Gross Sales" type="I" locked="Y">Gross Sales</IncomeAccount>
	</Item>
	<Item id="I-3145" active="Y" keyItem="Y" actualize="N">
		<Description>BEANS PINTO.</Description>
		<Cost>2.8738</Cost>
		<CaseQty>6.000</CaseQty>
		<CaseUOM>LG CAN</CaseUOM>
		<PakQty>2.840</PakQty>
		<PakUOM>L</PakUOM>
		<Comments>accounted for rinse &amp; drain -41% Na+</Comments>
		<InventoryGroup id="16">FOOD - GROCERY</InventoryGroup>
		<SalesCategory id="2">Food</SalesCategory>
		<Location id="490">OK - STORES AISLE #2</Location>
		<ExpenseAccount id="22" ref="SC0070" type="C" locked="N">COS-Food NoTax</ExpenseAccount>
		<IncomeAccount id="14" ref="Gross Sales" type="I" locked="Y">Gross Sales</IncomeAccount>
	</Item>
	<Item id="I-8060" active="Y" keyItem="Y" actualize="N">
		<Description>BUTTER UNSALTED FRS 454G</Description>
		<Cost>0.0146</Cost>
		<CaseQty>1.000</CaseQty>
		<CaseUOM>ea</CaseUOM>
		<PakQty>454.000</PakQty>
		<PakUOM>g</PakUOM>
		<Comments>PRICE INCREASE ACCEPTED NOVEMBER 2019</Comments>
		<InventoryGroup id="9">DAIRY</InventoryGroup>
		<SalesCategory id="2">Food</SalesCategory>
		<Location id="301">OK - DAIRY COOLER</Location>
		<ExpenseAccount id="22" ref="SC0070" type="C" locked="N">COS-Food NoTax</ExpenseAccount>
		<IncomeAccount id="14" ref="Gross Sales" type="I" locked="Y">Gross Sales</IncomeAccount>
	</Item>
	<Item id="I-63679" active="Y" keyItem="Y" actualize="N">
		<Description>BUTTERHORNS EACH</Description>
		<Cost>2.4500</Cost>
		<CaseQty>1.000</CaseQty>
		<CaseUOM>ea</CaseUOM>
		<PakQty>1.000</PakQty>
		<PakUOM>ea</PakUOM>
		<Comments/>
		<InventoryGroup id="19">BAKED GOODS</InventoryGroup>
		<SalesCategory id="2">Food</SalesCategory>
		<Location id="253">OK - SERVE BAKESHOP</Location>
		<ExpenseAccount id="22" ref="SC0070" type="C" locked="N">COS-Food NoTax</ExpenseAccount>
		<IncomeAccount id="14" ref="Gross Sales" type="I" locked="Y">Gross Sales</IncomeAccount>
	</Item>
	<Item id="I-4550" active="Y" keyItem="Y" actualize="N">
		<Description>CABBAGE GREEN BC</Description>
		<Cost>1.1930</Cost>
		<CaseQty>50.000</CaseQty>
		<CaseUOM>lb</CaseUOM>
		<PakQty>1.000</PakQty>
		<PakUOM>lb</PakUOM>
		<Comments/>
		<InventoryGroup id="4">PRODUCE</InventoryGroup>
		<SalesCategory id="2">Food</SalesCategory>
		<Location id="303">OK - PRODUCE COOLER</Location>
		<ExpenseAccount id="22" ref="SC0070" type="C" locked="N">COS-Food NoTax</ExpenseAccount>
		<IncomeAccount id="14" ref="Gross Sales" type="I" locked="Y">Gross Sales</IncomeAccount>
	</Item>
	<Item id="I-3182" active="Y" keyItem="Y" actualize="N">
		<Description>CEREAL OAT QUICK TFC</Description>
		<Cost>2.4720</Cost>
		<CaseQty>1.000</CaseQty>
		<CaseUOM>bag</CaseUOM>
		<PakQty>10.000</PakQty>
		<PakUOM>Kg</PakUOM>
		<Comments/>
		<InventoryGroup id="16">FOOD - GROCERY</InventoryGroup>
		<SalesCategory id="2">Food</SalesCategory>
		<Location id="299">OK - STORES AISLE #1</Location>
		<ExpenseAccount id="22" ref="SC0070" type="C" locked="N">COS-Food NoTax</ExpenseAccount>
		<IncomeAccount id="14" ref="Gross Sales" type="I" locked="Y">Gross Sales</IncomeAccount>
	</Item>
	<Item id="I-2141" active="Y" keyItem="Y" actualize="N">
		<Description>CHEESE PARM SHRED*</Description>
		<Cost>23.6900</Cost>
		<CaseQty>2.000</CaseQty>
		<CaseUOM>Kg</CaseUOM>
		<PakQty>1.000</PakQty>
		<PakUOM>Kg</PakUOM>
		<Comments>PRICE CHANGE AUGUST 2019</Comments>
		<InventoryGroup id="9">DAIRY</InventoryGroup>
		<SalesCategory id="2">Food</SalesCategory>
		<Location id="301">OK - DAIRY COOLER</Location>
		<ExpenseAccount id="22" ref="SC0070" type="C" locked="N">COS-Food NoTax</ExpenseAccount>
		<IncomeAccount id="14" ref="Gross Sales" type="I" locked="Y">Gross Sales</IncomeAccount>
	</Item>
	<Item id="I-19665" active="Y" keyItem="Y" actualize="N">
		<Description>CHICK THIGH STIRFRY HALAL</Description>
		<Cost>12.4900</Cost>
		<CaseQty>1.000</CaseQty>
		<CaseUOM>Kg</CaseUOM>
		<PakQty>1.000</PakQty>
		<PakUOM>Kg</PakUOM>
		<Comments/>
		<InventoryGroup id="30">POULTRY</InventoryGroup>
		<SalesCategory id="2">Food</SalesCategory>
		<Location id="304">OK - MEAT COOLER</Location>
		<ExpenseAccount id="22" ref="SC0070" type="C" locked="N">COS-Food NoTax</ExpenseAccount>
		<IncomeAccount id="14" ref="Gross Sales" type="I" locked="Y">Gross Sales</IncomeAccount>
	</Item>
	<Item id="I-3625" active="Y" keyItem="Y" actualize="N">
		<Description>CINNAMON GROUND SHAKER </Description>
		<Cost>0.0117</Cost>
		<CaseQty>8.000</CaseQty>
		<CaseUOM>each</CaseUOM>
		<PakQty>454.000</PakQty>
		<PakUOM>g</PakUOM>
		<Comments/>
		<InventoryGroup id="18">SPICES</InventoryGroup>
		<SalesCategory id="2">Food</SalesCategory>
		<Location id="299">OK - STORES AISLE #1</Location>
		<ExpenseAccount id="22" ref="SC0070" type="C" locked="N">COS-Food NoTax</ExpenseAccount>
		<IncomeAccount id="14" ref="Gross Sales" type="I" locked="Y">Gross Sales</IncomeAccount>
	</Item>
	<Item id="I-3226" active="Y" keyItem="Y" actualize="N">
		<Description>COCONUT SHRED UNSWEETENED_ </Description>
		<Cost>8.6800</Cost>
		<CaseQty>3.000</CaseQty>
		<CaseUOM>Kg</CaseUOM>
		<PakQty>1.000</PakQty>
		<PakUOM>Kg</PakUOM>
		<Comments/>
		<InventoryGroup id="16">FOOD - GROCERY</InventoryGroup>
		<SalesCategory id="2">Food</SalesCategory>
		<Location id="299">OK - STORES AISLE #1</Location>
		<ExpenseAccount id="22" ref="SC0070" type="C" locked="N">COS-Food NoTax</ExpenseAccount>
		<IncomeAccount id="14" ref="Gross Sales" type="I" locked="Y">Gross Sales</IncomeAccount>
	</Item>
	<Item id="I-2217" active="Y" keyItem="Y" actualize="N">
		<Description>CREAM WHIP 33% 1L (RED)</Description>
		<Cost>5.3500</Cost>
		<CaseQty>1.000</CaseQty>
		<CaseUOM>L</CaseUOM>
		<PakQty>1.000</PakQty>
		<PakUOM>L</PakUOM>
		<Comments/>
		<InventoryGroup id="9">DAIRY</InventoryGroup>
		<SalesCategory id="2">Food</SalesCategory>
		<Location id="301">OK - DAIRY COOLER</Location>
		<ExpenseAccount id="22" ref="SC0070" type="C" locked="N">COS-Food NoTax</ExpenseAccount>
		<IncomeAccount id="14" ref="Gross Sales" type="I" locked="Y">Gross Sales</IncomeAccount>
	</Item>
	<Item id="I-1012p" active="Y" keyItem="Y" actualize="Y">
		<Description>CUP PPR HOT WHT 12Z</Description>
		<Cost>0.0665</Cost>
		<CaseQty>20.000</CaseQty>
		<CaseUOM>SLEEVE</CaseUOM>
		<PakQty>50.000</PakQty>
		<PakUOM>CT</PakUOM>
		<Comments>contracted price $50.47</Comments>
		<InventoryGroup id="24">DISPOSABLES</InventoryGroup>
		<SalesCategory id="4">Misc. </SalesCategory>
		<Location id="494">OK - STORES PAPER</Location>
		<ExpenseAccount id="26" ref="SC0302" type="C" locked="N">COS-TOContainer[GST]</ExpenseAccount>
		<IncomeAccount id="14" ref="Gross Sales" type="I" locked="Y">Gross Sales</IncomeAccount>
	</Item>
	<Item id="I-43238" active="Y" keyItem="Y" actualize="N">
		<Description>DONUT CHURRO</Description>
		<Cost>0.6770</Cost>
		<CaseQty>96.000</CaseQty>
		<CaseUOM>ea</CaseUOM>
		<PakQty>1.000</PakQty>
		<PakUOM>each</PakUOM>
		<Comments/>
		<InventoryGroup id="19">BAKED GOODS</InventoryGroup>
		<SalesCategory id="2">Food</SalesCategory>
		<Location id="302">OK - FREEZER</Location>
		<ExpenseAccount id="22" ref="SC0070" type="C" locked="N">COS-Food NoTax</ExpenseAccount>
		<IncomeAccount id="14" ref="Gross Sales" type="I" locked="Y">Gross Sales</IncomeAccount>
	</Item>
	<Item id="I-62225" active="Y" keyItem="Y" actualize="N">
		<Description>EGG LRG 15 DOZEN LOOSE</Description>
		<Cost>0.2642</Cost>
		<CaseQty>15.000</CaseQty>
		<CaseUOM>DOZ</CaseUOM>
		<PakQty>12.000</PakQty>
		<PakUOM>CT</PakUOM>
		<Comments/>
		<InventoryGroup id="9">DAIRY</InventoryGroup>
		<SalesCategory id="2">Food</SalesCategory>
		<Location id="13">DAIRY</Location>
		<ExpenseAccount id="22" ref="SC0070" type="C" locked="N">COS-Food NoTax</ExpenseAccount>
		<IncomeAccount id="14" ref="Gross Sales" type="I" locked="Y">Gross Sales</IncomeAccount>
	</Item>
	<Item id="I-20348" active="Y" keyItem="Y" actualize="N">
		<Description>EXTRACT VANILLA</Description>
		<Cost>0.0321</Cost>
		<CaseQty>1.000</CaseQty>
		<CaseUOM>bottle</CaseUOM>
		<PakQty>500.000</PakQty>
		<PakUOM>ml</PakUOM>
		<Comments/>
		<InventoryGroup id="16">FOOD - GROCERY</InventoryGroup>
		<SalesCategory id="2">Food</SalesCategory>
		<Location id="449">OK - ARCHIVE</Location>
		<ExpenseAccount id="22" ref="SC0070" type="C" locked="N">COS-Food NoTax</ExpenseAccount>
		<IncomeAccount id="14" ref="Gross Sales" type="I" locked="Y">Gross Sales</IncomeAccount>
	</Item>
	<Item id="I-4657" active="Y" keyItem="Y" actualize="N">
		<Description>GARLIC PEELED</Description>
		<Cost>5.6000</Cost>
		<CaseQty>1.000</CaseQty>
		<CaseUOM>5#</CaseUOM>
		<PakQty>5.000</PakQty>
		<PakUOM>lb</PakUOM>
		<Comments>PRICE DECREASE FROM $17.10 TO $10.85 JULY 2018 VW</Comments>
		<InventoryGroup id="4">PRODUCE</InventoryGroup>
		<SalesCategory id="2">Food</SalesCategory>
		<Location id="303">OK - PRODUCE COOLER</Location>
		<ExpenseAccount id="22" ref="SC0070" type="C" locked="N">COS-Food NoTax</ExpenseAccount>
		<IncomeAccount id="14" ref="Gross Sales" type="I" locked="Y">Gross Sales</IncomeAccount>
	</Item>
	<Item id="I-4660" active="Y" keyItem="Y" actualize="N">
		<Description>GINGER PEELED.</Description>
		<Cost>3.5100</Cost>
		<CaseQty>5.000</CaseQty>
		<CaseUOM>lb</CaseUOM>
		<PakQty>1.000</PakQty>
		<PakUOM>lb</PakUOM>
		<Comments/>
		<InventoryGroup id="4">PRODUCE</InventoryGroup>
		<SalesCategory id="2">Food</SalesCategory>
		<Location id="303">OK - PRODUCE COOLER</Location>
		<ExpenseAccount id="22" ref="SC0070" type="C" locked="N">COS-Food NoTax</ExpenseAccount>
		<IncomeAccount id="14" ref="Gross Sales" type="I" locked="Y">Gross Sales</IncomeAccount>
	</Item>
	<Item id="I-4341" active="Y" keyItem="Y" actualize="N">
		<Description>HERB CILANTRO BUNCH 30CT</Description>
		<Cost>1.1167</Cost>
		<CaseQty>30.000</CaseQty>
		<CaseUOM>CT</CaseUOM>
		<PakQty>1.000</PakQty>
		<PakUOM>CT</PakUOM>
		<Comments/>
		<InventoryGroup id="4">PRODUCE</InventoryGroup>
		<SalesCategory id="2">Food</SalesCategory>
		<Location id="303">OK - PRODUCE COOLER</Location>
		<ExpenseAccount id="22" ref="SC0070" type="C" locked="N">COS-Food NoTax</ExpenseAccount>
		<IncomeAccount id="14" ref="Gross Sales" type="I" locked="Y">Gross Sales</IncomeAccount>
	</Item>
	<Item id="I-4695" active="Y" keyItem="Y" actualize="N">
		<Description>HERB ITALIAN PARSLEY BC</Description>
		<Cost>1.3683</Cost>
		<CaseQty>30.000</CaseQty>
		<CaseUOM>CT</CaseUOM>
		<PakQty>1.000</PakQty>
		<PakUOM>lb</PakUOM>
		<Comments/>
		<InventoryGroup id="4">PRODUCE</InventoryGroup>
		<SalesCategory id="2">Food</SalesCategory>
		<Location id="303">OK - PRODUCE COOLER</Location>
		<ExpenseAccount id="22" ref="SC0070" type="C" locked="N">COS-Food NoTax</ExpenseAccount>
		<IncomeAccount id="14" ref="Gross Sales" type="I" locked="Y">Gross Sales</IncomeAccount>
	</Item>
	<Item id="I-6443" active="Y" keyItem="Y" actualize="N">
		<Description>JUICE LIME FRESH JUG</Description>
		<Cost>0.1609</Cost>
		<CaseQty>6.000</CaseQty>
		<CaseUOM>JUG</CaseUOM>
		<PakQty>64.000</PakQty>
		<PakUOM>fl oz</PakUOM>
		<Comments>4120427 CHANGING TO 1429619 2021 ADDED AS A CHILD</Comments>
		<InventoryGroup id="20">BAKING-RAW INGREDIENTS</InventoryGroup>
		<SalesCategory id="2">Food</SalesCategory>
		<Location id="301">OK - DAIRY COOLER</Location>
		<ExpenseAccount id="22" ref="SC0070" type="C" locked="N">COS-Food NoTax</ExpenseAccount>
		<IncomeAccount id="14" ref="Gross Sales" type="I" locked="Y">Gross Sales</IncomeAccount>
	</Item>
	<Item id="I-1820" active="Y" keyItem="Y" actualize="N">
		<Description>JUICE ORANGE UNSWEETENED TETRA</Description>
		<Cost>1.7083</Cost>
		<CaseQty>12.000</CaseQty>
		<CaseUOM>L</CaseUOM>
		<PakQty>1.000</PakQty>
		<PakUOM>L</PakUOM>
		<Comments/>
		<InventoryGroup id="2">BEVERAGE</InventoryGroup>
		<SalesCategory id="2">Food</SalesCategory>
		<Location id="490">OK - STORES AISLE #2</Location>
		<ExpenseAccount id="22" ref="SC0070" type="C" locked="N">COS-Food NoTax</ExpenseAccount>
		<IncomeAccount id="14" ref="Gross Sales" type="I" locked="Y">Gross Sales</IncomeAccount>
	</Item>
	<Item id="I-1821" active="Y" keyItem="Y" actualize="N">
		<Description>JUICE PINEAPPLE TETRA</Description>
		<Cost>0.0018</Cost>
		<CaseQty>12.000</CaseQty>
		<CaseUOM>bottle</CaseUOM>
		<PakQty>960.000</PakQty>
		<PakUOM>ml</PakUOM>
		<Comments>PRICE DECREASE 10/17</Comments>
		<InventoryGroup id="2">BEVERAGE</InventoryGroup>
		<SalesCategory id="2">Food</SalesCategory>
		<Location id="490">OK - STORES AISLE #2</Location>
		<ExpenseAccount id="22" ref="SC0070" type="C" locked="N">COS-Food NoTax</ExpenseAccount>
		<IncomeAccount id="14" ref="Gross Sales" type="I" locked="Y">Gross Sales</IncomeAccount>
	</Item>
	<Item id="I-54025" active="Y" keyItem="Y" actualize="N">
		<Description>KIMCHI VEGETARIAN SUN TIGER</Description>
		<Cost>8.7613</Cost>
		<CaseQty>4.000</CaseQty>
		<CaseUOM>each</CaseUOM>
		<PakQty>2.000</PakQty>
		<PakUOM>L</PakUOM>
		<Comments/>
		<InventoryGroup id="16">FOOD - GROCERY</InventoryGroup>
		<SalesCategory id="2">Food</SalesCategory>
		<Location id="301">OK - DAIRY COOLER</Location>
		<ExpenseAccount id="22" ref="SC0070" type="C" locked="N">COS-Food NoTax</ExpenseAccount>
		<IncomeAccount id="14" ref="Gross Sales" type="I" locked="Y">Gross Sales</IncomeAccount>
	</Item>
	<Item id="I-6876" active="Y" keyItem="Y" actualize="N">
		<Description>LEMONS 140 CT</Description>
		<Cost>3.5933</Cost>
		<CaseQty>3.000</CaseQty>
		<CaseUOM>lb</CaseUOM>
		<PakQty>1.000</PakQty>
		<PakUOM>lb</PakUOM>
		<Comments/>
		<InventoryGroup id="4">PRODUCE</InventoryGroup>
		<SalesCategory id="2">Food</SalesCategory>
		<Location id="449">OK - ARCHIVE</Location>
		<ExpenseAccount id="22" ref="SC0070" type="C" locked="N">COS-Food NoTax</ExpenseAccount>
		<IncomeAccount id="14" ref="Gross Sales" type="I" locked="Y">Gross Sales</IncomeAccount>
	</Item>
	<Item id="I-6777" active="Y" keyItem="Y" actualize="N">
		<Description>LETTUCE ROMAINE(LINER)</Description>
		<Cost>2.5333</Cost>
		<CaseQty>24.000</CaseQty>
		<CaseUOM>CT</CaseUOM>
		<PakQty>1.000</PakQty>
		<PakUOM>CT</PakUOM>
		<Comments/>
		<InventoryGroup id="4">PRODUCE</InventoryGroup>
		<SalesCategory id="2">Food</SalesCategory>
		<Location id="449">OK - ARCHIVE</Location>
		<ExpenseAccount id="22" ref="SC0070" type="C" locked="N">COS-Food NoTax</ExpenseAccount>
		<IncomeAccount id="14" ref="Gross Sales" type="I" locked="Y">Gross Sales</IncomeAccount>
	</Item>
	<Item id="I-3348" active="Y" keyItem="Y" actualize="N">
		<Description>MAYONNAISE 1/2 FAT TFC</Description>
		<Cost>5.2613</Cost>
		<CaseQty>2.000</CaseQty>
		<CaseUOM>4L</CaseUOM>
		<PakQty>4.000</PakQty>
		<PakUOM>L</PakUOM>
		<Comments/>
		<InventoryGroup id="16">FOOD - GROCERY</InventoryGroup>
		<SalesCategory id="2">Food</SalesCategory>
		<Location id="490">OK - STORES AISLE #2</Location>
		<ExpenseAccount id="22" ref="SC0070" type="C" locked="N">COS-Food NoTax</ExpenseAccount>
		<IncomeAccount id="14" ref="Gross Sales" type="I" locked="Y">Gross Sales</IncomeAccount>
	</Item>
	<Item id="I-3356" active="Y" keyItem="Y" actualize="N">
		<Description>MILK CONDENSED SWEET</Description>
		<Cost>0.0087</Cost>
		<CaseQty>13000.000</CaseQty>
		<CaseUOM>g</CaseUOM>
		<PakQty>1.000</PakQty>
		<PakUOM>ml</PakUOM>
		<Comments/>
		<InventoryGroup id="16">FOOD - GROCERY</InventoryGroup>
		<SalesCategory id="2">Food</SalesCategory>
		<Location id="490">OK - STORES AISLE #2</Location>
		<ExpenseAccount id="22" ref="SC0070" type="C" locked="N">COS-Food NoTax</ExpenseAccount>
		<IncomeAccount id="14" ref="Gross Sales" type="I" locked="Y">Gross Sales</IncomeAccount>
	</Item>
	<Item id="I-17483" active="Y" keyItem="Y" actualize="N">
		<Description>MILK EVAPORATED</Description>
		<Cost>5.6662</Cost>
		<CaseQty>24.000</CaseQty>
		<CaseUOM>CT</CaseUOM>
		<PakQty>0.354</PakQty>
		<PakUOM>L</PakUOM>
		<Comments/>
		<InventoryGroup id="16">FOOD - GROCERY</InventoryGroup>
		<SalesCategory id="2">Food</SalesCategory>
		<Location id="449">OK - ARCHIVE</Location>
		<ExpenseAccount id="22" ref="SC0070" type="C" locked="N">COS-Food NoTax</ExpenseAccount>
		<IncomeAccount id="14" ref="Gross Sales" type="I" locked="Y">Gross Sales</IncomeAccount>
	</Item>
	<Item id="I-2897" active="Y" keyItem="Y" actualize="N">
		<Description>MUSTARD DIJON GRAINY FLEUR</Description>
		<Cost>4.9975</Cost>
		<CaseQty>4.000</CaseQty>
		<CaseUOM>Kg</CaseUOM>
		<PakQty>1.000</PakQty>
		<PakUOM>Kg</PakUOM>
		<Comments/>
		<InventoryGroup id="16">FOOD - GROCERY</InventoryGroup>
		<SalesCategory id="2">Food</SalesCategory>
		<Location id="449">OK - ARCHIVE</Location>
		<ExpenseAccount id="22" ref="SC0070" type="C" locked="N">COS-Food NoTax</ExpenseAccount>
		<IncomeAccount id="14" ref="Gross Sales" type="I" locked="Y">Gross Sales</IncomeAccount>
	</Item>
	<Item id="I-3089" active="Y" keyItem="Y" actualize="N">
		<Description>NOODLES STEAMED DRIED BULK</Description>
		<Cost>1.9680</Cost>
		<CaseQty>25.000</CaseQty>
		<CaseUOM>lb</CaseUOM>
		<PakQty>1.000</PakQty>
		<PakUOM>lb</PakUOM>
		<Comments/>
		<InventoryGroup id="16">FOOD - GROCERY</InventoryGroup>
		<SalesCategory id="2">Food</SalesCategory>
		<Location id="302">OK - FREEZER</Location>
		<ExpenseAccount id="22" ref="SC0070" type="C" locked="N">COS-Food NoTax</ExpenseAccount>
		<IncomeAccount id="14" ref="Gross Sales" type="I" locked="Y">Gross Sales</IncomeAccount>
	</Item>
	<Item id="I-40647" active="N" keyItem="Y" actualize="N">
		<Description>NUTS CASHEWS SPLIT CAJUN</Description>
		<Cost>0.0150</Cost>
		<CaseQty>1.000</CaseQty>
		<CaseUOM>ea</CaseUOM>
		<PakQty>11340.000</PakQty>
		<PakUOM>g</PakUOM>
		<Comments/>
		<InventoryGroup id="16">FOOD - GROCERY</InventoryGroup>
		<SalesCategory id="2">Food</SalesCategory>
		<Location id="299">OK - STORES AISLE #1</Location>
		<ExpenseAccount id="22" ref="SC0070" type="C" locked="N">COS-Food NoTax</ExpenseAccount>
		<IncomeAccount id="14" ref="Gross Sales" type="I" locked="Y">Gross Sales</IncomeAccount>
	</Item>
	<Item id="I-3386" active="Y" keyItem="Y" actualize="Y">
		<Description>OIL CANOLA*HI LO BOX TFC</Description>
		<Cost>3.7260</Cost>
		<CaseQty>17.300</CaseQty>
		<CaseUOM>L</CaseUOM>
		<PakQty>1.000</PakQty>
		<PakUOM>L</PakUOM>
		<Comments>REPLACED 3955197 APR 2018</Comments>
		<InventoryGroup id="16">FOOD - GROCERY</InventoryGroup>
		<SalesCategory id="2">Food</SalesCategory>
		<Location id="299">OK - STORES AISLE #1</Location>
		<ExpenseAccount id="22" ref="SC0070" type="C" locked="N">COS-Food NoTax</ExpenseAccount>
		<IncomeAccount id="14" ref="Gross Sales" type="I" locked="Y">Gross Sales</IncomeAccount>
	</Item>
	<Item id="I-3388" active="Y" keyItem="Y" actualize="Y">
		<Description>OIL CANOLA*SALAD 100% PURE</Description>
		<Cost>3.3922</Cost>
		<CaseQty>6.000</CaseQty>
		<CaseUOM>can</CaseUOM>
		<PakQty>3.000</PakQty>
		<PakUOM>L</PakUOM>
		<Comments>MUST USE 3950097. REMOVED 2253405 FROM THE ORDER GUIDE-NOT CONTRACTED.</Comments>
		<InventoryGroup id="16">FOOD - GROCERY</InventoryGroup>
		<SalesCategory id="2">Food</SalesCategory>
		<Location id="299">OK - STORES AISLE #1</Location>
		<ExpenseAccount id="22" ref="SC0070" type="C" locked="N">COS-Food NoTax</ExpenseAccount>
		<IncomeAccount id="14" ref="Gross Sales" type="I" locked="Y">Gross Sales</IncomeAccount>
	</Item>
	<Item id="I-3389" active="Y" keyItem="Y" actualize="N">
		<Description>OIL OLIVE 100% EXTRA VIRGIN </Description>
		<Cost>11.0100</Cost>
		<CaseQty>4.000</CaseQty>
		<CaseUOM>can</CaseUOM>
		<PakQty>3.000</PakQty>
		<PakUOM>L</PakUOM>
		<Comments/>
		<InventoryGroup id="16">FOOD - GROCERY</InventoryGroup>
		<SalesCategory id="2">Food</SalesCategory>
		<Location id="491">OK - STORES AISLE #3</Location>
		<ExpenseAccount id="22" ref="SC0070" type="C" locked="N">COS-Food NoTax</ExpenseAccount>
		<IncomeAccount id="14" ref="Gross Sales" type="I" locked="Y">Gross Sales</IncomeAccount>
	</Item>
	<Item id="I-6006" active="Y" keyItem="Y" actualize="N">
		<Description>OIL OLIVE EXTRA VIRGIN TFC</Description>
		<Cost>11.5708</Cost>
		<CaseQty>4.000</CaseQty>
		<CaseUOM>can</CaseUOM>
		<PakQty>3.000</PakQty>
		<PakUOM>L</PakUOM>
		<Comments/>
		<InventoryGroup id="16">FOOD - GROCERY</InventoryGroup>
		<SalesCategory id="2">Food</SalesCategory>
		<Location id="449">OK - ARCHIVE</Location>
		<ExpenseAccount id="22" ref="SC0070" type="C" locked="N">COS-Food NoTax</ExpenseAccount>
		<IncomeAccount id="14" ref="Gross Sales" type="I" locked="Y">Gross Sales</IncomeAccount>
	</Item>
	<Item id="I-4745" active="Y" keyItem="Y" actualize="N">
		<Description>ONION PEELED US</Description>
		<Cost>2.1580</Cost>
		<CaseQty>25.000</CaseQty>
		<CaseUOM>lb</CaseUOM>
		<PakQty>1.000</PakQty>
		<PakUOM>lb</PakUOM>
		<Comments/>
		<InventoryGroup id="4">PRODUCE</InventoryGroup>
		<SalesCategory id="2">Food</SalesCategory>
		<Location id="303">OK - PRODUCE COOLER</Location>
		<ExpenseAccount id="22" ref="SC0070" type="C" locked="N">COS-Food NoTax</ExpenseAccount>
		<IncomeAccount id="14" ref="Gross Sales" type="I" locked="Y">Gross Sales</IncomeAccount>
	</Item>
	<Item id="I-4375" active="Y" keyItem="Y" actualize="N">
		<Description>ONIONS GREEN 48 CT</Description>
		<Cost>0.8354</Cost>
		<CaseQty>48.000</CaseQty>
		<CaseUOM>CT</CaseUOM>
		<PakQty>1.000</PakQty>
		<PakUOM>CT</PakUOM>
		<Comments/>
		<InventoryGroup id="4">PRODUCE</InventoryGroup>
		<SalesCategory id="2">Food</SalesCategory>
		<Location id="303">OK - PRODUCE COOLER</Location>
		<ExpenseAccount id="22" ref="SC0070" type="C" locked="N">COS-Food NoTax</ExpenseAccount>
		<IncomeAccount id="14" ref="Gross Sales" type="I" locked="Y">Gross Sales</IncomeAccount>
	</Item>
	<Item id="I-17150" active="Y" keyItem="Y" actualize="N">
		<Description>ONIONS JUMBO PEELED 5LB</Description>
		<Cost>1.5800</Cost>
		<CaseQty>5.000</CaseQty>
		<CaseUOM>lb</CaseUOM>
		<PakQty>1.000</PakQty>
		<PakUOM>lb</PakUOM>
		<Comments/>
		<InventoryGroup id="4">PRODUCE</InventoryGroup>
		<SalesCategory id="2">Food</SalesCategory>
		<Location id="449">OK - ARCHIVE</Location>
		<ExpenseAccount id="22" ref="SC0070" type="C" locked="N">COS-Food NoTax</ExpenseAccount>
		<IncomeAccount id="14" ref="Gross Sales" type="I" locked="Y">Gross Sales</IncomeAccount>
	</Item>
	<Item id="I-6807" active="Y" keyItem="Y" actualize="N">
		<Description>ONIONS RED 5LB</Description>
		<Cost>1.1100</Cost>
		<CaseQty>5.000</CaseQty>
		<CaseUOM>lb</CaseUOM>
		<PakQty>1.000</PakQty>
		<PakUOM>lb</PakUOM>
		<Comments/>
		<InventoryGroup id="4">PRODUCE</InventoryGroup>
		<SalesCategory id="2">Food</SalesCategory>
		<Location id="449">OK - ARCHIVE</Location>
		<ExpenseAccount id="22" ref="SC0070" type="C" locked="N">COS-Food NoTax</ExpenseAccount>
		<IncomeAccount id="14" ref="Gross Sales" type="I" locked="Y">Gross Sales</IncomeAccount>
	</Item>
	<Item id="I-4750" active="Y" keyItem="Y" actualize="N">
		<Description>ONIONS RED PEELED </Description>
		<Cost>1.9540</Cost>
		<CaseQty>25.000</CaseQty>
		<CaseUOM>lb</CaseUOM>
		<PakQty>1.000</PakQty>
		<PakUOM>lb</PakUOM>
		<Comments/>
		<InventoryGroup id="4">PRODUCE</InventoryGroup>
		<SalesCategory id="2">Food</SalesCategory>
		<Location id="303">OK - PRODUCE COOLER</Location>
		<ExpenseAccount id="22" ref="SC0070" type="C" locked="N">COS-Food NoTax</ExpenseAccount>
		<IncomeAccount id="14" ref="Gross Sales" type="I" locked="Y">Gross Sales</IncomeAccount>
	</Item>
	<Item id="I-3640" active="Y" keyItem="Y" actualize="N">
		<Description>PAPRIKA SHAKER TFC</Description>
		<Cost>0.0017</Cost>
		<CaseQty>8.000</CaseQty>
		<CaseUOM>ea</CaseUOM>
		<PakQty>454.000</PakQty>
		<PakUOM>g</PakUOM>
		<Comments/>
		<InventoryGroup id="18">SPICES</InventoryGroup>
		<SalesCategory id="2">Food</SalesCategory>
		<Location id="299">OK - STORES AISLE #1</Location>
		<ExpenseAccount id="22" ref="SC0070" type="C" locked="N">COS-Food NoTax</ExpenseAccount>
		<IncomeAccount id="14" ref="Gross Sales" type="I" locked="Y">Gross Sales</IncomeAccount>
	</Item>
	<Item id="I-2850" active="Y" keyItem="Y" actualize="N">
		<Description>PASTE ACHIOTE RED LA PERLA</Description>
		<Cost>0.0272</Cost>
		<CaseQty>1320.000</CaseQty>
		<CaseUOM>g</CaseUOM>
		<PakQty>1.000</PakQty>
		<PakUOM>g</PakUOM>
		<Comments/>
		<InventoryGroup id="16">FOOD - GROCERY</InventoryGroup>
		<SalesCategory id="2">Food</SalesCategory>
		<Location id="299">OK - STORES AISLE #1</Location>
		<ExpenseAccount id="22" ref="SC0070" type="C" locked="N">COS-Food NoTax</ExpenseAccount>
		<IncomeAccount id="14" ref="Gross Sales" type="I" locked="Y">Gross Sales</IncomeAccount>
	</Item>
	<Item id="I-3643" active="Y" keyItem="Y" actualize="N">
		<Description>PEPPER BLACK FINE TFC</Description>
		<Cost>32.5011</Cost>
		<CaseQty>1.000</CaseQty>
		<CaseUOM>each</CaseUOM>
		<PakQty>2.267</PakQty>
		<PakUOM>Kg</PakUOM>
		<Comments/>
		<InventoryGroup id="18">SPICES</InventoryGroup>
		<SalesCategory id="2">Food</SalesCategory>
		<Location id="449">OK - ARCHIVE</Location>
		<ExpenseAccount id="22" ref="SC0070" type="C" locked="N">COS-Food NoTax</ExpenseAccount>
		<IncomeAccount id="14" ref="Gross Sales" type="I" locked="Y">Gross Sales</IncomeAccount>
	</Item>
	<Item id="I-3642" active="Y" keyItem="Y" actualize="N">
		<Description>PEPPER BLK COARSE GRD SHK</Description>
		<Cost>0.0325</Cost>
		<CaseQty>1.000</CaseQty>
		<CaseUOM>ea</CaseUOM>
		<PakQty>2267.900</PakQty>
		<PakUOM>g</PakUOM>
		<Comments/>
		<InventoryGroup id="18">SPICES</InventoryGroup>
		<SalesCategory id="2">Food</SalesCategory>
		<Location id="299">OK - STORES AISLE #1</Location>
		<ExpenseAccount id="22" ref="SC0070" type="C" locked="N">COS-Food NoTax</ExpenseAccount>
		<IncomeAccount id="14" ref="Gross Sales" type="I" locked="Y">Gross Sales</IncomeAccount>
	</Item>
	<Item id="I-11172" active="Y" keyItem="Y" actualize="N">
		<Description>PEPPER BLK WHOLE</Description>
		<Cost>14.3000</Cost>
		<CaseQty>2.000</CaseQty>
		<CaseUOM>Kg</CaseUOM>
		<PakQty>1.000</PakQty>
		<PakUOM>Kg</PakUOM>
		<Comments/>
		<InventoryGroup id="18">SPICES</InventoryGroup>
		<SalesCategory id="2">Food</SalesCategory>
		<Location id="238">SAGE SPICES</Location>
		<ExpenseAccount id="22" ref="SC0070" type="C" locked="N">COS-Food NoTax</ExpenseAccount>
		<IncomeAccount id="14" ref="Gross Sales" type="I" locked="Y">Gross Sales</IncomeAccount>
	</Item>
	<Item id="I-3447" active="Y" keyItem="Y" actualize="N">
		<Description>PEPPER CHIPOTLE IN ADOBO</Description>
		<Cost>0.0172</Cost>
		<CaseQty>12.000</CaseQty>
		<CaseUOM>SM CAN</CaseUOM>
		<PakQty>199.000</PakQty>
		<PakUOM>ml</PakUOM>
		<Comments>PRICE INCREASE 10/17</Comments>
		<InventoryGroup id="16">FOOD - GROCERY</InventoryGroup>
		<SalesCategory id="2">Food</SalesCategory>
		<Location id="491">OK - STORES AISLE #3</Location>
		<ExpenseAccount id="22" ref="SC0070" type="C" locked="N">COS-Food NoTax</ExpenseAccount>
		<IncomeAccount id="14" ref="Gross Sales" type="I" locked="Y">Gross Sales</IncomeAccount>
	</Item>
	<Item id="I-3448" active="Y" keyItem="Y" actualize="N">
		<Description>PEPPER HOT BANANA RING SLCD </Description>
		<Cost>4.0075</Cost>
		<CaseQty>2.000</CaseQty>
		<CaseUOM>4L</CaseUOM>
		<PakQty>4.000</PakQty>
		<PakUOM>L</PakUOM>
		<Comments>CODE CHANGE FROM 3406707 OCT2017</Comments>
		<InventoryGroup id="16">FOOD - GROCERY</InventoryGroup>
		<SalesCategory id="2">Food</SalesCategory>
		<Location id="490">OK - STORES AISLE #2</Location>
		<ExpenseAccount id="22" ref="SC0070" type="C" locked="N">COS-Food NoTax</ExpenseAccount>
		<IncomeAccount id="14" ref="Gross Sales" type="I" locked="Y">Gross Sales</IncomeAccount>
	</Item>
	<Item id="I-4785" active="Y" keyItem="Y" actualize="N">
		<Description>PEPPERS GREEN</Description>
		<Cost>1.7400</Cost>
		<CaseQty>5.000</CaseQty>
		<CaseUOM>lb</CaseUOM>
		<PakQty>1.000</PakQty>
		<PakUOM>lb</PakUOM>
		<Comments/>
		<InventoryGroup id="4">PRODUCE</InventoryGroup>
		<SalesCategory id="2">Food</SalesCategory>
		<Location id="449">OK - ARCHIVE</Location>
		<ExpenseAccount id="22" ref="SC0070" type="C" locked="N">COS-Food NoTax</ExpenseAccount>
		<IncomeAccount id="14" ref="Gross Sales" type="I" locked="Y">Gross Sales</IncomeAccount>
	</Item>
	<Item id="I-4787" active="Y" keyItem="Y" actualize="N">
		<Description>PEPPERS JALAPENO GREEN 10 LBS</Description>
		<Cost>2.3850</Cost>
		<CaseQty>10.000</CaseQty>
		<CaseUOM>lb</CaseUOM>
		<PakQty>1.000</PakQty>
		<PakUOM>lb</PakUOM>
		<Comments/>
		<InventoryGroup id="4">PRODUCE</InventoryGroup>
		<SalesCategory id="2">Food</SalesCategory>
		<Location id="303">OK - PRODUCE COOLER</Location>
		<ExpenseAccount id="22" ref="SC0070" type="C" locked="N">COS-Food NoTax</ExpenseAccount>
		<IncomeAccount id="14" ref="Gross Sales" type="I" locked="Y">Gross Sales</IncomeAccount>
	</Item>
	<Item id="I-4792" active="Y" keyItem="Y" actualize="N">
		<Description>PEPPERS RED CHOICE US</Description>
		<Cost>3.0259</Cost>
		<CaseQty>25.000</CaseQty>
		<CaseUOM>lb</CaseUOM>
		<PakQty>1.000</PakQty>
		<PakUOM>lb</PakUOM>
		<Comments/>
		<InventoryGroup id="4">PRODUCE</InventoryGroup>
		<SalesCategory id="2">Food</SalesCategory>
		<Location id="303">OK - PRODUCE COOLER</Location>
		<ExpenseAccount id="22" ref="SC0070" type="C" locked="N">COS-Food NoTax</ExpenseAccount>
		<IncomeAccount id="14" ref="Gross Sales" type="I" locked="Y">Gross Sales</IncomeAccount>
	</Item>
	<Item id="I-3851" active="Y" keyItem="Y" actualize="N">
		<Description>PORK BUTT BNLS 1/4 COV FR</Description>
		<Cost>9.3200</Cost>
		<CaseQty>1.000</CaseQty>
		<CaseUOM>Kg</CaseUOM>
		<PakQty>1.000</PakQty>
		<PakUOM>Kg</PakUOM>
		<Comments>ALSO CODE #53987 WHEN BACK ORDERED</Comments>
		<InventoryGroup id="5">MEAT</InventoryGroup>
		<SalesCategory id="2">Food</SalesCategory>
		<Location id="304">OK - MEAT COOLER</Location>
		<ExpenseAccount id="22" ref="SC0070" type="C" locked="N">COS-Food NoTax</ExpenseAccount>
		<IncomeAccount id="14" ref="Gross Sales" type="I" locked="Y">Gross Sales</IncomeAccount>
	</Item>
	<Item id="I-36672" active="Y" keyItem="Y" actualize="N">
		<Description>RICE BASMATI BROWN*</Description>
		<Cost>1.9290</Cost>
		<CaseQty>10.000</CaseQty>
		<CaseUOM>lb</CaseUOM>
		<PakQty>1.000</PakQty>
		<PakUOM>lb</PakUOM>
		<Comments>Item on Pricing Contract Dec 31 2020</Comments>
		<InventoryGroup id="16">FOOD - GROCERY</InventoryGroup>
		<SalesCategory id="2">Food</SalesCategory>
		<Location id="493">OK - STORES AISLE #5</Location>
		<ExpenseAccount id="22" ref="SC0070" type="C" locked="N">COS-Food NoTax</ExpenseAccount>
		<IncomeAccount id="14" ref="Gross Sales" type="I" locked="Y">Gross Sales</IncomeAccount>
	</Item>
	<Item id="I-3478" active="Y" keyItem="Y" actualize="N">
		<Description>RICE JASMINE </Description>
		<Cost>0.9283</Cost>
		<CaseQty>40.000</CaseQty>
		<CaseUOM>lb</CaseUOM>
		<PakQty>1.000</PakQty>
		<PakUOM>lb</PakUOM>
		<Comments>Item Code 1054880 -  is on a pricing contract dec 31 2020</Comments>
		<InventoryGroup id="16">FOOD - GROCERY</InventoryGroup>
		<SalesCategory id="2">Food</SalesCategory>
		<Location id="493">OK - STORES AISLE #5</Location>
		<ExpenseAccount id="22" ref="SC0070" type="C" locked="N">COS-Food NoTax</ExpenseAccount>
		<IncomeAccount id="14" ref="Gross Sales" type="I" locked="Y">Gross Sales</IncomeAccount>
	</Item>
	<Item id="I-6026" active="Y" keyItem="Y" actualize="N">
		<Description>SALT KOSHER </Description>
		<Cost>0.0032</Cost>
		<CaseQty>16.320</CaseQty>
		<CaseUOM>Kg</CaseUOM>
		<PakQty>1000.000</PakQty>
		<PakUOM>g</PakUOM>
		<Comments>PRICE CHANGED DECEMBER 2018</Comments>
		<InventoryGroup id="18">SPICES</InventoryGroup>
		<SalesCategory id="2">Food</SalesCategory>
		<Location id="491">OK - STORES AISLE #3</Location>
		<ExpenseAccount id="22" ref="SC0070" type="C" locked="N">COS-Food NoTax</ExpenseAccount>
		<IncomeAccount id="14" ref="Gross Sales" type="I" locked="Y">Gross Sales</IncomeAccount>
	</Item>
	<Item id="I-12176" active="Y" keyItem="Y" actualize="N">
		<Description>SALT SEA COARSE KOSHER</Description>
		<Cost>2.0925</Cost>
		<CaseQty>1.000</CaseQty>
		<CaseUOM>CT</CaseUOM>
		<PakQty>2.270</PakQty>
		<PakUOM>Kg</PakUOM>
		<Comments/>
		<InventoryGroup id="18">SPICES</InventoryGroup>
		<SalesCategory id="2">Food</SalesCategory>
		<Location id="449">OK - ARCHIVE</Location>
		<ExpenseAccount id="22" ref="SC0070" type="C" locked="N">COS-Food NoTax</ExpenseAccount>
		<IncomeAccount id="14" ref="Gross Sales" type="I" locked="Y">Gross Sales</IncomeAccount>
	</Item>
	<Item id="I-37469" active="Y" keyItem="Y" actualize="N">
		<Description>SAUCE HOT VALENTINA</Description>
		<Cost>0.0034</Cost>
		<CaseQty>12.000</CaseQty>
		<CaseUOM>jar</CaseUOM>
		<PakQty>946.000</PakQty>
		<PakUOM>ml</PakUOM>
		<Comments/>
		<InventoryGroup id="16">FOOD - GROCERY</InventoryGroup>
		<SalesCategory id="2">Food</SalesCategory>
		<Location id="491">OK - STORES AISLE #3</Location>
		<ExpenseAccount id="22" ref="SC0070" type="C" locked="N">COS-Food NoTax</ExpenseAccount>
		<IncomeAccount id="14" ref="Gross Sales" type="I" locked="Y">Gross Sales</IncomeAccount>
	</Item>
	<Item id="I-60805" active="Y" keyItem="Y" actualize="N">
		<Description>SAUCE WORCESTERSHIRE VEGAN</Description>
		<Cost>0.0281</Cost>
		<CaseQty>12.000</CaseQty>
		<CaseUOM>bottle</CaseUOM>
		<PakQty>251.000</PakQty>
		<PakUOM>ml</PakUOM>
		<Comments/>
		<InventoryGroup id="16">FOOD - GROCERY</InventoryGroup>
		<SalesCategory id="2">Food</SalesCategory>
		<Location id="490">OK - STORES AISLE #2</Location>
		<ExpenseAccount id="22" ref="SC0070" type="C" locked="N">COS-Food NoTax</ExpenseAccount>
		<IncomeAccount id="14" ref="Gross Sales" type="I" locked="Y">Gross Sales</IncomeAccount>
	</Item>
	<Item id="I-2254" active="Y" keyItem="Y" actualize="N">
		<Description>SOUR CREAM CORR BOX 4L</Description>
		<Cost>4.8725</Cost>
		<CaseQty>1.000</CaseQty>
		<CaseUOM>4L</CaseUOM>
		<PakQty>4.000</PakQty>
		<PakUOM>L</PakUOM>
		<Comments/>
		<InventoryGroup id="9">DAIRY</InventoryGroup>
		<SalesCategory id="2">Food</SalesCategory>
		<Location id="301">OK - DAIRY COOLER</Location>
		<ExpenseAccount id="22" ref="SC0070" type="C" locked="N">COS-Food NoTax</ExpenseAccount>
		<IncomeAccount id="14" ref="Gross Sales" type="I" locked="Y">Gross Sales</IncomeAccount>
	</Item>
	<Item id="I-11842" active="Y" keyItem="Y" actualize="N">
		<Description>SOURDOUGH LOAFCOUNTRY </Description>
		<Cost>5.3000</Cost>
		<CaseQty>1.000</CaseQty>
		<CaseUOM>LOAF</CaseUOM>
		<PakQty>1.000</PakQty>
		<PakUOM>LOAF</PakUOM>
		<Comments/>
		<InventoryGroup id="11">BREAD</InventoryGroup>
		<SalesCategory id="2">Food</SalesCategory>
		<Location id="129">*PV 7. KITCHEN</Location>
		<ExpenseAccount id="22" ref="SC0070" type="C" locked="N">COS-Food NoTax</ExpenseAccount>
		<IncomeAccount id="14" ref="Gross Sales" type="I" locked="Y">Gross Sales</IncomeAccount>
	</Item>
	<Item id="I-6820" active="Y" keyItem="Y" actualize="N">
		<Description>STARCH CORN 5kg</Description>
		<Cost>5.3660</Cost>
		<CaseQty>5.000</CaseQty>
		<CaseUOM>Kg</CaseUOM>
		<PakQty>1.000</PakQty>
		<PakUOM>Kg</PakUOM>
		<Comments/>
		<InventoryGroup id="16">FOOD - GROCERY</InventoryGroup>
		<SalesCategory id="2">Food</SalesCategory>
		<Location id="490">OK - STORES AISLE #2</Location>
		<ExpenseAccount id="22" ref="SC0070" type="C" locked="N">COS-Food NoTax</ExpenseAccount>
		<IncomeAccount id="14" ref="Gross Sales" type="I" locked="Y">Gross Sales</IncomeAccount>
	</Item>
	<Item id="I-66292" active="Y" keyItem="Y" actualize="N">
		<Description>STARLIGHT ZERO SOFT DRINK</Description>
		<Cost>1.3958</Cost>
		<CaseQty>24.000</CaseQty>
		<CaseUOM>bottle</CaseUOM>
		<PakQty>1.000</PakQty>
		<PakUOM>bottle</PakUOM>
		<Comments>BOTTLE PET</Comments>
		<InventoryGroup id="2">BEVERAGE</InventoryGroup>
		<SalesCategory id="2">Food</SalesCategory>
		<Location id="296">OK - SERVE BEV COOL</Location>
		<ExpenseAccount id="23" ref="SC0314" type="C" locked="N">COS-Snacks|Bev [GST]</ExpenseAccount>
		<IncomeAccount id="14" ref="Gross Sales" type="I" locked="Y">Gross Sales</IncomeAccount>
	</Item>
	<Item id="I-3658" active="Y" keyItem="Y" actualize="N">
		<Description>SUGAR GOLDEN YEL 20KG</Description>
		<Cost>2.2945</Cost>
		<CaseQty>20.000</CaseQty>
		<CaseUOM>Kg</CaseUOM>
		<PakQty>1.000</PakQty>
		<PakUOM>Kg</PakUOM>
		<Comments>REPLACED 3560437 APR 2018</Comments>
		<InventoryGroup id="16">FOOD - GROCERY</InventoryGroup>
		<SalesCategory id="2">Food</SalesCategory>
		<Location id="299">OK - STORES AISLE #1</Location>
		<ExpenseAccount id="22" ref="SC0070" type="C" locked="N">COS-Food NoTax</ExpenseAccount>
		<IncomeAccount id="14" ref="Gross Sales" type="I" locked="Y">Gross Sales</IncomeAccount>
	</Item>
	<Item id="I-3657" active="Y" keyItem="Y" actualize="N">
		<Description>SUGAR GOLDEN YEL 2KG</Description>
		<Cost>1.8388</Cost>
		<CaseQty>12.000</CaseQty>
		<CaseUOM>pak</CaseUOM>
		<PakQty>2.000</PakQty>
		<PakUOM>Kg</PakUOM>
		<Comments/>
		<InventoryGroup id="16">FOOD - GROCERY</InventoryGroup>
		<SalesCategory id="2">Food</SalesCategory>
		<Location id="449">OK - ARCHIVE</Location>
		<ExpenseAccount id="22" ref="SC0070" type="C" locked="N">COS-Food NoTax</ExpenseAccount>
		<IncomeAccount id="14" ref="Gross Sales" type="I" locked="Y">Gross Sales</IncomeAccount>
	</Item>
	<Item id="I-3661" active="Y" keyItem="Y" actualize="N">
		<Description>SUGAR ICING</Description>
		<Cost>1.5045</Cost>
		<CaseQty>20.000</CaseQty>
		<CaseUOM>Kg</CaseUOM>
		<PakQty>1.000</PakQty>
		<PakUOM>Kg</PakUOM>
		<Comments>REPLACED 3563167 APR 2018</Comments>
		<InventoryGroup id="16">FOOD - GROCERY</InventoryGroup>
		<SalesCategory id="2">Food</SalesCategory>
		<Location id="299">OK - STORES AISLE #1</Location>
		<ExpenseAccount id="22" ref="SC0070" type="C" locked="N">COS-Food NoTax</ExpenseAccount>
		<IncomeAccount id="14" ref="Gross Sales" type="I" locked="Y">Gross Sales</IncomeAccount>
	</Item>
	<Item id="I-4933" active="Y" keyItem="Y" actualize="N">
		<Description>TOMATOES ROMA MX</Description>
		<Cost>1.5280</Cost>
		<CaseQty>25.000</CaseQty>
		<CaseUOM>lb</CaseUOM>
		<PakQty>1.000</PakQty>
		<PakUOM>lb</PakUOM>
		<Comments/>
		<InventoryGroup id="4">PRODUCE</InventoryGroup>
		<SalesCategory id="2">Food</SalesCategory>
		<Location id="303">OK - PRODUCE COOLER</Location>
		<ExpenseAccount id="22" ref="SC0070" type="C" locked="N">COS-Food NoTax</ExpenseAccount>
		<IncomeAccount id="14" ref="Gross Sales" type="I" locked="Y">Gross Sales</IncomeAccount>
	</Item>
	<Item id="I-1152" active="Y" keyItem="Y" actualize="N">
		<Description>TORTILLA FLOUR W/ WHEAT 12IN</Description>
		<Cost>0.4350</Cost>
		<CaseQty>12.000</CaseQty>
		<CaseUOM>pak</CaseUOM>
		<PakQty>10.000</PakQty>
		<PakUOM>CT</PakUOM>
		<Comments>FRESCA</Comments>
		<InventoryGroup id="19">BAKED GOODS</InventoryGroup>
		<SalesCategory id="2">Food</SalesCategory>
		<Location id="302">OK - FREEZER</Location>
		<ExpenseAccount id="22" ref="SC0070" type="C" locked="N">COS-Food NoTax</ExpenseAccount>
		<IncomeAccount id="14" ref="Gross Sales" type="I" locked="Y">Gross Sales</IncomeAccount>
	</Item>
	<Item id="I-3695" active="Y" keyItem="Y" actualize="N">
		<Description>VINEGAR RED WINE TFC</Description>
		<Cost>2.1860</Cost>
		<CaseQty>2.000</CaseQty>
		<CaseUOM>pail</CaseUOM>
		<PakQty>5.000</PakQty>
		<PakUOM>L</PakUOM>
		<Comments>CODE CHANGE FROM 3467037 OCT2017</Comments>
		<InventoryGroup id="16">FOOD - GROCERY</InventoryGroup>
		<SalesCategory id="2">Food</SalesCategory>
		<Location id="491">OK - STORES AISLE #3</Location>
		<ExpenseAccount id="22" ref="SC0070" type="C" locked="N">COS-Food NoTax</ExpenseAccount>
		<IncomeAccount id="14" ref="Gross Sales" type="I" locked="Y">Gross Sales</IncomeAccount>
	</Item>
	<Item id="I-5983" active="Y" keyItem="N" actualize="N">
		<Description>WATER FOR RECIPES</Description>
		<Cost>0</Cost>
		<CaseQty>1.000</CaseQty>
		<CaseUOM>L</CaseUOM>
		<PakQty>1.000</PakQty>
		<PakUOM>L</PakUOM>
		<Comments/>
		<InventoryGroup id="2">BEVERAGE</InventoryGroup>
		<SalesCategory id="2">Food</SalesCategory>
		<Location id="449">OK - ARCHIVE</Location>
		<ExpenseAccount id="22" ref="SC0070" type="C" locked="N">COS-Food NoTax</ExpenseAccount>
		<IncomeAccount id="14" ref="Gross Sales" type="I" locked="Y">Gross Sales</IncomeAccount>
	</Item>
	<Item id="I-4967" active="Y" keyItem="Y" actualize="N">
		<Description>ZUCCHINI MED FCY MX</Description>
		<Cost>1.6840</Cost>
		<CaseQty>25.000</CaseQty>
		<CaseUOM>lb</CaseUOM>
		<PakQty>1.000</PakQty>
		<PakUOM>lb</PakUOM>
		<Comments/>
		<InventoryGroup id="4">PRODUCE</InventoryGroup>
		<SalesCategory id="2">Food</SalesCategory>
		<Location id="303">OK - PRODUCE COOLER</Location>
		<ExpenseAccount id="22" ref="SC0070" type="C" locked="N">COS-Food NoTax</ExpenseAccount>
		<IncomeAccount id="14" ref="Gross Sales" type="I" locked="Y">Gross Sales</IncomeAccount>
	</Item>
</Items>
