﻿<?xml version="1.0" encoding="UTF-8" standalone="yes"?>
<Prods>
	<Prod id="R-43372" active="Y" special="N">
		<Description>BURRITO|Bowl|Chicken </Description>
		<Barcode/>
		<Cost>2.6489</Cost>
		<Comments/>
		<SalesGroup id="331">OK - SANDWICH KITCHEN</SalesGroup>
		<SalesCategory id="2">Food</SalesCategory>
		<IncomeAccount id="14" ref="Gross Sales" type="I" locked="Y">Gross Sales</IncomeAccount>
		<TaxGroup id=""/>
		<Price>9.99</Price>
		<PLU num="25534">BURRITO BOWL CHICKEN</PLU>
	</Prod>
	<Prod id="R-43375" active="Y" special="N">
		<Description>BURRITO|Bowl|Pork</Description>
		<Barcode/>
		<Cost>2.6299</Cost>
		<Comments/>
		<SalesGroup id="331">OK - SANDWICH KITCHEN</SalesGroup>
		<SalesCategory id="2">Food</SalesCategory>
		<IncomeAccount id="14" ref="Gross Sales" type="I" locked="Y">Gross Sales</IncomeAccount>
		<TaxGroup id=""/>
		<Price>8.99</Price>
		<PLU num="25535">BURRITO BOWL PORK</PLU>
	</Prod>
	<Prod id="R-41795" active="Y" special="N">
		<Description>BURRITO|Bowl|Veg</Description>
		<Barcode/>
		<Cost>1.3978</Cost>
		<Comments/>
		<SalesGroup id="331">OK - SANDWICH KITCHEN</SalesGroup>
		<SalesCategory id="2">Food</SalesCategory>
		<IncomeAccount id="14" ref="Gross Sales" type="I" locked="Y">Gross Sales</IncomeAccount>
		<TaxGroup id=""/>
		<Price>7.99</Price>
		<PLU num="25536">BURRITO BOWL VEG</PLU>
	</Prod>
	<Prod id="R-43366" active="Y" special="N">
		<Description>BURRITO|Chicken</Description>
		<Barcode/>
		<Cost>7.2492</Cost>
		<Comments/>
		<SalesGroup id="331">OK - SANDWICH KITCHEN</SalesGroup>
		<SalesCategory id="2">Food</SalesCategory>
		<IncomeAccount id="14" ref="Gross Sales" type="I" locked="Y">Gross Sales</IncomeAccount>
		<TaxGroup id=""/>
		<Price>9.99</Price>
		<PLU num="25350">BURRITO CHICKEN</PLU>
	</Prod>
	<Prod id="R-64886" active="Y" special="N">
		<Description>BURRITO|Grilled Veg</Description>
		<Barcode/>
		<Cost>6.3574</Cost>
		<Comments/>
		<SalesGroup id="331">OK - SANDWICH KITCHEN</SalesGroup>
		<SalesCategory id="2">Food</SalesCategory>
		<IncomeAccount id="14" ref="Gross Sales" type="I" locked="Y">Gross Sales</IncomeAccount>
		<TaxGroup id=""/>
		<Price>7.99</Price>
		<PLU num=""/>
	</Prod>
	<Prod id="R-43367" active="Y" special="N">
		<Description>BURRITO|Pork</Description>
		<Barcode/>
		<Cost>7.2989</Cost>
		<Comments>July 2018 (F19)</Comments>
		<SalesGroup id="331">OK - SANDWICH KITCHEN</SalesGroup>
		<SalesCategory id="2">Food</SalesCategory>
		<IncomeAccount id="14" ref="Gross Sales" type="I" locked="Y">Gross Sales</IncomeAccount>
		<TaxGroup id=""/>
		<Price>8.99</Price>
		<PLU num="25351">BURRITO PORK</PLU>
	</Prod>
	<Prod id="R-33872" active="Y" special="N">
		<Description>BURRITO|Veg</Description>
		<Barcode/>
		<Cost>5.9789</Cost>
		<Comments/>
		<SalesGroup id="331">OK - SANDWICH KITCHEN</SalesGroup>
		<SalesCategory id="2">Food</SalesCategory>
		<IncomeAccount id="14" ref="Gross Sales" type="I" locked="Y">Gross Sales</IncomeAccount>
		<TaxGroup id=""/>
		<Price>7.99</Price>
		<PLU num="25349">BURRITO VEG</PLU>
	</Prod>
	<Prod id="R-64154" active="Y" special="N">
		<Description>BUTTER HORN</Description>
		<Barcode/>
		<Cost>2.4500</Cost>
		<Comments/>
		<SalesGroup id="363">OK - GRAB &amp; GO</SalesGroup>
		<SalesCategory id="2">Food</SalesCategory>
		<IncomeAccount id="14" ref="Gross Sales" type="I" locked="Y">Gross Sales</IncomeAccount>
		<TaxGroup id=""/>
		<Price>3.99</Price>
		<PLU num="34853">BUTTER HORN</PLU>
	</Prod>
	<Prod id="R-64094" active="Y" special="N">
		<Description>CAESAR SALAD</Description>
		<Barcode/>
		<Cost>4.2971</Cost>
		<Comments/>
		<SalesGroup id="332">OK - SQUARE MEAL</SalesGroup>
		<SalesCategory id="2">Food</SalesCategory>
		<IncomeAccount id="14" ref="Gross Sales" type="I" locked="Y">Gross Sales</IncomeAccount>
		<TaxGroup id=""/>
		<Price>7.99</Price>
		<PLU num="26265">CAESAR SALAD</PLU>
	</Prod>
	<Prod id="R-40704" active="Y" special="N">
		<Description>CAJUN CASHEWS</Description>
		<Barcode/>
		<Cost>2.5500</Cost>
		<Comments/>
		<SalesGroup id="190">GRAB N GO</SalesGroup>
		<SalesCategory id="2">Food</SalesCategory>
		<IncomeAccount id="14" ref="Gross Sales" type="I" locked="Y">Gross Sales</IncomeAccount>
		<TaxGroup id=""/>
		<Price>4.12</Price>
		<PLU num="24039">CAJUN CASHEWS</PLU>
	</Prod>
	<Prod id="R-54173" active="Y" special="N">
		<Description>CALI|Churros|OK</Description>
		<Barcode/>
		<Cost>0.7684</Cost>
		<Comments/>
		<SalesGroup id="287">SPECIALS</SalesGroup>
		<SalesCategory id="2">Food</SalesCategory>
		<IncomeAccount id="14" ref="Gross Sales" type="I" locked="Y">Gross Sales</IncomeAccount>
		<TaxGroup id=""/>
		<Price>2.15</Price>
		<PLU num="32631">CHURROS WITH CARAMEL </PLU>
	</Prod>
	<Prod id="R-31948" active="Y" special="N">
		<Description>CEREAL|Hot|Congee</Description>
		<Barcode/>
		<Cost>0.2617</Cost>
		<Comments/>
		<SalesGroup id="334">OK - SOUP </SalesGroup>
		<SalesCategory id="2">Food</SalesCategory>
		<IncomeAccount id="14" ref="Gross Sales" type="I" locked="Y">Gross Sales</IncomeAccount>
		<TaxGroup id=""/>
		<Price>3.99</Price>
		<PLU num="13171">RS - HOT CEREAL congee</PLU>
	</Prod>
	<Prod id="R-31947" active="Y" special="N">
		<Description>CEREAL|Hot|Oatmeal</Description>
		<Barcode/>
		<Cost>0.3850</Cost>
		<Comments/>
		<SalesGroup id="334">OK - SOUP </SalesGroup>
		<SalesCategory id="2">Food</SalesCategory>
		<IncomeAccount id="14" ref="Gross Sales" type="I" locked="Y">Gross Sales</IncomeAccount>
		<TaxGroup id=""/>
		<Price>1.99</Price>
		<PLU num="13169">RS - HOT CEREAL oatmeal</PLU>
	</Prod>
	<Prod id="R-64457" active="Y" special="N">
		<Description>Coconut|Flan|LM</Description>
		<Barcode/>
		<Cost>0.9743</Cost>
		<Comments/>
		<SalesGroup id="332">OK - SQUARE MEAL</SalesGroup>
		<SalesCategory id="2">Food</SalesCategory>
		<IncomeAccount id="14" ref="Gross Sales" type="I" locked="Y">Gross Sales</IncomeAccount>
		<TaxGroup id=""/>
		<Price>3.99</Price>
		<PLU num="35239">POPUP COCONUT FLAN</PLU>
	</Prod>
	<Prod id="R-67348" active="Y" special="N">
		<Description>COKE STARLIGHT ZERO</Description>
		<Barcode/>
		<Cost>1.3958</Cost>
		<Comments/>
		<SalesGroup id="2">BEVERAGE</SalesGroup>
		<SalesCategory id="2">Food</SalesCategory>
		<IncomeAccount id="14" ref="Gross Sales" type="I" locked="Y">Gross Sales</IncomeAccount>
		<TaxGroup id=""/>
		<Price>3.19</Price>
		<PLU num="36381">COKE STARLIGHT ZERO</PLU>
	</Prod>
	<Prod id="R-60814" active="Y" special="N">
		<Description>CONTAINER|Own Container Cr.</Description>
		<Barcode/>
		<Cost>0</Cost>
		<Comments/>
		<SalesGroup id="196">Own Container</SalesGroup>
		<SalesCategory id="2">Food</SalesCategory>
		<IncomeAccount id="14" ref="Gross Sales" type="I" locked="Y">Gross Sales</IncomeAccount>
		<TaxGroup id=""/>
		<Price>-0.20</Price>
		<PLU num="26874">OWN CONTAINER</PLU>
	</Prod>
	<Prod id="R-13175" active="Y" special="N">
		<Description>CONTAINER|Own Container Credit</Description>
		<Barcode/>
		<Cost>0</Cost>
		<Comments/>
		<SalesGroup id="196">Own Container</SalesGroup>
		<SalesCategory id="2">Food</SalesCategory>
		<IncomeAccount id="14" ref="Gross Sales" type="I" locked="Y">Gross Sales</IncomeAccount>
		<TaxGroup id=""/>
		<Price>-0.20</Price>
		<PLU num="14137">OWN CONTAINER / ECO-TO-GO</PLU>
	</Prod>
	<Prod id="R-45723" active="Y" special="N">
		<Description>CONTAINER|Paper Cup Charge</Description>
		<Barcode/>
		<Cost>0.0665</Cost>
		<Comments/>
		<SalesGroup id="40">SUPPLY</SalesGroup>
		<SalesCategory id="4">Misc. </SalesCategory>
		<IncomeAccount id="14" ref="Gross Sales" type="I" locked="Y">Gross Sales</IncomeAccount>
		<TaxGroup id=""/>
		<Price>0.25</Price>
		<PLU num="26231">PAPER CUP CHARGE</PLU>
	</Prod>
	<Prod id="R-29827" active="Y" special="N">
		<Description>CONTAINER|Take Out</Description>
		<Barcode/>
		<Cost>0.3144</Cost>
		<Comments/>
		<SalesGroup id="40">SUPPLY</SalesGroup>
		<SalesCategory id="4">Misc. </SalesCategory>
		<IncomeAccount id="14" ref="Gross Sales" type="I" locked="Y">Gross Sales</IncomeAccount>
		<TaxGroup id=""/>
		<Price>0.75</Price>
		<PLU num="13823">CONTAINER - TAKE OUT</PLU>
	</Prod>
	<Prod id="R-57965" active="Y" special="N">
		<Description>COOKED|Chow Mein|CST</Description>
		<Barcode/>
		<Cost>0.4796</Cost>
		<Comments/>
		<SalesGroup id="329">OK - CUSTOM KITCHEN</SalesGroup>
		<SalesCategory id="2">Food</SalesCategory>
		<IncomeAccount id="14" ref="Gross Sales" type="I" locked="Y">Gross Sales</IncomeAccount>
		<TaxGroup id=""/>
		<Price>99.99</Price>
		<PLU num=""/>
	</Prod>
	<Prod id="R-35313" active="Y" special="N">
		<Description>GRL|Salad|Caesar</Description>
		<Barcode/>
		<Cost>4.2612</Cost>
		<Comments>June 2018 (F19)</Comments>
		<SalesGroup id="326">OK - GRILL KITCHEN DAY</SalesGroup>
		<SalesCategory id="2">Food</SalesCategory>
		<IncomeAccount id="14" ref="Gross Sales" type="I" locked="Y">Gross Sales</IncomeAccount>
		<TaxGroup id=""/>
		<Price>0</Price>
		<PLU num="22590">Caesar Salad</PLU>
	</Prod>
</Prods>
