﻿<?xml version="1.0" encoding="UTF-8" standalone="yes"?>
<Recipes>
	<Recipe id="P-9745" image="">***COOKS AND CHEFS, PLEASE READ THE ENTIRE RECIPE BEFORE BEGINNING- THIS IS A RECOMMENDED STEP WI Johnny
TH EVERY PRODUCT WE EVER PRODUCE- THANK YOU***

Related Products this prep gets used in:

Allergens: (to be filled out by nutrition)
Method:
1.
2.
3.
-cool, store, label and rotated this item with older product correctly and diligently 

Portioning:

Utensils needed:
</Recipe>
	<Recipe id="P-9765" image="">***COOKS AND CHEFS, PLEASE READ THE ENTIRE RECIPE BEFORE BEGINNING- THIS IS A RECOMMENDED STEP WITH EVERY PRODUCT WE EVER PRODUCE- THANK YOU***
johnny

Related Products this prep gets used in:

Allergens: (to be filled out by nutrition)
Method:
1. Gather all ingredients and tools
2. Cut into small dice, approx 1/4 inch
3.
-cool, store, label and rotated this item with older product correctly and diligently 

Portioning:

Utensils needed:
</Recipe>
	<Recipe id="P-13648" image="">***COOKS AND CHEFS, PLEASE READ THE ENTIRE RECIPE BEFORE BEGINNING- THIS IS A RECOMMENDED STEP WITH EVERY PRODUCT WE EVER PRODUCE- THANK YOU***

Related Products this prep gets used in:

Allergens: (to be filled out by nutrition)
Method:
1.Cut bread in 1/4inch cubes
2.Toss in oil, salt and pepper. Coat well
3.Bake on sheet until golden and dry inside
-cool, store, label and rotated this item with older product correctly and diligently 

Portioning:

Utensils needed:
</Recipe>
	<Recipe id="P-18746" image="">***COOKS AND CHEFS, PLEASE READ THE ENTIRE RECIPE BEFORE BEGINNING- THIS IS A RECOMMENDED STEP WITH EVERY PRODUCT WE EVER PRODUCE- THANK YOU***

Johnny,

Related Products this prep gets used in:

Allergens: (to be filled out by nutrition)
Method:
1.Gather ingredients
2.wash and cut to size wanted
3.place in container, label and store

-cool, store, label and rotated this item with older product correctly and diligently 

Portioning:

Utensils needed:
</Recipe>
	<Recipe id="P-19175" image="">Allergen:

n/a

Icon:

vegan, vegetarian, made without gluten

Method:



</Recipe>
	<Recipe id="P-24750" image=""/>
	<Recipe id="P-25993" image="">1) Combine and mix well

2) Place in appropriate sized container, lable and date.</Recipe>
	<Recipe id="P-26020" image="">1. Puree garlic in batches in robot coupe
2. Mix in garlic</Recipe>
	<Recipe id="P-26054" image="">PREP RECIPE
***COOKS AND CHEFS, PLEASE READ THE ENTIRE RECIPE BEFORE BEGINNING- THIS IS A RECOMMENDED STEP WITH EVERY PRODUCT WE PRODUCE- THANK YOU***

Related Products this prep is used in:

Allergens: (to be filled out by nutrition)
Method:
1. Combine everything and mix thoroughly.
2. Adjust water content as needed, make it pourable.

Label and store.
Rotate this item with older product.

PLEASE DO NOT DOUBLE THIS RECIPE- A SINGLE RECIPE IS PLENTY</Recipe>
	<Recipe id="P-26062" image="">***COOKS AND CHEFS, PLEASE READ THE ENTIRE RECIPE BEFORE BEGINNING- THIS IS A RECOMMENDED STEP WITH EVERY PRODUCT WE EVER PRODUCE- THANK YOU***
Related Products this prep gets used in:

Allergens: 
Method:

NOTE: this is 2 boxes of tomatoes.

1. Dice tomatoes and place in perferated insert to drain excess liquid. Ensure tomatoes are small dice. Use the same dicing blade for the red onions.

2. Puree jalapenos in robot coupe until finely minced.

3. Put tomatoes into an insert and add red onion, jalapeno, cilantro, kosher salt, black pepper and lime juice. Mix well.  

3. Adjust seasoning.

-store, label and rotate this item with older product correctly and diligently.

Portioning:

Utensils needed:</Recipe>
	<Recipe id="P-26134" image="">***COOKS AND CHEFS, PLEASE READ THE ENTIRE RECIPE BEFORE BEGINNING- THIS IS A RECOMMENDED STEP WITH EVERY PRODUCT WE EVER PRODUCE- THANK YOU***
Related Products this prep gets used in:

Allergens: 
Method:

1. Preheat oven to 320F

2. Combine achiote paste, orange and pineapple juice.

3.  Slice each butt in half, and season pork with salt and pepper.  Make sure to get in all the cracks.

4. Place pork in braising dish with onions and jalapenos. cover with achiote marinade and add water until it comes halfway up the shoulder. Bring to simmer on french top before putting it in the oven.

5. Cover pork and braise in oven for about 3.5 hours, or until pork pulls easily apart

6. Remove meat and pull apart or shred with forks, removing large pieces of fat. Add back some of braising liquid in pork to keep moist

-cool, store, label and rotate this item with older product correctly and diligently.

Portioning:</Recipe>
	<Recipe id="P-26514" image="">***COOKS AND CHEFS, PLEASE READ THE ENTIRE RECIPE BEFORE BEGINNING- THIS IS A RECOMMENDED STEP WITH EVERY PRODUCT WE EVER PRODUCE- THANK YOU***
Johnny

Related Products this prep gets used in:

Allergens: (to be filled out by nutrition)

Method:
1. Gather All Ingredients and tools
2. Cut stem off
3. Pick leaves off

-cool, store, label and rotated this item with older product correctly and diligently 

Portioning:

Utensils needed: Cutting board, knife, insert
</Recipe>
	<Recipe id="P-28258" image="">***COOKS AND CHEFS, PLEASE READ THE ENTIRE RECIPE BEFORE BEGINNING- THIS IS A RECOMMENDED STEP WITH EVERY PRODUCT WE EVER PRODUCE- THANK YOU***
Related Products this prep gets used in:

Allergens: 
Method:

1. Fill kettle with ROOM TEMPERATURE water. Do Not tutnr the kettle on.
2. Place the noodles into the water fully submerging the noodles. Mix the noodles around until they have loosened up and move freely and un-forzen
3. Noodles should be firm but not crispy.
4. Remove from kettle and let drain.
5. Lightly oil the noddles and store them labeled and rotated correctly.
6. Noodles are to be cook &quot;a-la-minute&quot; on the station as needed 

Portioning:

Utensils needed:
</Recipe>
	<Recipe id="R-31948" image=""/>
	<Recipe id="P-32661" image="">1)  Bring water to a boil in large stock pot.  Add veg stock concentrate and stir well to combine.  Use immidiatly, or cool in appropriate container and label, date, refrigerate.</Recipe>
	<Recipe id="P-33866" image="">***COOKS AND CHEFS, PLEASE READ THE ENTIRE RECIPE BEFORE BEGINNING- THIS IS A RECOMMENDED STEP WITH EVERY PRODUCT WE EVER PRODUCE- THANK YOU***
Related Products this prep gets used in:

Allergens: 
Method:

1. Mix all ingredients together and allow to marinade for 24 hours.

2. In a large rondo or tilt skillet add oil and when warm add chciken in batches ( do not overcrowd). This will allow a nice sear on the chicken.

3. Cook fully and hot hold for service.

-store, label and rotate this item with older product correctly and diligently.

Portioning:

Utensils needed:</Recipe>
	<Recipe id="P-33867" image="">***COOKS AND CHEFS, PLEASE READ THE ENTIRE RECIPE BEFORE BEGINNING- THIS IS A RECOMMENDED STEP WITH EVERY PRODUCT WE EVER PRODUCE- THANK YOU***
Related Products this prep gets used in:

Allergens: 
Method:

1. Make veg stock as per recipe.  

2. Combine veg stock with onion, garlic, jalapeno and parsley.  Blend well. 

3. Rinse rice very well under water.  Add puree to rice and steam for 35 minutes.

-cool, store, label and rotate this item with older product correctly and diligently.

Portioning:

Utensils needed:</Recipe>
	<Recipe id="R-33872" image=""/>
	<Recipe id="P-34311" image="">***COOKS AND CHEFS, PLEASE READ THE ENTIRE RECIPE BEFORE BEGINNING- THIS IS A RECOMMENDED STEP WITH EVERY PRODUCT WE EVER PRODUCE- THANK YOU***
Johnny


Allergens: (To be filled out by nutrition)
Method:
1.Bring brown sugar, butter, and milk to a gentle boil and cook until thickened 1 to 2 minutes
2. Remove from heat; add vanilla extract.
3.cool, store, label and rotated this item with older product correctly and diligently 

Portioning:

Utensils needed:


,</Recipe>
	<Recipe id="R-35313" image="">1) Toss romaine lettuce and croutons together in bowl with dressing.  Place greens on plate. 

2) Top with parmesan cheese, croutons and lemomn wedge.  Serve immidiately.



</Recipe>
	<Recipe id="P-35723" image="">1)  Remove labels from cans of condensed milk.

2)  Bring water to a boil in large rondeau.  Once a boil is reached, carfully place unopened cans of condensed milk into water and lower to a simmer.  Continue simmering for 5 hours (or more, you can&apos;t really over cook it!)

3)  ***IT IS VERY IMPORTANT THAT YOU CONTINUE TO FILL THE WATER AND MAKE SURE THE CANS ARE COMPLETELY COVERED.  THEY WILL EXPLODE IF LEFT UNATTENDED.***

4)  Allow to cool completely (overnight is best).  Peel away tops of cans and scoop into appropriate sized insert if needed right away.  Otherwise, just leave in the cans until needed.  Ensure to label.

Allergens:

Milk/Dairy
</Recipe>
	<Recipe id="P-35773" image=""/>
	<Recipe id="R-43366" image=""/>
	<Recipe id="P-44429" image="">1)  Set up robot coupe slicer with 1/4&quot; dice attachment.  If you don&apos;t know how, ask chef or a 1st cook.  

2)  Set up a perforated insert to catch tomato and allow them to drain as they come out of the robot coupe.

3)  Label, date, refrigerate, or reserve for making recipes or service.

Allergens:

No known prioirity allergens.
</Recipe>
	<Recipe id="P-47541" image="">***COOKS AND CHEFS, PLEASE READ THE ENTIRE RECIPE BEFORE BEGINNING- THIS IS A RECOMMENDED
STEP WITH EVERY PRODUCT WE EVER PRODUCE- THANK YOU***
johnny

Related Products this prep gets used in:

Allergens: (to be filled out by nutrition)
Method:
1.Gather ingredients
2.blend together and use
3.
-cool, store, label and rotated this item with older product correctly and diligently

Portioning:

Utensils needed:</Recipe>
	<Recipe id="P-49662" image="">Method:
wash zucchini
trim ends 
cut into 1&quot; thick rounds ( if zucchini is over 2&quot; in diameter, cut in half lenghtwise
toss with oil, salt, pepper
grill over high heat until marked
remove from heat, allow to cool 

</Recipe>
	<Recipe id="P-50350" image="">PREP RECIPE
***COOKS AND CHEFS, PLEASE READ THE ENTIRE RECIPE BEFORE BEGINNING- THIS IS A RECOMMENDED STEP WITH EVERY PRODUCT WE PRODUCE- THANK YOU***

Related Products this prep is used in:

Allergens: (to be filled out by nutrition)
Method:
1. Put bowl of stand mixer in freezer for about 5 minutes to ensure it&apos;s cool.

2. Add whipping cream to bowl of stand mixer with whisk attachment. Once cream begins to thicken, add icing sugar, vanilla and cinnamon. Continue to whip until stiff.

3. Can be held for 24 - 36 hours or until it begins to break.
Cool, label and store.
Rotate this item with older product.</Recipe>
	<Recipe id="P-50587" image="">***COOKS AND CHEFS, PLEASE READ THE ENTIRE RECIPE BEFORE BEGINNING- THIS IS A RECOMMENDED STEP WITH EVERY PRODUCT WE EVER PRODUCE- THANK YOU***
Amanda

Related Products this prep gets used in:

Allergens: (to be filled out by nutrition)

Method:

1. Gather all ingredients and tools

2. core out stem 

3. Quarter tomato, remove soft flesh and seeds, reserve for other uses.

4. Small Dice tomatoes for recipes.

*Cool, store, label and rotate this item with older product correctly and diligently </Recipe>
	<Recipe id="P-53616" image="">***COOKS AND CHEFS, PLEASE READ THE ENTIRE RECIPE BEFORE BEGINNING- THIS IS A RECOMMENDED STEP WITH EVERY PRODUCT WE EVER PRODUCE- THANK YOU***
Johnny

Related Products this prep gets used in:

Allergens: (to be filled out by nutrition)

Method:

1. Gather all ingredients and tools
2. Cut Stem and seed off of pepper
3. cut into Small dice, lightly bigger than brunoise

-cool, store, label and rotated this item with older product correctly and diligently 

Portioning: 
</Recipe>
	<Recipe id="P-53994" image="">
PREP RECIPE

Toss the peppers with canola, salt and pepper and roast in a hot oven on a parchment lined sheet pan until lightly browned and hot throughout. </Recipe>
	<Recipe id="R-54173" image="">***COOKS AND CHEFS, PLEASE READ THE ENTIRE RECIPE BEFORE BEGINNING- THIS IS A RECOMMENDED STEP WITH EVERY PRODUCT WE EVER PRODUCE- THANK YOU***
Johnny

Preps used in this Product recipe:

Allergens: (To be filled out by nutrition)
Method:
1. Tray doughnuts out and let proof for 30 minutes at room temp (SET A TIMER)
2. Bake Churro doughnut at 350 for 10 min.
3. Toss in sugar (found in churro case)
4. Serve with warm caramel sauce

Portioning:
1 doughnut 1 small ramiken of sauce

Utensils needed:
finger food
</Recipe>
	<Recipe id="P-54697" image="">
PREP RECIPE

There are approx. 4 lemons per pound. a lemon is cut into 8 wedges, this recipe represents this.</Recipe>
	<Recipe id="P-57092" image="">Remove core and trim tips of &quot;rusty&quot; or undesirable pices of romaine. 1 head trimmed and prepped yields aproximately 1.5 pounds</Recipe>
	<Recipe id="P-57146" image="">***COOKS AND CHEFS, PLEASE READ THE ENTIRE RECIPE BEFORE BEGINNING- THIS IS A RECOMMENDED STEP WITH EVERY PRODUCT WE EVER PRODUCE- THANK YOU***
Amanda

Related Products this prep gets used in: 

Allergens: (to be filled out by nutrition)
Method:

1. Gather inredents.

2. Remove stem/core/seeds. discard

3. Cut into apropriate shape/size for recipe use


*Cool, store, label and rotate this item with older product correctly and diligently </Recipe>
	<Recipe id="P-61788" image=""/>
	<Recipe id="P-61789" image="">PREP RECIPE
***COOKS AND CHEFS, PLEASE READ THE ENTIRE RECIPE BEFORE BEGINNING- THIS IS A RECOMMENDED STEP WITH EVERY PRODUCT WE PRODUCE- THANK YOU***

Related Products this prep is used in:

Allergens: (to be filled out by nutrition)
Method:
1. Cut veg into long slices 1-2 cm thick.
2. Grill on both sides to get some grill marks and smokey flavour.
3. Remove from grill and toss together with olive oil and salt &amp; pepper.

Cool, label and store.
Rotate this item with older product.
Portioning:

Utensils needed:
</Recipe>
	<Recipe id="P-63555" image="">PREP RECIPE
***COOKS AND CHEFS, PLEASE READ THE ENTIRE RECIPE BEFORE BEGINNING- THIS IS A RECOMMENDED STEP WITH EVERY PRODUCT WE PRODUCE- THANK YOU***

Related Products this prep is used in:

Allergens: (to be filled out by nutrition)
Method:
1. Roast tomatoes in 450F oven until blistered.
2. Puree with jalapenos.
3. Add remaining ingredients and adjust seasoning.

Cool, label and store.
Rotate this item with older product.
Portioning:

Utensils needed:
</Recipe>
	<Recipe id="P-64456" image=""/>
</Recipes>
