﻿<?xml version="1.0" encoding="UTF-8" standalone="yes"?>
<Conversions>
	<Conversion id="" multiplier="1.00000000">
		<ConvertFrom qty="1.0000" uom="XXX"/>
		<ConvertTo qty="1.0000" uom="L"/>
	</Conversion>
	<Conversion id="" multiplier="0.87719298">
		<ConvertFrom qty="1.0000" uom="1.14L"/>
		<ConvertTo qty="1.1400" uom="L"/>
	</Conversion>
	<Conversion id="" multiplier="0.66666667">
		<ConvertFrom qty="1.0000" uom="1.5L"/>
		<ConvertTo qty="1.5000" uom="L"/>
	</Conversion>
	<Conversion id="" multiplier="0.57142857">
		<ConvertFrom qty="1.0000" uom="1.75 L"/>
		<ConvertTo qty="1.7500" uom="L"/>
	</Conversion>
	<Conversion id="" multiplier="0.50000000">
		<ConvertFrom qty="1.0000" uom="2L"/>
		<ConvertTo qty="2.0000" uom="L"/>
	</Conversion>
	<Conversion id="" multiplier="0.25000000">
		<ConvertFrom qty="1.0000" uom="4L"/>
		<ConvertTo qty="4.0000" uom="L"/>
	</Conversion>
	<Conversion id="" multiplier="0.08333333">
		<ConvertFrom qty="1.0000" uom="FOOT"/>
		<ConvertTo qty="12.0000" uom="INCH"/>
	</Conversion>
	<Conversion id="" multiplier="0.06250000">
		<ConvertFrom qty="1.0000" uom="16L"/>
		<ConvertTo qty="16.0000" uom="L"/>
	</Conversion>
	<Conversion id="" multiplier="0.05917160">
		<ConvertFrom qty="1.0000" uom="1/2LTR"/>
		<ConvertTo qty="16.9000" uom="fl oz"/>
	</Conversion>
	<Conversion id="" multiplier="0.03937008">
		<ConvertFrom qty="1.0000" uom="750ML"/>
		<ConvertTo qty="25.4000" uom="fl oz"/>
	</Conversion>
	<Conversion id="" multiplier="0.03333333">
		<ConvertFrom qty="1.0000" uom="KEG 30L"/>
		<ConvertTo qty="30.0000" uom="L"/>
	</Conversion>
	<Conversion id="" multiplier="0.02597403">
		<ConvertFrom qty="1.0000" uom="1140ml"/>
		<ConvertTo qty="38.5000" uom="fl oz"/>
	</Conversion>
	<Conversion id="" multiplier="0.02500000">
		<ConvertFrom qty="1.0000" uom="full in"/>
		<ConvertTo qty="40.0000" uom="PTN"/>
	</Conversion>
	<Conversion id="" multiplier="0.02000000">
		<ConvertFrom qty="1.0000" uom="KEG 50L"/>
		<ConvertTo qty="50.0000" uom="L"/>
	</Conversion>
	<Conversion id="" multiplier="0.01706485">
		<ConvertFrom qty="1.0000" uom="KEG 59L"/>
		<ConvertTo qty="58.6000" uom="L"/>
	</Conversion>
	<Conversion id="" multiplier="0.01666667">
		<ConvertFrom qty="1.0000" uom="HOUR"/>
		<ConvertTo qty="60.0000" uom="MINUTE"/>
	</Conversion>
	<Conversion id="" multiplier="0.00200000">
		<ConvertFrom qty="1.0000" uom="500ML"/>
		<ConvertTo qty="500.0000" uom="ml"/>
	</Conversion>
	<Conversion id="" multiplier="0.00153846">
		<ConvertFrom qty="1.0000" uom="650ML"/>
		<ConvertTo qty="650.0000" uom="ml"/>
	</Conversion>
	<Conversion id="" multiplier="0.00151515">
		<ConvertFrom qty="1.0000" uom="660ML"/>
		<ConvertTo qty="660.0000" uom="ml"/>
	</Conversion>
	<Conversion id="" multiplier="0.00142857">
		<ConvertFrom qty="1.0000" uom="700ML"/>
		<ConvertTo qty="700.0000" uom="ml"/>
	</Conversion>
	<Conversion id="" multiplier="0.00140845">
		<ConvertFrom qty="1.0000" uom="710ml"/>
		<ConvertTo qty="710.0000" uom="ml"/>
	</Conversion>
	<Conversion id="" multiplier="0.00133333">
		<ConvertFrom qty="1.0000" uom="750ML"/>
		<ConvertTo qty="750.0000" uom="ml"/>
	</Conversion>
	<Conversion id="" multiplier="0.00059172">
		<ConvertFrom qty="1.0000" uom="keg50L"/>
		<ConvertTo qty="1690.0000" uom="fl oz"/>
	</Conversion>
	<Conversion id="" multiplier="0.00050403">
		<ConvertFrom qty="1.0000" uom="keg59L"/>
		<ConvertTo qty="1984.0000" uom="fl oz"/>
	</Conversion>
	<Conversion id="" multiplier="2.00000000">
		<ConvertFrom qty="2.0000" uom="cup"/>
		<ConvertTo qty="1.0000" uom="pt"/>
	</Conversion>
	<Conversion id="" multiplier="2.00000000">
		<ConvertFrom qty="2.0000" uom="pt"/>
		<ConvertTo qty="1.0000" uom="qt"/>
	</Conversion>
	<Conversion id="" multiplier="2.00000000">
		<ConvertFrom qty="2.0000" uom="Tbsp"/>
		<ConvertTo qty="1.0000" uom="fl oz"/>
	</Conversion>
	<Conversion id="" multiplier="3.00000000">
		<ConvertFrom qty="3.0000" uom="tsp"/>
		<ConvertTo qty="1.0000" uom="Tbsp"/>
	</Conversion>
	<Conversion id="" multiplier="4.00000000">
		<ConvertFrom qty="4.0000" uom="qt"/>
		<ConvertTo qty="1.0000" uom="gal"/>
	</Conversion>
	<Conversion id="" multiplier="8.00000000">
		<ConvertFrom qty="8.0000" uom="fl oz"/>
		<ConvertTo qty="1.0000" uom="cup"/>
	</Conversion>
	<Conversion id="" multiplier="16.00000000">
		<ConvertFrom qty="16.0000" uom="oz"/>
		<ConvertTo qty="1.0000" uom="lb"/>
	</Conversion>
	<Conversion id="" multiplier="28.34950000">
		<ConvertFrom qty="28.3495" uom="g"/>
		<ConvertTo qty="1.0000" uom="oz"/>
	</Conversion>
	<Conversion id="" multiplier="29.57350000">
		<ConvertFrom qty="29.5735" uom="ml"/>
		<ConvertTo qty="1.0000" uom="fl oz"/>
	</Conversion>
	<Conversion id="" multiplier="35.21126761">
		<ConvertFrom qty="100.0000" uom="fl oz"/>
		<ConvertTo qty="2.8400" uom="L"/>
	</Conversion>
	<Conversion id="" multiplier="1000.00000000">
		<ConvertFrom qty="1000.0000" uom="g"/>
		<ConvertTo qty="1.0000" uom="Kg"/>
	</Conversion>
	<Conversion id="" multiplier="1000.00000000">
		<ConvertFrom qty="1000.0000" uom="mg"/>
		<ConvertTo qty="1.0000" uom="g"/>
	</Conversion>
	<Conversion id="" multiplier="1000.00000000">
		<ConvertFrom qty="1000.0000" uom="ml"/>
		<ConvertTo qty="1.0000" uom="L"/>
	</Conversion>
	<Conversion id="I-1820" multiplier="0.03215434">
		<ConvertFrom qty="1.0000" uom="fl oz"/>
		<ConvertTo qty="31.1000" uom="g"/>
	</Conversion>
	<Conversion id="I-1820" multiplier="0.00401606">
		<ConvertFrom qty="1.0000" uom="cup"/>
		<ConvertTo qty="249.0000" uom="g"/>
	</Conversion>
	<Conversion id="I-1821" multiplier="0.03194888">
		<ConvertFrom qty="1.0000" uom="fl oz"/>
		<ConvertTo qty="31.3000" uom="g"/>
	</Conversion>
	<Conversion id="I-1821" multiplier="0.00400000">
		<ConvertFrom qty="1.0000" uom="cup"/>
		<ConvertTo qty="250.0000" uom="g"/>
	</Conversion>
	<Conversion id="I-2205" multiplier="0.06666667">
		<ConvertFrom qty="1.0000" uom="Tbsp"/>
		<ConvertTo qty="15.0000" uom="g"/>
	</Conversion>
	<Conversion id="I-2205" multiplier="0.03311258">
		<ConvertFrom qty="1.0000" uom="fl oz"/>
		<ConvertTo qty="30.2000" uom="g"/>
	</Conversion>
	<Conversion id="I-2205" multiplier="0.00413223">
		<ConvertFrom qty="1.0000" uom="cup"/>
		<ConvertTo qty="242.0000" uom="g"/>
	</Conversion>
	<Conversion id="I-2236" multiplier="0.03278689">
		<ConvertFrom qty="1.0000" uom="fl oz"/>
		<ConvertTo qty="30.5000" uom="g"/>
	</Conversion>
	<Conversion id="I-2236" multiplier="0.00409836">
		<ConvertFrom qty="1.0000" uom="cup"/>
		<ConvertTo qty="244.0000" uom="g"/>
	</Conversion>
	<Conversion id="I-2236" multiplier="0.00102459">
		<ConvertFrom qty="1.0000" uom="qt"/>
		<ConvertTo qty="976.0000" uom="g"/>
	</Conversion>
	<Conversion id="I-2254" multiplier="0.06666667">
		<ConvertFrom qty="1.0000" uom="Tbsp"/>
		<ConvertTo qty="15.0000" uom="g"/>
	</Conversion>
	<Conversion id="I-2254" multiplier="0.00413223">
		<ConvertFrom qty="1.0000" uom="cup"/>
		<ConvertTo qty="242.0000" uom="g"/>
	</Conversion>
	<Conversion id="I-3386" multiplier="0.22222222">
		<ConvertFrom qty="1.0000" uom="tsp"/>
		<ConvertTo qty="4.5000" uom="g"/>
	</Conversion>
	<Conversion id="I-3386" multiplier="0.07352941">
		<ConvertFrom qty="1.0000" uom="Tbsp"/>
		<ConvertTo qty="13.6000" uom="g"/>
	</Conversion>
	<Conversion id="I-3386" multiplier="0.00458716">
		<ConvertFrom qty="1.0000" uom="cup"/>
		<ConvertTo qty="218.0000" uom="g"/>
	</Conversion>
	<Conversion id="I-3387" multiplier="1.00000000">
		<ConvertFrom qty="1.0000" uom="L"/>
		<ConvertTo qty="1.0000" uom="Kg"/>
	</Conversion>
	<Conversion id="I-3387" multiplier="0.22222222">
		<ConvertFrom qty="1.0000" uom="tsp"/>
		<ConvertTo qty="4.5000" uom="g"/>
	</Conversion>
	<Conversion id="I-3387" multiplier="0.07142857">
		<ConvertFrom qty="1.0000" uom="Tbsp"/>
		<ConvertTo qty="14.0000" uom="g"/>
	</Conversion>
	<Conversion id="I-3387" multiplier="0.00458716">
		<ConvertFrom qty="1.0000" uom="cup"/>
		<ConvertTo qty="218.0000" uom="g"/>
	</Conversion>
	<Conversion id="I-3388" multiplier="0.22222222">
		<ConvertFrom qty="1.0000" uom="tsp"/>
		<ConvertTo qty="4.5000" uom="g"/>
	</Conversion>
	<Conversion id="I-3388" multiplier="0.07142857">
		<ConvertFrom qty="1.0000" uom="Tbsp"/>
		<ConvertTo qty="14.0000" uom="g"/>
	</Conversion>
	<Conversion id="I-3388" multiplier="0.00458716">
		<ConvertFrom qty="1.0000" uom="cup"/>
		<ConvertTo qty="218.0000" uom="g"/>
	</Conversion>
	<Conversion id="I-3390" multiplier="0.22222222">
		<ConvertFrom qty="1.0000" uom="tsp"/>
		<ConvertTo qty="4.5000" uom="g"/>
	</Conversion>
	<Conversion id="I-3390" multiplier="0.07407407">
		<ConvertFrom qty="1.0000" uom="Tbsp"/>
		<ConvertTo qty="13.5000" uom="g"/>
	</Conversion>
	<Conversion id="I-3390" multiplier="0.00462963">
		<ConvertFrom qty="1.0000" uom="cup"/>
		<ConvertTo qty="216.0000" uom="g"/>
	</Conversion>
	<Conversion id="I-3458" multiplier="0.00093897">
		<ConvertFrom qty="1.0000" uom="L"/>
		<ConvertTo qty="1065.0000" uom="g"/>
	</Conversion>
	<Conversion id="I-3621" multiplier="1.42857143">
		<ConvertFrom qty="1.0000" uom="tsp"/>
		<ConvertTo qty="0.7000" uom="g"/>
	</Conversion>
	<Conversion id="I-3624" multiplier="0.55555556">
		<ConvertFrom qty="1.0000" uom="tsp"/>
		<ConvertTo qty="1.8000" uom="g"/>
	</Conversion>
	<Conversion id="I-3624" multiplier="0.18867925">
		<ConvertFrom qty="1.0000" uom="Tbsp"/>
		<ConvertTo qty="5.3000" uom="g"/>
	</Conversion>
	<Conversion id="I-3629" multiplier="0.55555556">
		<ConvertFrom qty="1.0000" uom="tsp"/>
		<ConvertTo qty="1.8000" uom="g"/>
	</Conversion>
	<Conversion id="I-3629" multiplier="0.20000000">
		<ConvertFrom qty="1.0000" uom="Tbsp"/>
		<ConvertTo qty="5.0000" uom="g"/>
	</Conversion>
	<Conversion id="I-3630" multiplier="0.16666667">
		<ConvertFrom qty="1.0000" uom="Tbsp"/>
		<ConvertTo qty="6.0000" uom="g"/>
	</Conversion>
	<Conversion id="I-3632" multiplier="0.32258065">
		<ConvertFrom qty="1.0000" uom="tsp"/>
		<ConvertTo qty="3.1000" uom="g"/>
	</Conversion>
	<Conversion id="I-3632" multiplier="0.10309278">
		<ConvertFrom qty="1.0000" uom="Tbsp"/>
		<ConvertTo qty="9.7000" uom="g"/>
	</Conversion>
	<Conversion id="I-3643" multiplier="0.14492754">
		<ConvertFrom qty="1.0000" uom="Tbsp"/>
		<ConvertTo qty="6.9000" uom="g"/>
	</Conversion>
	<Conversion id="I-3660" multiplier="0.23809524">
		<ConvertFrom qty="1.0000" uom="tsp"/>
		<ConvertTo qty="4.2000" uom="g"/>
	</Conversion>
	<Conversion id="I-3660" multiplier="0.00500000">
		<ConvertFrom qty="1.0000" uom="cup"/>
		<ConvertTo qty="200.0000" uom="g"/>
	</Conversion>
	<Conversion id="I-3676" multiplier="0.00587302">
		<ConvertFrom qty="0.3700" uom="L"/>
		<ConvertTo qty="63.0000" uom="g"/>
	</Conversion>
	<Conversion id="I-3676" multiplier="0.35211268">
		<ConvertFrom qty="1.0000" uom="LG CAN"/>
		<ConvertTo qty="2.8400" uom="L"/>
	</Conversion>
	<Conversion id="I-3695" multiplier="0.20000000">
		<ConvertFrom qty="1.0000" uom="tsp"/>
		<ConvertTo qty="5.0000" uom="g"/>
	</Conversion>
	<Conversion id="I-3695" multiplier="0.06711409">
		<ConvertFrom qty="1.0000" uom="Tbsp"/>
		<ConvertTo qty="14.9000" uom="g"/>
	</Conversion>
	<Conversion id="I-3695" multiplier="0.00418410">
		<ConvertFrom qty="1.0000" uom="cup"/>
		<ConvertTo qty="239.0000" uom="g"/>
	</Conversion>
	<Conversion id="I-3698" multiplier="0.20000000">
		<ConvertFrom qty="1.0000" uom="tsp"/>
		<ConvertTo qty="5.0000" uom="g"/>
	</Conversion>
	<Conversion id="I-3698" multiplier="0.06711409">
		<ConvertFrom qty="1.0000" uom="Tbsp"/>
		<ConvertTo qty="14.9000" uom="g"/>
	</Conversion>
	<Conversion id="I-3698" multiplier="0.00420168">
		<ConvertFrom qty="1.0000" uom="cup"/>
		<ConvertTo qty="238.0000" uom="g"/>
	</Conversion>
	<Conversion id="I-3698" multiplier="0.00100000">
		<ConvertFrom qty="1.0000" uom="L"/>
		<ConvertTo qty="1000.0000" uom="g"/>
	</Conversion>
	<Conversion id="I-4341" multiplier="0.06250000">
		<ConvertFrom qty="0.2500" uom="cup"/>
		<ConvertTo qty="4.0000" uom="g"/>
	</Conversion>
	<Conversion id="I-4341" multiplier="0.35714286">
		<ConvertFrom qty="1.0000" uom="CT"/>
		<ConvertTo qty="2.8000" uom="oz"/>
	</Conversion>
	<Conversion id="I-4473" multiplier="0.00735294">
		<ConvertFrom qty="1.0000" uom="HEAD"/>
		<ConvertTo qty="136.0000" uom="g"/>
	</Conversion>
	<Conversion id="I-4712" multiplier="0.01492537">
		<ConvertFrom qty="1.0000" uom="CT"/>
		<ConvertTo qty="67.0000" uom="g"/>
	</Conversion>
	<Conversion id="I-4745" multiplier="0.00666667">
		<ConvertFrom qty="1.0000" uom="ea"/>
		<ConvertTo qty="150.0000" uom="g"/>
	</Conversion>
	<Conversion id="I-4772" multiplier="0.26315789">
		<ConvertFrom qty="1.0000" uom="Tbsp"/>
		<ConvertTo qty="3.8000" uom="g"/>
	</Conversion>
	<Conversion id="I-4772" multiplier="0.01000000">
		<ConvertFrom qty="1.0000" uom="BUNCH"/>
		<ConvertTo qty="100.0000" uom="g"/>
	</Conversion>
	<Conversion id="I-4894" multiplier="0.04000000">
		<ConvertFrom qty="1.0000" uom="ea"/>
		<ConvertTo qty="25.0000" uom="g"/>
	</Conversion>
	<Conversion id="I-5983" multiplier="0.03378378">
		<ConvertFrom qty="1.0000" uom="fl oz"/>
		<ConvertTo qty="29.6000" uom="g"/>
	</Conversion>
	<Conversion id="I-5983" multiplier="0.00100000">
		<ConvertFrom qty="1.0000" uom="L"/>
		<ConvertTo qty="1000.0000" uom="g"/>
	</Conversion>
	<Conversion id="I-6006" multiplier="0.22222222">
		<ConvertFrom qty="1.0000" uom="tsp"/>
		<ConvertTo qty="4.5000" uom="g"/>
	</Conversion>
	<Conversion id="I-6006" multiplier="0.07407407">
		<ConvertFrom qty="1.0000" uom="Tbsp"/>
		<ConvertTo qty="13.5000" uom="g"/>
	</Conversion>
	<Conversion id="I-6006" multiplier="0.00462963">
		<ConvertFrom qty="1.0000" uom="cup"/>
		<ConvertTo qty="216.0000" uom="g"/>
	</Conversion>
	<Conversion id="I-6443" multiplier="0.03246753">
		<ConvertFrom qty="1.0000" uom="fl oz"/>
		<ConvertTo qty="30.8000" uom="g"/>
	</Conversion>
	<Conversion id="I-6443" multiplier="0.00406504">
		<ConvertFrom qty="1.0000" uom="cup"/>
		<ConvertTo qty="246.0000" uom="g"/>
	</Conversion>
	<Conversion id="I-6791" multiplier="0.00411523">
		<ConvertFrom qty="1.0000" uom="cup"/>
		<ConvertTo qty="243.0000" uom="g"/>
	</Conversion>
	<Conversion id="I-22026" multiplier="0.21276596">
		<ConvertFrom qty="1.0000" uom="tsp"/>
		<ConvertTo qty="4.7000" uom="g"/>
	</Conversion>
	<Conversion id="I-22026" multiplier="0.00106383">
		<ConvertFrom qty="1.0000" uom="L"/>
		<ConvertTo qty="940.0000" uom="g"/>
	</Conversion>
	<Conversion id="I-23336" multiplier="0.00381679">
		<ConvertFrom qty="1.0000" uom="cup"/>
		<ConvertTo qty="262.0000" uom="g"/>
	</Conversion>
</Conversions>
