﻿<?xml version="1.0" encoding="UTF-8" standalone="yes"?>
<Ingredients>
	<Ingredient qty="10.000" uom="Kg" recipe="P-18746" invFactor="1.2048" conversion="2.20462000" ingredient="I-4792"/>
	<Ingredient qty="225.000" uom="g" recipe="P-18907" invFactor="0.1837" conversion="0.00100000" ingredient="I-3643"/>
	<Ingredient qty="1000.000" uom="g" recipe="P-18907" invFactor="0.8163" conversion="1.00000000" ingredient="I-6026"/>
	<Ingredient qty="2.270" uom="Kg" recipe="P-19175" invFactor="1.4188" conversion="2.20462000" ingredient="I-6807"/>
	<Ingredient qty="100.000" uom="g" recipe="P-20358" invFactor="1.2048" conversion="0.00220462" ingredient="I-4787"/>
	<Ingredient qty="5.700" uom="L" recipe="P-23627" invFactor="1.0000" conversion="1.00000000" ingredient="I-5983"/>
	<Ingredient qty="80.000" uom="g" recipe="P-23627" invFactor="14.0351" conversion="0.00220462" ingredient="I-6032"/>
	<Ingredient qty="1.000" uom="lb" recipe="P-24452" invFactor="1.1111" conversion="1.00000000" ingredient="I-4381"/>
	<Ingredient qty="500.000" uom="g" recipe="P-24750" invFactor="1000.0000" conversion="1.00000000" ingredient="P-26514"/>
	<Ingredient qty="750.000" uom="ml" recipe="P-26020" invFactor="300.0000" conversion="0.00100000" ingredient="I-3388"/>
	<Ingredient qty="2.270" uom="Kg" recipe="P-26020" invFactor="0.9080" conversion="2.20462000" ingredient="I-4657"/>
	<Ingredient qty="400.000" uom="ml" recipe="P-26062" invFactor="13.3333" conversion="0.03381406" ingredient="I-6443"/>
	<Ingredient qty="250.000" uom="g" recipe="P-26062" invFactor="8.3333" conversion="1.00000000" ingredient="P-18907"/>
	<Ingredient qty="300.000" uom="g" recipe="P-26062" invFactor="10.0000" conversion="0.00100000" ingredient="P-24750"/>
	<Ingredient qty="23.000" uom="Kg" recipe="P-26062" invFactor="0.7667" conversion="1.00000000" ingredient="P-44429"/>
	<Ingredient qty="1.000" uom="Kg" recipe="P-26062" invFactor="0.0333" conversion="1.00000000" ingredient="P-56811"/>
	<Ingredient qty="5.000" uom="Kg" recipe="P-26062" invFactor="0.1667" conversion="1.00000000" ingredient="P-57499"/>
	<Ingredient qty="340.000" uom="ml" recipe="P-26134" invFactor="124.9082" conversion="0.00100000" ingredient="I-1820"/>
	<Ingredient qty="100.000" uom="ml" recipe="P-26134" invFactor="36.7377" conversion="1.00000000" ingredient="I-1821"/>
	<Ingredient qty="100.000" uom="g" recipe="P-26134" invFactor="36.7377" conversion="1.00000000" ingredient="I-2850"/>
	<Ingredient qty="4.500" uom="Kg" recipe="P-26134" invFactor="1.6532" conversion="1.00000000" ingredient="I-3851"/>
	<Ingredient qty="30.000" uom="g" recipe="P-26134" invFactor="11.0213" conversion="0.00220462" ingredient="I-4657"/>
	<Ingredient qty="225.000" uom="g" recipe="P-26134" invFactor="82.6598" conversion="0.00220462" ingredient="I-4745"/>
	<Ingredient qty="150.000" uom="g" recipe="P-26134" invFactor="55.1065" conversion="0.00220462" ingredient="I-4787"/>
	<Ingredient qty="2.000" uom="L" recipe="P-26134" invFactor="0.7348" conversion="1.00000000" ingredient="I-5983"/>
	<Ingredient qty="30.000" uom="g" recipe="P-26134" invFactor="11.0213" conversion="1.00000000" ingredient="P-18907"/>
	<Ingredient qty="4.000" uom="L" recipe="P-26136" invFactor="0.4409" conversion="1.00000000" ingredient="P-41468"/>
	<Ingredient qty="3.000" uom="Kg" recipe="P-26136" invFactor="0.3307" conversion="2.20462000" ingredient="P-50547"/>
	<Ingredient qty="45.000" uom="ml" recipe="P-26140" invFactor="30.5292" conversion="0.00100000" ingredient="I-3388"/>
	<Ingredient qty="15.000" uom="g" recipe="P-26140" invFactor="10.1764" conversion="1.00000000" ingredient="I-6026"/>
	<Ingredient qty="120.000" uom="ml" recipe="P-26140" invFactor="81.4111" conversion="0.03381406" ingredient="I-6443"/>
	<Ingredient qty="75.000" uom="g" recipe="P-26140" invFactor="50.8820" conversion="0.00100000" ingredient="P-24750"/>
	<Ingredient qty="60.000" uom="g" recipe="P-26140" invFactor="40.7056" conversion="0.00100000" ingredient="P-26020"/>
	<Ingredient qty="225.000" uom="g" recipe="P-26140" invFactor="152.6459" conversion="0.00100000" ingredient="P-39167"/>
	<Ingredient qty="100.000" uom="g" recipe="P-26140" invFactor="67.8426" conversion="1.00000000" ingredient="P-44475"/>
	<Ingredient qty="500.000" uom="g" recipe="P-26140" invFactor="339.2130" conversion="1.00000000" ingredient="P-56921"/>
	<Ingredient qty="1.250" uom="Kg" recipe="P-26140" invFactor="0.8480" conversion="1000.00000000" ingredient="P-56923"/>
	<Ingredient qty="1.000" uom="CT" recipe="P-26514" invFactor="0.0182" conversion="1.00000000" ingredient="I-4341"/>
	<Ingredient qty="11.550" uom="Kg" recipe="P-38556" invFactor="1.0132" conversion="2.20462000" ingredient="P-24452"/>
	<Ingredient qty="11.550" uom="Kg" recipe="P-39167" invFactor="1.0490" conversion="2.20462000" ingredient="P-24452"/>
	<Ingredient qty="20.000" uom="g" recipe="P-41468" invFactor="1.3333" conversion="0.03527399" ingredient="I-19610"/>
	<Ingredient qty="10.000" uom="g" recipe="P-41468" invFactor="0.6667" conversion="0.03527399" ingredient="I-3312"/>
	<Ingredient qty="3.500" uom="Kg" recipe="P-41468" invFactor="0.2333" conversion="1.00000000" ingredient="I-3660"/>
	<Ingredient qty="15.000" uom="g" recipe="P-41468" invFactor="1.0000" conversion="1.00000000" ingredient="I-42230"/>
	<Ingredient qty="100.000" uom="g" recipe="P-41468" invFactor="6.6667" conversion="0.00220462" ingredient="I-4657"/>
	<Ingredient qty="8.000" uom="L" recipe="P-41468" invFactor="0.5333" conversion="1.00000000" ingredient="I-5983"/>
	<Ingredient qty="4.000" uom="L" recipe="P-41468" invFactor="0.2667" conversion="1.00000000" ingredient="I-9382"/>
	<Ingredient qty="75.000" uom="g" recipe="P-41548" invFactor="2.5000" conversion="1.00000000" ingredient="I-3621"/>
	<Ingredient qty="3.000" uom="L" recipe="P-41548" invFactor="0.1000" conversion="1.00000000" ingredient="I-3676"/>
	<Ingredient qty="0.200" uom="L" recipe="P-41548" invFactor="0.0067" conversion="1.00000000" ingredient="I-3697"/>
	<Ingredient qty="6.000" uom="lb" recipe="P-41548" invFactor="0.2000" conversion="1.00000000" ingredient="I-4745"/>
	<Ingredient qty="7.000" uom="L" recipe="P-41548" invFactor="0.2333" conversion="1.00000000" ingredient="I-5983"/>
	<Ingredient qty="3.000" uom="g" recipe="P-41548" invFactor="0.1000" conversion="1.00000000" ingredient="I-6026"/>
	<Ingredient qty="250.000" uom="g" recipe="P-41548" invFactor="8.3333" conversion="0.00100000" ingredient="P-26020"/>
	<Ingredient qty="12.000" uom="Kg" recipe="P-41548" invFactor="0.4000" conversion="1.00000000" ingredient="P-50587"/>
	<Ingredient qty="300.000" uom="g" recipe="P-41548" invFactor="10.0000" conversion="1.00000000" ingredient="P-51535"/>
	<Ingredient qty="100.000" uom="g" recipe="P-41548" invFactor="3.3333" conversion="0.00100000" ingredient="P-57143"/>
	<Ingredient qty="500.000" uom="ml" recipe="P-41548" invFactor="16.6667" conversion="0.00100000" ingredient="P-59591"/>
	<Ingredient qty="4.000" uom="L" recipe="P-41551" invFactor="0.5714" conversion="1.00000000" ingredient="I-3388"/>
	<Ingredient qty="700.000" uom="g" recipe="P-41551" invFactor="100.0000" conversion="0.00100000" ingredient="I-3660"/>
	<Ingredient qty="550.000" uom="g" recipe="P-41551" invFactor="78.5714" conversion="1.00000000" ingredient="I-37477"/>
	<Ingredient qty="800.000" uom="g" recipe="P-41551" invFactor="114.2857" conversion="1.00000000" ingredient="I-41491"/>
	<Ingredient qty="625.000" uom="g" recipe="P-41551" invFactor="89.2857" conversion="1.00000000" ingredient="I-41492"/>
	<Ingredient qty="200.000" uom="g" recipe="P-41551" invFactor="28.5714" conversion="1.00000000" ingredient="I-6026"/>
	<Ingredient qty="525.000" uom="g" recipe="P-41551" invFactor="75.0000" conversion="0.03246753" ingredient="I-6443"/>
	<Ingredient qty="454.000" uom="g" recipe="P-41572" invFactor="0.4000" conversion="1.00000000" ingredient="I-3632"/>
	<Ingredient qty="454.000" uom="g" recipe="P-41572" invFactor="0.4000" conversion="0.00100000" ingredient="I-5975"/>
	<Ingredient qty="125.000" uom="g" recipe="P-41572" invFactor="0.1101" conversion="1.00000000" ingredient="I-6026"/>
	<Ingredient qty="0.500" uom="L" recipe="P-41573" invFactor="0.0625" conversion="1.00000000" ingredient="I-3388"/>
	<Ingredient qty="4.000" uom="Kg" recipe="P-41573" invFactor="0.5000" conversion="1.00000000" ingredient="I-3476"/>
	<Ingredient qty="4.000" uom="L" recipe="P-41573" invFactor="0.5000" conversion="1.00000000" ingredient="I-5983"/>
	<Ingredient qty="90.000" uom="ml" recipe="P-41573" invFactor="11.2500" conversion="0.03381406" ingredient="I-6443"/>
	<Ingredient qty="400.000" uom="g" recipe="P-41573" invFactor="50.0000" conversion="1.00000000" ingredient="P-41572"/>
	<Ingredient qty="4.500" uom="Kg" recipe="P-41574" invFactor="0.1500" conversion="1.00000000" ingredient="I-3148"/>
	<Ingredient qty="300.000" uom="g" recipe="P-41574" invFactor="10.0000" conversion="0.03527399" ingredient="I-3630"/>
	<Ingredient qty="40.000" uom="L" recipe="P-41574" invFactor="1.3333" conversion="1.00000000" ingredient="I-5983"/>
	<Ingredient qty="300.000" uom="g" recipe="P-41574" invFactor="10.0000" conversion="1.00000000" ingredient="I-6026"/>
	<Ingredient qty="0.250" uom="Kg" recipe="P-41574" invFactor="0.0083" conversion="1.00000000" ingredient="I-6028"/>
	<Ingredient qty="700.000" uom="g" recipe="P-41574" invFactor="23.3333" conversion="0.00100000" ingredient="P-26020"/>
	<Ingredient qty="7.000" uom="Kg" recipe="P-41574" invFactor="0.2333" conversion="1.00000000" ingredient="P-38556"/>
	<Ingredient qty="4.000" uom="L" recipe="P-41751" invFactor="0.8889" conversion="1.00000000" ingredient="I-60772"/>
	<Ingredient qty="500.000" uom="ml" recipe="P-41751" invFactor="111.1111" conversion="0.03381406" ingredient="I-6443"/>
	<Ingredient qty="0.400" uom="L" recipe="P-41751" invFactor="0.0889" conversion="1.00000000" ingredient="P-41551"/>
	<Ingredient qty="5.600" uom="L" recipe="P-42355" invFactor="0.9333" conversion="1.00000000" ingredient="I-3458"/>
	<Ingredient qty="30.000" uom="g" recipe="P-42355" invFactor="5.0000" conversion="0.03527399" ingredient="I-3629"/>
	<Ingredient qty="5.000" uom="g" recipe="P-42355" invFactor="0.8333" conversion="1.00000000" ingredient="I-6026"/>
	<Ingredient qty="125.000" uom="ml" recipe="P-42355" invFactor="20.8333" conversion="0.03381406" ingredient="I-6443"/>
	<Ingredient qty="1.000" uom="Kg" recipe="P-42364" invFactor="1.0000" conversion="2.20462000" ingredient="I-4555"/>
	<Ingredient qty="3.500" uom="g" recipe="P-42364" invFactor="3.5000" conversion="1.00000000" ingredient="I-6026"/>
	<Ingredient qty="30.000" uom="ml" recipe="P-42364" invFactor="30.0000" conversion="0.03381406" ingredient="I-6443"/>
	<Ingredient qty="80.000" uom="g" recipe="P-42364" invFactor="80.0000" conversion="1.00000000" ingredient="P-26514"/>
	<Ingredient qty="3.000" uom="L" recipe="P-42412" invFactor="1.0345" conversion="1.00000000" ingredient="I-2254"/>
	<Ingredient qty="100.000" uom="ml" recipe="P-42412" invFactor="34.4828" conversion="1.00000000" ingredient="I-3447"/>
	<Ingredient qty="27.000" uom="g" recipe="P-42412" invFactor="9.3103" conversion="1.00000000" ingredient="I-6026"/>
	<Ingredient qty="30.000" uom="ml" recipe="P-42412" invFactor="10.3448" conversion="0.03381406" ingredient="I-6443"/>
	<Ingredient qty="2.000" uom="L" recipe="P-43346" invFactor="4.4444" conversion="1.00000000" ingredient="I-3386"/>
	<Ingredient qty="2.350" uom="Kg" recipe="P-43346" invFactor="5.2222" conversion="2.20462000" ingredient="I-4745"/>
	<Ingredient qty="10.000" uom="g" recipe="P-43346" invFactor="22.2222" conversion="1.00000000" ingredient="I-6026"/>
	<Ingredient qty="11.500" uom="Kg" recipe="P-43440" invFactor="1.0445" conversion="1.00000000" ingredient="P-19175"/>
	<Ingredient qty="0.250" uom="L" recipe="P-43581" invFactor="0.0004" conversion="1.00000000" ingredient="I-3388"/>
	<Ingredient qty="5.600" uom="g" recipe="P-43581" invFactor="0.0093" conversion="0.00100000" ingredient="I-3624"/>
	<Ingredient qty="30.000" uom="ml" recipe="P-43581" invFactor="0.0500" conversion="0.00100000" ingredient="I-3695"/>
	<Ingredient qty="1.500" uom="CT" recipe="P-43581" invFactor="0.0025" conversion="1.00000000" ingredient="I-4712"/>
	<Ingredient qty="250.000" uom="ml" recipe="P-43581" invFactor="0.4167" conversion="0.00100000" ingredient="I-6006"/>
	<Ingredient qty="12.000" uom="g" recipe="P-43581" invFactor="0.0200" conversion="1.00000000" ingredient="I-6026"/>
	<Ingredient qty="20.000" uom="g" recipe="P-43581" invFactor="0.0333" conversion="0.00100000" ingredient="P-26020"/>
	<Ingredient qty="150.000" uom="g" recipe="P-43581" invFactor="0.2500" conversion="1.00000000" ingredient="P-26514"/>
	<Ingredient qty="65.000" uom="g" recipe="P-43581" invFactor="0.1083" conversion="1.00000000" ingredient="P-44728"/>
	<Ingredient qty="30.000" uom="g" recipe="P-43581" invFactor="0.0500" conversion="1.00000000" ingredient="P-51536"/>
	<Ingredient qty="2.500" uom="Kg" recipe="P-43583" invFactor="0.0025" conversion="2.20462000" ingredient="I-4894"/>
	<Ingredient qty="250.000" uom="g" recipe="P-43583" invFactor="0.2500" conversion="1.00000000" ingredient="I-51440"/>
	<Ingredient qty="50.000" uom="g" recipe="P-43583" invFactor="0.0500" conversion="1.00000000" ingredient="I-6026"/>
	<Ingredient qty="2.000" uom="L" recipe="P-43584" invFactor="0.8000" conversion="1.00000000" ingredient="I-2254"/>
	<Ingredient qty="40.000" uom="g" recipe="P-43584" invFactor="16.0000" conversion="1.00000000" ingredient="I-6026"/>
	<Ingredient qty="200.000" uom="ml" recipe="P-43584" invFactor="80.0000" conversion="0.03381406" ingredient="I-6443"/>
	<Ingredient qty="0.375" uom="L" recipe="P-43584" invFactor="0.1500" conversion="1.00000000" ingredient="I-9379"/>
	<Ingredient qty="5.000" uom="lb" recipe="P-44335" invFactor="0.4808" conversion="1.00000000" ingredient="I-17159"/>
	<Ingredient qty="5.600" uom="L" recipe="P-44335" invFactor="0.5385" conversion="1.00000000" ingredient="I-23336"/>
	<Ingredient qty="10.000" uom="g" recipe="P-44335" invFactor="0.9615" conversion="1.00000000" ingredient="I-3621"/>
	<Ingredient qty="25.000" uom="g" recipe="P-44335" invFactor="2.4038" conversion="0.03527399" ingredient="I-3630"/>
	<Ingredient qty="2.500" uom="lb" recipe="P-44335" invFactor="0.2404" conversion="1.00000000" ingredient="I-4750"/>
	<Ingredient qty="2.000" uom="Kg" recipe="P-44335" invFactor="0.1923" conversion="1.00000000" ingredient="I-4978"/>
	<Ingredient qty="2.000" uom="Kg" recipe="P-44335" invFactor="0.1923" conversion="1.00000000" ingredient="I-5014"/>
	<Ingredient qty="75.000" uom="g" recipe="P-44335" invFactor="7.2115" conversion="1.00000000" ingredient="I-6026"/>
	<Ingredient qty="60.000" uom="ml" recipe="P-44335" invFactor="5.7692" conversion="0.00100000" ingredient="I-9382"/>
	<Ingredient qty="120.000" uom="g" recipe="P-44335" invFactor="11.5385" conversion="0.00100000" ingredient="P-24750"/>
	<Ingredient qty="56.000" uom="g" recipe="P-44335" invFactor="5.3846" conversion="1.00000000" ingredient="P-51536"/>
	<Ingredient qty="1.000" uom="Kg" recipe="P-44429" invFactor="1.0000" conversion="1.00000000" ingredient="P-50587"/>
	<Ingredient qty="268.000" uom="g" recipe="P-44475" invFactor="1.2523" conversion="0.00220462" ingredient="I-4787"/>
	<Ingredient qty="1.000" uom="BUNCH" recipe="P-44728" invFactor="0.0222" conversion="1.00000000" ingredient="I-4772"/>
	<Ingredient qty="15.000" uom="ml" recipe="P-45790" invFactor="0.0375" conversion="0.00100000" ingredient="I-3386"/>
	<Ingredient qty="12.000" uom="CT" recipe="P-45790" invFactor="0.0300" conversion="1.00000000" ingredient="I-9341"/>
	<Ingredient qty="3.000" uom="g" recipe="P-45790" invFactor="0.0075" conversion="1.00000000" ingredient="P-18907"/>
	<Ingredient qty="25.000" uom="lb" recipe="P-50547" invFactor="1.0870" conversion="1.00000000" ingredient="I-4750"/>
	<Ingredient qty="10.000" uom="Kg" recipe="P-50587" invFactor="1.1111" conversion="2.20462000" ingredient="I-4933"/>
	<Ingredient qty="60.000" uom="ml" recipe="P-50794" invFactor="0.1091" conversion="0.00100000" ingredient="I-3388"/>
	<Ingredient qty="10.000" uom="ml" recipe="P-50794" invFactor="0.0182" conversion="1.00000000" ingredient="I-3447"/>
	<Ingredient qty="10.000" uom="g" recipe="P-50794" invFactor="0.0182" conversion="1.00000000" ingredient="I-3621"/>
	<Ingredient qty="10.000" uom="g" recipe="P-50794" invFactor="0.0182" conversion="0.03527399" ingredient="I-3630"/>
	<Ingredient qty="10.000" uom="g" recipe="P-50794" invFactor="0.0182" conversion="0.00100000" ingredient="I-5975"/>
	<Ingredient qty="10.000" uom="g" recipe="P-50794" invFactor="0.0182" conversion="0.00100000" ingredient="I-6028"/>
	<Ingredient qty="15.000" uom="ml" recipe="P-50794" invFactor="0.0273" conversion="0.00100000" ingredient="I-9382"/>
	<Ingredient qty="15.000" uom="g" recipe="P-50794" invFactor="0.0273" conversion="1.00000000" ingredient="P-20358"/>
	<Ingredient qty="15.000" uom="g" recipe="P-50794" invFactor="0.0273" conversion="0.00100000" ingredient="P-26020"/>
	<Ingredient qty="225.000" uom="g" recipe="P-50794" invFactor="0.4091" conversion="0.00100000" ingredient="P-38556"/>
	<Ingredient qty="480.000" uom="g" recipe="P-50794" invFactor="0.8727" conversion="0.00100000" ingredient="P-50587"/>
	<Ingredient qty="300.000" uom="g" recipe="P-50795" invFactor="1.0000" conversion="0.00100000" ingredient="I-11094"/>
	<Ingredient qty="8.000" uom="g" recipe="P-50795" invFactor="0.0267" conversion="0.00100000" ingredient="I-12176"/>
	<Ingredient qty="15.000" uom="ml" recipe="P-50795" invFactor="0.0500" conversion="0.00100000" ingredient="I-3388"/>
	<Ingredient qty="2.500" uom="mg" recipe="P-50795" invFactor="0.0083" conversion="0.00000100" ingredient="I-5975"/>
	<Ingredient qty="40.000" uom="g" recipe="P-50795" invFactor="0.1333" conversion="0.00100000" ingredient="P-43440"/>
	<Ingredient qty="150.000" uom="g" recipe="P-50796" invFactor="1.0000" conversion="0.00100000" ingredient="I-7388"/>
	<Ingredient qty="30.000" uom="g" recipe="P-50796" invFactor="0.2000" conversion="1.00000000" ingredient="P-50794"/>
	<Ingredient qty="1.000" uom="L" recipe="P-50826" invFactor="1.0000" conversion="1.00000000" ingredient="I-2254"/>
	<Ingredient qty="0.250" uom="L" recipe="P-50826" invFactor="0.2500" conversion="1.00000000" ingredient="I-5983"/>
	<Ingredient qty="10.000" uom="Kg" recipe="P-50985" invFactor="1.2500" conversion="1.00000000" ingredient="I-10869"/>
	<Ingredient qty="500.000" uom="ml" recipe="P-50985" invFactor="62.5000" conversion="0.00100000" ingredient="I-3388"/>
	<Ingredient qty="400.000" uom="ml" recipe="P-50985" invFactor="50.0000" conversion="1.00000000" ingredient="I-3447"/>
	<Ingredient qty="40.000" uom="g" recipe="P-50985" invFactor="5.0000" conversion="0.03527399" ingredient="I-3630"/>
	<Ingredient qty="20.000" uom="g" recipe="P-50985" invFactor="2.5000" conversion="1.00000000" ingredient="P-18907"/>
	<Ingredient qty="10.000" uom="Kg" recipe="P-51214" invFactor="1.2500" conversion="1.00000000" ingredient="I-19665"/>
	<Ingredient qty="60.000" uom="g" recipe="P-51214" invFactor="7.5000" conversion="1.00000000" ingredient="I-2852"/>
	<Ingredient qty="0.500" uom="L" recipe="P-51214" invFactor="0.0625" conversion="1.00000000" ingredient="I-3388"/>
	<Ingredient qty="200.000" uom="ml" recipe="P-51214" invFactor="25.0000" conversion="1.00000000" ingredient="I-3447"/>
	<Ingredient qty="60.000" uom="g" recipe="P-51214" invFactor="7.5000" conversion="0.03527399" ingredient="I-3630"/>
	<Ingredient qty="20.000" uom="g" recipe="P-51214" invFactor="2.5000" conversion="1.00000000" ingredient="P-18907"/>
	<Ingredient qty="1.000" uom="Kg" recipe="P-51535" invFactor="0.0014" conversion="2.20462000" ingredient="I-4787"/>
	<Ingredient qty="454.000" uom="g" recipe="P-51536" invFactor="1.3969" conversion="0.03527399" ingredient="I-4767"/>
	<Ingredient qty="1.000" uom="Kg" recipe="P-53745" invFactor="1.1111" conversion="2.20462000" ingredient="I-4787"/>
	<Ingredient qty="16.000" uom="CT" recipe="P-55548" invFactor="32.0000" conversion="1.00000000" ingredient="I-3688"/>
	<Ingredient qty="118.000" uom="g" recipe="P-55548" invFactor="236.0000" conversion="1.00000000" ingredient="I-51440"/>
	<Ingredient qty="1.000" uom="g" recipe="P-55548" invFactor="2.0000" conversion="1.00000000" ingredient="I-6026"/>
	<Ingredient qty="50.000" uom="ml" recipe="P-56372" invFactor="50.0000" conversion="0.00100000" ingredient="I-1820"/>
	<Ingredient qty="50.000" uom="ml" recipe="P-56372" invFactor="50.0000" conversion="0.00100000" ingredient="I-3390"/>
	<Ingredient qty="10.000" uom="g" recipe="P-56372" invFactor="10.0000" conversion="0.03527399" ingredient="I-3630"/>
	<Ingredient qty="30.000" uom="ml" recipe="P-56372" invFactor="30.0000" conversion="0.00100000" ingredient="I-3698"/>
	<Ingredient qty="100.000" uom="ml" recipe="P-56372" invFactor="100.0000" conversion="0.03381406" ingredient="I-6443"/>
	<Ingredient qty="1.000" uom="Kg" recipe="P-56372" invFactor="1.0000" conversion="1.00000000" ingredient="I-7769"/>
	<Ingredient qty="15.000" uom="g" recipe="P-56372" invFactor="15.0000" conversion="1.00000000" ingredient="P-18907"/>
	<Ingredient qty="10.000" uom="g" recipe="P-56372" invFactor="10.0000" conversion="0.00100000" ingredient="P-26020"/>
	<Ingredient qty="28.000" uom="g" recipe="P-56372" invFactor="28.0000" conversion="1.00000000" ingredient="P-26514"/>
	<Ingredient qty="20.000" uom="g" recipe="P-56372" invFactor="20.0000" conversion="0.00100000" ingredient="P-53745"/>
	<Ingredient qty="70.000" uom="ml" recipe="P-56398" invFactor="25.4545" conversion="0.00100000" ingredient="I-22026"/>
	<Ingredient qty="7.000" uom="HEAD" recipe="P-56398" invFactor="2.5455" conversion="1.00000000" ingredient="I-4473"/>
	<Ingredient qty="2.000" uom="Kg" recipe="P-56398" invFactor="0.7273" conversion="1000.00000000" ingredient="I-4973"/>
	<Ingredient qty="45.000" uom="ml" recipe="P-56398" invFactor="16.3636" conversion="0.03381406" ingredient="I-6443"/>
	<Ingredient qty="40.000" uom="g" recipe="P-56398" invFactor="14.5455" conversion="0.00100000" ingredient="P-24750"/>
	<Ingredient qty="200.000" uom="g" recipe="P-56398" invFactor="72.7273" conversion="0.00100000" ingredient="P-50587"/>
	<Ingredient qty="25.000" uom="g" recipe="P-56398" invFactor="9.0909" conversion="0.00100000" ingredient="P-56811"/>
	<Ingredient qty="200.000" uom="g" recipe="P-56399" invFactor="0.2740" conversion="0.00220462" ingredient="I-36672"/>
	<Ingredient qty="525.000" uom="ml" recipe="P-56399" invFactor="0.7192" conversion="0.00100000" ingredient="I-5983"/>
	<Ingredient qty="5.000" uom="g" recipe="P-56399" invFactor="0.0068" conversion="1.00000000" ingredient="I-6026"/>
	<Ingredient qty="20.000" uom="ml" recipe="P-56399" invFactor="0.0274" conversion="0.03381406" ingredient="I-6443"/>
	<Ingredient qty="35.000" uom="g" recipe="P-56399" invFactor="0.0479" conversion="0.00100000" ingredient="P-24750"/>
	<Ingredient qty="25.000" uom="ml" recipe="P-56422" invFactor="12.5000" conversion="0.00100000" ingredient="I-3387"/>
	<Ingredient qty="15.000" uom="g" recipe="P-56422" invFactor="7.5000" conversion="0.03527399" ingredient="I-3630"/>
	<Ingredient qty="454.000" uom="g" recipe="P-56422" invFactor="227.0000" conversion="0.00220462" ingredient="I-4745"/>
	<Ingredient qty="10.000" uom="g" recipe="P-56422" invFactor="5.0000" conversion="0.00100000" ingredient="I-5975"/>
	<Ingredient qty="5.000" uom="g" recipe="P-56422" invFactor="2.5000" conversion="1.00000000" ingredient="I-6026"/>
	<Ingredient qty="50.000" uom="ml" recipe="P-56422" invFactor="25.0000" conversion="0.03381406" ingredient="I-6443"/>
	<Ingredient qty="454.000" uom="g" recipe="P-56422" invFactor="227.0000" conversion="0.00100000" ingredient="P-18746"/>
	<Ingredient qty="454.000" uom="g" recipe="P-56422" invFactor="227.0000" conversion="0.00100000" ingredient="P-57145"/>
	<Ingredient qty="454.000" uom="g" recipe="P-56422" invFactor="227.0000" conversion="0.00100000" ingredient="P-57146"/>
	<Ingredient qty="4.540" uom="Kg" recipe="P-56811" invFactor="1.1350" conversion="2.20462000" ingredient="I-4787"/>
	<Ingredient qty="1.000" uom="Kg" recipe="P-56921" invFactor="0.0012" conversion="2.20462000" ingredient="I-30068"/>
	<Ingredient qty="15.000" uom="ml" recipe="P-56923" invFactor="0.0182" conversion="0.00100000" ingredient="I-3387"/>
	<Ingredient qty="1.000" uom="Kg" recipe="P-56923" invFactor="0.0012" conversion="2.20462000" ingredient="I-4920"/>
	<Ingredient qty="5.000" uom="g" recipe="P-56923" invFactor="0.0061" conversion="1.00000000" ingredient="P-18907"/>
	<Ingredient qty="1.000" uom="Kg" recipe="P-57143" invFactor="1.1111" conversion="2.20462000" ingredient="I-4796"/>
	<Ingredient qty="10.000" uom="Kg" recipe="P-57145" invFactor="1.2048" conversion="2.20462000" ingredient="I-4797"/>
	<Ingredient qty="10.000" uom="Kg" recipe="P-57146" invFactor="1.2048" conversion="2.20462000" ingredient="I-4785"/>
	<Ingredient qty="11.500" uom="Kg" recipe="P-57499" invFactor="1.0455" conversion="1.00000000" ingredient="P-19175"/>
	<Ingredient qty="2.000" uom="g" recipe="P-59591" invFactor="2.0000" conversion="0.00100000" ingredient="I-12176"/>
	<Ingredient qty="15.000" uom="ml" recipe="P-59591" invFactor="15.0000" conversion="0.00100000" ingredient="I-3697"/>
	<Ingredient qty="150.000" uom="g" recipe="P-59591" invFactor="150.0000" conversion="1.00000000" ingredient="I-37477"/>
	<Ingredient qty="75.000" uom="g" recipe="P-59591" invFactor="75.0000" conversion="1.00000000" ingredient="I-37478"/>
	<Ingredient qty="175.000" uom="g" recipe="P-59591" invFactor="175.0000" conversion="0.00100000" ingredient="I-43652"/>
	<Ingredient qty="2.000" uom="L" recipe="P-59591" invFactor="2.0000" conversion="1.00000000" ingredient="I-5983"/>
	<Ingredient qty="1.000" uom="CT" recipe="R-23628" invFactor="1.0000" conversion="1.00000000" ingredient="I-1004p"/>
	<Ingredient qty="1.000" uom="CT" recipe="R-23628" invFactor="1.0000" conversion="1.00000000" ingredient="I-1012p"/>
	<Ingredient qty="15.000" uom="ml" recipe="R-23628" invFactor="1.0000" conversion="0.00100000" ingredient="I-2205"/>
	<Ingredient qty="10.000" uom="ml" recipe="R-23628" invFactor="1.0000" conversion="0.00100000" ingredient="I-2236"/>
	<Ingredient qty="5.000" uom="ml" recipe="R-23628" invFactor="1.0000" conversion="0.00100000" ingredient="I-6791"/>
	<Ingredient qty="360.000" uom="ml" recipe="R-23628" invFactor="1.0000" conversion="0.00100000" ingredient="P-23627"/>
	<Ingredient qty="0.001" uom="ea" recipe="R-33198" invFactor="1.0000" conversion="1.00000000" ingredient="I-29471"/>
	<Ingredient qty="0.001" uom="ea" recipe="R-33198" invFactor="1.0000" conversion="1.00000000" ingredient="I-29472"/>
	<Ingredient qty="0.001" uom="ea" recipe="R-33198" invFactor="1.0000" conversion="1.00000000" ingredient="I-29473"/>
	<Ingredient qty="0.001" uom="ea" recipe="R-33198" invFactor="1.0000" conversion="1.00000000" ingredient="I-29474"/>
	<Ingredient qty="0.001" uom="ea" recipe="R-33198" invFactor="1.0000" conversion="1.00000000" ingredient="I-29475"/>
	<Ingredient qty="0.001" uom="ea" recipe="R-33198" invFactor="1.0000" conversion="1.00000000" ingredient="I-29476"/>
	<Ingredient qty="0.001" uom="ea" recipe="R-33198" invFactor="1.0000" conversion="1.00000000" ingredient="I-29477"/>
	<Ingredient qty="0.001" uom="ea" recipe="R-33198" invFactor="1.0000" conversion="1.00000000" ingredient="I-29478"/>
	<Ingredient qty="0.002" uom="ea" recipe="R-33198" invFactor="1.0000" conversion="1.00000000" ingredient="I-29479"/>
	<Ingredient qty="0.002" uom="ea" recipe="R-33198" invFactor="1.0000" conversion="1.00000000" ingredient="I-29480"/>
	<Ingredient qty="0.001" uom="ea" recipe="R-33198" invFactor="1.0000" conversion="1.00000000" ingredient="I-29481"/>
	<Ingredient qty="0.001" uom="ea" recipe="R-33198" invFactor="1.0000" conversion="1.00000000" ingredient="I-29482"/>
	<Ingredient qty="0.002" uom="ea" recipe="R-33198" invFactor="1.0000" conversion="1.00000000" ingredient="I-29483"/>
	<Ingredient qty="0.002" uom="ea" recipe="R-33198" invFactor="1.0000" conversion="1.00000000" ingredient="I-29484"/>
	<Ingredient qty="0.001" uom="ea" recipe="R-33198" invFactor="1.0000" conversion="1.00000000" ingredient="I-29485"/>
	<Ingredient qty="0.001" uom="ea" recipe="R-33198" invFactor="1.0000" conversion="1.00000000" ingredient="I-29487"/>
	<Ingredient qty="0.001" uom="ea" recipe="R-33198" invFactor="1.0000" conversion="1.00000000" ingredient="I-29488"/>
	<Ingredient qty="0.001" uom="ea" recipe="R-33198" invFactor="1.0000" conversion="1.00000000" ingredient="I-29489"/>
	<Ingredient qty="0.001" uom="ea" recipe="R-33198" invFactor="1.0000" conversion="1.00000000" ingredient="I-29490"/>
	<Ingredient qty="0.001" uom="ea" recipe="R-33198" invFactor="1.0000" conversion="1.00000000" ingredient="I-29491"/>
	<Ingredient qty="1.000" uom="bottle" recipe="R-37369" invFactor="1.0000" conversion="1.00000000" ingredient="I-1644"/>
	<Ingredient qty="1.000" uom="500ML" recipe="R-37956" invFactor="1.0000" conversion="1.00000000" ingredient="I-1648"/>
	<Ingredient qty="1.000" uom="500ML" recipe="R-37957" invFactor="1.0000" conversion="1.00000000" ingredient="I-1639"/>
	<Ingredient qty="0.080" uom="each" recipe="R-41232" invFactor="1.0000" conversion="1.00000000" ingredient="I-37648"/>
	<Ingredient qty="0.200" uom="each" recipe="R-41232" invFactor="1.0000" conversion="1.00000000" ingredient="I-37649"/>
	<Ingredient qty="0.080" uom="each" recipe="R-41232" invFactor="1.0000" conversion="1.00000000" ingredient="I-37650"/>
	<Ingredient qty="0.200" uom="each" recipe="R-41232" invFactor="1.0000" conversion="1.00000000" ingredient="I-37651"/>
	<Ingredient qty="0.200" uom="each" recipe="R-41232" invFactor="1.0000" conversion="1.00000000" ingredient="I-37652"/>
	<Ingredient qty="0.080" uom="each" recipe="R-41232" invFactor="1.0000" conversion="1.00000000" ingredient="I-37653"/>
	<Ingredient qty="0.080" uom="each" recipe="R-41232" invFactor="1.0000" conversion="1.00000000" ingredient="I-37654"/>
	<Ingredient qty="0.080" uom="each" recipe="R-41232" invFactor="1.0000" conversion="1.00000000" ingredient="I-37655"/>
	<Ingredient qty="100.000" uom="g" recipe="R-44308" invFactor="1.0000" conversion="0.00100000" ingredient="P-26134"/>
	<Ingredient qty="15.000" uom="g" recipe="R-44308" invFactor="1.0000" conversion="0.00100000" ingredient="P-26136"/>
	<Ingredient qty="30.000" uom="ml" recipe="R-44308" invFactor="1.0000" conversion="0.00100000" ingredient="P-41548"/>
	<Ingredient qty="120.000" uom="g" recipe="R-44308" invFactor="1.0000" conversion="0.00100000" ingredient="P-41573"/>
	<Ingredient qty="120.000" uom="ml" recipe="R-44308" invFactor="1.0000" conversion="0.00100000" ingredient="P-41574"/>
	<Ingredient qty="20.000" uom="ml" recipe="R-44308" invFactor="1.0000" conversion="0.00100000" ingredient="P-42355"/>
	<Ingredient qty="40.000" uom="g" recipe="R-44308" invFactor="1.0000" conversion="0.00100000" ingredient="P-42364"/>
	<Ingredient qty="20.000" uom="g" recipe="R-44308" invFactor="1.0000" conversion="1.00000000" ingredient="P-43583"/>
	<Ingredient qty="20.000" uom="ml" recipe="R-44308" invFactor="1.0000" conversion="0.00100000" ingredient="P-43584"/>
	<Ingredient qty="40.000" uom="g" recipe="R-44310" invFactor="1.0000" conversion="0.00100000" ingredient="I-14179"/>
	<Ingredient qty="90.000" uom="g" recipe="R-44310" invFactor="1.0000" conversion="0.00100000" ingredient="P-26062"/>
	<Ingredient qty="120.000" uom="g" recipe="R-44310" invFactor="1.0000" conversion="0.00100000" ingredient="P-41573"/>
	<Ingredient qty="90.000" uom="g" recipe="R-44310" invFactor="1.0000" conversion="0.00100000" ingredient="P-41574"/>
	<Ingredient qty="45.000" uom="g" recipe="R-44310" invFactor="1.0000" conversion="0.00100000" ingredient="P-42364"/>
	<Ingredient qty="45.000" uom="ml" recipe="R-44310" invFactor="1.0000" conversion="0.00100000" ingredient="P-42412"/>
	<Ingredient qty="30.000" uom="ml" recipe="R-44310" invFactor="1.0000" conversion="1.00000000" ingredient="P-43581"/>
	<Ingredient qty="90.000" uom="g" recipe="R-44310" invFactor="1.0000" conversion="0.00100000" ingredient="P-50985"/>
	<Ingredient qty="90.000" uom="g" recipe="R-44315" invFactor="1.0000" conversion="0.00100000" ingredient="P-26062"/>
	<Ingredient qty="30.000" uom="ml" recipe="R-44315" invFactor="1.0000" conversion="0.00100000" ingredient="P-41548"/>
	<Ingredient qty="120.000" uom="g" recipe="R-44315" invFactor="1.0000" conversion="0.00100000" ingredient="P-41573"/>
	<Ingredient qty="120.000" uom="ml" recipe="R-44315" invFactor="1.0000" conversion="0.00100000" ingredient="P-41574"/>
	<Ingredient qty="45.000" uom="ml" recipe="R-44315" invFactor="1.0000" conversion="0.00100000" ingredient="P-41751"/>
	<Ingredient qty="50.000" uom="g" recipe="R-44315" invFactor="1.0000" conversion="0.00100000" ingredient="P-42364"/>
	<Ingredient qty="5.000" uom="g" recipe="R-44315" invFactor="1.0000" conversion="1.00000000" ingredient="P-44475"/>
	<Ingredient qty="90.000" uom="g" recipe="R-44315" invFactor="1.0000" conversion="0.00100000" ingredient="P-51214"/>
	<Ingredient qty="20.000" uom="g" recipe="R-51215" invFactor="1.0000" conversion="0.00100000" ingredient="I-2122"/>
	<Ingredient qty="10.000" uom="g" recipe="R-51215" invFactor="1.0000" conversion="0.00220462" ingredient="I-4463"/>
	<Ingredient qty="20.000" uom="g" recipe="R-51215" invFactor="1.0000" conversion="0.00100000" ingredient="P-26140"/>
	<Ingredient qty="120.000" uom="g" recipe="R-51215" invFactor="1.0000" conversion="0.00100000" ingredient="P-41573"/>
	<Ingredient qty="10.000" uom="g" recipe="R-51215" invFactor="1.0000" conversion="0.00100000" ingredient="P-43346"/>
	<Ingredient qty="120.000" uom="g" recipe="R-51215" invFactor="1.0000" conversion="0.00100000" ingredient="P-44335"/>
	<Ingredient qty="75.000" uom="g" recipe="R-51215" invFactor="1.0000" conversion="0.00100000" ingredient="P-56398"/>
	<Ingredient qty="90.000" uom="g" recipe="R-51216" invFactor="1.0000" conversion="0.00100000" ingredient="P-26062"/>
	<Ingredient qty="120.000" uom="g" recipe="R-51216" invFactor="1.0000" conversion="0.00100000" ingredient="P-41573"/>
	<Ingredient qty="90.000" uom="ml" recipe="R-51216" invFactor="1.0000" conversion="0.00100000" ingredient="P-41574"/>
	<Ingredient qty="90.000" uom="g" recipe="R-51216" invFactor="1.0000" conversion="1.00000000" ingredient="P-50795"/>
	<Ingredient qty="120.000" uom="g" recipe="R-51216" invFactor="1.0000" conversion="1.00000000" ingredient="P-50796"/>
	<Ingredient qty="40.000" uom="g" recipe="R-51216" invFactor="1.0000" conversion="0.00100000" ingredient="P-55548"/>
	<Ingredient qty="90.000" uom="g" recipe="R-51216" invFactor="1.0000" conversion="0.00100000" ingredient="P-56398"/>
	<Ingredient qty="1.000" uom="CT" recipe="R-53072" invFactor="1.0000" conversion="1.00000000" ingredient="I-2826"/>
	<Ingredient qty="60.000" uom="g" recipe="R-56801" invFactor="1.0000" conversion="0.00100000" ingredient="P-26062"/>
	<Ingredient qty="15.000" uom="g" recipe="R-56801" invFactor="1.0000" conversion="1.00000000" ingredient="P-45790"/>
	<Ingredient qty="25.000" uom="ml" recipe="R-56801" invFactor="1.0000" conversion="0.00100000" ingredient="P-50826"/>
	<Ingredient qty="85.000" uom="g" recipe="R-56801" invFactor="1.0000" conversion="0.00100000" ingredient="P-56372"/>
	<Ingredient qty="200.000" uom="g" recipe="R-56801" invFactor="1.0000" conversion="1.00000000" ingredient="P-56399"/>
	<Ingredient qty="175.000" uom="g" recipe="R-56801" invFactor="1.0000" conversion="0.00100000" ingredient="P-56422"/>
	<Ingredient qty="40.000" uom="g" recipe="R-61074" invFactor="1.0000" conversion="0.00100000" ingredient="I-14179"/>
	<Ingredient qty="90.000" uom="g" recipe="R-61074" invFactor="1.0000" conversion="0.00100000" ingredient="P-26062"/>
	<Ingredient qty="120.000" uom="g" recipe="R-61074" invFactor="1.0000" conversion="0.00100000" ingredient="P-41573"/>
	<Ingredient qty="90.000" uom="g" recipe="R-61074" invFactor="1.0000" conversion="0.00100000" ingredient="P-41574"/>
	<Ingredient qty="45.000" uom="g" recipe="R-61074" invFactor="1.0000" conversion="0.00100000" ingredient="P-42364"/>
	<Ingredient qty="45.000" uom="ml" recipe="R-61074" invFactor="1.0000" conversion="0.00100000" ingredient="P-42412"/>
	<Ingredient qty="30.000" uom="ml" recipe="R-61074" invFactor="1.0000" conversion="1.00000000" ingredient="P-43581"/>
	<Ingredient qty="90.000" uom="g" recipe="R-61074" invFactor="1.0000" conversion="0.00100000" ingredient="P-56372"/>
</Ingredients>
