﻿<?xml version="1.0" encoding="UTF-8" standalone="yes"?>
<Preps>
	<Prep id="P-56398" active="Y" keyItem="Y">
		<Description>BATCH|Guacamole</Description>
		<Barcode/>
		<Cost>14.6772</Cost>
		<PakQty>2.750</PakQty>
		<PakUOM>Kg</PakUOM>
		<Comments/>
		<InventoryGroup id="47">PREP</InventoryGroup>
		<SalesCategory id="2">Food</SalesCategory>
		<IncomeAccount id="14" ref="Gross Sales" type="I" locked="Y">Gross Sales</IncomeAccount>
		<Location id="500">OK - PROCESSED </Location>
	</Prep>
	<Prep id="P-26134" active="Y" keyItem="Y">
		<Description>BATCH|Pibil Pulled Pork</Description>
		<Barcode/>
		<Cost>17.6004</Cost>
		<PakQty>2.722</PakQty>
		<PakUOM>Kg</PakUOM>
		<Comments/>
		<InventoryGroup id="47">PREP</InventoryGroup>
		<SalesCategory id="2">Food</SalesCategory>
		<IncomeAccount id="14" ref="Gross Sales" type="I" locked="Y">Gross Sales</IncomeAccount>
		<Location id="500">OK - PROCESSED </Location>
	</Prep>
	<Prep id="P-42364" active="Y" keyItem="Y">
		<Description>BB|Mexican Cabbage</Description>
		<Barcode/>
		<Cost>7.3100</Cost>
		<PakQty>1.000</PakQty>
		<PakUOM>Kg</PakUOM>
		<Comments/>
		<InventoryGroup id="47">PREP</InventoryGroup>
		<SalesCategory id="2">Food</SalesCategory>
		<IncomeAccount id="14" ref="Gross Sales" type="I" locked="Y">Gross Sales</IncomeAccount>
		<Location id="4">PREP</Location>
	</Prep>
	<Prep id="P-44335" active="Y" keyItem="Y">
		<Description>BB|White Bean Burrito Base</Description>
		<Barcode/>
		<Cost>5.2231</Cost>
		<PakQty>10.400</PakQty>
		<PakUOM>Kg</PakUOM>
		<Comments/>
		<InventoryGroup id="47">PREP</InventoryGroup>
		<SalesCategory id="2">Food</SalesCategory>
		<IncomeAccount id="14" ref="Gross Sales" type="I" locked="Y">Gross Sales</IncomeAccount>
		<Location id="500">OK - PROCESSED </Location>
	</Prep>
	<Prep id="P-56399" active="Y" keyItem="N">
		<Description>BNO| Cilantro lime Rice </Description>
		<Barcode/>
		<Cost>0.0023</Cost>
		<PakQty>730.000</PakQty>
		<PakUOM>g</PakUOM>
		<Comments/>
		<InventoryGroup id=""/>
		<SalesCategory id=""/>
		<IncomeAccount id="" ref="" type="" locked=""/>
		<Location id=""/>
	</Prep>
	<Prep id="P-56372" active="Y" keyItem="Y">
		<Description>BNO|Carne Asada </Description>
		<Barcode/>
		<Cost>20.3475</Cost>
		<PakQty>1.000</PakQty>
		<PakUOM>Kg</PakUOM>
		<Comments/>
		<InventoryGroup id="47">PREP</InventoryGroup>
		<SalesCategory id="2">Food</SalesCategory>
		<IncomeAccount id="14" ref="Gross Sales" type="I" locked="Y">Gross Sales</IncomeAccount>
		<Location id="500">OK - PROCESSED </Location>
	</Prep>
	<Prep id="P-56422" active="Y" keyItem="N">
		<Description>BNO|Fajita Veg </Description>
		<Barcode/>
		<Cost>5.9382</Cost>
		<PakQty>2.000</PakQty>
		<PakUOM>Kg</PakUOM>
		<Comments/>
		<InventoryGroup id=""/>
		<SalesCategory id=""/>
		<IncomeAccount id="" ref="" type="" locked=""/>
		<Location id=""/>
	</Prep>
	<Prep id="P-24750" active="Y" keyItem="N">
		<Description>CHOPPED|Cilantro</Description>
		<Barcode/>
		<Cost>20.3000</Cost>
		<PakQty>0.500</PakQty>
		<PakUOM>Kg</PakUOM>
		<Comments/>
		<InventoryGroup id=""/>
		<SalesCategory id=""/>
		<IncomeAccount id="" ref="" type="" locked=""/>
		<Location id=""/>
	</Prep>
	<Prep id="P-51214" active="Y" keyItem="Y">
		<Description>COOKED|Ancho Chicken|Batch</Description>
		<Barcode/>
		<Cost>16.9389</Cost>
		<PakQty>8.000</PakQty>
		<PakUOM>Kg</PakUOM>
		<Comments/>
		<InventoryGroup id="47">PREP</InventoryGroup>
		<SalesCategory id="2">Food</SalesCategory>
		<IncomeAccount id="14" ref="Gross Sales" type="I" locked="Y">Gross Sales</IncomeAccount>
		<Location id="500">OK - PROCESSED </Location>
	</Prep>
	<Prep id="P-41574" active="Y" keyItem="Y">
		<Description>COOKED|Black Beans</Description>
		<Barcode/>
		<Cost>1.5168</Cost>
		<PakQty>30.000</PakQty>
		<PakUOM>Kg</PakUOM>
		<Comments/>
		<InventoryGroup id="47">PREP</InventoryGroup>
		<SalesCategory id="2">Food</SalesCategory>
		<IncomeAccount id="14" ref="Gross Sales" type="I" locked="Y">Gross Sales</IncomeAccount>
		<Location id="500">OK - PROCESSED </Location>
	</Prep>
	<Prep id="P-50795" active="Y" keyItem="N">
		<Description>COOKED|Corn</Description>
		<Barcode/>
		<Cost>0.0037</Cost>
		<PakQty>300.000</PakQty>
		<PakUOM>g</PakUOM>
		<Comments/>
		<InventoryGroup id=""/>
		<SalesCategory id=""/>
		<IncomeAccount id="" ref="" type="" locked=""/>
		<Location id=""/>
	</Prep>
	<Prep id="P-43440" active="Y" keyItem="Y">
		<Description>DICED|Red Onion 1/4&quot;</Description>
		<Barcode/>
		<Cost>3.6264</Cost>
		<PakQty>11.010</PakQty>
		<PakUOM>Kg</PakUOM>
		<Comments/>
		<InventoryGroup id="47">PREP</InventoryGroup>
		<SalesCategory id="2">Food</SalesCategory>
		<IncomeAccount id="14" ref="Gross Sales" type="I" locked="Y">Gross Sales</IncomeAccount>
		<Location id="500">OK - PROCESSED </Location>
	</Prep>
	<Prep id="P-57499" active="Y" keyItem="Y">
		<Description>DICED|Red Onion 1/8</Description>
		<Barcode/>
		<Cost>3.6297</Cost>
		<PakQty>11.000</PakQty>
		<PakUOM>Kg</PakUOM>
		<Comments/>
		<InventoryGroup id="47">PREP</InventoryGroup>
		<SalesCategory id="2">Food</SalesCategory>
		<IncomeAccount id="14" ref="Gross Sales" type="I" locked="Y">Gross Sales</IncomeAccount>
		<Location id="500">OK - PROCESSED </Location>
	</Prep>
	<Prep id="P-44429" active="Y" keyItem="Y">
		<Description>DICED|Roma Tomato|1/4&quot;</Description>
		<Barcode/>
		<Cost>3.7430</Cost>
		<PakQty>1.000</PakQty>
		<PakUOM>Kg</PakUOM>
		<Comments/>
		<InventoryGroup id="47">PREP</InventoryGroup>
		<SalesCategory id="2">Food</SalesCategory>
		<IncomeAccount id="14" ref="Gross Sales" type="I" locked="Y">Gross Sales</IncomeAccount>
		<Location id="500">OK - PROCESSED </Location>
	</Prep>
	<Prep id="P-38556" active="Y" keyItem="N">
		<Description>DICED|Yellow Onion|1/4&quot;</Description>
		<Barcode/>
		<Cost>2.2461</Cost>
		<PakQty>11.400</PakQty>
		<PakUOM>Kg</PakUOM>
		<Comments/>
		<InventoryGroup id=""/>
		<SalesCategory id=""/>
		<IncomeAccount id="" ref="" type="" locked=""/>
		<Location id=""/>
	</Prep>
	<Prep id="P-39167" active="Y" keyItem="N">
		<Description>DICED|Yellow Onion|3/4&quot;</Description>
		<Barcode/>
		<Cost>2.3257</Cost>
		<PakQty>11.010</PakQty>
		<PakUOM>Kg</PakUOM>
		<Comments/>
		<InventoryGroup id=""/>
		<SalesCategory id=""/>
		<IncomeAccount id="" ref="" type="" locked=""/>
		<Location id=""/>
	</Prep>
	<Prep id="P-50826" active="Y" keyItem="N">
		<Description>DRIZZLE|Sour cream</Description>
		<Barcode/>
		<Cost>4.8725</Cost>
		<PakQty>1.000</PakQty>
		<PakUOM>L</PakUOM>
		<Comments/>
		<InventoryGroup id=""/>
		<SalesCategory id=""/>
		<IncomeAccount id="" ref="" type="" locked=""/>
		<Location id=""/>
	</Prep>
	<Prep id="P-55548" active="Y" keyItem="Y">
		<Description>FRIED|Corn Tortilla Strips</Description>
		<Barcode/>
		<Cost>1.4208</Cost>
		<PakQty>0.500</PakQty>
		<PakUOM>Kg</PakUOM>
		<Comments/>
		<InventoryGroup id="299">ZDONT USE OK - PREP</InventoryGroup>
		<SalesCategory id="2">Food</SalesCategory>
		<IncomeAccount id="14" ref="Gross Sales" type="I" locked="Y">Gross Sales</IncomeAccount>
		<Location id="462">OK - STN - VEGETARIA</Location>
	</Prep>
	<Prep id="P-43583" active="Y" keyItem="Y">
		<Description>GARNISH|Crispy Shallot</Description>
		<Barcode/>
		<Cost>0.0365</Cost>
		<PakQty>1000.000</PakQty>
		<PakUOM>g</PakUOM>
		<Comments/>
		<InventoryGroup id="47">PREP</InventoryGroup>
		<SalesCategory id="2">Food</SalesCategory>
		<IncomeAccount id="14" ref="Gross Sales" type="I" locked="Y">Gross Sales</IncomeAccount>
		<Location id="459">OK - STN - GRILL</Location>
	</Prep>
	<Prep id="P-43346" active="Y" keyItem="N">
		<Description>GARNISHlFried Onion</Description>
		<Barcode/>
		<Cost>41.4762</Cost>
		<PakQty>0.450</PakQty>
		<PakUOM>Kg</PakUOM>
		<Comments/>
		<InventoryGroup id=""/>
		<SalesCategory id=""/>
		<IncomeAccount id="" ref="" type="" locked=""/>
		<Location id=""/>
	</Prep>
	<Prep id="P-50985" active="Y" keyItem="Y">
		<Description>MARINADE|Ancho Steak</Description>
		<Barcode/>
		<Cost>17.2735</Cost>
		<PakQty>8.000</PakQty>
		<PakUOM>Kg</PakUOM>
		<Comments/>
		<InventoryGroup id="47">PREP</InventoryGroup>
		<SalesCategory id="2">Food</SalesCategory>
		<IncomeAccount id="14" ref="Gross Sales" type="I" locked="Y">Gross Sales</IncomeAccount>
		<Location id="500">OK - PROCESSED </Location>
	</Prep>
	<Prep id="P-50794" active="Y" keyItem="N">
		<Description>MARINADE|ForTofu|Bueno</Description>
		<Barcode/>
		<Cost>0.0059</Cost>
		<PakQty>550.000</PakQty>
		<PakUOM>g</PakUOM>
		<Comments/>
		<InventoryGroup id=""/>
		<SalesCategory id=""/>
		<IncomeAccount id="" ref="" type="" locked=""/>
		<Location id=""/>
	</Prep>
	<Prep id="P-50796" active="Y" keyItem="N">
		<Description>MARINADE|Tofu|Bueno</Description>
		<Barcode/>
		<Cost>0.0089</Cost>
		<PakQty>150.000</PakQty>
		<PakUOM>g</PakUOM>
		<Comments/>
		<InventoryGroup id=""/>
		<SalesCategory id=""/>
		<IncomeAccount id="" ref="" type="" locked=""/>
		<Location id=""/>
	</Prep>
	<Prep id="P-41751" active="Y" keyItem="Y">
		<Description>MAYO|BlackChili|Bueno</Description>
		<Barcode/>
		<Cost>9.7103</Cost>
		<PakQty>4.500</PakQty>
		<PakUOM>L</PakUOM>
		<Comments/>
		<InventoryGroup id="47">PREP</InventoryGroup>
		<SalesCategory id="2">Food</SalesCategory>
		<IncomeAccount id="14" ref="Gross Sales" type="I" locked="Y">Gross Sales</IncomeAccount>
		<Location id="449">OK - ARCHIVE</Location>
	</Prep>
	<Prep id="P-18907" active="Y" keyItem="N">
		<Description>MIX|Salt&amp;Pepper</Description>
		<Barcode/>
		<Cost>0.0086</Cost>
		<PakQty>1225.000</PakQty>
		<PakUOM>g</PakUOM>
		<Comments/>
		<InventoryGroup id=""/>
		<SalesCategory id=""/>
		<IncomeAccount id="" ref="" type="" locked=""/>
		<Location id=""/>
	</Prep>
	<Prep id="P-41551" active="Y" keyItem="Y">
		<Description>OIL|CharredChili|Bueno</Description>
		<Barcode/>
		<Cost>8.6436</Cost>
		<PakQty>7.000</PakQty>
		<PakUOM>L</PakUOM>
		<Comments/>
		<InventoryGroup id="47">PREP</InventoryGroup>
		<SalesCategory id="2">Food</SalesCategory>
		<IncomeAccount id="14" ref="Gross Sales" type="I" locked="Y">Gross Sales</IncomeAccount>
		<Location id="500">OK - PROCESSED </Location>
	</Prep>
	<Prep id="P-41468" active="Y" keyItem="Y">
		<Description>PICKLE|Base</Description>
		<Barcode/>
		<Cost>1.0319</Cost>
		<PakQty>15.000</PakQty>
		<PakUOM>L</PakUOM>
		<Comments/>
		<InventoryGroup id="47">PREP</InventoryGroup>
		<SalesCategory id="2">Food</SalesCategory>
		<IncomeAccount id="14" ref="Gross Sales" type="I" locked="Y">Gross Sales</IncomeAccount>
		<Location id="500">OK - PROCESSED </Location>
	</Prep>
	<Prep id="P-26136" active="Y" keyItem="Y">
		<Description>PICKLE|Onion Red</Description>
		<Barcode/>
		<Cost>2.0034</Cost>
		<PakQty>9.072</PakQty>
		<PakUOM>Kg</PakUOM>
		<Comments/>
		<InventoryGroup id="47">PREP</InventoryGroup>
		<SalesCategory id="2">Food</SalesCategory>
		<IncomeAccount id="14" ref="Gross Sales" type="I" locked="Y">Gross Sales</IncomeAccount>
		<Location id="500">OK - PROCESSED </Location>
	</Prep>
	<Prep id="P-59591" active="Y" keyItem="N">
		<Description>PREP|Chiles|Stock</Description>
		<Barcode/>
		<Cost>9.0176</Cost>
		<PakQty>1.000</PakQty>
		<PakUOM>L</PakUOM>
		<Comments/>
		<InventoryGroup id=""/>
		<SalesCategory id=""/>
		<IncomeAccount id="" ref="" type="" locked=""/>
		<Location id=""/>
	</Prep>
	<Prep id="P-45790" active="Y" keyItem="Y">
		<Description>PREP|crispy Tortilla strip|CAL</Description>
		<Barcode/>
		<Cost>0.0052</Cost>
		<PakQty>400.000</PakQty>
		<PakUOM>g</PakUOM>
		<Comments/>
		<InventoryGroup id="47">PREP</InventoryGroup>
		<SalesCategory id="2">Food</SalesCategory>
		<IncomeAccount id="14" ref="Gross Sales" type="I" locked="Y">Gross Sales</IncomeAccount>
		<Location id="140">*PV 9. CALIENTE</Location>
	</Prep>
	<Prep id="P-26020" active="Y" keyItem="Y">
		<Description>PUREE|Garlic|Kg - FT</Description>
		<Barcode/>
		<Cost>12.2277</Cost>
		<PakQty>2.500</PakQty>
		<PakUOM>Kg</PakUOM>
		<Comments>2 weeks</Comments>
		<InventoryGroup id="47">PREP</InventoryGroup>
		<SalesCategory id="2">Food</SalesCategory>
		<IncomeAccount id="14" ref="Gross Sales" type="I" locked="Y">Gross Sales</IncomeAccount>
		<Location id="500">OK - PROCESSED </Location>
	</Prep>
	<Prep id="P-41573" active="Y" keyItem="Y">
		<Description>RICE|AnchoMix|Bueno</Description>
		<Barcode/>
		<Cost>3.0426</Cost>
		<PakQty>8.000</PakQty>
		<PakUOM>Kg</PakUOM>
		<Comments/>
		<InventoryGroup id="47">PREP</InventoryGroup>
		<SalesCategory id="2">Food</SalesCategory>
		<IncomeAccount id="14" ref="Gross Sales" type="I" locked="Y">Gross Sales</IncomeAccount>
		<Location id="4">PREP</Location>
	</Prep>
	<Prep id="P-26062" active="Y" keyItem="Y">
		<Description>SALSA|Pico de Gallo|OK</Description>
		<Barcode/>
		<Cost>4.0207</Cost>
		<PakQty>30.000</PakQty>
		<PakUOM>Kg</PakUOM>
		<Comments/>
		<InventoryGroup id="47">PREP</InventoryGroup>
		<SalesCategory id="2">Food</SalesCategory>
		<IncomeAccount id="14" ref="Gross Sales" type="I" locked="Y">Gross Sales</IncomeAccount>
		<Location id="500">OK - PROCESSED </Location>
	</Prep>
	<Prep id="P-26140" active="Y" keyItem="Y">
		<Description>SALSA|Roasted Tomatillo</Description>
		<Barcode/>
		<Cost>11.0705</Cost>
		<PakQty>1.474</PakQty>
		<PakUOM>Kg</PakUOM>
		<Comments/>
		<InventoryGroup id="47">PREP</InventoryGroup>
		<SalesCategory id="2">Food</SalesCategory>
		<IncomeAccount id="14" ref="Gross Sales" type="I" locked="Y">Gross Sales</IncomeAccount>
		<Location id="500">OK - PROCESSED </Location>
	</Prep>
	<Prep id="P-41548" active="Y" keyItem="Y">
		<Description>SALSA|Salsa Roja</Description>
		<Barcode/>
		<Cost>2.6650</Cost>
		<PakQty>30.000</PakQty>
		<PakUOM>L</PakUOM>
		<Comments/>
		<InventoryGroup id="47">PREP</InventoryGroup>
		<SalesCategory id="2">Food</SalesCategory>
		<IncomeAccount id="14" ref="Gross Sales" type="I" locked="Y">Gross Sales</IncomeAccount>
		<Location id="500">OK - PROCESSED </Location>
	</Prep>
	<Prep id="P-43581" active="Y" keyItem="Y">
		<Description>SAUCE|Green Chimichurri</Description>
		<Barcode/>
		<Cost>0.0191</Cost>
		<PakQty>600.000</PakQty>
		<PakUOM>ml</PakUOM>
		<Comments/>
		<InventoryGroup id="47">PREP</InventoryGroup>
		<SalesCategory id="2">Food</SalesCategory>
		<IncomeAccount id="14" ref="Gross Sales" type="I" locked="Y">Gross Sales</IncomeAccount>
		<Location id="500">OK - PROCESSED </Location>
	</Prep>
	<Prep id="P-42355" active="Y" keyItem="Y">
		<Description>SAUCE|Roasted Pineapple|Batch</Description>
		<Barcode/>
		<Cost>3.7574</Cost>
		<PakQty>6.000</PakQty>
		<PakUOM>L</PakUOM>
		<Comments/>
		<InventoryGroup id="47">PREP</InventoryGroup>
		<SalesCategory id="2">Food</SalesCategory>
		<IncomeAccount id="14" ref="Gross Sales" type="I" locked="Y">Gross Sales</IncomeAccount>
		<Location id="4">PREP</Location>
	</Prep>
	<Prep id="P-43584" active="Y" keyItem="Y">
		<Description>SAUCE|Sriracha Sour Cream</Description>
		<Barcode/>
		<Cost>6.5067</Cost>
		<PakQty>2.500</PakQty>
		<PakUOM>L</PakUOM>
		<Comments/>
		<InventoryGroup id="47">PREP</InventoryGroup>
		<SalesCategory id="2">Food</SalesCategory>
		<IncomeAccount id="14" ref="Gross Sales" type="I" locked="Y">Gross Sales</IncomeAccount>
		<Location id="500">OK - PROCESSED </Location>
	</Prep>
	<Prep id="P-42412" active="Y" keyItem="Y">
		<Description>SAUCElChipotle Sour Cream</Description>
		<Barcode/>
		<Cost>5.7197</Cost>
		<PakQty>2.900</PakQty>
		<PakUOM>L</PakUOM>
		<Comments/>
		<InventoryGroup id="138">FEAST</InventoryGroup>
		<SalesCategory id="2">Food</SalesCategory>
		<IncomeAccount id="14" ref="Gross Sales" type="I" locked="Y">Gross Sales</IncomeAccount>
		<Location id="151">TP - 5. PROCES FOOD</Location>
	</Prep>
	<Prep id="P-44475" active="Y" keyItem="Y">
		<Description>SLICED|Jalepeno|1/8th</Description>
		<Barcode/>
		<Cost>0.0066</Cost>
		<PakQty>214.000</PakQty>
		<PakUOM>g</PakUOM>
		<Comments/>
		<InventoryGroup id="16">FOOD - GROCERY</InventoryGroup>
		<SalesCategory id="2">Food</SalesCategory>
		<IncomeAccount id="14" ref="Gross Sales" type="I" locked="Y">Gross Sales</IncomeAccount>
		<Location id="303">OK - PRODUCE COOLER</Location>
	</Prep>
	<Prep id="P-50547" active="Y" keyItem="N">
		<Description>SLICED|Onion Red</Description>
		<Barcode/>
		<Cost>2.1239</Cost>
		<PakQty>23.000</PakQty>
		<PakUOM>lb</PakUOM>
		<Comments/>
		<InventoryGroup id=""/>
		<SalesCategory id=""/>
		<IncomeAccount id="" ref="" type="" locked=""/>
		<Location id=""/>
	</Prep>
	<Prep id="P-41572" active="Y" keyItem="Y">
		<Description>SPICEMIX|Ancho Rice</Description>
		<Barcode/>
		<Cost>0.0131</Cost>
		<PakQty>1135.000</PakQty>
		<PakUOM>g</PakUOM>
		<Comments/>
		<InventoryGroup id="47">PREP</InventoryGroup>
		<SalesCategory id="2">Food</SalesCategory>
		<IncomeAccount id="14" ref="Gross Sales" type="I" locked="Y">Gross Sales</IncomeAccount>
		<Location id="4">PREP</Location>
	</Prep>
	<Prep id="P-23627" active="Y" keyItem="N">
		<Description>TP - BEV HOT TEA YERBA MATE</Description>
		<Barcode/>
		<Cost>0.2970</Cost>
		<PakQty>5.700</PakQty>
		<PakUOM>L</PakUOM>
		<Comments/>
		<InventoryGroup id=""/>
		<SalesCategory id=""/>
		<IncomeAccount id="" ref="" type="" locked=""/>
		<Location id=""/>
	</Prep>
	<Prep id="P-44728" active="Y" keyItem="N">
		<Description>YEILD|Chopped Parsley</Description>
		<Barcode/>
		<Cost>0.0237</Cost>
		<PakQty>45.000</PakQty>
		<PakUOM>g</PakUOM>
		<Comments/>
		<InventoryGroup id=""/>
		<SalesCategory id=""/>
		<IncomeAccount id="" ref="" type="" locked=""/>
		<Location id=""/>
	</Prep>
	<Prep id="P-51535" active="Y" keyItem="N">
		<Description>YIELD|70%Jalapeno|Processed</Description>
		<Barcode/>
		<Cost>0.0075</Cost>
		<PakQty>700.000</PakQty>
		<PakUOM>g</PakUOM>
		<Comments/>
		<InventoryGroup id=""/>
		<SalesCategory id=""/>
		<IncomeAccount id="" ref="" type="" locked=""/>
		<Location id=""/>
	</Prep>
	<Prep id="P-26514" active="Y" keyItem="N">
		<Description>YIELD|Cilantro|Herb</Description>
		<Barcode/>
		<Cost>0.0203</Cost>
		<PakQty>55.000</PakQty>
		<PakUOM>g</PakUOM>
		<Comments/>
		<InventoryGroup id=""/>
		<SalesCategory id=""/>
		<IncomeAccount id="" ref="" type="" locked=""/>
		<Location id=""/>
	</Prep>
	<Prep id="P-57146" active="Y" keyItem="N">
		<Description>YIELD|Green Pepper</Description>
		<Barcode/>
		<Cost>4.6217</Cost>
		<PakQty>8.300</PakQty>
		<PakUOM>Kg</PakUOM>
		<Comments/>
		<InventoryGroup id=""/>
		<SalesCategory id=""/>
		<IncomeAccount id="" ref="" type="" locked=""/>
		<Location id=""/>
	</Prep>
	<Prep id="P-56811" active="Y" keyItem="N">
		<Description>YIELD|Jalapeno</Description>
		<Barcode/>
		<Cost>5.9679</Cost>
		<PakQty>4.000</PakQty>
		<PakUOM>Kg</PakUOM>
		<Comments/>
		<InventoryGroup id=""/>
		<SalesCategory id=""/>
		<IncomeAccount id="" ref="" type="" locked=""/>
		<Location id=""/>
	</Prep>
	<Prep id="P-20358" active="Y" keyItem="N">
		<Description>YIELD|Jalapeno sliced</Description>
		<Barcode/>
		<Cost>0.0063</Cost>
		<PakQty>83.000</PakQty>
		<PakUOM>g</PakUOM>
		<Comments/>
		<InventoryGroup id=""/>
		<SalesCategory id=""/>
		<IncomeAccount id="" ref="" type="" locked=""/>
		<Location id=""/>
	</Prep>
	<Prep id="P-53745" active="Y" keyItem="N">
		<Description>YIELD|Jalapenos wt seeds|Whole</Description>
		<Barcode/>
		<Cost>5.8422</Cost>
		<PakQty>0.900</PakQty>
		<PakUOM>Kg</PakUOM>
		<Comments/>
		<InventoryGroup id=""/>
		<SalesCategory id=""/>
		<IncomeAccount id="" ref="" type="" locked=""/>
		<Location id=""/>
	</Prep>
	<Prep id="P-51536" active="Y" keyItem="N">
		<Description>YIELD|Oregano Fresh</Description>
		<Barcode/>
		<Cost>0.0548</Cost>
		<PakQty>325.000</PakQty>
		<PakUOM>g</PakUOM>
		<Comments/>
		<InventoryGroup id=""/>
		<SalesCategory id=""/>
		<IncomeAccount id="" ref="" type="" locked=""/>
		<Location id=""/>
	</Prep>
	<Prep id="P-56921" active="Y" keyItem="N">
		<Description>YIELD|Poblano</Description>
		<Barcode/>
		<Cost>0.0078</Cost>
		<PakQty>825.000</PakQty>
		<PakUOM>g</PakUOM>
		<Comments/>
		<InventoryGroup id=""/>
		<SalesCategory id=""/>
		<IncomeAccount id="" ref="" type="" locked=""/>
		<Location id=""/>
	</Prep>
	<Prep id="P-19175" active="Y" keyItem="Y">
		<Description>YIELD|Red Onion</Description>
		<Barcode/>
		<Cost>3.4719</Cost>
		<PakQty>1.600</PakQty>
		<PakUOM>Kg</PakUOM>
		<Comments>July 2018 (Fiscal 19)</Comments>
		<InventoryGroup id="47">PREP</InventoryGroup>
		<SalesCategory id="2">Food</SalesCategory>
		<IncomeAccount id="14" ref="Gross Sales" type="I" locked="Y">Gross Sales</IncomeAccount>
		<Location id="472">OK - STN - VEG PREP </Location>
	</Prep>
	<Prep id="P-18746" active="Y" keyItem="Y">
		<Description>YIELD|Red Pepper|Fresh</Description>
		<Barcode/>
		<Cost>8.0373</Cost>
		<PakQty>8.300</PakQty>
		<PakUOM>Kg</PakUOM>
		<Comments/>
		<InventoryGroup id="47">PREP</InventoryGroup>
		<SalesCategory id="2">Food</SalesCategory>
		<IncomeAccount id="14" ref="Gross Sales" type="I" locked="Y">Gross Sales</IncomeAccount>
		<Location id="500">OK - PROCESSED </Location>
	</Prep>
	<Prep id="P-57143" active="Y" keyItem="N">
		<Description>YIELD|Thai Chili Peppers</Description>
		<Barcode/>
		<Cost>7.7162</Cost>
		<PakQty>0.900</PakQty>
		<PakUOM>Kg</PakUOM>
		<Comments/>
		<InventoryGroup id=""/>
		<SalesCategory id=""/>
		<IncomeAccount id="" ref="" type="" locked=""/>
		<Location id=""/>
	</Prep>
	<Prep id="P-56923" active="Y" keyItem="N">
		<Description>YIELD|Tomatillio</Description>
		<Barcode/>
		<Cost>0.0065</Cost>
		<PakQty>825.000</PakQty>
		<PakUOM>g</PakUOM>
		<Comments/>
		<InventoryGroup id=""/>
		<SalesCategory id=""/>
		<IncomeAccount id="" ref="" type="" locked=""/>
		<Location id=""/>
	</Prep>
	<Prep id="P-50587" active="Y" keyItem="N">
		<Description>YIELD|Tomato Roma</Description>
		<Barcode/>
		<Cost>3.7430</Cost>
		<PakQty>9.000</PakQty>
		<PakUOM>Kg</PakUOM>
		<Comments/>
		<InventoryGroup id=""/>
		<SalesCategory id=""/>
		<IncomeAccount id="" ref="" type="" locked=""/>
		<Location id=""/>
	</Prep>
	<Prep id="P-24452" active="Y" keyItem="N">
		<Description>YIELD|Yellow Onion</Description>
		<Barcode/>
		<Cost>1.0056</Cost>
		<PakQty>0.900</PakQty>
		<PakUOM>lb</PakUOM>
		<Comments/>
		<InventoryGroup id=""/>
		<SalesCategory id=""/>
		<IncomeAccount id="" ref="" type="" locked=""/>
		<Location id=""/>
	</Prep>
	<Prep id="P-57145" active="Y" keyItem="N">
		<Description>YIELD|Yellow Pepper</Description>
		<Barcode/>
		<Cost>7.5340</Cost>
		<PakQty>8.300</PakQty>
		<PakUOM>Kg</PakUOM>
		<Comments/>
		<InventoryGroup id=""/>
		<SalesCategory id=""/>
		<IncomeAccount id="" ref="" type="" locked=""/>
		<Location id=""/>
	</Prep>
</Preps>
