﻿<?xml version="1.0" encoding="UTF-8" standalone="yes"?>
<Prods>
	<Prod id="R-33198" active="Y" special="N">
		<Description>BEV|Pop|Bulk 12oz</Description>
		<Barcode/>
		<Cost>1.2928</Cost>
		<Comments/>
		<SalesGroup id="2">BEVERAGE</SalesGroup>
		<SalesCategory id="2">Food</SalesCategory>
		<IncomeAccount id="14" ref="Gross Sales" type="I" locked="Y">Gross Sales</IncomeAccount>
		<TaxGroup id=""/>
		<Price>1.99</Price>
		<PLU num="13232">POP BULK 12oz</PLU>
	</Prod>
	<Prod id="R-37957" active="Y" special="N">
		<Description>BEV|Pop|Coke Classic|500ml</Description>
		<Barcode/>
		<Cost>1.1813</Cost>
		<Comments/>
		<SalesGroup id="2">BEVERAGE</SalesGroup>
		<SalesCategory id="2">Food</SalesCategory>
		<IncomeAccount id="14" ref="Gross Sales" type="I" locked="Y">Gross Sales</IncomeAccount>
		<TaxGroup id=""/>
		<Price>3.19</Price>
		<PLU num="15520">Coke</PLU>
	</Prod>
	<Prod id="R-37956" active="Y" special="N">
		<Description>BEV|Pop|Coke Diet|500ml</Description>
		<Barcode/>
		<Cost>1.2100</Cost>
		<Comments/>
		<SalesGroup id="2">BEVERAGE</SalesGroup>
		<SalesCategory id="2">Food</SalesCategory>
		<IncomeAccount id="14" ref="Gross Sales" type="I" locked="Y">Gross Sales</IncomeAccount>
		<TaxGroup id=""/>
		<Price>3.19</Price>
		<PLU num="15518">Diet Coke</PLU>
	</Prod>
	<Prod id="R-41232" active="Y" special="N">
		<Description>BEV|Tea|Four O`Clock|Asst</Description>
		<Barcode/>
		<Cost>0.1521</Cost>
		<Comments/>
		<SalesGroup id="2">BEVERAGE</SalesGroup>
		<SalesCategory id="2">Food</SalesCategory>
		<IncomeAccount id="14" ref="Gross Sales" type="I" locked="Y">Gross Sales</IncomeAccount>
		<TaxGroup id=""/>
		<Price>2.55</Price>
		<PLU num="24209">FOUR O`CLOCK TEA</PLU>
	</Prod>
	<Prod id="R-53072" active="Y" special="N">
		<Description>BEV|Vitasoy|Lemon Tea</Description>
		<Barcode/>
		<Cost>0.6188</Cost>
		<Comments/>
		<SalesGroup id="2">BEVERAGE</SalesGroup>
		<SalesCategory id="2">Food</SalesCategory>
		<IncomeAccount id="14" ref="Gross Sales" type="I" locked="Y">Gross Sales</IncomeAccount>
		<TaxGroup id=""/>
		<Price>2.25</Price>
		<PLU num="24468">VITASOY - LEMON TEA</PLU>
	</Prod>
	<Prod id="R-37369" active="Y" special="N">
		<Description>BEV|Water|Dasani|591ml</Description>
		<Barcode/>
		<Cost>0.6192</Cost>
		<Comments/>
		<SalesGroup id="2">BEVERAGE</SalesGroup>
		<SalesCategory id="2">Food</SalesCategory>
		<IncomeAccount id="14" ref="Gross Sales" type="I" locked="Y">Gross Sales</IncomeAccount>
		<TaxGroup id=""/>
		<Price>2.59</Price>
		<PLU num="11053">Dasani 591ml</PLU>
	</Prod>
	<Prod id="R-23628" active="Y" special="N">
		<Description>BEV|Yerba Mate|Bulk 12oz</Description>
		<Barcode/>
		<Cost>0.2827</Cost>
		<Comments/>
		<SalesGroup id="2">BEVERAGE</SalesGroup>
		<SalesCategory id="2">Food</SalesCategory>
		<IncomeAccount id="14" ref="Gross Sales" type="I" locked="Y">Gross Sales</IncomeAccount>
		<TaxGroup id=""/>
		<Price>2.29</Price>
		<PLU num="17193">YERBA - HOT - 12oz</PLU>
	</Prod>
	<Prod id="R-44308" active="Y" special="N">
		<Description>BNO|Bowl Pulled Pork</Description>
		<Barcode/>
		<Cost>3.6449</Cost>
		<Comments>May 2018 (F19)</Comments>
		<SalesGroup id="364">OK - BURRITO KITCHEN </SalesGroup>
		<SalesCategory id="2">Food</SalesCategory>
		<IncomeAccount id="14" ref="Gross Sales" type="I" locked="Y">Gross Sales</IncomeAccount>
		<TaxGroup id=""/>
		<Price>9.99</Price>
		<PLU num="32516">PULLED PORK BOWL BUENO</PLU>
	</Prod>
	<Prod id="R-44315" active="Y" special="N">
		<Description>BNO|Bowl|Ancho Chicken</Description>
		<Barcode/>
		<Cost>3.4857</Cost>
		<Comments>May 2018 (F19)</Comments>
		<SalesGroup id="364">OK - BURRITO KITCHEN </SalesGroup>
		<SalesCategory id="2">Food</SalesCategory>
		<IncomeAccount id="14" ref="Gross Sales" type="I" locked="Y">Gross Sales</IncomeAccount>
		<TaxGroup id=""/>
		<Price>9.99</Price>
		<PLU num="32515">CHICKEN BOWL BUENO</PLU>
	</Prod>
	<Prod id="R-56801" active="Y" special="N">
		<Description>BNO|Bowl|Carne Asada</Description>
		<Barcode/>
		<Cost>3.6698</Cost>
		<Comments/>
		<SalesGroup id="364">OK - BURRITO KITCHEN </SalesGroup>
		<SalesCategory id="2">Food</SalesCategory>
		<IncomeAccount id="14" ref="Gross Sales" type="I" locked="Y">Gross Sales</IncomeAccount>
		<TaxGroup id=""/>
		<Price>10.99</Price>
		<PLU num="32896">CARNE ASADA BOWL BUENO</PLU>
	</Prod>
	<Prod id="R-44310" active="Y" special="N">
		<Description>BNO|Bowl|Steak</Description>
		<Barcode/>
		<Cost>4.2546</Cost>
		<Comments>May 2018 (F19)</Comments>
		<SalesGroup id="364">OK - BURRITO KITCHEN </SalesGroup>
		<SalesCategory id="2">Food</SalesCategory>
		<IncomeAccount id="14" ref="Gross Sales" type="I" locked="Y">Gross Sales</IncomeAccount>
		<TaxGroup id=""/>
		<Price>12.99</Price>
		<PLU num="32699">STEAK BOWL BUENO</PLU>
	</Prod>
	<Prod id="R-61074" active="Y" special="N">
		<Description>BNO|Bowl|Steak-Carne Asada</Description>
		<Barcode/>
		<Cost>4.5717</Cost>
		<Comments>May 2018 (F19)</Comments>
		<SalesGroup id="364">OK - BURRITO KITCHEN </SalesGroup>
		<SalesCategory id="2">Food</SalesCategory>
		<IncomeAccount id="14" ref="Gross Sales" type="I" locked="Y">Gross Sales</IncomeAccount>
		<TaxGroup id=""/>
		<Price>12.99</Price>
		<PLU num=""/>
	</Prod>
	<Prod id="R-51216" active="Y" special="N">
		<Description>BNO|Bowl|Super Tofu</Description>
		<Barcode/>
		<Cost>3.7364</Cost>
		<Comments/>
		<SalesGroup id="364">OK - BURRITO KITCHEN </SalesGroup>
		<SalesCategory id="2">Food</SalesCategory>
		<IncomeAccount id="14" ref="Gross Sales" type="I" locked="Y">Gross Sales</IncomeAccount>
		<TaxGroup id=""/>
		<Price>10.99</Price>
		<PLU num="32636">BURRITO SUPER TOFU BOWL</PLU>
	</Prod>
	<Prod id="R-51215" active="Y" special="N">
		<Description>BNO|Bowl|White Bean</Description>
		<Barcode/>
		<Cost>3.2398</Cost>
		<Comments>May 2018 (F19)</Comments>
		<SalesGroup id="364">OK - BURRITO KITCHEN </SalesGroup>
		<SalesCategory id="2">Food</SalesCategory>
		<IncomeAccount id="14" ref="Gross Sales" type="I" locked="Y">Gross Sales</IncomeAccount>
		<TaxGroup id=""/>
		<Price>10.29</Price>
		<PLU num="32517">WHITE BEAN BOWL BUENO</PLU>
	</Prod>
</Prods>
