﻿<?xml version="1.0" encoding="UTF-8" standalone="yes"?>
<Recipes>
	<Recipe id="P-18746" image="">***COOKS AND CHEFS, PLEASE READ THE ENTIRE RECIPE BEFORE BEGINNING- THIS IS A RECOMMENDED STEP WITH EVERY PRODUCT WE EVER PRODUCE- THANK YOU***

Johnny,

Related Products this prep gets used in:

Allergens: (to be filled out by nutrition)
Method:
1.Gather ingredients
2.wash and cut to size wanted
3.place in container, label and store

-cool, store, label and rotated this item with older product correctly and diligently 

Portioning:

Utensils needed:
</Recipe>
	<Recipe id="P-19175" image="">Allergen:

n/a

Icon:

vegan, vegetarian, made without gluten

Method:



</Recipe>
	<Recipe id="P-24750" image=""/>
	<Recipe id="P-26020" image="">1. Puree garlic in batches in robot coupe
2. Mix in garlic</Recipe>
	<Recipe id="P-26062" image="">***COOKS AND CHEFS, PLEASE READ THE ENTIRE RECIPE BEFORE BEGINNING- THIS IS A RECOMMENDED STEP WITH EVERY PRODUCT WE EVER PRODUCE- THANK YOU***
Related Products this prep gets used in:

Allergens: 
Method:

NOTE: this is 2 boxes of tomatoes.

1. Dice tomatoes and place in perferated insert to drain excess liquid. Ensure tomatoes are small dice. Use the same dicing blade for the red onions.

2. Puree jalapenos in robot coupe until finely minced.

3. Put tomatoes into an insert and add red onion, jalapeno, cilantro, kosher salt, black pepper and lime juice. Mix well.  

3. Adjust seasoning.

-store, label and rotate this item with older product correctly and diligently.

Portioning:

Utensils needed:</Recipe>
	<Recipe id="P-26134" image="">***COOKS AND CHEFS, PLEASE READ THE ENTIRE RECIPE BEFORE BEGINNING- THIS IS A RECOMMENDED STEP WITH EVERY PRODUCT WE EVER PRODUCE- THANK YOU***
Related Products this prep gets used in:

Allergens: 
Method:

1. Preheat oven to 320F

2. Combine achiote paste, orange and pineapple juice.

3.  Slice each butt in half, and season pork with salt and pepper.  Make sure to get in all the cracks.

4. Place pork in braising dish with onions and jalapenos. cover with achiote marinade and add water until it comes halfway up the shoulder. Bring to simmer on french top before putting it in the oven.

5. Cover pork and braise in oven for about 3.5 hours, or until pork pulls easily apart

6. Remove meat and pull apart or shred with forks, removing large pieces of fat. Add back some of braising liquid in pork to keep moist

-cool, store, label and rotate this item with older product correctly and diligently.

Portioning:</Recipe>
	<Recipe id="P-26136" image="">***COOKS AND CHEFS, PLEASE READ THE ENTIRE RECIPE BEFORE BEGINNING- THIS IS A RECOMMENDED STEP WITH EVERY PRODUCT WE EVER PRODUCE- THANK YOU***
Related Products this prep gets used in:

Allergens: 
Method:

1. Prepare pickling liquid as per recipe

2. Add red onions. 

3. Allow to pickle 24 hours if possible.

-cool, store, label and rotate this item with older product correctly and diligently.




</Recipe>
	<Recipe id="P-26140" image="">***COOKS AND CHEFS, PLEASE READ THE ENTIRE RECIPE BEFORE BEGINNING- THIS IS A RECOMMENDED STEP WITH EVERY PRODUCT WE EVER PRODUCE- THANK YOU***


Related Products this prep gets used in:

Method:
1.Preheat oven to 400*F
2.In large mixing bowl, combine tomatillos, poblanos, jalapenos, garlic, oil and S+P.  Mix well to coat.
3.Place cooling rack over med high flame on burners.  Roast tomatillos, peppers and onions until charred all over.  Place on baking tray.  Add garlic.
4.Roast until peppers, onions and tomatillos are cooked through and soft enough to blitz in food processor, about 10-15 minutes.
5.In bowl of food processor, add roasted vegetables, cilantro leaves and stems, lime juice and salt.  Process until a unalagos consistency.

-cool, store, label and rotated this item with older product correctly and diligently 

Portioning:

Utensils needed:</Recipe>
	<Recipe id="P-26514" image="">***COOKS AND CHEFS, PLEASE READ THE ENTIRE RECIPE BEFORE BEGINNING- THIS IS A RECOMMENDED STEP WITH EVERY PRODUCT WE EVER PRODUCE- THANK YOU***
Johnny

Related Products this prep gets used in:

Allergens: (to be filled out by nutrition)

Method:
1. Gather All Ingredients and tools
2. Cut stem off
3. Pick leaves off

-cool, store, label and rotated this item with older product correctly and diligently 

Portioning:

Utensils needed: Cutting board, knife, insert
</Recipe>
	<Recipe id="P-38556" image="">1) Either by hand or using the Robocoupe 1/4&quot; dice attachment (if your not sure how to set up or properly use this machine please ask for assistance) dice onion to 1/4&quot; size.

2) Label, date, refrigerate.</Recipe>
	<Recipe id="P-41468" image="">***COOKS AND CHEFS, PLEASE READ THE ENTIRE RECIPE BEFORE BEGINNING- THIS IS A RECOMMENDED STEP WITH EVERY PRODUCT WE EVER PRODUCE- THANK YOU***
Related Products this prep gets used in:
pickle|onion red

Allergens: 
Method:

1.  Combine and boil to dissolve sugar and bring flavours out of spices and seasonings. 

2. Strain liquid before pouring over ingredient to be pickled and allow time to work its magic.

-cool, store, label and rotate this item with older product correctly and diligently.

Portioning:</Recipe>
	<Recipe id="P-41548" image="">Preps:
- De-stem Chilis (20 Minutes)
- Cut Onions (4 Minutes)
- Half Tomatoes (10 Minutes)
- Combine Water, Vinegar and chilli&apos;s mixture: reserve for later...

***COOKS AND CHEFS, PLEASE READ THE ENTIRE RECIPE BEFORE BEGINNING- THIS IS A RECOMMENDED STEP WITH EVERY PRODUCT WE EVER PRODUCE- THANK YOU***
Related Products this prep gets used in:

Allergens: 
Method:

Pre-Oven
- Place Remaining Ingredients in 2 Deep Hotel Pans
- Oil, Salt - Toss (10 Minutes)
- Roast in Convection Oven at 400F for 1.5 Hours
- Stir Occasionally (Top will Caramelize)
- Add Water If Necessary

Post-Oven
- Add Remaining Ingredients: H20 / Vinegar
- Blend Thoroughly In Vitamix (30 Minutes)
- Season w/ Salt to taste
- Add Vinegar

Post-Processing
- Cool Down, and let Rest overnight.
- Vaccuum Pack in 2L Bags
- Label/Date &amp; Freeze for future use...

-cool, store, label and rotate this item with older product correctly and diligently.

Portioning:

Utensils needed:</Recipe>
	<Recipe id="P-41551" image="">- Roast all Chilis at 400F
   - Place Each Chili on SEPARATE Oven Pan
      - Anchos will be done first...
      - Guajillos will be done around the same time...
      - Chipotle will need more time - roast until almost black...

- SEED ALL CHILIS ONCE THEY&apos;VE COOLED DOWN!
   - Break them open and shake out the seeds.
   - Keep as much of the &quot;flesh&quot; as possible.

- IN THE VITAMIX:
   - Blitz the remaining &quot;flesh&quot; into a powder.
   - Add Oil, Sugar, Salt, and Lime Juice
   - Using Hand Blender / Immersion Blender to Mix

- Date / Label  &amp; Store!</Recipe>
	<Recipe id="P-41572" image="">***COOKS AND CHEFS, PLEASE READ THE ENTIRE RECIPE BEFORE BEGINNING- THIS IS A RECOMMENDED STEP WITH EVERY PRODUCT WE EVER PRODUCE- THANK YOU***
Related Products this prep gets used in:

Allergens: 
Method:

1. Mix well

-store, label and rotate this item with older product correctly and diligently.

Portioning:

Utensils needed:
</Recipe>
	<Recipe id="P-41573" image="">***COOKS AND CHEFS, PLEASE READ THE ENTIRE RECIPE BEFORE BEGINNING- THIS IS A RECOMMENDED STEP WITH EVERY PRODUCT WE EVER PRODUCE- THANK YOU***
Related Products this prep gets used in:

Allergens: 
Method:

1. Steam rice.

2. Once rice is out of the steamer add all ingredients - oil, lime juice &amp; spice mix - into the rice in a big mixing bowl, and mix until incorporated.

3. When adding the Rice Spice - you are SEASONING TO TASTE. The Rice Spice mixture has salt in it. Mix it in until you can taste the salt, and the spice will be perfect!

-cool, store, label and rotate this item with older product correctly and diligently.

Portioning:</Recipe>
	<Recipe id="P-41574" image="">***COOKS AND CHEFS, PLEASE READ THE ENTIRE RECIPE BEFORE BEGINNING- THIS IS A RECOMMENDED STEP WITH EVERY PRODUCT WE EVER PRODUCE- THANK YOU***
Related Products this prep gets used in:

Allergens: 
Method:

1. PRE-SOAK Beans overnight!
   - 2 X 20L CAMBRO Containers
   - HALF of the Beans in Each
   - Filled with 12L of Water Each

2. Drain beans from their hydration liquid. Your cooking water should be different from your soaking water.

3. Using the small steam kettle, cook beans slowly in 20 extra liters of water. They should be good to start at 250F.

4. Cook the beans until they are soft, but not decomposing. During the cooking process it is important to skim off the foamy protein that will accumulate at the surface of the cooking beans&apos; water - this, if unchecked, will lead to a poor bitter taste and a lesser shelf life for the beans themselves.

5. While the beans are cooking, saute your onions in oil, until dark brown. Caramelize them as far as they will go, and then add cumin and garlic. Saute cumin and garlic for 5 minutes, and then take off heat.

6. Turn off steam kettle when the beans are cooked, and let beans sit. Take 4L of the cooking water, and set aside.

7. Drain beans, and then transfer them into a neutral container greater than 40L in volume. Get the large Immersion Blender.

8. Add the onion mixture with the garlic and cumin, as well as half of the salt, and half of the brown sugar. The remaining halves - set aside, and use to SEASON TO TASTE. 

9. With the Immersion Blender, blend about 4L of the bean mixture into a puree - and then add back into the rest of the beans, and mix. Add reserve liquid from the cooking, until you get - not a soup - beans with a puree of more beans.

-cool, store, label and rotate this item with older product correctly and diligently.</Recipe>
	<Recipe id="P-41751" image="">***COOKS AND CHEFS, PLEASE READ THE ENTIRE RECIPE BEFORE BEGINNING- THIS IS A RECOMMENDED STEP WITH EVERY PRODUCT WE EVER PRODUCE- THANK YOU***
Related Products this prep gets used in:

Allergens: 
Method:

1. Combine in the indicated proportions and mix.

-cool, store, label and rotate this item with older product correctly and diligently.

Portioning:</Recipe>
	<Recipe id="P-42355" image="">THE RECIPE IS A PREP,  an in house made ingredient recipe

***COOKS AND CHEFS, PLEASE READ THE ENTIRE RECIPE BEFORE BEGINNING- THIS IS A RECOMMENDED STEP WITH EVERY PRODUCT WE EVER PRODUCE- THANK YOU***
Related Products this prep gets used in:

Allergens: 
Method:

1. Open 2.8L cans of pineapple.

2. Drain Liquid - KEEP ON THE SIDE!

3. In the convection oven - at 400 Degrees (F) - roast the drained pineapple for 10 Minutes, or until darkening and caramelizing on the outside.

4. Remove from oven, and let sit until they&apos;ve reached room temperature...

*IN THE MEANTIME*

5. Set up the Vitamix!

*THEN*

6. In batches (4-5), begin mixing the lime juice, the drained pineapple juice from the cans, salt &amp; coriander - letting the Vitamix do its job until the mixture is at a fine puree! 

-cool, store, label and rotate this item with older product correctly and diligently.</Recipe>
	<Recipe id="P-42364" image="">***COOKS AND CHEFS, PLEASE READ THE ENTIRE RECIPE BEFORE BEGINNING- THIS IS A RECOMMENDED STEP WITH EVERY PRODUCT WE EVER PRODUCE- THANK YOU***
Related Products this prep gets used in:

Allergens: 
Method:

1. Combine and mix.

-cool, store, label and rotate this item with older product correctly and diligently.

Portioning:</Recipe>
	<Recipe id="P-42412" image="">

- Using the Vitamix, take 1 can of Chipotle Peppers (In Adobo) and blitz them into a fine puree with this recipe&apos;s Lime Juice.

- Fold into Sour Cream and add Salt.

Label/Date/Store!</Recipe>
	<Recipe id="P-43346" image="">ALLERGENS: N/A

Prep:

- THIS RECIPE IS A TOUGHT ONE; CRISPY SHALLOTS ARE AN ART FORM. PLEASE FOLLOW INSTRUCTIONS CAREFULLY, AND GET CHEF TO DO THIS WITH YOU ONCE BEFORE TRYING IT ON YOUR OWN.

- Mandoline Shallots into thin rings - Approx. 2mm.

- Created a Salt/Water Brine at 10% salt (100g Salt: 1000ml Water). Soak mandolined Shallots in Brine for 10 minutes. Rinse once with clean water, and let rest for 20 minutes.

- At 325-350F, fry Shallots until golden. Shallots will continue cooking once you take them out - and set them on a tray lined with paper towel. IMPORTANT: as soon as you take the Shallots out of the fryer, and onto their blotting surface of paper towel, you will need to move them around so that they don&apos;t clump up and form balls or nests (which, once dried, will not come apart easy). THIS IS VERY IMPORTANT TO GETTING A GOOD PRODUCT.

- Any questions (especially with this recipe, as the yield is low), PLEASE ASK CHEF! 

</Recipe>
	<Recipe id="P-43440" image="">1) Ether by hand or using the Robocope 1/4&quot; dice attachment (if your not sure how to set up or properly use this machien please ask for assistance) dice onion to 1/4&quot; size.

2) Label, date, refrigerate.</Recipe>
	<Recipe id="P-43581" image="">***COOKS AND CHEFS, PLEASE READ THE ENTIRE RECIPE BEFORE BEGINNING- THIS IS A RECOMMENDED STEP WITH EVERY PRODUCT WE EVER PRODUCE- THANK YOU***


Related Products this prep gets used in:

Allergens: (to be filled out by nutrition)
Method:
1. Zest and juice limes

2. Process in robo coup to &apos;smooth&apos; without over heating and browning herbs 

3. Cool, store, label and rotated this item with older product correctly and diligently 

Portioning:

Utensils needed:

</Recipe>
	<Recipe id="P-43583" image="">***COOKS AND CHEFS, PLEASE READ THE ENTIRE RECIPE BEFORE BEGINNING- THIS IS A RECOMMENDED STEP WITH EVERY PRODUCT WE EVER PRODUCE- THANK YOU***
Related Products this prep gets used in:

*NOTE THE GHOST OIL IN THIS RECIPE IS FOR NUTRITION EVALUATION PURPOSES, THIS IS THE FRYER OIL, WE ARE NOT ADDING OIL TO THE FINISHED PRODUCT*

Allergens: 
Method:

1. -THIS RECIPE IS A TOUGHT ONE; CRISPY SHALLOTS ARE AN ART FORM. PLEASE FOLLOW INSTRUCTIONS CAREFULLY, AND GET CHEF TO DO THIS WITH YOU ONCE BEFORE TRYING IT ON YOUR OWN.

2. Mandoline Shallots into thin rings - Approx. 2mm.

3. Created a Salt/Water Brine at 10% salt (100g Salt: 1000ml Water). Soak mandolined Shallots in Brine for 10 minutes. Rinse once with clean water, and let rest for 20 minutes.

4. At 325-350F, fry Shallots until golden. Shallots will continue cooking once you take them out - and set them on a tray lined with paper towel. IMPORTANT: as soon as you take the Shallots out of the fryer, and onto their blotting surface of paper towel, you will need to move them around so that they don&apos;t clump up and form balls or nests (which, once dried, will not come apart easy). THIS IS VERY IMPORTANT TO GETTING A GOOD PRODUCT.

-cool, store, label and rotate this item with older product correctly and diligently.

Portioning:</Recipe>
	<Recipe id="P-43584" image="">***COOKS AND CHEFS, PLEASE READ THE ENTIRE RECIPE BEFORE BEGINNING- THIS IS A RECOMMENDED STEP WITH EVERY PRODUCT WE EVER PRODUCE- THANK YOU***
Related Products this prep gets used in:

Allergens: 
Method:

1. Combine and mix

-cool, store, label and rotate this item with older product correctly and diligently.

Portioning:

</Recipe>
	<Recipe id="R-44308" image="">SEQUENCE:

1. Rice
2. Beans
3. Sriracha Sour Cream
4. Pulled Pork
5. Roja
6. Pineapple &quot;Sauce&quot;
7. Cabbage Mix
8. Crispy Shallots




</Recipe>
	<Recipe id="R-44310" image="">SEQUENCE

1. Rice
2. Pico De Gallo
3. Cabbage Mix
4. Chipotle Sour Cream
5. Beef
6. Chimmi Churri
7. Mozzarella

Note: THE ORDER IS IMPORTANT!


</Recipe>
	<Recipe id="R-44315" image="">
SEQUENCE:

1. Rice
2. Beans
3. Black Chili Mayo
4. Chicken
5. Pico De Gallo
6. Serrano Peppers 
7. Cabbage Mix



</Recipe>
	<Recipe id="P-44335" image="">
- Drain Cannelini Beans. The Yield on these beans has been calculated in this recipe - roughly the loss of over a Kilogram in &quot;Aqua Fava&quot;. A quick rinse is valued, but not entirely necessary. 

- Half all Grape Tomatoes. You will notice in this recipe that 5 LBS is the measured amount require. This is because each box of Grape Tomatoes that comes in from Freshpoint is 10 LBS - meaning: use half of a box for this recipe. Easy enough?

- Small Dice Red Onions. Saute with Cumin and Cayenne, adding 1 Bag of Frozen Corn and Red Pepper to the mix along the way. Do not roast this Corn in the oven for any reason - its starches develop and it becomes tough texturally. Deglaze this mixture with Apple Cider Vinegar, and season.

- Pick Oregano. Don&apos;t bother picking the Cilantro, as some stem is fine in this recipe. Rough Chop both of these, and reserve to add into the rest of this recipe.

- Label / Date / Store Appropriately...


NOTE: This recipe will last if properly refrigerated for up to 5 days. This is a large batch for this item, since it&apos;s new to the menu and may not sell well depending on diner preferences. Do not make more than this until it&apos;s proven that it will move. Waste not want not!</Recipe>
	<Recipe id="P-44429" image="">1)  Set up robot coupe slicer with 1/4&quot; dice attachment.  If you don&apos;t know how, ask chef or a 1st cook.  

2)  Set up a perforated insert to catch tomato and allow them to drain as they come out of the robot coupe.

3)  Label, date, refrigerate, or reserve for making recipes or service.

Allergens:

No known prioirity allergens.
</Recipe>
	<Recipe id="P-44475" image="">***COOKS AND CHEFS, PLEASE READ THE ENTIRE RECIPE BEFORE BEGINNING- THIS IS A RECOMMENDED STEP WITH EVERY PRODUCT WE EVER PRODUCE- THANK YOU***
Johnny

Related Products this prep gets used in:

Allergens: (to be filled out by nutrition)

Method:

1. Gather All Ingredients and tools
2. Set up robot coupe slicer for 1/8&quot; slicing.  If you don&apos;t know how to set it up, ask Chef or a 1st Cook.
3. Chop the ends off of jalapenos and place in compost bin. Do not remove seeds.  Set up 4&quot; full hotel pan under the chute to catch the sliced jalapenos.
4. On the slowest speed, carfully drop peppers into the feed chute.  Do not mash a whole bunch in there, or else the cuts won&apos;t come out even.
5.  Repeat until production is done for the day.  Label, date, refrigerate, or hold cold for service.

-cool, store, label and rotated this item with older product correctly and diligently 

Portioning:

Utensils needed:
</Recipe>
	<Recipe id="P-44728" image="">***COOKS AND CHEFS, PLEASE READ THE ENTIRE RECIPE BEFORE BEGINNING- THIS IS A RECOMMENDED STEP WITH EVERY PRODUCT WE EVER PRODUCE- THANK YOU***

Johnny

Products related to this Prep recipe:

Allergens: (To be filled out by nutrition)

Method:

1.gather igredients
2.chop leaves 
3.wash and dry
4.label and fridge

-cool, store, label and rotated this item with older product correctly and diligently 

Portioning:

Utensils needed:
</Recipe>
	<Recipe id="P-45790" image="">***COOKS AND CHEFS, PLEASE READ THE ENTIRE RECIPE BEFORE BEGINNING- THIS IS A RECOMMENDED STEP WITH EVERY PRODUCT WE EVER PRODUCE- THANK YOU***
johnny

Related Products this prep gets used in:

Allergens: (to be filled out by nutrition)
Method:
1. Cut tortilla in strips of 1cm wide
2. Deep fry untill golden
3. Spread on baking sheets and sprinkle with salt and pepper

-cool, store, label and rotated this item with older product correctly and diligently 

Portioning:

Utensils needed:
</Recipe>
	<Recipe id="P-50587" image="">***COOKS AND CHEFS, PLEASE READ THE ENTIRE RECIPE BEFORE BEGINNING- THIS IS A RECOMMENDED STEP WITH EVERY PRODUCT WE EVER PRODUCE- THANK YOU***
Amanda

Related Products this prep gets used in:

Allergens: (to be filled out by nutrition)

Method:

1. Gather all ingredients and tools

2. core out stem 

3. Quarter tomato, remove soft flesh and seeds, reserve for other uses.

4. Small Dice tomatoes for recipes.

*Cool, store, label and rotate this item with older product correctly and diligently </Recipe>
	<Recipe id="P-50794" image="">1. Sautee the onion, add the garlic and jalapeno.
2. Add the tomato, brown sugar, chipotle adobo and all spicies. Cook until the tomatoes are mushy. And add apple cider vinegar.
3. And put it on the vitamix and blend it.
4. Pass it through a chinoise.
5. Cool it down, label and store.</Recipe>
	<Recipe id="P-50795" image="">1. Thaw Corn. 
2. Saute onion. Add corn and spices. Salt if needed..</Recipe>
	<Recipe id="P-50796" image="">1. Deep fry Tofu. Add it to the sauce.</Recipe>
	<Recipe id="P-50826" image="">1. Mix sour cream and water.
2. Put in a squeeze bottle. 
3. Store in fridge until needed.</Recipe>
	<Recipe id="P-50985" image="">***COOKS AND CHEFS, PLEASE READ THE ENTIRE RECIPE BEFORE BEGINNING- THIS IS A RECOMMENDED STEP WITH EVERY PRODUCT WE EVER PRODUCE- THANK YOU***

Related Products this prep gets used in:

Allergens: (to be filled out by nutrition)
Method:
 
1. Blend all spices in vitamix/spice grinder. Reserve beef.

2. Rub beef with spice mix thouroughly to marinate.

3. Portion into 90 gram.

4. For service. cook 30-45 seconds, flip over cook an additional 30-45 seconds.

*Cool, store, label and rotate this item with older product correctly and diligently 
</Recipe>
	<Recipe id="P-51214" image="">***COOKS AND CHEFS, PLEASE READ THE ENTIRE RECIPE BEFORE BEGINNING- THIS IS A RECOMMENDED STEP WITH EVERY PRODUCT WE EVER PRODUCE- THANK YOU***
Related Products this prep gets used in:

Allergens: 
Method:

1. Combine and rub chicken.

2. Bake/Roast chicken until chicken is cooked through. 

-cool, store, label and rotate this item with older product correctly and diligently.

Portioning:</Recipe>
	<Recipe id="R-51215" image=""/>
	<Recipe id="R-51216" image="">
PRODUCT RECIPE

Prep all of the prep recipes in advance.

Arrange all of the ingredients in a bowl in the proportions indicated.</Recipe>
	<Recipe id="P-51535" image=""/>
	<Recipe id="P-51536" image="">***COOKS AND CHEFS, PLEASE READ THE ENTIRE RECIPE BEFORE BEGINNING- THIS IS A RECOMMENDED STEP WITH EVERY PRODUCT WE EVER PRODUCE- THANK YOU***
Amanda

Related Products this prep gets used in:

Allergens: (to be filled out by nutrition)
Method:

1. Pick leaves from thick parts of stem. Discard stems

2. Using a sharp chef knife lightly roll leaves together and using a slicing motion run knife thru the oregano until desired texture achived (course or fine)

3. Always use a slicing motion when chopping soft herbs to prevent bruising.

4. Store in aproptiate insert/cambro with a piece of paper towel at the bottom to wick away any moisture.

*Cool, store, label and rotate this item with older product correctly and diligently 

</Recipe>
	<Recipe id="P-53745" image="">***COOKS AND CHEFS, PLEASE READ THE ENTIRE RECIPE BEFORE BEGINNING- THIS IS A RECOMMENDED STEP WITH EVERY PRODUCT WE EVER PRODUCE- THANK YOU***
Johnny

Related Products this prep gets used in:

Allergens: (to be filled out by nutrition)

Method:

1. Gather all ingredients and tools
2. Cut stem off
3. Give a rough chop and keep the seeds

-cool, store, label and rotated this item with older product correctly and diligently 

Portioning: 
</Recipe>
	<Recipe id="P-55548" image="">***COOKS AND CHEFS, PLEASE READ THE ENTIRE RECIPE BEFORE BEGINNING- THIS IS A RECOMMENDED STEP WITH EVERY PRODUCT WE EVER PRODUCE- THANK YOU***
Related Products this prep gets used in:

Allergens: 
Method:

1. Cut corn tortillas in thin strips.

2. Fry WITHOUT baskets, and use spider to drain well from oil.

3. Season as soon as tortillas come out of oil as salt will NOT stick once they are cool.

-store, label and rotate this item with older product correctly and diligently.

Portioning:

Utensils needed:
</Recipe>
	<Recipe id="P-56372" image="">***COOKS AND CHEFS, PLEASE READ THE ENTIRE RECIPE BEFORE BEGINNING- THIS IS A RECOMMENDED STEP WITH EVERY PRODUCT WE EVER PRODUCE- THANK YOU***
Amanda

Related Products this prep gets used in: Barne Asada burrito/Bowl

Allergens: (to be filled out by nutrition)

Method:

1.  Combine the orange juice, olive oil, cilantro, lime juice, lemon juice, white wine vinegar, cumin, salt, black pepper, jalapeno, and garlic in a large mixing bowl and whisk together until it is well blended.
Reserve 250ml of the marinade. Set aside.

 2. Combine the remaining marinade and steak in a large covered insert. Refrigerate the steak in the marinade for at least 2 hours, or overnight.
 
3.  Preheat your grill to high heat,  Make sure the grill is hot before you start to cook the meat.
 
4. Remove the steak from the marinade and pat dry. Discard any leftover marinade.

5.  Add the steak to the preheated grill and cook for 6 to 8 minutes per side, or until you’ve reached your desired doneness. Note that flank steak, it tastes best when it is cooked to medium-rare because it’s a lean cut of steak. Use an instant read meat thermometer to check the temperature for accuracy.
 
6. Remove the steak from the heat and let it rest for 10 minutes. Giving the steak time to rest is very important!
    Once the steak has had time to rest for 10 minutes, thinly slice the steak against the grain and serve it with the 250ml of reserved merinade.

**Please note – the cooking time is estimated! This will depend on how thick the steak is. To check the temperature of your meat, Use an instant read thermometer for accuracy. The health board recommends that steak be cooked to an internal temperature of 145F

*Cool, store, label and rotate this item with older product correctly and diligently 
</Recipe>
	<Recipe id="P-56398" image="">
***COOKS AND CHEFS, PLEASE READ THE ENTIRE RECIPE BEFORE BEGINNING- THIS IS A RECOMMENDED STEP WITH EVERY PRODUCT WE EVER PRODUCE- THANK YOU***

Related Products this prep gets used in:

Allergens: 
Method:

1.Small dice jalapenos and tomatoes. Mince cilantro.

2. In a bowl combine all ingredents. Mix well keeping chunks visible in the mixture. Check for seasoning.

3. Ready to use or store in apropriate size cambro with serano wrap directly contacting the surface of the guac as well as a lid on the container (to stop oxidization)

LABEL/DATE/REFRIGERATE</Recipe>
	<Recipe id="P-56399" image="">***COOKS AND CHEFS, PLEASE READ THE ENTIRE RECIPE BEFORE BEGINNING- THIS IS A RECOMMENDED STEP WITH EVERY PRODUCT WE EVER PRODUCE- THANK YOU***
Amanda

Related Products this prep gets used in: SIDES/BURRITO BOWLS

Allergens: (to be filled out by nutrition)
Method:

1. Put Rice, Water and salt into hotel pan stir to evenly disperse salt and to ensure all grains of rice have been covered by water.

2. Wrap tightly with a piece of plastic wrap first and then a piece of aluminum foil, ensure all sides are wrapped tight around sides of hotel pan.

3. Place in steamer for 35-40 minutes.

4. Once rice is cooked mix in remaining ingredients; cilantro and lime zest and juice. Check for seasoning.
serve immediately or cool thoroughly before placing in appropriate container.

HOT HOLD/SERVE

*Cool, store, label and rotate this item with older product correctly and diligently 
</Recipe>
	<Recipe id="P-56422" image="">***COOKS AND CHEFS, PLEASE READ THE ENTIRE RECIPE BEFORE BEGINNING- THIS IS A RECOMMENDED STEP WITH EVERY PRODUCT WE EVER PRODUCE- THANK YOU***
Amanda

Related Products this prep gets used in:
BNO|Chicken Fajita Bowl
BNO|Carne Asada

Allergens: (to be filled out by nutrition)
Method:

1. Gather all ingredents.

2. Julienne peppers and onions.

3. In a large rondeau, heat oil till smoke point.

4. Once pan is very hot, add peppers and onion, they should start to sizzle right away. Sautee off 1-2 minutes.

5. Add spices and stir to evenly distribute and coat veg in the spices. saute 1-2 more minutes (veg should be tender but still retain some firmness.

6. Deglaze with lime juice. cook out 1 minute and remove from heat.

HOT HOLD/SERVE IMMEDIATELY
 
*Cool, store, label and rotate this item with older product correctly and diligently </Recipe>
	<Recipe id="R-56801" image="">***COOKS AND CHEFS, PLEASE READ THE ENTIRE RECIPE BEFORE BEGINNING- THIS IS A RECOMMENDED STEP WITH EVERY PRODUCT WE EVER PRODUCE- THANK YOU***
Amanda

Preps used in this Product recipe:
BNO|Fajita Veg
BNO|Carne Asada


Method:

1. Place rice at the bottom of the bowl

2. Place all other items around the bowl in neat piles 

3. Garnish with Pico and sour cream and serve with tortillas strips on the top.
</Recipe>
	<Recipe id="P-56921" image="">***COOKS AND CHEFS, PLEASE READ THE ENTIRE RECIPE BEFORE BEGINNING- THIS IS A RECOMMENDED STEP WITH EVERY PRODUCT WE EVER PRODUCE- THANK YOU***
johnny

Related Products this prep gets used in:

Allergens: (to be filled out by nutrition)
Method:
1. core the pepper composting craps
2. cool, store, label, wrap and rotated this item with older product correctly and diligently 

Portioning:

Utensils needed:

</Recipe>
	<Recipe id="P-56923" image="">***COOKS AND CHEFS, PLEASE READ THE ENTIRE RECIPE BEFORE BEGINNING- THIS IS A RECOMMENDED STEP WITH EVERY PRODUCT WE EVER PRODUCE- THANK YOU***
johnny

Related Products this prep gets used in:

Allergens: (to be filled out by nutrition)
Method:
1. Remove timatillios hood and compost as trim
2. toss lightly in oil and salt + pepper
3. roast at 250 for 25 minutes
4. cool, store, label and rotated this item with older product correctly and diligently 

Portioning:

Utensils needed:

</Recipe>
	<Recipe id="P-57143" image="">***COOKS AND CHEFS, PLEASE READ THE ENTIRE RECIPE BEFORE BEGINNING- THIS IS A RECOMMENDED STEP WITH EVERY PRODUCT WE EVER PRODUCE- THANK YOU***
Amanda

Related Products this prep gets used in:

Allergens: (to be filled out by nutrition)

Method:

1. Gather all ingredients and tools
2. Cut stem off
3. mince and discard the seeds

*Cool, store, label and rotate this item with older product correctly and diligently 


</Recipe>
	<Recipe id="P-57145" image="">***COOKS AND CHEFS, PLEASE READ THE ENTIRE RECIPE BEFORE BEGINNING- THIS IS A RECOMMENDED STEP WITH EVERY PRODUCT WE EVER PRODUCE- THANK YOU***
Amanda

Related Products this prep gets used in: 

Allergens: (to be filled out by nutrition)
Method:

1. Gather ingredents

2. Remove stem/core/seeds. discard

3. Cut into apropriate size/shape for recipe use

*Cool, store, label and rotate this item with older product correctly and diligently </Recipe>
	<Recipe id="P-57146" image="">***COOKS AND CHEFS, PLEASE READ THE ENTIRE RECIPE BEFORE BEGINNING- THIS IS A RECOMMENDED STEP WITH EVERY PRODUCT WE EVER PRODUCE- THANK YOU***
Amanda

Related Products this prep gets used in: 

Allergens: (to be filled out by nutrition)
Method:

1. Gather inredents.

2. Remove stem/core/seeds. discard

3. Cut into apropriate shape/size for recipe use


*Cool, store, label and rotate this item with older product correctly and diligently </Recipe>
	<Recipe id="P-59591" image="">***COOKS AND CHEFS, PLEASE READ THE ENTIRE RECIPE BEFORE BEGINNING- THIS IS A RECOMMENDED STEP WITH EVERY PRODUCT WE EVER PRODUCE- THANK YOU***
johnny

Related Products this prep gets used in:

Allergens: (to be filled out by nutrition)
Method:
1. de-stem chillis
2. Simmer chilli&apos;s in water 15 minutes and let cool overnight.
2. strain chilis out, reduce liquid by 1/2 and cool
3. Add liquid and chilis (COLD) to vitamix and blend smooth
4. add vinegar and salt
5. cool, store, label and rotated this item with older product correctly and diligently 

Portioning:

Utensils needed:
</Recipe>
</Recipes>
