﻿<?xml version="1.0" encoding="UTF-8" standalone="yes"?>
<Ingredients>
	<Ingredient qty="225.000" uom="g" recipe="P-18907" invFactor="0.1837" conversion="0.00100000" ingredient="I-3643"/>
	<Ingredient qty="1000.000" uom="g" recipe="P-18907" invFactor="0.8163" conversion="1.00000000" ingredient="I-6026"/>
	<Ingredient qty="500.000" uom="g" recipe="P-24750" invFactor="1000.0000" conversion="1.00000000" ingredient="P-26514"/>
	<Ingredient qty="3.000" uom="leaf" recipe="P-25761" invFactor="1.3233" conversion="0.21476900" ingredient="I-3619"/>
	<Ingredient qty="10.000" uom="g" recipe="P-25761" invFactor="4.4111" conversion="1.00000000" ingredient="I-3649"/>
	<Ingredient qty="1.000" uom="Kg" recipe="P-25761" invFactor="0.4411" conversion="1.00000000" ingredient="I-3660"/>
	<Ingredient qty="2.000" uom="L" recipe="P-25761" invFactor="0.8822" conversion="1.00000000" ingredient="I-3698"/>
	<Ingredient qty="5.000" uom="g" recipe="P-25761" invFactor="2.2056" conversion="0.00220462" ingredient="I-4660"/>
	<Ingredient qty="2.267" uom="Kg" recipe="P-25761" invFactor="1.0000" conversion="2.20462000" ingredient="I-4757"/>
	<Ingredient qty="5.000" uom="g" recipe="P-25761" invFactor="2.2056" conversion="1.00000000" ingredient="I-6026"/>
	<Ingredient qty="2.000" uom="g" recipe="P-25761" invFactor="0.8822" conversion="1.00000000" ingredient="P-52036"/>
	<Ingredient qty="750.000" uom="ml" recipe="P-26020" invFactor="300.0000" conversion="0.00100000" ingredient="I-3388"/>
	<Ingredient qty="2.270" uom="Kg" recipe="P-26020" invFactor="0.9080" conversion="2.20462000" ingredient="I-4657"/>
	<Ingredient qty="15.000" uom="g" recipe="P-26048" invFactor="3.7500" conversion="0.00100000" ingredient="I-2911"/>
	<Ingredient qty="50.000" uom="ml" recipe="P-26048" invFactor="12.5000" conversion="1.00000000" ingredient="I-3370"/>
	<Ingredient qty="3.000" uom="L" recipe="P-26048" invFactor="0.7500" conversion="1.00000000" ingredient="I-3388"/>
	<Ingredient qty="1.000" uom="L" recipe="P-26048" invFactor="0.2500" conversion="1.00000000" ingredient="I-3692"/>
	<Ingredient qty="25.000" uom="ml" recipe="P-26048" invFactor="6.2500" conversion="0.00100000" ingredient="I-5983"/>
	<Ingredient qty="10.000" uom="g" recipe="P-26048" invFactor="2.5000" conversion="1.00000000" ingredient="P-18907"/>
	<Ingredient qty="30.000" uom="g" recipe="P-26048" invFactor="7.5000" conversion="0.00100000" ingredient="P-26020"/>
	<Ingredient qty="1.000" uom="CT" recipe="P-26514" invFactor="0.0182" conversion="1.00000000" ingredient="I-4341"/>
	<Ingredient qty="4.000" uom="CT" recipe="P-33554" invFactor="1.0000" conversion="1.00000000" ingredient="I-2159"/>
	<Ingredient qty="4.000" uom="L" recipe="P-33554" invFactor="1.0000" conversion="1.00000000" ingredient="I-2251"/>
	<Ingredient qty="40.000" uom="g" recipe="P-33554" invFactor="10.0000" conversion="0.00100000" ingredient="I-3118"/>
	<Ingredient qty="1.300" uom="Kg" recipe="P-33554" invFactor="0.3250" conversion="1.00000000" ingredient="I-3291"/>
	<Ingredient qty="15.000" uom="g" recipe="P-33554" invFactor="3.7500" conversion="1.00000000" ingredient="I-3642"/>
	<Ingredient qty="30.000" uom="g" recipe="P-33554" invFactor="7.5000" conversion="1.00000000" ingredient="I-6026"/>
	<Ingredient qty="4.000" uom="oz" recipe="P-33556" invFactor="4.0000" conversion="0.06250000" ingredient="I-17557"/>
	<Ingredient qty="3.000" uom="fl oz" recipe="P-33556" invFactor="3.0000" conversion="0.02840000" ingredient="P-33554"/>
	<Ingredient qty="20.000" uom="g" recipe="P-33556" invFactor="20.0000" conversion="1.00000000" ingredient="P-33557"/>
	<Ingredient qty="454.000" uom="g" recipe="P-33557" invFactor="0.8195" conversion="0.00100000" ingredient="I-3291"/>
	<Ingredient qty="50.000" uom="g" recipe="P-33557" invFactor="0.0903" conversion="1.00000000" ingredient="P-18907"/>
	<Ingredient qty="5.000" uom="Kg" recipe="P-34121" invFactor="1.2500" conversion="1.00000000" ingredient="I-19665"/>
	<Ingredient qty="15.000" uom="g" recipe="P-34121" invFactor="3.7500" conversion="1.00000000" ingredient="P-18907"/>
	<Ingredient qty="50.000" uom="lb" recipe="P-34293" invFactor="1.1364" conversion="1.00000000" ingredient="I-4550"/>
	<Ingredient qty="3.000" uom="L" recipe="P-39592" invFactor="0.3750" conversion="1000.00000000" ingredient="I-1821"/>
	<Ingredient qty="400.000" uom="ml" recipe="P-39592" invFactor="50.0000" conversion="0.00100000" ingredient="I-3336"/>
	<Ingredient qty="150.000" uom="ml" recipe="P-39592" invFactor="18.7500" conversion="0.00100000" ingredient="I-3595"/>
	<Ingredient qty="10.000" uom="g" recipe="P-39592" invFactor="1.2500" conversion="1.00000000" ingredient="I-3625"/>
	<Ingredient qty="17.500" uom="g" recipe="P-39592" invFactor="2.1875" conversion="0.03527399" ingredient="I-3629"/>
	<Ingredient qty="10.000" uom="g" recipe="P-39592" invFactor="1.2500" conversion="0.03527399" ingredient="I-3630"/>
	<Ingredient qty="35.000" uom="g" recipe="P-39592" invFactor="4.3750" conversion="1.00000000" ingredient="I-3632"/>
	<Ingredient qty="35.000" uom="g" recipe="P-39592" invFactor="4.3750" conversion="1.00000000" ingredient="I-3639"/>
	<Ingredient qty="400.000" uom="g" recipe="P-39592" invFactor="50.0000" conversion="0.00100000" ingredient="I-3658"/>
	<Ingredient qty="400.000" uom="ml" recipe="P-39592" invFactor="50.0000" conversion="0.00100000" ingredient="I-47774"/>
	<Ingredient qty="3.000" uom="L" recipe="P-39592" invFactor="0.3750" conversion="1.00000000" ingredient="I-5983"/>
	<Ingredient qty="400.000" uom="ml" recipe="P-39592" invFactor="50.0000" conversion="0.03381406" ingredient="I-6443"/>
	<Ingredient qty="15.000" uom="g" recipe="P-39592" invFactor="1.8750" conversion="1.00000000" ingredient="P-18907"/>
	<Ingredient qty="150.000" uom="g" recipe="P-39592" invFactor="18.7500" conversion="0.00100000" ingredient="P-26020"/>
	<Ingredient qty="7.000" uom="Kg" recipe="P-39592" invFactor="0.8750" conversion="1.00000000" ingredient="P-55135"/>
	<Ingredient qty="400.000" uom="g" recipe="P-41321" invFactor="333.3333" conversion="0.00100000" ingredient="I-11189"/>
	<Ingredient qty="225.000" uom="g" recipe="P-41321" invFactor="187.5000" conversion="0.00100000" ingredient="I-2157"/>
	<Ingredient qty="30.000" uom="g" recipe="P-41321" invFactor="25.0000" conversion="0.00100000" ingredient="I-3118"/>
	<Ingredient qty="20.000" uom="g" recipe="P-41321" invFactor="16.6667" conversion="1.00000000" ingredient="I-3119"/>
	<Ingredient qty="10.000" uom="g" recipe="P-41321" invFactor="8.3333" conversion="1.00000000" ingredient="I-3632"/>
	<Ingredient qty="50.000" uom="ml" recipe="P-41321" invFactor="41.6667" conversion="0.00100000" ingredient="I-3698"/>
	<Ingredient qty="400.000" uom="ml" recipe="P-41321" invFactor="333.3333" conversion="0.00100000" ingredient="I-5983"/>
	<Ingredient qty="6.000" uom="g" recipe="P-41321" invFactor="5.0000" conversion="1.00000000" ingredient="I-6026"/>
	<Ingredient qty="75.000" uom="g" recipe="P-41321" invFactor="62.5000" conversion="0.00100000" ingredient="I-6820"/>
	<Ingredient qty="490.000" uom="g" recipe="P-42425" invFactor="1.0426" conversion="0.00263158" ingredient="I-4626"/>
	<Ingredient qty="1.000" uom="CT" recipe="P-44585" invFactor="0.1250" conversion="1.00000000" ingredient="I-4712"/>
	<Ingredient qty="10.000" uom="Kg" recipe="P-50587" invFactor="1.1111" conversion="2.20462000" ingredient="I-4933"/>
	<Ingredient qty="75.000" uom="ml" recipe="P-50830" invFactor="15.0000" conversion="0.03381406" ingredient="I-1813"/>
	<Ingredient qty="5.000" uom="Kg" recipe="P-50830" invFactor="1.0000" conversion="1.00000000" ingredient="I-19665"/>
	<Ingredient qty="30.000" uom="ml" recipe="P-50830" invFactor="6.0000" conversion="0.00100000" ingredient="I-3392"/>
	<Ingredient qty="100.000" uom="ml" recipe="P-50830" invFactor="20.0000" conversion="0.00100000" ingredient="I-47774"/>
	<Ingredient qty="25.000" uom="g" recipe="P-50830" invFactor="5.0000" conversion="1.00000000" ingredient="P-18907"/>
	<Ingredient qty="75.000" uom="ml" recipe="P-50830" invFactor="15.0000" conversion="0.00100000" ingredient="P-7444"/>
	<Ingredient qty="700.000" uom="g" recipe="P-50831" invFactor="155.5556" conversion="1.00000000" ingredient="I-40936"/>
	<Ingredient qty="4.000" uom="Kg" recipe="P-50831" invFactor="0.8889" conversion="1.00000000" ingredient="P-50830"/>
	<Ingredient qty="10.000" uom="ml" recipe="P-50854" invFactor="0.1000" conversion="0.03381406" ingredient="I-1813"/>
	<Ingredient qty="1.000" uom="g" recipe="P-50854" invFactor="0.0100" conversion="1.00000000" ingredient="P-18907"/>
	<Ingredient qty="100.000" uom="g" recipe="P-50854" invFactor="1.0000" conversion="0.00100000" ingredient="P-50831"/>
	<Ingredient qty="1.000" uom="Kg" recipe="P-52036" invFactor="0.0020" conversion="2.20462000" ingredient="I-4919"/>
	<Ingredient qty="90.000" uom="g" recipe="P-52943" invFactor="1.8000" conversion="0.01259785" ingredient="I-4341"/>
	<Ingredient qty="55.000" uom="g" recipe="P-54455" invFactor="0.9167" conversion="0.00220462" ingredient="I-17580"/>
	<Ingredient qty="45.000" uom="ml" recipe="P-54455" invFactor="0.7500" conversion="0.00100000" ingredient="P-41321"/>
	<Ingredient qty="12.986" uom="Kg" recipe="P-55135" invFactor="1.8036" conversion="1.00000000" ingredient="I-45297"/>
	<Ingredient qty="70.000" uom="ml" recipe="P-56398" invFactor="25.4545" conversion="0.00100000" ingredient="I-22026"/>
	<Ingredient qty="7.000" uom="HEAD" recipe="P-56398" invFactor="2.5455" conversion="1.00000000" ingredient="I-4473"/>
	<Ingredient qty="2.000" uom="Kg" recipe="P-56398" invFactor="0.7273" conversion="1000.00000000" ingredient="I-4973"/>
	<Ingredient qty="45.000" uom="ml" recipe="P-56398" invFactor="16.3636" conversion="0.03381406" ingredient="I-6443"/>
	<Ingredient qty="40.000" uom="g" recipe="P-56398" invFactor="14.5455" conversion="0.00100000" ingredient="P-24750"/>
	<Ingredient qty="200.000" uom="g" recipe="P-56398" invFactor="72.7273" conversion="0.00100000" ingredient="P-50587"/>
	<Ingredient qty="25.000" uom="g" recipe="P-56398" invFactor="9.0909" conversion="0.00100000" ingredient="P-56811"/>
	<Ingredient qty="4.540" uom="Kg" recipe="P-56811" invFactor="1.1350" conversion="2.20462000" ingredient="I-4787"/>
	<Ingredient qty="1.000" uom="L" recipe="P-7444" invFactor="0.2500" conversion="1.00000000" ingredient="I-3387"/>
	<Ingredient qty="5.000" uom="lb" recipe="P-7444" invFactor="1.2500" conversion="1.00000000" ingredient="I-4657"/>
	<Ingredient qty="120.000" uom="ml" recipe="P-7565" invFactor="28.5714" conversion="0.00100000" ingredient="I-10882"/>
	<Ingredient qty="5.000" uom="g" recipe="P-7565" invFactor="1.1905" conversion="0.00100000" ingredient="I-3647"/>
	<Ingredient qty="20.000" uom="g" recipe="P-7565" invFactor="4.7619" conversion="1.00000000" ingredient="I-6026"/>
	<Ingredient qty="4.000" uom="L" recipe="P-7565" invFactor="0.9524" conversion="1.00000000" ingredient="I-60772"/>
	<Ingredient qty="440.000" uom="ml" recipe="P-7565" invFactor="104.7619" conversion="0.03381406" ingredient="I-6443"/>
	<Ingredient qty="1.000" uom="pak" recipe="R-30154" invFactor="1.0000" conversion="1.00000000" ingredient="I-3237"/>
	<Ingredient qty="3.000" uom="oz" recipe="R-31006" invFactor="1.0000" conversion="28.34950000" ingredient="I-37002"/>
	<Ingredient qty="3.000" uom="oz" recipe="R-31131" invFactor="1.0000" conversion="0.02834950" ingredient="P-34121"/>
	<Ingredient qty="85.000" uom="g" recipe="R-31132" invFactor="1.0000" conversion="0.00100000" ingredient="I-7388"/>
	<Ingredient qty="3.000" uom="oz" recipe="R-31802" invFactor="1.0000" conversion="0.06250000" ingredient="I-58278"/>
	<Ingredient qty="45.000" uom="g" recipe="R-32124" invFactor="1.0000" conversion="0.00100000" ingredient="P-56398"/>
	<Ingredient qty="55.000" uom="g" recipe="R-35016" invFactor="1.0000" conversion="0.00220462" ingredient="I-13254"/>
	<Ingredient qty="10.000" uom="g" recipe="R-35016" invFactor="1.0000" conversion="0.00220462" ingredient="I-17159"/>
	<Ingredient qty="5.000" uom="g" recipe="R-35016" invFactor="1.0000" conversion="0.00100000" ingredient="I-3667"/>
	<Ingredient qty="5.000" uom="g" recipe="R-35016" invFactor="1.0000" conversion="0.00220462" ingredient="I-4683"/>
	<Ingredient qty="30.000" uom="ml" recipe="R-35016" invFactor="1.0000" conversion="0.00100000" ingredient="P-26048"/>
	<Ingredient qty="10.000" uom="g" recipe="R-35016" invFactor="1.0000" conversion="1.00000000" ingredient="P-42425"/>
	<Ingredient qty="1.000" uom="ea" recipe="R-35177" invFactor="1.0000" conversion="1.00000000" ingredient="R-35016"/>
	<Ingredient qty="1.000" uom="ea" recipe="R-41753" invFactor="1.0000" conversion="1.00000000" ingredient="R-35177"/>
	<Ingredient qty="1.000" uom="each" recipe="R-41868" invFactor="1.0000" conversion="1.00000000" ingredient="P-33556"/>
	<Ingredient qty="1.000" uom="ea" recipe="R-41877" invFactor="1.0000" conversion="1.00000000" ingredient="R-41868"/>
	<Ingredient qty="45.000" uom="g" recipe="R-60997" invFactor="1.0000" conversion="0.00100000" ingredient="P-56398"/>
	<Ingredient qty="2.000" uom="ea" recipe="R-61578" invFactor="1.0000" conversion="1.00000000" ingredient="I-15358"/>
	<Ingredient qty="5.000" uom="g" recipe="R-61578" invFactor="1.0000" conversion="0.00100000" ingredient="P-25761"/>
	<Ingredient qty="5.000" uom="g" recipe="R-61578" invFactor="1.0000" conversion="0.00220462" ingredient="P-34293"/>
	<Ingredient qty="1.000" uom="piece" recipe="R-61578" invFactor="1.0000" conversion="1.00000000" ingredient="P-44585"/>
	<Ingredient qty="5.000" uom="g" recipe="R-61578" invFactor="1.0000" conversion="1.00000000" ingredient="P-52943"/>
	<Ingredient qty="30.000" uom="g" recipe="R-61578" invFactor="1.0000" conversion="1.00000000" ingredient="P-54455"/>
	<Ingredient qty="8.000" uom="ml" recipe="R-61578" invFactor="1.0000" conversion="0.00100000" ingredient="P-7565"/>
	<Ingredient qty="2.000" uom="ea" recipe="R-61581" invFactor="1.0000" conversion="1.00000000" ingredient="I-15358"/>
	<Ingredient qty="5.000" uom="g" recipe="R-61581" invFactor="1.0000" conversion="0.00100000" ingredient="P-25761"/>
	<Ingredient qty="5.000" uom="g" recipe="R-61581" invFactor="1.0000" conversion="0.00220462" ingredient="P-34293"/>
	<Ingredient qty="30.000" uom="g" recipe="R-61581" invFactor="1.0000" conversion="0.00100000" ingredient="P-39592"/>
	<Ingredient qty="1.000" uom="piece" recipe="R-61581" invFactor="1.0000" conversion="1.00000000" ingredient="P-44585"/>
	<Ingredient qty="5.000" uom="g" recipe="R-61581" invFactor="1.0000" conversion="1.00000000" ingredient="P-52943"/>
	<Ingredient qty="8.000" uom="ml" recipe="R-61581" invFactor="1.0000" conversion="0.00100000" ingredient="P-7565"/>
	<Ingredient qty="110.000" uom="g" recipe="R-61591" invFactor="1.0000" conversion="1.00000000" ingredient="P-50854"/>
	<Ingredient qty="45.000" uom="g" recipe="R-62500" invFactor="1.0000" conversion="1.00000000" ingredient="I-66108"/>
	<Ingredient qty="1.000" uom="CT" recipe="R-62976" invFactor="1.0000" conversion="1.00000000" ingredient="I-1012p"/>
</Ingredients>
