﻿<?xml version="1.0" encoding="UTF-8" standalone="yes"?>
<ItemAllergens>
	<Item con_num="I-2157">
		<ItemAllergen allergenId="5">EGGS</ItemAllergen>
	</Item>
	<Item con_num="I-2159">
		<ItemAllergen allergenId="5">EGGS</ItemAllergen>
	</Item>
	<Item con_num="I-2251">
		<ItemAllergen allergenId="1">MILK</ItemAllergen>
	</Item>
	<Item con_num="I-3237">
		<ItemAllergen allergenId="2">GLUTEN</ItemAllergen>
	</Item>
	<Item con_num="I-3237">
		<ItemAllergen allergenId="6">WHEAT</ItemAllergen>
	</Item>
	<Item con_num="I-3237">
		<ItemAllergen allergenId="10">SOY</ItemAllergen>
	</Item>
	<Item con_num="I-3291">
		<ItemAllergen allergenId="2">GLUTEN</ItemAllergen>
	</Item>
	<Item con_num="I-3291">
		<ItemAllergen allergenId="6">WHEAT</ItemAllergen>
	</Item>
	<Item con_num="I-3336">
		<ItemAllergen allergenId="11">SULPHITES</ItemAllergen>
	</Item>
	<Item con_num="I-3370">
		<ItemAllergen allergenId="11">SULPHITES</ItemAllergen>
	</Item>
	<Item con_num="I-3370">
		<ItemAllergen allergenId="13">MUSTARD</ItemAllergen>
	</Item>
	<Item con_num="I-3392">
		<ItemAllergen allergenId="9">SESAME</ItemAllergen>
	</Item>
	<Item con_num="I-3692">
		<ItemAllergen allergenId="11">SULPHITES</ItemAllergen>
	</Item>
	<Item con_num="I-3698">
		<ItemAllergen allergenId="11">SULPHITES</ItemAllergen>
	</Item>
	<Item con_num="I-7388">
		<ItemAllergen allergenId="10">SOY</ItemAllergen>
	</Item>
	<Item con_num="I-10882">
		<ItemAllergen allergenId="11">SULPHITES</ItemAllergen>
	</Item>
	<Item con_num="I-15358">
		<ItemAllergen allergenId="42">NO KNOWN PRIORITY ALLERGENS</ItemAllergen>
	</Item>
	<Item con_num="R-31802">
		<ItemAllergen allergenId="21">FISH (SALMON)</ItemAllergen>
	</Item>
	<Item con_num="R-35016">
		<ItemAllergen allergenId="11">SULPHITES</ItemAllergen>
	</Item>
	<Item con_num="R-35016">
		<ItemAllergen allergenId="13">MUSTARD</ItemAllergen>
	</Item>
	<Item con_num="I-40936">
		<ItemAllergen allergenId="42">NO KNOWN PRIORITY ALLERGENS</ItemAllergen>
	</Item>
	<Item con_num="P-41321">
		<ItemAllergen allergenId="5">EGGS</ItemAllergen>
	</Item>
	<Item con_num="I-45297">
		<ItemAllergen allergenId="42">NO KNOWN PRIORITY ALLERGENS</ItemAllergen>
	</Item>
	<Item con_num="I-47774">
		<ItemAllergen allergenId="10">SOY</ItemAllergen>
	</Item>
	<Item con_num="I-47774">
		<ItemAllergen allergenId="11">SULPHITES</ItemAllergen>
	</Item>
	<Item con_num="I-60772">
		<ItemAllergen allergenId="10">SOY</ItemAllergen>
	</Item>
	<Item con_num="I-60772">
		<ItemAllergen allergenId="11">SULPHITES</ItemAllergen>
	</Item>
</ItemAllergens>
