﻿<?xml version="1.0" encoding="UTF-8" standalone="yes"?>
<Items>
	<Item id="I-4473" active="Y" keyItem="Y" actualize="N">
		<Description>AVOCADO (20CT) MX</Description>
		<Cost>1.6200</Cost>
		<CaseQty>20.000</CaseQty>
		<CaseUOM>CT</CaseUOM>
		<PakQty>1.000</PakQty>
		<PakUOM>HEAD</PakUOM>
		<Comments/>
		<InventoryGroup id="4">PRODUCE</InventoryGroup>
		<SalesCategory id="2">Food</SalesCategory>
		<Location id="33">PRODUCE</Location>
		<ExpenseAccount id="22" ref="SC0070" type="C" locked="N">COS-Food NoTax</ExpenseAccount>
		<IncomeAccount id="14" ref="Gross Sales" type="I" locked="Y">Gross Sales</IncomeAccount>
	</Item>
	<Item id="I-4973" active="Y" keyItem="Y" actualize="N">
		<Description>AVOCADO PULP CHUNKY</Description>
		<Cost>0.0126</Cost>
		<CaseQty>12.000</CaseQty>
		<CaseUOM>bag</CaseUOM>
		<PakQty>454.000</PakQty>
		<PakUOM>g</PakUOM>
		<Comments>ITEM CODE CHANGE FROM 4111297 TO 1572205 - JAN. 2020</Comments>
		<InventoryGroup id="4">PRODUCE</InventoryGroup>
		<SalesCategory id="2">Food</SalesCategory>
		<Location id="449">OK - ARCHIVE</Location>
		<ExpenseAccount id="22" ref="SC0070" type="C" locked="N">COS-Food NoTax</ExpenseAccount>
		<IncomeAccount id="14" ref="Gross Sales" type="I" locked="Y">Gross Sales</IncomeAccount>
	</Item>
	<Item id="I-3118" active="Y" keyItem="Y" actualize="N">
		<Description>BAKING PWDR MAGIC</Description>
		<Cost>12.0227</Cost>
		<CaseQty>6.000</CaseQty>
		<CaseUOM>LG CAN</CaseUOM>
		<PakQty>2.500</PakQty>
		<PakUOM>Kg</PakUOM>
		<Comments/>
		<InventoryGroup id="16">FOOD - GROCERY</InventoryGroup>
		<SalesCategory id="2">Food</SalesCategory>
		<Location id="490">OK - STORES AISLE #2</Location>
		<ExpenseAccount id="22" ref="SC0070" type="C" locked="N">COS-Food NoTax</ExpenseAccount>
		<IncomeAccount id="14" ref="Gross Sales" type="I" locked="Y">Gross Sales</IncomeAccount>
	</Item>
	<Item id="I-3119" active="Y" keyItem="Y" actualize="N">
		<Description>BAKING SODA</Description>
		<Cost>0.0059</Cost>
		<CaseQty>1.000</CaseQty>
		<CaseUOM>box</CaseUOM>
		<PakQty>500.000</PakQty>
		<PakUOM>g</PakUOM>
		<Comments/>
		<InventoryGroup id="16">FOOD - GROCERY</InventoryGroup>
		<SalesCategory id="2">Food</SalesCategory>
		<Location id="308">OK - SERVE OFFICE</Location>
		<ExpenseAccount id="22" ref="SC0070" type="C" locked="N">COS-Food NoTax</ExpenseAccount>
		<IncomeAccount id="14" ref="Gross Sales" type="I" locked="Y">Gross Sales</IncomeAccount>
	</Item>
	<Item id="I-3619" active="Y" keyItem="Y" actualize="N">
		<Description>BAY LEAF WHL SHAKER TFC</Description>
		<Cost>0.0536</Cost>
		<CaseQty>8.000</CaseQty>
		<CaseUOM>each</CaseUOM>
		<PakQty>84.000</PakQty>
		<PakUOM>g</PakUOM>
		<Comments/>
		<InventoryGroup id="18">SPICES</InventoryGroup>
		<SalesCategory id="2">Food</SalesCategory>
		<Location id="299">OK - STORES AISLE #1</Location>
		<ExpenseAccount id="22" ref="SC0070" type="C" locked="N">COS-Food NoTax</ExpenseAccount>
		<IncomeAccount id="14" ref="Gross Sales" type="I" locked="Y">Gross Sales</IncomeAccount>
	</Item>
	<Item id="I-37002" active="Y" keyItem="Y" actualize="N">
		<Description>BEEF INSIDE ROUND SHAVED</Description>
		<Cost>0.0198</Cost>
		<CaseQty>9.000</CaseQty>
		<CaseUOM>Kg</CaseUOM>
		<PakQty>1000.000</PakQty>
		<PakUOM>g</PakUOM>
		<Comments/>
		<InventoryGroup id="5">MEAT</InventoryGroup>
		<SalesCategory id="2">Food</SalesCategory>
		<Location id="304">OK - MEAT COOLER</Location>
		<ExpenseAccount id="22" ref="SC0070" type="C" locked="N">COS-Food NoTax</ExpenseAccount>
		<IncomeAccount id="14" ref="Gross Sales" type="I" locked="Y">Gross Sales</IncomeAccount>
	</Item>
	<Item id="I-4550" active="Y" keyItem="Y" actualize="N">
		<Description>CABBAGE GREEN BC</Description>
		<Cost>1.1930</Cost>
		<CaseQty>50.000</CaseQty>
		<CaseUOM>lb</CaseUOM>
		<PakQty>1.000</PakQty>
		<PakUOM>lb</PakUOM>
		<Comments/>
		<InventoryGroup id="4">PRODUCE</InventoryGroup>
		<SalesCategory id="2">Food</SalesCategory>
		<Location id="303">OK - PRODUCE COOLER</Location>
		<ExpenseAccount id="22" ref="SC0070" type="C" locked="N">COS-Food NoTax</ExpenseAccount>
		<IncomeAccount id="14" ref="Gross Sales" type="I" locked="Y">Gross Sales</IncomeAccount>
	</Item>
	<Item id="I-19665" active="Y" keyItem="Y" actualize="N">
		<Description>CHICK THIGH STIRFRY HALAL</Description>
		<Cost>12.4900</Cost>
		<CaseQty>1.000</CaseQty>
		<CaseUOM>Kg</CaseUOM>
		<PakQty>1.000</PakQty>
		<PakUOM>Kg</PakUOM>
		<Comments/>
		<InventoryGroup id="30">POULTRY</InventoryGroup>
		<SalesCategory id="2">Food</SalesCategory>
		<Location id="304">OK - MEAT COOLER</Location>
		<ExpenseAccount id="22" ref="SC0070" type="C" locked="N">COS-Food NoTax</ExpenseAccount>
		<IncomeAccount id="14" ref="Gross Sales" type="I" locked="Y">Gross Sales</IncomeAccount>
	</Item>
	<Item id="I-3625" active="Y" keyItem="Y" actualize="N">
		<Description>CINNAMON GROUND SHAKER </Description>
		<Cost>0.0117</Cost>
		<CaseQty>8.000</CaseQty>
		<CaseUOM>each</CaseUOM>
		<PakQty>454.000</PakQty>
		<PakUOM>g</PakUOM>
		<Comments/>
		<InventoryGroup id="18">SPICES</InventoryGroup>
		<SalesCategory id="2">Food</SalesCategory>
		<Location id="299">OK - STORES AISLE #1</Location>
		<ExpenseAccount id="22" ref="SC0070" type="C" locked="N">COS-Food NoTax</ExpenseAccount>
		<IncomeAccount id="14" ref="Gross Sales" type="I" locked="Y">Gross Sales</IncomeAccount>
	</Item>
	<Item id="I-17557" active="Y" keyItem="Y" actualize="N">
		<Description>COD GREY 4OZ LOIN IQF MSC</Description>
		<Cost>8.5700</Cost>
		<CaseQty>1.000</CaseQty>
		<CaseUOM>lb</CaseUOM>
		<PakQty>1.000</PakQty>
		<PakUOM>lb</PakUOM>
		<Comments/>
		<InventoryGroup id="14">SEAFOOD</InventoryGroup>
		<SalesCategory id="2">Food</SalesCategory>
		<Location id="302">OK - FREEZER</Location>
		<ExpenseAccount id="22" ref="SC0070" type="C" locked="N">COS-Food NoTax</ExpenseAccount>
		<IncomeAccount id="14" ref="Gross Sales" type="I" locked="Y">Gross Sales</IncomeAccount>
	</Item>
	<Item id="I-3629" active="Y" keyItem="Y" actualize="N">
		<Description>CORIANDER GROUND </Description>
		<Cost>0.3948</Cost>
		<CaseQty>5.000</CaseQty>
		<CaseUOM>lb</CaseUOM>
		<PakQty>16.000</PakQty>
		<PakUOM>oz</PakUOM>
		<Comments/>
		<InventoryGroup id="18">SPICES</InventoryGroup>
		<SalesCategory id="2">Food</SalesCategory>
		<Location id="299">OK - STORES AISLE #1</Location>
		<ExpenseAccount id="22" ref="SC0070" type="C" locked="N">COS-Food NoTax</ExpenseAccount>
		<IncomeAccount id="14" ref="Gross Sales" type="I" locked="Y">Gross Sales</IncomeAccount>
	</Item>
	<Item id="I-3237" active="Y" keyItem="Y" actualize="N">
		<Description>CRACKER SODA SALTED IND TFC</Description>
		<Cost>0.0356</Cost>
		<CaseQty>500.000</CaseQty>
		<CaseUOM>pak</CaseUOM>
		<PakQty>1.000</PakQty>
		<PakUOM>pak</PakUOM>
		<Comments>SUB OFFERED DUE TO SHORTS JAN 2019 BRAND ZESTA</Comments>
		<InventoryGroup id="16">FOOD - GROCERY</InventoryGroup>
		<SalesCategory id="2">Food</SalesCategory>
		<Location id="485">OK - SERVE G&amp;G</Location>
		<ExpenseAccount id="22" ref="SC0070" type="C" locked="N">COS-Food NoTax</ExpenseAccount>
		<IncomeAccount id="14" ref="Gross Sales" type="I" locked="Y">Gross Sales</IncomeAccount>
	</Item>
	<Item id="I-4626" active="Y" keyItem="Y" actualize="N">
		<Description>CUCUMBER BC</Description>
		<Cost>2.3500</Cost>
		<CaseQty>12.000</CaseQty>
		<CaseUOM>CT</CaseUOM>
		<PakQty>1.000</PakQty>
		<PakUOM>CT</PakUOM>
		<Comments/>
		<InventoryGroup id="4">PRODUCE</InventoryGroup>
		<SalesCategory id="2">Food</SalesCategory>
		<Location id="303">OK - PRODUCE COOLER</Location>
		<ExpenseAccount id="22" ref="SC0070" type="C" locked="N">COS-Food NoTax</ExpenseAccount>
		<IncomeAccount id="14" ref="Gross Sales" type="I" locked="Y">Gross Sales</IncomeAccount>
	</Item>
	<Item id="I-3630" active="Y" keyItem="Y" actualize="N">
		<Description>CUMIN SEED GROUND </Description>
		<Cost>0.0139</Cost>
		<CaseQty>5.000</CaseQty>
		<CaseUOM>lb</CaseUOM>
		<PakQty>454.000</PakQty>
		<PakUOM>oz</PakUOM>
		<Comments/>
		<InventoryGroup id="18">SPICES</InventoryGroup>
		<SalesCategory id="2">Food</SalesCategory>
		<Location id="299">OK - STORES AISLE #1</Location>
		<ExpenseAccount id="22" ref="SC0070" type="C" locked="N">COS-Food NoTax</ExpenseAccount>
		<IncomeAccount id="14" ref="Gross Sales" type="I" locked="Y">Gross Sales</IncomeAccount>
	</Item>
	<Item id="I-1012p" active="Y" keyItem="Y" actualize="Y">
		<Description>CUP PPR HOT WHT 12Z</Description>
		<Cost>0.0665</Cost>
		<CaseQty>20.000</CaseQty>
		<CaseUOM>SLEEVE</CaseUOM>
		<PakQty>50.000</PakQty>
		<PakUOM>CT</PakUOM>
		<Comments>contracted price $50.47</Comments>
		<InventoryGroup id="24">DISPOSABLES</InventoryGroup>
		<SalesCategory id="4">Misc. </SalesCategory>
		<Location id="494">OK - STORES PAPER</Location>
		<ExpenseAccount id="26" ref="SC0302" type="C" locked="N">COS-TOContainer[GST]</ExpenseAccount>
		<IncomeAccount id="14" ref="Gross Sales" type="I" locked="Y">Gross Sales</IncomeAccount>
	</Item>
	<Item id="I-2157" active="Y" keyItem="Y" actualize="N">
		<Description>EGG LIQ WHL FRSH KOSHER ESL KG</Description>
		<Cost>6.4792</Cost>
		<CaseQty>12.000</CaseQty>
		<CaseUOM>Kg</CaseUOM>
		<PakQty>1.000</PakQty>
		<PakUOM>Kg</PakUOM>
		<Comments>CODE CHANGE FROM 3392357 TO 9938805 OCT2017, PRICE INCEASE 01/19</Comments>
		<InventoryGroup id="9">DAIRY</InventoryGroup>
		<SalesCategory id="2">Food</SalesCategory>
		<Location id="449">OK - ARCHIVE</Location>
		<ExpenseAccount id="22" ref="SC0070" type="C" locked="N">COS-Food NoTax</ExpenseAccount>
		<IncomeAccount id="14" ref="Gross Sales" type="I" locked="Y">Gross Sales</IncomeAccount>
	</Item>
	<Item id="I-2159" active="Y" keyItem="Y" actualize="N">
		<Description>EGG MED FREE RUN LOOSE PACK</Description>
		<Cost>0.3476</Cost>
		<CaseQty>15.000</CaseQty>
		<CaseUOM>DOZ</CaseUOM>
		<PakQty>12.000</PakQty>
		<PakUOM>CT</PakUOM>
		<Comments>PRICE INCREASE OCTOBER 2018</Comments>
		<InventoryGroup id="9">DAIRY</InventoryGroup>
		<SalesCategory id="2">Food</SalesCategory>
		<Location id="301">OK - DAIRY COOLER</Location>
		<ExpenseAccount id="22" ref="SC0070" type="C" locked="N">COS-Food NoTax</ExpenseAccount>
		<IncomeAccount id="14" ref="Gross Sales" type="I" locked="Y">Gross Sales</IncomeAccount>
	</Item>
	<Item id="I-3291" active="Y" keyItem="Y" actualize="N">
		<Description>FLOUR ALL PURPOSE BAKER&apos;S HOOD</Description>
		<Cost>0.9630</Cost>
		<CaseQty>10.000</CaseQty>
		<CaseUOM>Kg</CaseUOM>
		<PakQty>1.000</PakQty>
		<PakUOM>Kg</PakUOM>
		<Comments>item # 7187700 DISCONTINUED BY THE VENDOR</Comments>
		<InventoryGroup id="16">FOOD - GROCERY</InventoryGroup>
		<SalesCategory id="2">Food</SalesCategory>
		<Location id="449">OK - ARCHIVE</Location>
		<ExpenseAccount id="22" ref="SC0070" type="C" locked="N">COS-Food NoTax</ExpenseAccount>
		<IncomeAccount id="14" ref="Gross Sales" type="I" locked="Y">Gross Sales</IncomeAccount>
	</Item>
	<Item id="I-11189" active="Y" keyItem="Y" actualize="N">
		<Description>FLOUR RICE WHITE</Description>
		<Cost>3.1960</Cost>
		<CaseQty>5.000</CaseQty>
		<CaseUOM>Kg</CaseUOM>
		<PakQty>1.000</PakQty>
		<PakUOM>Kg</PakUOM>
		<Comments/>
		<InventoryGroup id="16">FOOD - GROCERY</InventoryGroup>
		<SalesCategory id="2">Food</SalesCategory>
		<Location id="493">OK - STORES AISLE #5</Location>
		<ExpenseAccount id="22" ref="SC0070" type="C" locked="N">COS-Food NoTax</ExpenseAccount>
		<IncomeAccount id="14" ref="Gross Sales" type="I" locked="Y">Gross Sales</IncomeAccount>
	</Item>
	<Item id="I-4657" active="Y" keyItem="Y" actualize="N">
		<Description>GARLIC PEELED</Description>
		<Cost>5.6000</Cost>
		<CaseQty>1.000</CaseQty>
		<CaseUOM>5#</CaseUOM>
		<PakQty>5.000</PakQty>
		<PakUOM>lb</PakUOM>
		<Comments>PRICE DECREASE FROM $17.10 TO $10.85 JULY 2018 VW</Comments>
		<InventoryGroup id="4">PRODUCE</InventoryGroup>
		<SalesCategory id="2">Food</SalesCategory>
		<Location id="303">OK - PRODUCE COOLER</Location>
		<ExpenseAccount id="22" ref="SC0070" type="C" locked="N">COS-Food NoTax</ExpenseAccount>
		<IncomeAccount id="14" ref="Gross Sales" type="I" locked="Y">Gross Sales</IncomeAccount>
	</Item>
	<Item id="I-3632" active="Y" keyItem="Y" actualize="N">
		<Description>GARLIC POWDER </Description>
		<Cost>0.0162</Cost>
		<CaseQty>5.000</CaseQty>
		<CaseUOM>lb</CaseUOM>
		<PakQty>454.000</PakQty>
		<PakUOM>g</PakUOM>
		<Comments/>
		<InventoryGroup id="18">SPICES</InventoryGroup>
		<SalesCategory id="2">Food</SalesCategory>
		<Location id="299">OK - STORES AISLE #1</Location>
		<ExpenseAccount id="22" ref="SC0070" type="C" locked="N">COS-Food NoTax</ExpenseAccount>
		<IncomeAccount id="14" ref="Gross Sales" type="I" locked="Y">Gross Sales</IncomeAccount>
	</Item>
	<Item id="I-4660" active="Y" keyItem="Y" actualize="N">
		<Description>GINGER PEELED.</Description>
		<Cost>3.5100</Cost>
		<CaseQty>5.000</CaseQty>
		<CaseUOM>lb</CaseUOM>
		<PakQty>1.000</PakQty>
		<PakUOM>lb</PakUOM>
		<Comments/>
		<InventoryGroup id="4">PRODUCE</InventoryGroup>
		<SalesCategory id="2">Food</SalesCategory>
		<Location id="303">OK - PRODUCE COOLER</Location>
		<ExpenseAccount id="22" ref="SC0070" type="C" locked="N">COS-Food NoTax</ExpenseAccount>
		<IncomeAccount id="14" ref="Gross Sales" type="I" locked="Y">Gross Sales</IncomeAccount>
	</Item>
	<Item id="I-4341" active="Y" keyItem="Y" actualize="N">
		<Description>HERB CILANTRO BUNCH 30CT</Description>
		<Cost>1.1167</Cost>
		<CaseQty>30.000</CaseQty>
		<CaseUOM>CT</CaseUOM>
		<PakQty>1.000</PakQty>
		<PakUOM>CT</PakUOM>
		<Comments/>
		<InventoryGroup id="4">PRODUCE</InventoryGroup>
		<SalesCategory id="2">Food</SalesCategory>
		<Location id="303">OK - PRODUCE COOLER</Location>
		<ExpenseAccount id="22" ref="SC0070" type="C" locked="N">COS-Food NoTax</ExpenseAccount>
		<IncomeAccount id="14" ref="Gross Sales" type="I" locked="Y">Gross Sales</IncomeAccount>
	</Item>
	<Item id="I-4919" active="Y" keyItem="Y" actualize="N">
		<Description>HERB THYME BC</Description>
		<Cost>17.8000</Cost>
		<CaseQty>1.000</CaseQty>
		<CaseUOM>lb</CaseUOM>
		<PakQty>1.000</PakQty>
		<PakUOM>lb</PakUOM>
		<Comments/>
		<InventoryGroup id="4">PRODUCE</InventoryGroup>
		<SalesCategory id="2">Food</SalesCategory>
		<Location id="303">OK - PRODUCE COOLER</Location>
		<ExpenseAccount id="22" ref="SC0070" type="C" locked="N">COS-Food NoTax</ExpenseAccount>
		<IncomeAccount id="14" ref="Gross Sales" type="I" locked="Y">Gross Sales</IncomeAccount>
	</Item>
	<Item id="I-45297" active="Y" keyItem="Y" actualize="N">
		<Description>JACK FRUIT CANNED</Description>
		<Cost>3.8680</Cost>
		<CaseQty>24.000</CaseQty>
		<CaseUOM>can</CaseUOM>
		<PakQty>0.565</PakQty>
		<PakUOM>Kg</PakUOM>
		<Comments/>
		<InventoryGroup id="16">FOOD - GROCERY</InventoryGroup>
		<SalesCategory id="2">Food</SalesCategory>
		<Location id="490">OK - STORES AISLE #2</Location>
		<ExpenseAccount id="22" ref="SC0070" type="C" locked="N">COS-Food NoTax</ExpenseAccount>
		<IncomeAccount id="14" ref="Gross Sales" type="I" locked="Y">Gross Sales</IncomeAccount>
	</Item>
	<Item id="I-1813" active="Y" keyItem="Y" actualize="N">
		<Description>JUICE LEMON FRESH JUG</Description>
		<Cost>0.1572</Cost>
		<CaseQty>6.000</CaseQty>
		<CaseUOM>JUG</CaseUOM>
		<PakQty>64.000</PakQty>
		<PakUOM>fl oz</PakUOM>
		<Comments>4120407 replaced with 1429622, added as a child</Comments>
		<InventoryGroup id="20">BAKING-RAW INGREDIENTS</InventoryGroup>
		<SalesCategory id="2">Food</SalesCategory>
		<Location id="301">OK - DAIRY COOLER</Location>
		<ExpenseAccount id="22" ref="SC0070" type="C" locked="N">COS-Food NoTax</ExpenseAccount>
		<IncomeAccount id="14" ref="Gross Sales" type="I" locked="Y">Gross Sales</IncomeAccount>
	</Item>
	<Item id="I-6443" active="Y" keyItem="Y" actualize="N">
		<Description>JUICE LIME FRESH JUG</Description>
		<Cost>0.1609</Cost>
		<CaseQty>6.000</CaseQty>
		<CaseUOM>JUG</CaseUOM>
		<PakQty>64.000</PakQty>
		<PakUOM>fl oz</PakUOM>
		<Comments>4120427 CHANGING TO 1429619 2021 ADDED AS A CHILD</Comments>
		<InventoryGroup id="20">BAKING-RAW INGREDIENTS</InventoryGroup>
		<SalesCategory id="2">Food</SalesCategory>
		<Location id="301">OK - DAIRY COOLER</Location>
		<ExpenseAccount id="22" ref="SC0070" type="C" locked="N">COS-Food NoTax</ExpenseAccount>
		<IncomeAccount id="14" ref="Gross Sales" type="I" locked="Y">Gross Sales</IncomeAccount>
	</Item>
	<Item id="I-1821" active="Y" keyItem="Y" actualize="N">
		<Description>JUICE PINEAPPLE TETRA</Description>
		<Cost>0.0018</Cost>
		<CaseQty>12.000</CaseQty>
		<CaseUOM>bottle</CaseUOM>
		<PakQty>960.000</PakQty>
		<PakUOM>ml</PakUOM>
		<Comments>PRICE DECREASE 10/17</Comments>
		<InventoryGroup id="2">BEVERAGE</InventoryGroup>
		<SalesCategory id="2">Food</SalesCategory>
		<Location id="490">OK - STORES AISLE #2</Location>
		<ExpenseAccount id="22" ref="SC0070" type="C" locked="N">COS-Food NoTax</ExpenseAccount>
		<IncomeAccount id="14" ref="Gross Sales" type="I" locked="Y">Gross Sales</IncomeAccount>
	</Item>
	<Item id="I-13254" active="Y" keyItem="Y" actualize="N">
		<Description>KALE BABY GREEN</Description>
		<Cost>13.9750</Cost>
		<CaseQty>2.000</CaseQty>
		<CaseUOM>lb</CaseUOM>
		<PakQty>1.000</PakQty>
		<PakUOM>lb</PakUOM>
		<Comments/>
		<InventoryGroup id="4">PRODUCE</InventoryGroup>
		<SalesCategory id="2">Food</SalesCategory>
		<Location id="303">OK - PRODUCE COOLER</Location>
		<ExpenseAccount id="22" ref="SC0070" type="C" locked="N">COS-Food NoTax</ExpenseAccount>
		<IncomeAccount id="14" ref="Gross Sales" type="I" locked="Y">Gross Sales</IncomeAccount>
	</Item>
	<Item id="I-3336" active="Y" keyItem="Y" actualize="N">
		<Description>KETCHUP BIG RED PLAS</Description>
		<Cost>2.4906</Cost>
		<CaseQty>6.000</CaseQty>
		<CaseUOM>LG CAN</CaseUOM>
		<PakQty>2.840</PakQty>
		<PakUOM>L</PakUOM>
		<Comments/>
		<InventoryGroup id="16">FOOD - GROCERY</InventoryGroup>
		<SalesCategory id="2">Food</SalesCategory>
		<Location id="299">OK - STORES AISLE #1</Location>
		<ExpenseAccount id="22" ref="SC0070" type="C" locked="N">COS-Food NoTax</ExpenseAccount>
		<IncomeAccount id="14" ref="Gross Sales" type="I" locked="Y">Gross Sales</IncomeAccount>
	</Item>
	<Item id="I-4712" active="Y" keyItem="Y" actualize="N">
		<Description>LIMES MX</Description>
		<Cost>0.6829</Cost>
		<CaseQty>140.000</CaseQty>
		<CaseUOM>CT</CaseUOM>
		<PakQty>1.000</PakQty>
		<PakUOM>CT</PakUOM>
		<Comments/>
		<InventoryGroup id="4">PRODUCE</InventoryGroup>
		<SalesCategory id="2">Food</SalesCategory>
		<Location id="303">OK - PRODUCE COOLER</Location>
		<ExpenseAccount id="22" ref="SC0070" type="C" locked="N">COS-Food NoTax</ExpenseAccount>
		<IncomeAccount id="14" ref="Gross Sales" type="I" locked="Y">Gross Sales</IncomeAccount>
	</Item>
	<Item id="I-60772" active="Y" keyItem="Y" actualize="N">
		<Description>MAYONAISE*VEGAN HELLMAN&apos;S</Description>
		<Cost>9.3796</Cost>
		<CaseQty>2.000</CaseQty>
		<CaseUOM>pail</CaseUOM>
		<PakQty>3.780</PakQty>
		<PakUOM>L</PakUOM>
		<Comments/>
		<InventoryGroup id="16">FOOD - GROCERY</InventoryGroup>
		<SalesCategory id="2">Food</SalesCategory>
		<Location id="490">OK - STORES AISLE #2</Location>
		<ExpenseAccount id="22" ref="SC0070" type="C" locked="N">COS-Food NoTax</ExpenseAccount>
		<IncomeAccount id="14" ref="Gross Sales" type="I" locked="Y">Gross Sales</IncomeAccount>
	</Item>
	<Item id="I-2251" active="Y" keyItem="Y" actualize="N">
		<Description>MILK 2% 4L - JUG</Description>
		<Cost>1.9450</Cost>
		<CaseQty>1.000</CaseQty>
		<CaseUOM>4L</CaseUOM>
		<PakQty>4.000</PakQty>
		<PakUOM>L</PakUOM>
		<Comments/>
		<InventoryGroup id="9">DAIRY</InventoryGroup>
		<SalesCategory id="2">Food</SalesCategory>
		<Location id="301">OK - DAIRY COOLER</Location>
		<ExpenseAccount id="22" ref="SC0070" type="C" locked="N">COS-Food NoTax</ExpenseAccount>
		<IncomeAccount id="14" ref="Gross Sales" type="I" locked="Y">Gross Sales</IncomeAccount>
	</Item>
	<Item id="I-3370" active="Y" keyItem="Y" actualize="N">
		<Description>MUSTARD DIJON HOT</Description>
		<Cost>0.0078</Cost>
		<CaseQty>2.000</CaseQty>
		<CaseUOM>ea</CaseUOM>
		<PakQty>4625.000</PakQty>
		<PakUOM>ml</PakUOM>
		<Comments>replaced item code 3235307</Comments>
		<InventoryGroup id="16">FOOD - GROCERY</InventoryGroup>
		<SalesCategory id="2">Food</SalesCategory>
		<Location id="490">OK - STORES AISLE #2</Location>
		<ExpenseAccount id="22" ref="SC0070" type="C" locked="N">COS-Food NoTax</ExpenseAccount>
		<IncomeAccount id="14" ref="Gross Sales" type="I" locked="Y">Gross Sales</IncomeAccount>
	</Item>
	<Item id="I-3387" active="Y" keyItem="Y" actualize="N">
		<Description>OIL CANOLA OLIVE OIL BLEND TFC</Description>
		<Cost>3.8206</Cost>
		<CaseQty>6.000</CaseQty>
		<CaseUOM>can</CaseUOM>
		<PakQty>3.000</PakQty>
		<PakUOM>L</PakUOM>
		<Comments>4335805</Comments>
		<InventoryGroup id="16">FOOD - GROCERY</InventoryGroup>
		<SalesCategory id="2">Food</SalesCategory>
		<Location id="299">OK - STORES AISLE #1</Location>
		<ExpenseAccount id="22" ref="SC0070" type="C" locked="N">COS-Food NoTax</ExpenseAccount>
		<IncomeAccount id="14" ref="Gross Sales" type="I" locked="Y">Gross Sales</IncomeAccount>
	</Item>
	<Item id="I-3388" active="Y" keyItem="Y" actualize="Y">
		<Description>OIL CANOLA*SALAD 100% PURE</Description>
		<Cost>3.3922</Cost>
		<CaseQty>6.000</CaseQty>
		<CaseUOM>can</CaseUOM>
		<PakQty>3.000</PakQty>
		<PakUOM>L</PakUOM>
		<Comments>MUST USE 3950097. REMOVED 2253405 FROM THE ORDER GUIDE-NOT CONTRACTED.</Comments>
		<InventoryGroup id="16">FOOD - GROCERY</InventoryGroup>
		<SalesCategory id="2">Food</SalesCategory>
		<Location id="299">OK - STORES AISLE #1</Location>
		<ExpenseAccount id="22" ref="SC0070" type="C" locked="N">COS-Food NoTax</ExpenseAccount>
		<IncomeAccount id="14" ref="Gross Sales" type="I" locked="Y">Gross Sales</IncomeAccount>
	</Item>
	<Item id="I-3392" active="Y" keyItem="Y" actualize="N">
		<Description>OIL SESAME PURE</Description>
		<Cost>0.0188</Cost>
		<CaseQty>2.000</CaseQty>
		<CaseUOM>pak</CaseUOM>
		<PakQty>1650.000</PakQty>
		<PakUOM>L</PakUOM>
		<Comments/>
		<InventoryGroup id="16">FOOD - GROCERY</InventoryGroup>
		<SalesCategory id="2">Food</SalesCategory>
		<Location id="491">OK - STORES AISLE #3</Location>
		<ExpenseAccount id="22" ref="SC0070" type="C" locked="N">COS-Food NoTax</ExpenseAccount>
		<IncomeAccount id="14" ref="Gross Sales" type="I" locked="Y">Gross Sales</IncomeAccount>
	</Item>
	<Item id="I-3639" active="Y" keyItem="Y" actualize="N">
		<Description>ONION POWDER </Description>
		<Cost>0.0139</Cost>
		<CaseQty>5.000</CaseQty>
		<CaseUOM>lb</CaseUOM>
		<PakQty>454.000</PakQty>
		<PakUOM>g</PakUOM>
		<Comments>REPLACED 3549297 APR 2018</Comments>
		<InventoryGroup id="18">SPICES</InventoryGroup>
		<SalesCategory id="2">Food</SalesCategory>
		<Location id="299">OK - STORES AISLE #1</Location>
		<ExpenseAccount id="22" ref="SC0070" type="C" locked="N">COS-Food NoTax</ExpenseAccount>
		<IncomeAccount id="14" ref="Gross Sales" type="I" locked="Y">Gross Sales</IncomeAccount>
	</Item>
	<Item id="I-4757" active="Y" keyItem="Y" actualize="N">
		<Description>ONIONS RED </Description>
		<Cost>0.8280</Cost>
		<CaseQty>25.000</CaseQty>
		<CaseUOM>lb</CaseUOM>
		<PakQty>1.000</PakQty>
		<PakUOM>lb</PakUOM>
		<Comments/>
		<InventoryGroup id="4">PRODUCE</InventoryGroup>
		<SalesCategory id="2">Food</SalesCategory>
		<Location id="303">OK - PRODUCE COOLER</Location>
		<ExpenseAccount id="22" ref="SC0070" type="C" locked="N">COS-Food NoTax</ExpenseAccount>
		<IncomeAccount id="14" ref="Gross Sales" type="I" locked="Y">Gross Sales</IncomeAccount>
	</Item>
	<Item id="I-2911" active="Y" keyItem="Y" actualize="N">
		<Description>OREGANO RUBBED</Description>
		<Cost>13.9426</Cost>
		<CaseQty>5.000</CaseQty>
		<CaseUOM>lb</CaseUOM>
		<PakQty>0.453</PakQty>
		<PakUOM>Kg</PakUOM>
		<Comments/>
		<InventoryGroup id="18">SPICES</InventoryGroup>
		<SalesCategory id="2">Food</SalesCategory>
		<Location id="299">OK - STORES AISLE #1</Location>
		<ExpenseAccount id="22" ref="SC0070" type="C" locked="N">COS-Food NoTax</ExpenseAccount>
		<IncomeAccount id="14" ref="Gross Sales" type="I" locked="Y">Gross Sales</IncomeAccount>
	</Item>
	<Item id="I-3643" active="Y" keyItem="Y" actualize="N">
		<Description>PEPPER BLACK FINE TFC</Description>
		<Cost>32.5011</Cost>
		<CaseQty>1.000</CaseQty>
		<CaseUOM>each</CaseUOM>
		<PakQty>2.267</PakQty>
		<PakUOM>Kg</PakUOM>
		<Comments/>
		<InventoryGroup id="18">SPICES</InventoryGroup>
		<SalesCategory id="2">Food</SalesCategory>
		<Location id="449">OK - ARCHIVE</Location>
		<ExpenseAccount id="22" ref="SC0070" type="C" locked="N">COS-Food NoTax</ExpenseAccount>
		<IncomeAccount id="14" ref="Gross Sales" type="I" locked="Y">Gross Sales</IncomeAccount>
	</Item>
	<Item id="I-3642" active="Y" keyItem="Y" actualize="N">
		<Description>PEPPER BLK COARSE GRD SHK</Description>
		<Cost>0.0325</Cost>
		<CaseQty>1.000</CaseQty>
		<CaseUOM>ea</CaseUOM>
		<PakQty>2267.900</PakQty>
		<PakUOM>g</PakUOM>
		<Comments/>
		<InventoryGroup id="18">SPICES</InventoryGroup>
		<SalesCategory id="2">Food</SalesCategory>
		<Location id="299">OK - STORES AISLE #1</Location>
		<ExpenseAccount id="22" ref="SC0070" type="C" locked="N">COS-Food NoTax</ExpenseAccount>
		<IncomeAccount id="14" ref="Gross Sales" type="I" locked="Y">Gross Sales</IncomeAccount>
	</Item>
	<Item id="I-3647" active="Y" keyItem="Y" actualize="N">
		<Description>PEPPER WHITE GROUND TFC</Description>
		<Cost>36.6000</Cost>
		<CaseQty>2.500</CaseQty>
		<CaseUOM>Kg</CaseUOM>
		<PakQty>1.000</PakQty>
		<PakUOM>Kg</PakUOM>
		<Comments/>
		<InventoryGroup id="18">SPICES</InventoryGroup>
		<SalesCategory id="2">Food</SalesCategory>
		<Location id="299">OK - STORES AISLE #1</Location>
		<ExpenseAccount id="22" ref="SC0070" type="C" locked="N">COS-Food NoTax</ExpenseAccount>
		<IncomeAccount id="14" ref="Gross Sales" type="I" locked="Y">Gross Sales</IncomeAccount>
	</Item>
	<Item id="I-3649" active="Y" keyItem="Y" actualize="N">
		<Description>PEPPERCORN BLACK WHL TFC</Description>
		<Cost>0.0266</Cost>
		<CaseQty>12.000</CaseQty>
		<CaseUOM>ea</CaseUOM>
		<PakQty>575.000</PakQty>
		<PakUOM>g</PakUOM>
		<Comments/>
		<InventoryGroup id="18">SPICES</InventoryGroup>
		<SalesCategory id="2">Food</SalesCategory>
		<Location id="449">OK - ARCHIVE</Location>
		<ExpenseAccount id="22" ref="SC0070" type="C" locked="N">COS-Food NoTax</ExpenseAccount>
		<IncomeAccount id="14" ref="Gross Sales" type="I" locked="Y">Gross Sales</IncomeAccount>
	</Item>
	<Item id="I-4683" active="Y" keyItem="Y" actualize="N">
		<Description>PEPPERS GREEN DICED 1/4 US&quot;</Description>
		<Cost>6.2900</Cost>
		<CaseQty>5.000</CaseQty>
		<CaseUOM>lb</CaseUOM>
		<PakQty>1.000</PakQty>
		<PakUOM>lb</PakUOM>
		<Comments/>
		<InventoryGroup id="4">PRODUCE</InventoryGroup>
		<SalesCategory id="2">Food</SalesCategory>
		<Location id="303">OK - PRODUCE COOLER</Location>
		<ExpenseAccount id="22" ref="SC0070" type="C" locked="N">COS-Food NoTax</ExpenseAccount>
		<IncomeAccount id="14" ref="Gross Sales" type="I" locked="Y">Gross Sales</IncomeAccount>
	</Item>
	<Item id="I-4787" active="Y" keyItem="Y" actualize="N">
		<Description>PEPPERS JALAPENO GREEN 10 LBS</Description>
		<Cost>2.3850</Cost>
		<CaseQty>10.000</CaseQty>
		<CaseUOM>lb</CaseUOM>
		<PakQty>1.000</PakQty>
		<PakUOM>lb</PakUOM>
		<Comments/>
		<InventoryGroup id="4">PRODUCE</InventoryGroup>
		<SalesCategory id="2">Food</SalesCategory>
		<Location id="303">OK - PRODUCE COOLER</Location>
		<ExpenseAccount id="22" ref="SC0070" type="C" locked="N">COS-Food NoTax</ExpenseAccount>
		<IncomeAccount id="14" ref="Gross Sales" type="I" locked="Y">Gross Sales</IncomeAccount>
	</Item>
	<Item id="I-17580" active="Y" keyItem="Y" actualize="N">
		<Description>PRAWN WHT PD T/ON 31/40 OW</Description>
		<Cost>7.9900</Cost>
		<CaseQty>1.000</CaseQty>
		<CaseUOM>lb</CaseUOM>
		<PakQty>1.000</PakQty>
		<PakUOM>lb</PakUOM>
		<Comments/>
		<InventoryGroup id="14">SEAFOOD</InventoryGroup>
		<SalesCategory id="2">Food</SalesCategory>
		<Location id="302">OK - FREEZER</Location>
		<ExpenseAccount id="22" ref="SC0070" type="C" locked="N">COS-Food NoTax</ExpenseAccount>
		<IncomeAccount id="14" ref="Gross Sales" type="I" locked="Y">Gross Sales</IncomeAccount>
	</Item>
	<Item id="I-58278" active="Y" keyItem="Y" actualize="N">
		<Description>SAL ATL FLT KUTERRA OW S/ONVAC</Description>
		<Cost>14.9900</Cost>
		<CaseQty>1.000</CaseQty>
		<CaseUOM>lb</CaseUOM>
		<PakQty>1.000</PakQty>
		<PakUOM>lb</PakUOM>
		<Comments/>
		<InventoryGroup id="14">SEAFOOD</InventoryGroup>
		<SalesCategory id="2">Food</SalesCategory>
		<Location id="302">OK - FREEZER</Location>
		<ExpenseAccount id="22" ref="SC0070" type="C" locked="N">COS-Food NoTax</ExpenseAccount>
		<IncomeAccount id="14" ref="Gross Sales" type="I" locked="Y">Gross Sales</IncomeAccount>
	</Item>
	<Item id="I-6026" active="Y" keyItem="Y" actualize="N">
		<Description>SALT KOSHER </Description>
		<Cost>0.0032</Cost>
		<CaseQty>16.320</CaseQty>
		<CaseUOM>Kg</CaseUOM>
		<PakQty>1000.000</PakQty>
		<PakUOM>g</PakUOM>
		<Comments>PRICE CHANGED DECEMBER 2018</Comments>
		<InventoryGroup id="18">SPICES</InventoryGroup>
		<SalesCategory id="2">Food</SalesCategory>
		<Location id="491">OK - STORES AISLE #3</Location>
		<ExpenseAccount id="22" ref="SC0070" type="C" locked="N">COS-Food NoTax</ExpenseAccount>
		<IncomeAccount id="14" ref="Gross Sales" type="I" locked="Y">Gross Sales</IncomeAccount>
	</Item>
	<Item id="I-10882" active="Y" keyItem="Y" actualize="N">
		<Description>SAUCE SAMBAL OLEK 3X3.5L</Description>
		<Cost>4.9733</Cost>
		<CaseQty>3.000</CaseQty>
		<CaseUOM>jar</CaseUOM>
		<PakQty>3.500</PakQty>
		<PakUOM>L</PakUOM>
		<Comments/>
		<InventoryGroup id="16">FOOD - GROCERY</InventoryGroup>
		<SalesCategory id="2">Food</SalesCategory>
		<Location id="491">OK - STORES AISLE #3</Location>
		<ExpenseAccount id="22" ref="SC0070" type="C" locked="N">COS-Food NoTax</ExpenseAccount>
		<IncomeAccount id="14" ref="Gross Sales" type="I" locked="Y">Gross Sales</IncomeAccount>
	</Item>
	<Item id="I-47774" active="Y" keyItem="Y" actualize="N">
		<Description>SAUCE SOY LOW SOD G/FREE</Description>
		<Cost>9.5317</Cost>
		<CaseQty>11.340</CaseQty>
		<CaseUOM>L</CaseUOM>
		<PakQty>1.000</PakQty>
		<PakUOM>L</PakUOM>
		<Comments>TAMARI SOY SAUCE KIKKOMAN</Comments>
		<InventoryGroup id="16">FOOD - GROCERY</InventoryGroup>
		<SalesCategory id="2">Food</SalesCategory>
		<Location id="491">OK - STORES AISLE #3</Location>
		<ExpenseAccount id="22" ref="SC0070" type="C" locked="N">COS-Food NoTax</ExpenseAccount>
		<IncomeAccount id="14" ref="Gross Sales" type="I" locked="Y">Gross Sales</IncomeAccount>
	</Item>
	<Item id="I-22026" active="Y" keyItem="Y" actualize="N">
		<Description>SAUCE TABASCO GREEN PEPPER</Description>
		<Cost>26.6825</Cost>
		<CaseQty>2.000</CaseQty>
		<CaseUOM>JUG</CaseUOM>
		<PakQty>1.890</PakQty>
		<PakUOM>L</PakUOM>
		<Comments/>
		<InventoryGroup id="16">FOOD - GROCERY</InventoryGroup>
		<SalesCategory id="2">Food</SalesCategory>
		<Location id="492">OK - STORES AISLE #4</Location>
		<ExpenseAccount id="22" ref="SC0070" type="C" locked="N">COS-Food NoTax</ExpenseAccount>
		<IncomeAccount id="14" ref="Gross Sales" type="I" locked="Y">Gross Sales</IncomeAccount>
	</Item>
	<Item id="I-3595" active="Y" keyItem="Y" actualize="N">
		<Description>SMOKE LIQUID ARTIF</Description>
		<Cost>4.8850</Cost>
		<CaseQty>1.000</CaseQty>
		<CaseUOM>4L</CaseUOM>
		<PakQty>4.000</PakQty>
		<PakUOM>L</PakUOM>
		<Comments>REPLACED 3540637 APR 2018</Comments>
		<InventoryGroup id="16">FOOD - GROCERY</InventoryGroup>
		<SalesCategory id="2">Food</SalesCategory>
		<Location id="299">OK - STORES AISLE #1</Location>
		<ExpenseAccount id="22" ref="SC0070" type="C" locked="N">COS-Food NoTax</ExpenseAccount>
		<IncomeAccount id="14" ref="Gross Sales" type="I" locked="Y">Gross Sales</IncomeAccount>
	</Item>
	<Item id="I-66108" active="Y" keyItem="Y" actualize="N">
		<Description>SPRING ROLL VEG + 45g</Description>
		<Cost>0.0199</Cost>
		<CaseQty>4.000</CaseQty>
		<CaseUOM>POUCH</CaseUOM>
		<PakQty>1125.000</PakQty>
		<PakUOM>g</PakUOM>
		<Comments/>
		<InventoryGroup id="16">FOOD - GROCERY</InventoryGroup>
		<SalesCategory id="2">Food</SalesCategory>
		<Location id="461">OK - STN - SQUARE</Location>
		<ExpenseAccount id="22" ref="SC0070" type="C" locked="N">COS-Food NoTax</ExpenseAccount>
		<IncomeAccount id="14" ref="Gross Sales" type="I" locked="Y">Gross Sales</IncomeAccount>
	</Item>
	<Item id="I-6820" active="Y" keyItem="Y" actualize="N">
		<Description>STARCH CORN 5kg</Description>
		<Cost>5.3660</Cost>
		<CaseQty>5.000</CaseQty>
		<CaseUOM>Kg</CaseUOM>
		<PakQty>1.000</PakQty>
		<PakUOM>Kg</PakUOM>
		<Comments/>
		<InventoryGroup id="16">FOOD - GROCERY</InventoryGroup>
		<SalesCategory id="2">Food</SalesCategory>
		<Location id="490">OK - STORES AISLE #2</Location>
		<ExpenseAccount id="22" ref="SC0070" type="C" locked="N">COS-Food NoTax</ExpenseAccount>
		<IncomeAccount id="14" ref="Gross Sales" type="I" locked="Y">Gross Sales</IncomeAccount>
	</Item>
	<Item id="I-40936" active="Y" keyItem="Y" actualize="N">
		<Description>STARCH POTATO</Description>
		<Cost>0.0029</Cost>
		<CaseQty>1.000</CaseQty>
		<CaseUOM>cs</CaseUOM>
		<PakQty>25000.000</PakQty>
		<PakUOM>g</PakUOM>
		<Comments>Replacement item Feb 2021</Comments>
		<InventoryGroup id="16">FOOD - GROCERY</InventoryGroup>
		<SalesCategory id="2">Food</SalesCategory>
		<Location id="493">OK - STORES AISLE #5</Location>
		<ExpenseAccount id="22" ref="SC0070" type="C" locked="N">COS-Food NoTax</ExpenseAccount>
		<IncomeAccount id="14" ref="Gross Sales" type="I" locked="Y">Gross Sales</IncomeAccount>
	</Item>
	<Item id="I-3658" active="Y" keyItem="Y" actualize="N">
		<Description>SUGAR GOLDEN YEL 20KG</Description>
		<Cost>2.2945</Cost>
		<CaseQty>20.000</CaseQty>
		<CaseUOM>Kg</CaseUOM>
		<PakQty>1.000</PakQty>
		<PakUOM>Kg</PakUOM>
		<Comments>REPLACED 3560437 APR 2018</Comments>
		<InventoryGroup id="16">FOOD - GROCERY</InventoryGroup>
		<SalesCategory id="2">Food</SalesCategory>
		<Location id="299">OK - STORES AISLE #1</Location>
		<ExpenseAccount id="22" ref="SC0070" type="C" locked="N">COS-Food NoTax</ExpenseAccount>
		<IncomeAccount id="14" ref="Gross Sales" type="I" locked="Y">Gross Sales</IncomeAccount>
	</Item>
	<Item id="I-3660" active="Y" keyItem="Y" actualize="N">
		<Description>SUGAR GRANULATED FINE</Description>
		<Cost>1.6835</Cost>
		<CaseQty>20.000</CaseQty>
		<CaseUOM>Kg</CaseUOM>
		<PakQty>1.000</PakQty>
		<PakUOM>Kg</PakUOM>
		<Comments>Replacing Item Code 3238807</Comments>
		<InventoryGroup id="16">FOOD - GROCERY</InventoryGroup>
		<SalesCategory id="2">Food</SalesCategory>
		<Location id="299">OK - STORES AISLE #1</Location>
		<ExpenseAccount id="22" ref="SC0070" type="C" locked="N">COS-Food NoTax</ExpenseAccount>
		<IncomeAccount id="14" ref="Gross Sales" type="I" locked="Y">Gross Sales</IncomeAccount>
	</Item>
	<Item id="I-3667" active="Y" keyItem="Y" actualize="N">
		<Description>SUNFLOWER SEED HULLED RST</Description>
		<Cost>5.5783</Cost>
		<CaseQty>12.000</CaseQty>
		<CaseUOM>Kg</CaseUOM>
		<PakQty>1.000</PakQty>
		<PakUOM>Kg</PakUOM>
		<Comments/>
		<InventoryGroup id="16">FOOD - GROCERY</InventoryGroup>
		<SalesCategory id="2">Food</SalesCategory>
		<Location id="493">OK - STORES AISLE #5</Location>
		<ExpenseAccount id="22" ref="SC0070" type="C" locked="N">COS-Food NoTax</ExpenseAccount>
		<IncomeAccount id="14" ref="Gross Sales" type="I" locked="Y">Gross Sales</IncomeAccount>
	</Item>
	<Item id="I-7388" active="Y" keyItem="Y" actualize="N">
		<Description>TOFU EXTRA FIRM</Description>
		<Cost>7.5095</Cost>
		<CaseQty>12.000</CaseQty>
		<CaseUOM>CT</CaseUOM>
		<PakQty>0.350</PakQty>
		<PakUOM>Kg</PakUOM>
		<Comments/>
		<InventoryGroup id="16">FOOD - GROCERY</InventoryGroup>
		<SalesCategory id="2">Food</SalesCategory>
		<Location id="301">OK - DAIRY COOLER</Location>
		<ExpenseAccount id="22" ref="SC0070" type="C" locked="N">COS-Food NoTax</ExpenseAccount>
		<IncomeAccount id="14" ref="Gross Sales" type="I" locked="Y">Gross Sales</IncomeAccount>
	</Item>
	<Item id="I-17159" active="Y" keyItem="Y" actualize="N">
		<Description>TOMATOES GRAPE 10LB</Description>
		<Cost>3.7150</Cost>
		<CaseQty>10.000</CaseQty>
		<CaseUOM>lb</CaseUOM>
		<PakQty>1.000</PakQty>
		<PakUOM>lb</PakUOM>
		<Comments/>
		<InventoryGroup id="4">PRODUCE</InventoryGroup>
		<SalesCategory id="2">Food</SalesCategory>
		<Location id="303">OK - PRODUCE COOLER</Location>
		<ExpenseAccount id="22" ref="SC0070" type="C" locked="N">COS-Food NoTax</ExpenseAccount>
		<IncomeAccount id="14" ref="Gross Sales" type="I" locked="Y">Gross Sales</IncomeAccount>
	</Item>
	<Item id="I-4933" active="Y" keyItem="Y" actualize="N">
		<Description>TOMATOES ROMA MX</Description>
		<Cost>1.5280</Cost>
		<CaseQty>25.000</CaseQty>
		<CaseUOM>lb</CaseUOM>
		<PakQty>1.000</PakQty>
		<PakUOM>lb</PakUOM>
		<Comments/>
		<InventoryGroup id="4">PRODUCE</InventoryGroup>
		<SalesCategory id="2">Food</SalesCategory>
		<Location id="303">OK - PRODUCE COOLER</Location>
		<ExpenseAccount id="22" ref="SC0070" type="C" locked="N">COS-Food NoTax</ExpenseAccount>
		<IncomeAccount id="14" ref="Gross Sales" type="I" locked="Y">Gross Sales</IncomeAccount>
	</Item>
	<Item id="I-15358" active="Y" keyItem="Y" actualize="N">
		<Description>TORTILLA CORN WHTE 6IN EX THN</Description>
		<Cost>0.0593</Cost>
		<CaseQty>720.000</CaseQty>
		<CaseUOM>ea</CaseUOM>
		<PakQty>1.000</PakQty>
		<PakUOM>ea</PakUOM>
		<Comments> OLD CODE 6827605</Comments>
		<InventoryGroup id="16">FOOD - GROCERY</InventoryGroup>
		<SalesCategory id="2">Food</SalesCategory>
		<Location id="302">OK - FREEZER</Location>
		<ExpenseAccount id="22" ref="SC0070" type="C" locked="N">COS-Food NoTax</ExpenseAccount>
		<IncomeAccount id="14" ref="Gross Sales" type="I" locked="Y">Gross Sales</IncomeAccount>
	</Item>
	<Item id="I-3692" active="Y" keyItem="Y" actualize="N">
		<Description>VINEGAR BALSAMIC PAIL</Description>
		<Cost>5.8530</Cost>
		<CaseQty>2.000</CaseQty>
		<CaseUOM>pail</CaseUOM>
		<PakQty>5.000</PakQty>
		<PakUOM>L</PakUOM>
		<Comments/>
		<InventoryGroup id="16">FOOD - GROCERY</InventoryGroup>
		<SalesCategory id="2">Food</SalesCategory>
		<Location id="491">OK - STORES AISLE #3</Location>
		<ExpenseAccount id="22" ref="SC0070" type="C" locked="N">COS-Food NoTax</ExpenseAccount>
		<IncomeAccount id="14" ref="Gross Sales" type="I" locked="Y">Gross Sales</IncomeAccount>
	</Item>
	<Item id="I-3698" active="Y" keyItem="Y" actualize="N">
		<Description>VINEGAR WHITE PURE DISTILLED </Description>
		<Cost>0.9855</Cost>
		<CaseQty>4.000</CaseQty>
		<CaseUOM>pail</CaseUOM>
		<PakQty>5.000</PakQty>
		<PakUOM>L</PakUOM>
		<Comments/>
		<InventoryGroup id="16">FOOD - GROCERY</InventoryGroup>
		<SalesCategory id="2">Food</SalesCategory>
		<Location id="491">OK - STORES AISLE #3</Location>
		<ExpenseAccount id="22" ref="SC0070" type="C" locked="N">COS-Food NoTax</ExpenseAccount>
		<IncomeAccount id="14" ref="Gross Sales" type="I" locked="Y">Gross Sales</IncomeAccount>
	</Item>
	<Item id="I-5983" active="Y" keyItem="N" actualize="N">
		<Description>WATER FOR RECIPES</Description>
		<Cost>0</Cost>
		<CaseQty>1.000</CaseQty>
		<CaseUOM>L</CaseUOM>
		<PakQty>1.000</PakQty>
		<PakUOM>L</PakUOM>
		<Comments/>
		<InventoryGroup id="2">BEVERAGE</InventoryGroup>
		<SalesCategory id="2">Food</SalesCategory>
		<Location id="449">OK - ARCHIVE</Location>
		<ExpenseAccount id="22" ref="SC0070" type="C" locked="N">COS-Food NoTax</ExpenseAccount>
		<IncomeAccount id="14" ref="Gross Sales" type="I" locked="Y">Gross Sales</IncomeAccount>
	</Item>
</Items>
