﻿<?xml version="1.0" encoding="UTF-8" standalone="yes"?>
<Preps>
	<Prep id="P-41321" active="Y" keyItem="Y">
		<Description>BATCH| Fish Batter 2.0</Description>
		<Barcode/>
		<Cost>3.2065</Cost>
		<PakQty>1.200</PakQty>
		<PakUOM>L</PakUOM>
		<Comments/>
		<InventoryGroup id="138">FEAST</InventoryGroup>
		<SalesCategory id="2">Food</SalesCategory>
		<IncomeAccount id="14" ref="Gross Sales" type="I" locked="Y">Gross Sales</IncomeAccount>
		<Location id="148">TP - 9. GRILL</Location>
	</Prep>
	<Prep id="P-56398" active="Y" keyItem="Y">
		<Description>BATCH|Guacamole</Description>
		<Barcode/>
		<Cost>14.6772</Cost>
		<PakQty>2.750</PakQty>
		<PakUOM>Kg</PakUOM>
		<Comments/>
		<InventoryGroup id="47">PREP</InventoryGroup>
		<SalesCategory id="2">Food</SalesCategory>
		<IncomeAccount id="14" ref="Gross Sales" type="I" locked="Y">Gross Sales</IncomeAccount>
		<Location id="500">OK - PROCESSED </Location>
	</Prep>
	<Prep id="P-50831" active="Y" keyItem="N">
		<Description>BREADED|Chicken|Karaage Thigh</Description>
		<Barcode/>
		<Cost>12.3114</Cost>
		<PakQty>4.500</PakQty>
		<PakUOM>Kg</PakUOM>
		<Comments/>
		<InventoryGroup id=""/>
		<SalesCategory id=""/>
		<IncomeAccount id="" ref="" type="" locked=""/>
		<Location id=""/>
	</Prep>
	<Prep id="P-24750" active="Y" keyItem="N">
		<Description>CHOPPED|Cilantro</Description>
		<Barcode/>
		<Cost>20.3000</Cost>
		<PakQty>0.500</PakQty>
		<PakUOM>Kg</PakUOM>
		<Comments/>
		<InventoryGroup id=""/>
		<SalesCategory id=""/>
		<IncomeAccount id="" ref="" type="" locked=""/>
		<Location id=""/>
	</Prep>
	<Prep id="P-33556" active="Y" keyItem="N">
		<Description>COOKED| Fried Fish</Description>
		<Barcode/>
		<Cost>2.4145</Cost>
		<PakQty>1.000</PakQty>
		<PakUOM>each</PakUOM>
		<Comments/>
		<InventoryGroup id=""/>
		<SalesCategory id=""/>
		<IncomeAccount id="" ref="" type="" locked=""/>
		<Location id=""/>
	</Prep>
	<Prep id="P-50854" active="Y" keyItem="Y">
		<Description>COOKED|Chicken|Karaage</Description>
		<Barcode/>
		<Cost>0.0129</Cost>
		<PakQty>100.000</PakQty>
		<PakUOM>g</PakUOM>
		<Comments/>
		<InventoryGroup id="47">PREP</InventoryGroup>
		<SalesCategory id="2">Food</SalesCategory>
		<IncomeAccount id="14" ref="Gross Sales" type="I" locked="Y">Gross Sales</IncomeAccount>
		<Location id="499">OK - STN - FLEX</Location>
	</Prep>
	<Prep id="P-39592" active="Y" keyItem="Y">
		<Description>COOKED|Jackfruit|Hawaiian</Description>
		<Barcode/>
		<Cost>8.2816</Cost>
		<PakQty>8.000</PakQty>
		<PakUOM>Kg</PakUOM>
		<Comments/>
		<InventoryGroup id="47">PREP</InventoryGroup>
		<SalesCategory id="2">Food</SalesCategory>
		<IncomeAccount id="14" ref="Gross Sales" type="I" locked="Y">Gross Sales</IncomeAccount>
		<Location id="501">OK - FOOD TRUCK</Location>
	</Prep>
	<Prep id="P-34121" active="Y" keyItem="Y">
		<Description>COOKED|StirFryChicken</Description>
		<Barcode/>
		<Cost>15.6448</Cost>
		<PakQty>4.000</PakQty>
		<PakUOM>Kg</PakUOM>
		<Comments>April 19 (Fiscal 20)</Comments>
		<InventoryGroup id="47">PREP</InventoryGroup>
		<SalesCategory id="2">Food</SalesCategory>
		<IncomeAccount id="14" ref="Gross Sales" type="I" locked="Y">Gross Sales</IncomeAccount>
		<Location id="500">OK - PROCESSED </Location>
	</Prep>
	<Prep id="P-55135" active="Y" keyItem="N">
		<Description>DRAINEDl Jackfruit</Description>
		<Barcode/>
		<Cost>6.9764</Cost>
		<PakQty>7.200</PakQty>
		<PakUOM>Kg</PakUOM>
		<Comments/>
		<InventoryGroup id=""/>
		<SalesCategory id=""/>
		<IncomeAccount id="" ref="" type="" locked=""/>
		<Location id=""/>
	</Prep>
	<Prep id="P-33557" active="Y" keyItem="Y">
		<Description>DREDGE|Seasoned Flour</Description>
		<Barcode/>
		<Cost>0.0016</Cost>
		<PakQty>554.000</PakQty>
		<PakUOM>g</PakUOM>
		<Comments/>
		<InventoryGroup id="47">PREP</InventoryGroup>
		<SalesCategory id="2">Food</SalesCategory>
		<IncomeAccount id="14" ref="Gross Sales" type="I" locked="Y">Gross Sales</IncomeAccount>
		<Location id="501">OK - FOOD TRUCK</Location>
	</Prep>
	<Prep id="P-26048" active="Y" keyItem="Y">
		<Description>DRESSING|Balsamic</Description>
		<Barcode/>
		<Cost>4.2704</Cost>
		<PakQty>4.000</PakQty>
		<PakUOM>L</PakUOM>
		<Comments/>
		<InventoryGroup id="47">PREP</InventoryGroup>
		<SalesCategory id="2">Food</SalesCategory>
		<IncomeAccount id="14" ref="Gross Sales" type="I" locked="Y">Gross Sales</IncomeAccount>
		<Location id="500">OK - PROCESSED </Location>
	</Prep>
	<Prep id="P-50830" active="Y" keyItem="N">
		<Description>MARINATED|ChickenKaraage thigh</Description>
		<Barcode/>
		<Cost>12.9228</Cost>
		<PakQty>5.000</PakQty>
		<PakUOM>Kg</PakUOM>
		<Comments>adj&apos;d for 10% marinade abspt</Comments>
		<InventoryGroup id=""/>
		<SalesCategory id=""/>
		<IncomeAccount id="" ref="" type="" locked=""/>
		<Location id=""/>
	</Prep>
	<Prep id="P-18907" active="Y" keyItem="N">
		<Description>MIX|Salt&amp;Pepper</Description>
		<Barcode/>
		<Cost>0.0086</Cost>
		<PakQty>1225.000</PakQty>
		<PakUOM>g</PakUOM>
		<Comments/>
		<InventoryGroup id=""/>
		<SalesCategory id=""/>
		<IncomeAccount id="" ref="" type="" locked=""/>
		<Location id=""/>
	</Prep>
	<Prep id="P-33554" active="Y" keyItem="N">
		<Description>OK - Fried Fish Batter</Description>
		<Barcode/>
		<Cost>2.8167</Cost>
		<PakQty>4.000</PakQty>
		<PakUOM>L</PakUOM>
		<Comments/>
		<InventoryGroup id=""/>
		<SalesCategory id=""/>
		<IncomeAccount id="" ref="" type="" locked=""/>
		<Location id=""/>
	</Prep>
	<Prep id="P-25761" active="Y" keyItem="Y">
		<Description>PICKLED|Red Onion</Description>
		<Barcode/>
		<Cost>3.6634</Cost>
		<PakQty>2.267</PakQty>
		<PakUOM>Kg</PakUOM>
		<Comments>4 Weeks</Comments>
		<InventoryGroup id="47">PREP</InventoryGroup>
		<SalesCategory id="2">Food</SalesCategory>
		<IncomeAccount id="14" ref="Gross Sales" type="I" locked="Y">Gross Sales</IncomeAccount>
		<Location id="500">OK - PROCESSED </Location>
	</Prep>
	<Prep id="P-54455" active="Y" keyItem="N">
		<Description>PRAWNS|Fried</Description>
		<Barcode/>
		<Cost>0.0186</Cost>
		<PakQty>60.000</PakQty>
		<PakUOM>g</PakUOM>
		<Comments/>
		<InventoryGroup id=""/>
		<SalesCategory id=""/>
		<IncomeAccount id="" ref="" type="" locked=""/>
		<Location id=""/>
	</Prep>
	<Prep id="P-52943" active="Y" keyItem="N">
		<Description>PREP|Cilantro|Sprig</Description>
		<Barcode/>
		<Cost>0.0253</Cost>
		<PakQty>50.000</PakQty>
		<PakUOM>g</PakUOM>
		<Comments/>
		<InventoryGroup id=""/>
		<SalesCategory id=""/>
		<IncomeAccount id="" ref="" type="" locked=""/>
		<Location id=""/>
	</Prep>
	<Prep id="P-7444" active="Y" keyItem="Y">
		<Description>PREP|Garlic Puree</Description>
		<Barcode/>
		<Cost>7.9552</Cost>
		<PakQty>4.000</PakQty>
		<PakUOM>L</PakUOM>
		<Comments/>
		<InventoryGroup id="47">PREP</InventoryGroup>
		<SalesCategory id="2">Food</SalesCategory>
		<IncomeAccount id="14" ref="Gross Sales" type="I" locked="Y">Gross Sales</IncomeAccount>
		<Location id="500">OK - PROCESSED </Location>
	</Prep>
	<Prep id="P-44585" active="Y" keyItem="N">
		<Description>PREP|Lime|WEDGE</Description>
		<Barcode/>
		<Cost>0.0854</Cost>
		<PakQty>8.000</PakQty>
		<PakUOM>piece</PakUOM>
		<Comments/>
		<InventoryGroup id=""/>
		<SalesCategory id=""/>
		<IncomeAccount id="" ref="" type="" locked=""/>
		<Location id=""/>
	</Prep>
	<Prep id="P-26020" active="Y" keyItem="Y">
		<Description>PUREE|Garlic|Kg - FT</Description>
		<Barcode/>
		<Cost>12.2277</Cost>
		<PakQty>2.500</PakQty>
		<PakUOM>Kg</PakUOM>
		<Comments>2 weeks</Comments>
		<InventoryGroup id="47">PREP</InventoryGroup>
		<SalesCategory id="2">Food</SalesCategory>
		<IncomeAccount id="14" ref="Gross Sales" type="I" locked="Y">Gross Sales</IncomeAccount>
		<Location id="500">OK - PROCESSED </Location>
	</Prep>
	<Prep id="P-7565" active="Y" keyItem="Y">
		<Description>SAUCE|Mayo|Sambal Lime</Description>
		<Barcode/>
		<Cost>9.7038</Cost>
		<PakQty>4.200</PakQty>
		<PakUOM>L</PakUOM>
		<Comments/>
		<InventoryGroup id="47">PREP</InventoryGroup>
		<SalesCategory id="2">Food</SalesCategory>
		<IncomeAccount id="14" ref="Gross Sales" type="I" locked="Y">Gross Sales</IncomeAccount>
		<Location id="126">*PV 5 PROCESS FRIDGE</Location>
	</Prep>
	<Prep id="P-34293" active="Y" keyItem="N">
		<Description>SHREDDED|1/8&quot; Cabbage</Description>
		<Barcode/>
		<Cost>1.3557</Cost>
		<PakQty>44.000</PakQty>
		<PakUOM>lb</PakUOM>
		<Comments/>
		<InventoryGroup id=""/>
		<SalesCategory id=""/>
		<IncomeAccount id="" ref="" type="" locked=""/>
		<Location id=""/>
	</Prep>
	<Prep id="P-42425" active="Y" keyItem="Y">
		<Description>SLICE|Cucumber|1/8</Description>
		<Barcode/>
		<Cost>0.0064</Cost>
		<PakQty>470.000</PakQty>
		<PakUOM>g</PakUOM>
		<Comments/>
		<InventoryGroup id="47">PREP</InventoryGroup>
		<SalesCategory id="2">Food</SalesCategory>
		<IncomeAccount id="14" ref="Gross Sales" type="I" locked="Y">Gross Sales</IncomeAccount>
		<Location id="500">OK - PROCESSED </Location>
	</Prep>
	<Prep id="P-26514" active="Y" keyItem="N">
		<Description>YIELD|Cilantro|Herb</Description>
		<Barcode/>
		<Cost>0.0203</Cost>
		<PakQty>55.000</PakQty>
		<PakUOM>g</PakUOM>
		<Comments/>
		<InventoryGroup id=""/>
		<SalesCategory id=""/>
		<IncomeAccount id="" ref="" type="" locked=""/>
		<Location id=""/>
	</Prep>
	<Prep id="P-52036" active="Y" keyItem="N">
		<Description>YIELD|Herb|Thyme</Description>
		<Barcode/>
		<Cost>0.0785</Cost>
		<PakQty>500.000</PakQty>
		<PakUOM>g</PakUOM>
		<Comments>July 2019 (Fiscal 19)</Comments>
		<InventoryGroup id=""/>
		<SalesCategory id=""/>
		<IncomeAccount id="" ref="" type="" locked=""/>
		<Location id=""/>
	</Prep>
	<Prep id="P-56811" active="Y" keyItem="N">
		<Description>YIELD|Jalapeno</Description>
		<Barcode/>
		<Cost>5.9679</Cost>
		<PakQty>4.000</PakQty>
		<PakUOM>Kg</PakUOM>
		<Comments/>
		<InventoryGroup id=""/>
		<SalesCategory id=""/>
		<IncomeAccount id="" ref="" type="" locked=""/>
		<Location id=""/>
	</Prep>
	<Prep id="P-50587" active="Y" keyItem="N">
		<Description>YIELD|Tomato Roma</Description>
		<Barcode/>
		<Cost>3.7430</Cost>
		<PakQty>9.000</PakQty>
		<PakUOM>Kg</PakUOM>
		<Comments/>
		<InventoryGroup id=""/>
		<SalesCategory id=""/>
		<IncomeAccount id="" ref="" type="" locked=""/>
		<Location id=""/>
	</Prep>
</Preps>
