﻿<?xml version="1.0" encoding="UTF-8" standalone="yes"?>
<Prods>
	<Prod id="R-62976" active="Y" special="N">
		<Description>ADD CUP</Description>
		<Barcode/>
		<Cost>0.0665</Cost>
		<Comments/>
		<SalesGroup id="363">OK - GRAB &amp; GO</SalesGroup>
		<SalesCategory id="2">Food</SalesCategory>
		<IncomeAccount id="14" ref="Gross Sales" type="I" locked="Y">Gross Sales</IncomeAccount>
		<TaxGroup id=""/>
		<Price>0.25</Price>
		<PLU num="30698">ADD CUP</PLU>
	</Prod>
	<Prod id="R-31006" active="Y" special="N">
		<Description>ADD|Beef</Description>
		<Barcode/>
		<Cost>1.6840</Cost>
		<Comments/>
		<SalesGroup id="329">OK - CUSTOM KITCHEN</SalesGroup>
		<SalesCategory id="2">Food</SalesCategory>
		<IncomeAccount id="14" ref="Gross Sales" type="I" locked="Y">Gross Sales</IncomeAccount>
		<TaxGroup id=""/>
		<Price>3.99</Price>
		<PLU num="20161">ADD  BEEF</PLU>
	</Prod>
	<Prod id="R-31131" active="Y" special="N">
		<Description>ADD|Chicken</Description>
		<Barcode/>
		<Cost>1.3306</Cost>
		<Comments/>
		<SalesGroup id="329">OK - CUSTOM KITCHEN</SalesGroup>
		<SalesCategory id="2">Food</SalesCategory>
		<IncomeAccount id="14" ref="Gross Sales" type="I" locked="Y">Gross Sales</IncomeAccount>
		<TaxGroup id=""/>
		<Price>3.99</Price>
		<PLU num="20162">ADD CHICKEN</PLU>
	</Prod>
	<Prod id="R-30154" active="Y" special="N">
		<Description>ADD|Crackers</Description>
		<Barcode/>
		<Cost>0.0356</Cost>
		<Comments/>
		<SalesGroup id="329">OK - CUSTOM KITCHEN</SalesGroup>
		<SalesCategory id="2">Food</SalesCategory>
		<IncomeAccount id="14" ref="Gross Sales" type="I" locked="Y">Gross Sales</IncomeAccount>
		<TaxGroup id=""/>
		<Price>0.10</Price>
		<PLU num="516">Add - Crackers</PLU>
	</Prod>
	<Prod id="R-41877" active="Y" special="N">
		<Description>ADD|Fish</Description>
		<Barcode/>
		<Cost>2.4145</Cost>
		<Comments/>
		<SalesGroup id="326">OK - GRILL KITCHEN DAY</SalesGroup>
		<SalesCategory id="2">Food</SalesCategory>
		<IncomeAccount id="14" ref="Gross Sales" type="I" locked="Y">Gross Sales</IncomeAccount>
		<TaxGroup id=""/>
		<Price>4.50</Price>
		<PLU num="20992">ADD PIECE FISH</PLU>
	</Prod>
	<Prod id="R-32124" active="Y" special="N">
		<Description>ADD|Guacamole</Description>
		<Barcode/>
		<Cost>0.6605</Cost>
		<Comments/>
		<SalesGroup id="331">OK - SANDWICH KITCHEN</SalesGroup>
		<SalesCategory id="2">Food</SalesCategory>
		<IncomeAccount id="14" ref="Gross Sales" type="I" locked="Y">Gross Sales</IncomeAccount>
		<TaxGroup id=""/>
		<Price>1.50</Price>
		<PLU num="20409">ADD GUACAMOLE</PLU>
	</Prod>
	<Prod id="R-60997" active="Y" special="N">
		<Description>ADD|Guacamole.</Description>
		<Barcode/>
		<Cost>0.6605</Cost>
		<Comments/>
		<SalesGroup id="331">OK - SANDWICH KITCHEN</SalesGroup>
		<SalesCategory id="2">Food</SalesCategory>
		<IncomeAccount id="14" ref="Gross Sales" type="I" locked="Y">Gross Sales</IncomeAccount>
		<TaxGroup id=""/>
		<Price>1.50</Price>
		<PLU num="34128">ADD GUACAMOLE</PLU>
	</Prod>
	<Prod id="R-61591" active="Y" special="N">
		<Description>ADD|Karaage Chicken|4oz</Description>
		<Barcode/>
		<Cost>1.4190</Cost>
		<Comments/>
		<SalesGroup id="344">OK - GRILL KITCHEN FEATURES</SalesGroup>
		<SalesCategory id="2">Food</SalesCategory>
		<IncomeAccount id="14" ref="Gross Sales" type="I" locked="Y">Gross Sales</IncomeAccount>
		<TaxGroup id=""/>
		<Price>2.99</Price>
		<PLU num="33270">ADD KARAAGE CHICKEN (4OZ)</PLU>
	</Prod>
	<Prod id="R-41753" active="Y" special="N">
		<Description>ADD|Salad</Description>
		<Barcode/>
		<Cost>2.0759</Cost>
		<Comments/>
		<SalesGroup id="364">OK - BURRITO KITCHEN </SalesGroup>
		<SalesCategory id="2">Food</SalesCategory>
		<IncomeAccount id="14" ref="Gross Sales" type="I" locked="Y">Gross Sales</IncomeAccount>
		<TaxGroup id=""/>
		<Price>3.00</Price>
		<PLU num="24498">ADD SALAD</PLU>
	</Prod>
	<Prod id="R-31802" active="Y" special="N">
		<Description>ADD|Salmon</Description>
		<Barcode/>
		<Cost>2.8106</Cost>
		<Comments/>
		<SalesGroup id="329">OK - CUSTOM KITCHEN</SalesGroup>
		<SalesCategory id="2">Food</SalesCategory>
		<IncomeAccount id="14" ref="Gross Sales" type="I" locked="Y">Gross Sales</IncomeAccount>
		<TaxGroup id=""/>
		<Price>4.29</Price>
		<PLU num="20160">ADD SALMON</PLU>
	</Prod>
	<Prod id="R-62500" active="Y" special="N">
		<Description>ADD|Spring Roll</Description>
		<Barcode/>
		<Cost>0.8955</Cost>
		<Comments/>
		<SalesGroup id="332">OK - SQUARE MEAL</SalesGroup>
		<SalesCategory id="2">Food</SalesCategory>
		<IncomeAccount id="14" ref="Gross Sales" type="I" locked="Y">Gross Sales</IncomeAccount>
		<TaxGroup id=""/>
		<Price>2.49</Price>
		<PLU num="34215">SQ SPRING ROLL</PLU>
	</Prod>
	<Prod id="R-61581" active="Y" special="N">
		<Description>ADD|TACO|Pulled Jackfruit</Description>
		<Barcode/>
		<Cost>0.7151</Cost>
		<Comments/>
		<SalesGroup id="332">OK - SQUARE MEAL</SalesGroup>
		<SalesCategory id="2">Food</SalesCategory>
		<IncomeAccount id="14" ref="Gross Sales" type="I" locked="Y">Gross Sales</IncomeAccount>
		<TaxGroup id=""/>
		<Price>2.25</Price>
		<PLU num="33255">TACO PULLED JACKFRUIT (ADD 1)</PLU>
	</Prod>
	<Prod id="R-61578" active="Y" special="N">
		<Description>ADD|TACO|Tempura Prawn</Description>
		<Barcode/>
		<Cost>0.9994</Cost>
		<Comments/>
		<SalesGroup id="332">OK - SQUARE MEAL</SalesGroup>
		<SalesCategory id="2">Food</SalesCategory>
		<IncomeAccount id="14" ref="Gross Sales" type="I" locked="Y">Gross Sales</IncomeAccount>
		<TaxGroup id=""/>
		<Price>2.50</Price>
		<PLU num="33253">TACO PRAWN TEMPURA (ADD 1)</PLU>
	</Prod>
	<Prod id="R-31132" active="Y" special="N">
		<Description>ADD|Tofu</Description>
		<Barcode/>
		<Cost>0.6383</Cost>
		<Comments/>
		<SalesGroup id="329">OK - CUSTOM KITCHEN</SalesGroup>
		<SalesCategory id="2">Food</SalesCategory>
		<IncomeAccount id="14" ref="Gross Sales" type="I" locked="Y">Gross Sales</IncomeAccount>
		<TaxGroup id=""/>
		<Price>3.29</Price>
		<PLU num="20159">ADD TOFU</PLU>
	</Prod>
	<Prod id="R-41868" active="Y" special="N">
		<Description>GRL|Add-on|Fish</Description>
		<Barcode/>
		<Cost>2.4145</Cost>
		<Comments/>
		<SalesGroup id="326">OK - GRILL KITCHEN DAY</SalesGroup>
		<SalesCategory id="2">Food</SalesCategory>
		<IncomeAccount id="14" ref="Gross Sales" type="I" locked="Y">Gross Sales</IncomeAccount>
		<TaxGroup id=""/>
		<Price>4.00</Price>
		<PLU num="20990">PIECE OF FISH</PLU>
	</Prod>
	<Prod id="R-35016" active="Y" special="N">
		<Description>GRL|TBD Salad</Description>
		<Barcode/>
		<Cost>2.0658</Cost>
		<Comments>June 2018 (F19)</Comments>
		<SalesGroup id="326">OK - GRILL KITCHEN DAY</SalesGroup>
		<SalesCategory id="2">Food</SalesCategory>
		<IncomeAccount id="14" ref="Gross Sales" type="I" locked="Y">Gross Sales</IncomeAccount>
		<TaxGroup id=""/>
		<Price>3.99</Price>
		<PLU num="">OK GREENS</PLU>
	</Prod>
	<Prod id="R-35177" active="N" special="N">
		<Description>OKS SIGNATURE GREENS</Description>
		<Barcode/>
		<Cost>2.0759</Cost>
		<Comments/>
		<SalesGroup id="397">OK - GRILL KITCHEN SUMMER</SalesGroup>
		<SalesCategory id="2">Food</SalesCategory>
		<IncomeAccount id="14" ref="Gross Sales" type="I" locked="Y">Gross Sales</IncomeAccount>
		<TaxGroup id=""/>
		<Price>2.25</Price>
		<PLU num="">OKS SIGNATURE GREENS</PLU>
	</Prod>
</Prods>
