﻿<?xml version="1.0" encoding="UTF-8" standalone="yes"?>
<Recipes>
	<Recipe id="P-7444" image="">***COOKS AND CHEFS, PLEASE READ THE ENTIRE RECIPE BEFORE BEGINNING- THIS IS A RECOMMENDED STEP WITH EVERY PRODUCT WE EVER PRODUCE- THANK YOU***
Johnny

Preps used in this Product recipe:

Allergens: (To be filled out by nutrition)
Method:
1.
2.
3.
-cool, store, label and rotated this item with older product correctly and diligently 

Portioning:

Utensils needed:
</Recipe>
	<Recipe id="P-7565" image="">***COOKS AND CHEFS, PLEASE READ THE ENTIRE RECIPE BEFORE BEGINNING- THIS IS A RECOMMENDED STEP WITH EVERY PRODUCT WE EVER PRODUCE- THANK YOU***

Related Products this prep gets used in:

Allergens: (to be filled out by nutrition)

Method:
1. Gather All Ingredients and tools.
2. Whisk all ingredients in a bowl until combined.


-Store, label and rotated this item with older product correctly and diligently 

Portioning:

Utensils needed: mixing bowl, Rubber spatula, measuring cups measuring spoon whisk
</Recipe>
	<Recipe id="P-24750" image=""/>
	<Recipe id="P-25761" image="">***COOKS AND CHEFS, PLEASE READ THE ENTIRE RECIPE BEFORE BEGINNING- THIS IS A RECOMMENDED STEP WITH EVERY PRODUCT WE EVER PRODUCE- THANK YOU***

Related Products this prep gets used in:

Method:
1. Gather all ingredients.
2. Slice onions with food processor slicing blade.
3. Bring all other ingredients to a simmer and combine with onion


-cool, store, label and rotated this item with older product correctly and diligently 

Portioning: kettle, cambros, food processer

Utensils needed:
</Recipe>
	<Recipe id="P-26020" image="">1. Puree garlic in batches in robot coupe
2. Mix in garlic</Recipe>
	<Recipe id="P-26048" image="">PREP RECIPE
***COOKS AND CHEFS, PLEASE READ THE ENTIRE RECIPE BEFORE BEGINNING- THIS IS A RECOMMENDED STEP WITH EVERY PRODUCT WE PRODUCE- THANK YOU***

Related Products this prep is used in:

Allergens: (to be filled out by nutrition)
Mustard
Sulphite

Method:
1. Combine balsamic vinegar,  dijon, garlic, oregano, salt &amp; pepper.

2. Begin blending with immersion blender till smooth add oil slowly and blend till emulsion.

Cool, label and store.
Rotate this item with older product.
Portioning:

Utensils needed:</Recipe>
	<Recipe id="P-26514" image="">***COOKS AND CHEFS, PLEASE READ THE ENTIRE RECIPE BEFORE BEGINNING- THIS IS A RECOMMENDED STEP WITH EVERY PRODUCT WE EVER PRODUCE- THANK YOU***
Johnny

Related Products this prep gets used in:

Allergens: (to be filled out by nutrition)

Method:
1. Gather All Ingredients and tools
2. Cut stem off
3. Pick leaves off

-cool, store, label and rotated this item with older product correctly and diligently 

Portioning:

Utensils needed: Cutting board, knife, insert
</Recipe>
	<Recipe id="R-32124" image="">***COOKS AND CHEFS, PLEASE READ THE ENTIRE RECIPE BEFORE BEGINNING- THIS IS A RECOMMENDED STEP WITH EVERY PRODUCT WE EVER PRODUCE- THANK YOU***
Johnny

Preps used in this Product recipe:
BATCH| guacamole AR

Allergens: (To be filled out by nutrition)
Method:
1. Serve side guacamole in a ramekin to ensure it is clearly seen by sales attendants at the till


Portioning:
45 G


Utensils needed:
BLACK ICE CREAM SCOOP
</Recipe>
	<Recipe id="P-33554" image="">1)  Combine all dry ingredients, then add in milk and egg.  Combine all well and reserve for dredging fish.

Allergens:

Egg
Milk/Dairy
Gluten
Wheat</Recipe>
	<Recipe id="P-33556" image="">1)  Preheat fryer to 350*F

2)  Add fish to seasoned flour, then add to fried fish batter.  Add fish for preheated oil and fry until cooked through and crispy on the outside, about 4 minutes.  Serve immidiately.</Recipe>
	<Recipe id="P-33557" image="">1)  Combine all well.</Recipe>
	<Recipe id="P-34121" image=""/>
	<Recipe id="P-34293" image=""/>
	<Recipe id="R-35016" image="">1)  Add dressing to baby kale and mix well.

2)  Top with cucumber, sunflower seeds and tomatoes and green pepper.  Serve immediately.
</Recipe>
	<Recipe id="P-39592" image="">Template to Cut + Paste into OC Preps:
THE RECIPE IS A PREP,  an in house made ingredient recipe
***COOKS AND CHEFS, PLEASE READ THE ENTIRE RECIPE BEFORE BEGINNING- THIS IS A RECOMMENDED STEP WITH EVERY PRODUCT WE EVER PRODUCE- THANK YOU***
johnny

Related Products this prep gets used in:

Allergens: (to be filled out by nutrition)
Method:
1)  Drain and wash jackfruit in several changes of water and place in large mixing bowl.  After washing, squeeze out as much water as you possibly can and shred the jackfruit by hand until it resembles &apos;pulled pork&apos;.
2)  Add the brown sugar, garlic powder, onion powder, ground coriander, cumin, cinnamon, salt and pepper to jackfruit.  Combine well with jackfruit.

3)  Whisk together the pineapple juice, water, garlic, ketchup, soy sauce, lime juice and liquid smoke.  Combine well.  Pour over the jackfruit, mix well, cover and let it marinate for four hours or overnight in the fridge.

4)  Dump the jackfruit into a pot and bring to a rapid simmer for a couple of minutes and the reduce the heat to low and simmer for 30-45 minutes, partially covered, stirring occassionally.  There should be little to no liquid left, but it should still be moist and not dry.

5)  Transfer to large metal insert, cover, and keep in warmer until service.

6)cool product, label it and store it, rotated this item with older product correctly and diligently 

Portioning:

Utensils needed:
</Recipe>
	<Recipe id="P-41321" image="">***COOKS AND CHEFS, PLEASE READ THE ENTIRE RECIPE BEFORE BEGINNING- THIS IS A RECOMMENDED STEP WITH EVERY PRODUCT WE EVER PRODUCE- THANK YOU***

Related Products this prep gets used in:

Allergens: EGG

Method:

1. Prepare all Mise En Place items that are dry, and combine. Sift together if you have time.

2. Add Egg, and 50% of the water, and mix with a whisk. 

3. Then, add the vinegar, and continue mixing. A chemical reaction will occur at this point between the vinegar and baking soda. 

4.If necessary, add the remaining water. Otherwise, do not, and let the mixture be by itself. It should be roughly the consistency of soft serve ice cream.

NOTE: This batter should be stored in the freezable containers in the Vegetable Containers, meant for squeeze bottles and other things that stand at room temperature.

[This is where I would normally write &quot;Label/Date/Store!&quot;, but since this is made several times per day, and never stored overnight - the container NOTE was written instead.]

Portioning:

Utensils needed:
</Recipe>
	<Recipe id="P-42425" image="">***COOKS AND CHEFS, PLEASE READ THE ENTIRE RECIPE BEFORE BEGINNING- THIS IS A RECOMMENDED STEP WITH EVERY PRODUCT WE EVER PRODUCE- THANK YOU***
Johnny

Related Products this prep gets used in:

Allergens: (to be filled out by nutrition)

Method:
1. Gather All Ingredients and tools
2. Slice cucumber to 1/8 thinkness
3.  

-cool, store, label and rotated this item with older product correctly and diligently 

Portioning:

Utensils needed: robocoupe
</Recipe>
	<Recipe id="P-44585" image="">***COOKS AND CHEFS, PLEASE READ THE ENTIRE RECIPE BEFORE BEGINNING- THIS IS A RECOMMENDED STEP WITH EVERY PRODUCT WE EVER PRODUCE- THANK YOU***

Johnny\

Related Products this prep gets used in:

Allergens: (to be filled out by nutrition)
Method:
1.Wash and dry limes
2.Slice into 8 wedges end to end each slive weighting approc 20-25 grams
3.Place in insert lable and place in fridge for service
-cool, store, label and rotated this item with older product correctly and diligently 

Portioning:1 piece per order

Utensils needed:</Recipe>
	<Recipe id="P-50587" image="">***COOKS AND CHEFS, PLEASE READ THE ENTIRE RECIPE BEFORE BEGINNING- THIS IS A RECOMMENDED STEP WITH EVERY PRODUCT WE EVER PRODUCE- THANK YOU***
Amanda

Related Products this prep gets used in:

Allergens: (to be filled out by nutrition)

Method:

1. Gather all ingredients and tools

2. core out stem 

3. Quarter tomato, remove soft flesh and seeds, reserve for other uses.

4. Small Dice tomatoes for recipes.

*Cool, store, label and rotate this item with older product correctly and diligently </Recipe>
	<Recipe id="P-50830" image="">***COOKS AND CHEFS, PLEASE READ THE ENTIRE RECIPE BEFORE BEGINNING- THIS IS A RECOMMENDED STEP WITH EVERY PRODUCT WE EVER PRODUCE- THANK YOU***
johnny

Related Products this prep gets used in:

Allergens: (to be filled out by nutrition)

Method:
1. Gather all ingredients.
2. Marinate chicken thight for 1.5 hours in cooler.
3. Drain and set aside for for dredging and frying.
4. Cool, store, label and rotated this item with older product correctly and diligently 

Portioning:

Utensils needed:
</Recipe>
	<Recipe id="P-50831" image="">***COOKS AND CHEFS, PLEASE READ THE ENTIRE RECIPE BEFORE BEGINNING- THIS IS A RECOMMENDED STEP WITH EVERY PRODUCT WE EVER PRODUCE- THANK YOU***
Johnny

Related Products this prep gets used in:

Allergens: (to be filled out by nutrition)

Method:
1. Gather all ingredients
2. Toss the chicken in the potato starch and shake off excess
3. Deep fry karage at 340 degrees until golden brown
3. Toss chicken in salt and pepper
4.Hold in hold drawer with paper towel to soak off grease

store, label and rotated this item with older product correctly and diligently 

Portioning:

Utensils needed: mixing bowl, strainer, scale
</Recipe>
	<Recipe id="P-50854" image="">***COOKS AND CHEFS, PLEASE READ THE ENTIRE RECIPE BEFORE BEGINNING- THIS IS A RECOMMENDED STEP WITH EVERY PRODUCT WE EVER PRODUCE- THANK YOU***
Johnny

Related Products this prep gets used in:

Allergens: (to be filled out by nutrition)

Method:
1. Gather All Ingredients and tools
2. Fry chicken 1/2 way in the deep fryer and finish in oven, be sure to not over corwd recipe 
3. Fill out hot hold log

Portioning:

Utensils needed:
</Recipe>
	<Recipe id="P-52943" image="">***COOKS AND CHEFS, PLEASE READ THE ENTIRE RECIPE BEFORE BEGINNING- THIS IS A RECOMMENDED STEP WITH EVERY PRODUCT WE EVER PRODUCE- THANK YOU***
Johnny

Related Products this prep gets used in:
1.BBC|Prawn Taco|POP

Allergens: (to be filled out by nutrition)

Method:
1.Cut neat and tidy leaves and tips into sprigs measuring between 5cm &amp; 7 cm
2.Store on a damp paper towel
3. Label and rotated this item with older product correctly and diligently 

Portioning: 1-2 pieces as a garnish

Utensils needed:
</Recipe>
	<Recipe id="P-54455" image="">***COOKS AND CHEFS, PLEASE READ THE ENTIRE RECIPE BEFORE BEGINNING- THIS IS A RECOMMENDED STEP WITH EVERY PRODUCT WE EVER PRODUCE- THANK YOU***
Related Products this prep gets used in:

Allergens: 
Method:
1. Dry prawns as best you can, and lightly coat in rice flour.

2. Dip cleaned prawns into batter.

3. Deep fry until cooked through and golden brown.

-cool, store, label and rotate this item with older product correctly and diligently.

Portioning:

Utensils needed:
</Recipe>
	<Recipe id="P-55135" image="">Method:

-Strain and disgard fluid from cans
-reserve Jackfruit</Recipe>
	<Recipe id="P-56398" image="">
***COOKS AND CHEFS, PLEASE READ THE ENTIRE RECIPE BEFORE BEGINNING- THIS IS A RECOMMENDED STEP WITH EVERY PRODUCT WE EVER PRODUCE- THANK YOU***

Related Products this prep gets used in:

Allergens: 
Method:

1.Small dice jalapenos and tomatoes. Mince cilantro.

2. In a bowl combine all ingredents. Mix well keeping chunks visible in the mixture. Check for seasoning.

3. Ready to use or store in apropriate size cambro with serano wrap directly contacting the surface of the guac as well as a lid on the container (to stop oxidization)

LABEL/DATE/REFRIGERATE</Recipe>
</Recipes>
