IngredientId,Qty,Uom,Recipe
I-1971,0.25,ea,R-17284
I-8228,1.0,fl oz,R-17284
I-15803,1.0,can,R-17284
I-5505,0.25,HEAD,R-18292
I-8667,2.0,fl oz,R-18292
I-11706,1.0,ea,R-18292
I-13308,1.0,ea,R-18292
I-15514,0.5,slice,R-18292
I-16699,100.0,g,R-18292
I-16780,1.5,fl oz,R-18292
I-17976,20.0,g,R-18292
I-4082,3.0,ea,R-15423
I-14694,3.0,fl oz,R-15423
I-14715,7.0,oz,R-15423
I-15427,2.0,fl oz,R-15423
I-1789,1.0,HEAD,P-14356
I-2919,6.0,ea,P-14356
I-13956,6.0,PORT,P-14356
P-14372,6.0,PORT,P-14356
P-15606,6.0,PORT,P-14356
I-1660,1560.0,ml,R-6243
I-1752,3.0,BUNCH,R-6243
I-1782,10.0,L,R-6243
I-1874,200.0,g,R-6243
I-1982,20.0,L,R-6243
I-2119,100.0,ml,R-6243
I-2330,36.0,g,R-6243
I-5198,320.0,ml,R-6243
I-1841,1700.0,ml,R-13758
I-1874,500.0,g,R-13758
I-1941,1000.0,ml,R-13758
I-1995,600.0,g,R-13758
I-2102,12.0,Kg,R-13758
I-2343,72.0,g,R-13758
I-2436,500.0,ml,R-13758
I-3804,12.0,g,R-13758
I-4198,625.0,g,R-13758
I-5283,444.0,g,R-13758
I-5899,24.0,ea,R-13758
I-13711,192.0,g,R-13758
I-13733,12.0,Kg,R-13758
I-1874,1.0,Kg,R-13736
I-2119,250.0,ml,R-13736
I-2640,250.0,ml,R-13736
I-2958,1.0,Kg,R-13736
I-1752,3.0,BUNCH,R-13737
I-1783,6.0,L,R-13737
I-1874,1.0,Kg,R-13737
I-1927,1.0,Kg,R-13737
I-2066,3.25,Kg,R-13737
I-2117,2.0,Kg,R-13737
I-2119,500.0,ml,R-13737
I-2324,80.0,g,R-13737
I-2330,30.0,g,R-13737
I-2339,500.0,g,R-13737
I-2367,1.16,g,R-13737
I-2464,35.0,L,R-13737
I-2640,10.0,L,R-13737
I-2958,1.0,g,R-13737
I-5283,410.0,g,R-13737
I-5428,80.0,g,R-13737
I-5803,310.0,g,R-13737
I-7648,2.0,Kg,R-13737
I-11651,24.0,Kg,R-13737
I-13711,1.0,Kg,R-13737
I-13718,60.0,g,R-13737
I-1841,900.0,ml,R-13747
I-1894,300.0,g,R-13747
I-1941,300.0,ml,R-13747
I-2066,1.6,Kg,R-13747
I-2116,1.5,Kg,R-13747
I-2117,1.5,Kg,R-13747
I-2167,4.0,Kg,R-13747
I-2343,130.0,g,R-13747
I-2442,375.0,ml,R-13747
I-4198,300.0,g,R-13747
I-5106,1.5,Kg,R-13747
I-5283,145.0,g,R-13747
I-14979,4.0,Kg,R-13747
I-1635,2000.0,ml,R-14906
I-4091,15.0,g,R-14906
I-14882,20.0,Kg,R-14906
I-2328,5.0,g,R-12613
I-2335,10.0,g,R-12613
I-2337,0.4,fl oz,R-12613
I-4091,2.0,g,R-12613
I-5796,150.0,ml,R-12613
I-12752,100.0,g,R-12613
I-1782,4.0,fl oz,R-16573
I-1894,10.0,g,R-16573
I-2203,4.0,fl oz,R-16573
I-4014,16.0,ea,R-16573
I-10955,160.0,g,R-16573
I-14532,40.0,g,R-16573
I-16221,40.0,g,R-16573
I-16572,20.0,g,R-16573
I-1637,2.0,oz,R-15511
I-1752,0.05,BUNCH,R-15511
I-1892,2.0,oz,R-15511
I-1971,0.25,ea,R-15511
I-6243,4.0,fl oz,R-15511
I-7647,2.0,ea,R-15511
I-10942,2.0,ea,R-15511
I-13719,1.0,ea,R-15511
I-17039,30.0,g,R-15511
I-17040,20.0,g,R-15511
I-2119,30.0,ml,R-10484
I-9013,200.0,g,R-10484
I-9665,1.0,ea,R-10484
I-10510,0.2,fl oz,R-10484
I-13719,1.0,ea,R-10484
I-1841,0.5,fl oz,R-17356
I-2087,0.2,BUNCH,R-17356
I-2119,15.0,ml,R-17356
I-2209,3.0,g,R-17356
I-2640,1.0,oz,R-17356
I-3804,5.0,g,R-17356
I-13414,1.0,PORT,R-17356
I-17486,1.0,PORT,R-17356
I-2119,50.0,ml,R-16570
I-5283,5.0,g,R-16570
I-10387,17.5,g,R-16570
I-15834,330.0,g,R-16570
I-16548,42.5,ml,R-16570
I-7647,2.0,ea,R-16576
I-13719,1.0,ea,R-16576
I-16570,2.0,PORT,R-16576
I-16572,0.1,g,R-16576
I-16574,40.0,g,R-16576
I-16575,30.0,g,R-16576
I-1541,2.0,ea,R-17377
I-1941,5.0,ml,R-17377
I-2209,1.0,g,R-17377
I-2323,0.25,tsp,R-17377
I-2367,60.0,g,R-17377
I-2640,20.0,ml,R-17377
I-12212,3.0,g,R-17377
I-1863,0.5,lb,R-16775
I-2067,0.5,lb,R-16775
I-2119,100.0,ml,R-16775
I-2203,60.0,ml,R-16775
I-4014,3.0,ea,R-16775
I-8460,60.0,ml,R-16775
I-12266,60.0,ml,R-16775
I-12354,4.0,piece,R-16775
I-13719,2.0,ea,R-16775
I-14666,60.0,ml,R-16775
I-17316,1.0,PORT,R-16775
I-1549,40.0,ea,R-16016
I-1675,1000.0,g,R-16016
I-1782,500.0,ml,R-16016
I-1783,1500.0,ml,R-16016
I-1874,2.0,oz,R-16016
I-2068,0.5,Kg,R-16016
I-2323,1.0,Tbsp,R-16016
I-2349,200.0,g,R-16016
I-4184,100.0,ml,R-16016
I-1783,500.0,ml,R-17360
I-2037,225.0,g,R-17360
I-2640,4.0,L,R-17360
I-13817,490.0,g,R-17360
I-1588,2.8,L,R-13937
I-1841,200.0,ml,R-13937
I-1874,20.0,g,R-13937
I-1941,80.0,ml,R-13937
I-2087,0.5,BUNCH,R-13937
I-2099,100.0,g,R-13937
I-2119,200.0,ml,R-13937
I-5731,100.0,g,R-13937
I-13719,2.0,ea,R-13937
I-2119,10.0,ml,R-17486
I-2209,3.0,g,R-17486
I-7338,4.0,oz,R-17486
I-8851,10.0,g,R-17486
I-2209,5.0,g,R-16833
I-8851,10.0,g,R-16833
I-13706,5.0,oz,R-16833
I-2119,10.0,ml,R-16789
I-13706,6.0,oz,R-16789
I-16787,20.0,g,R-16789
I-2209,5.0,g,R-16787
I-8851,50.0,g,R-16787
I-1655,400.0,g,R-17374
I-2068,800.0,g,R-17374
I-2119,200.0,ml,R-17374
P-5814,500.0,g,R-17374
I-13577,0.5,cs,R-17374
I-13719,2.0,ea,R-17374
I-14423,400.0,g,R-17374
I-15592,500.0,ml,R-17374
I-1689,15.0,g,R-17354
I-1941,15.0,ml,R-17354
I-2119,60.0,ml,R-17354
I-2209,3.0,g,R-17354
I-2992,1.0,slice,R-17354
I-3804,2.0,g,R-17354
I-5944,200.0,g,R-17354
I-13719,1.0,ea,R-17354
I-1689,30.0,g,P-14560
I-2119,10.0,ml,P-14560
I-2992,2.0,slice,P-14560
I-5505,0.25,HEAD,P-14560
I-5777,10.0,g,P-14560
I-8667,2.0,fl oz,P-14560
I-11706,1.0,ea,P-14560
I-13308,1.0,ea,P-14560
I-13691,1.5,fl oz,P-14560
I-17037,4.0,oz,P-14560
I-1596,60.0,ml,R-16099
I-1637,2.0,oz,R-16099
I-1752,0.05,BUNCH,R-16099
I-1892,2.0,oz,R-16099
I-1971,0.25,ea,R-16099
I-6243,4.0,fl oz,R-16099
I-7647,3.0,ea,R-16099
I-11125,3.0,Tbsp,R-16099
I-13719,2.0,ea,R-16099
I-14419,50.0,g,R-16099
I-14905,1.0,PORT,R-16099
I-1635,30.0,ml,R-14990
I-1859,5.0,g,R-14990
I-2111,50.0,ml,R-14990
I-2117,50.0,g,R-14990
I-13719,2.0,ea,R-14990
I-15024,100.0,g,R-14990
I-15515,200.0,g,R-14990
I-2209,8.0,g,R-16778
I-2323,1.0,tsp,R-16778
I-2367,225.0,g,R-16778
I-2378,25.0,ml,R-16778
I-2446,800.0,g,R-16778
I-2640,40.0,g,R-16778
I-1783,1.0,L,R-12209
I-7656,100.0,g,R-12209
I-1892,2.0,oz,R-14827
I-1971,0.5,ea,R-14827
I-2066,50.0,g,R-14827
I-2339,10.0,g,R-14827
I-6243,3.0,fl oz,R-14827
I-7647,3.0,ea,R-14827
I-11125,6.0,Tbsp,R-14827
I-14418,300.0,g,R-14827
I-14737,40.0,g,R-14827
I-14826,3.0,fl oz,R-14827
I-1689,30.0,g,R-8990
I-1963,0.25,ea,R-8990
I-5265,2.0,slice,R-8990
I-5505,0.5,HEAD,R-8990
I-7338,5.0,oz,R-8990
I-13691,3.0,fl oz,R-8990
I-16856,15.0,g,R-8990
I-9911,18.0,Kg,R-16581
I-16748,2.1,Kg,R-16581
I-1874,300.0,g,R-16748
I-2442,720.0,ml,R-16748
I-2958,300.0,g,R-16748
I-3036,720.0,ml,R-16748
I-3230,24.0,g,R-16748
I-5283,60.0,g,R-16748
I-2119,200.0,ml,R-17014
I-5575,1.0,lb,R-17014
I-7338,5.0,Kg,R-17014
I-2119,50.0,ml,R-10589
I-2402,30.0,g,R-10589
I-5126,1.0,slice,R-10589
I-5220,30.0,g,R-10589
I-5777,50.0,g,R-10589
I-6243,40.0,ml,R-10589
I-8667,2.0,fl oz,R-10589
I-11706,1.0,ea,R-10589
I-14715,30.0,g,R-10589
I-14948,1.0,ea,R-10589
I-15074,10.0,ml,R-10589
P-18335,1.0,PORT,R-10589
I-2119,150.0,ml,R-17037
I-2257,90.0,g,R-17037
I-7338,5.0,Kg,R-17037
I-15444,1.0,oz,R-16217
I-1637,600.0,g,R-14715
I-1892,400.0,g,R-14715
I-1995,5.0,g,R-17027
I-2456,600.0,g,R-17027
I-5899,1.0,ea,R-17027
I-16844,57.0,ml,R-17027
I-1568,8.0,g,R-17314
I-1635,250.0,ml,R-17314
I-1773,225.0,g,R-17314
I-2037,25.0,g,R-17314
I-2209,5.0,g,R-17314
I-2367,5.0,g,R-17314
I-2640,50.0,ml,R-17314
I-5223,10.0,g,R-17314
I-7054,80.0,ml,R-17314
I-7656,200.0,g,R-17314
I-13842,500.0,g,R-17314
I-2087,0.01,BUNCH,R-17369
I-2119,50.0,ml,R-17369
I-3258,1.0,g,R-17369
I-6243,2.0,fl oz,R-17369
I-7775,2.0,oz,R-17369
I-17314,325.0,g,R-17369
I-1917,2.2,fl oz,R-17352
I-1941,60.0,ml,R-17352
I-2119,488.0,ml,R-17352
I-2209,10.0,g,R-17352
I-2436,17.0,ml,R-17352
I-2640,270.0,ml,R-17352
I-5908,100.0,g,R-17352
I-7981,1.0,Tbsp,R-17352
I-15592,50.0,ml,R-17352
I-2119,100.0,ml,R-14981
I-2339,1.0,g,R-14981
I-2355,50.0,g,R-14981
I-5942,300.0,g,R-14981
I-13719,1.0,ea,R-14981
I-14737,200.0,g,R-14981
I-1908,10.0,g,R-16760
I-1927,20.0,g,R-16760
I-2209,100.0,g,R-16760
I-2323,1.4,Tbsp,R-16760
I-2324,20.0,g,R-16760
I-2333,20.0,g,R-16760
I-3804,40.0,g,R-16760
I-6461,5.0,g,R-16760
I-7645,20.0,g,R-16760
I-12361,65.0,g,R-16760
I-14977,75.0,g,R-16760
I-1588,200.0,g,R-17378
I-2119,50.0,ml,R-17378
I-5803,10.0,g,R-17378
I-2119,40.0,ml,R-14905
I-5777,35.0,g,R-14905
I-2119,60.0,ml,R-11631
I-5777,45.0,g,R-11631
I-8389,200.0,g,R-11631
I-2066,10.0,g,P-9003
I-2121,1.0,slice,P-9003
I-2402,30.0,g,P-9003
I-2992,2.0,slice,P-9003
I-3498,1.0,slice,P-9003
I-5220,30.0,g,P-9003
I-8454,2.0,fl oz,P-9003
I-11706,1.0,ea,P-9003
I-14218,1.0,ea,P-9003
I-14948,1.0,ea,P-9003
I-1863,460.0,g,R-9017
I-1958,60.0,ml,R-9017
I-2119,80.0,ml,R-9017
I-8667,2.0,fl oz,R-9017
I-8851,6.0,g,R-9017
I-1782,60.0,ml,R-15449
I-1894,10.0,g,R-15449
I-2203,60.0,ml,R-15449
I-10955,5.0,oz,R-15449
I-11000,8.0,fl oz,R-15449
I-11125,6.0,fl oz,R-15449
I-14294,10.0,oz,R-15449
I-14531,8.0,oz,R-15449
I-14532,60.0,g,R-15449
I-1782,50.0,ml,R-14525
I-1894,20.0,g,R-14525
I-2119,10.0,ml,R-14525
I-2203,50.0,ml,R-14525
I-4014,8.0,ea,R-14525
I-10955,60.0,g,R-14525
I-11125,2.0,fl oz,R-14525
I-13719,1.0,ea,R-14525
I-14532,30.0,g,R-14525
I-16223,0.02,1 KG,R-14525
I-17040,20.0,g,R-14525
I-1874,120.0,g,R-16855
I-2119,300.0,ml,R-16855
I-1773,1.0,oz,R-14507
I-1894,0.5,oz,R-14507
I-3337,4.0,ea,R-14507
I-3914,3.0,oz,R-14507
I-12351,2.0,g,R-14507
I-13733,2.0,oz,R-14507
I-14423,2.0,oz,R-14507
I-14504,1.0,fl oz,R-14507
I-14505,5.0,oz,R-14507
I-14666,1.0,fl oz,R-14507
I-14732,200.0,g,R-14507
I-1894,50.0,g,R-14271
I-2037,4.0,oz,R-14271
I-2181,2400.0,g,R-14271
I-2640,4.0,L,R-14271
I-4091,10.0,g,R-14271
I-8151,0.5,LBS,R-14271
I-1752,0.02,BUNCH,R-15438
I-1971,0.25,ea,R-15438
I-1995,5.0,g,R-15438
I-3005,5.0,g,R-15438
I-5106,1.0,oz,R-15438
I-7338,6.0,oz,R-15438
I-12135,20.0,g,R-15438
I-13719,2.0,ea,R-15438
I-13746,6.0,fl oz,R-15438
I-14822,1.0,oz,R-15438
I-15477,1.0,PORT,R-15438
I-2066,2.0,oz,R-16791
I-2121,2.0,slice,R-16791
I-2402,40.0,g,R-16791
I-2992,4.0,slice,R-16791
I-3354,1.0,ea,R-16791
I-3498,2.0,slice,R-16791
I-5220,30.0,g,R-16791
I-8454,2.0,fl oz,R-16791
I-13719,1.0,ea,R-16791
I-14218,2.0,ea,R-16791
I-14948,1.0,ea,R-16791
I-1752,0.05,BUNCH,R-16574
I-1927,5.0,g,R-16574
I-2103,300.0,ml,R-16574
I-2402,56.0,g,R-16574
I-6204,30.0,g,R-16574
I-14419,20.0,g,R-16574
I-2103,800.0,ml,R-17039
I-11125,230.0,ml,R-17039
I-2133,1.0,ea,R-16794
I-3230,10.0,g,R-16794
I-4091,25.0,g,R-16794
I-15925,3.0,oz,R-16794
I-13719,1.0,ea,R-16773
I-16638,1.0,ea,R-16773
I-1782,6.0,fl oz,R-16831
I-1897,6.0,fl oz,R-16831
I-2067,1.0,lb,R-16831
I-2203,6.0,fl oz,R-16831
I-4014,10.0,ea,R-16831
I-9017,1.0,ea,R-16831
I-12266,0.25,L,R-16831
I-12354,10.0,piece,R-16831
I-13694,2.0,fl oz,R-16831
I-13719,5.0,ea,R-16831
P-15013,1.0,PORT,R-16831
I-16760,10.0,g,R-16831
I-1636,60.0,g,R-17371
I-2119,10.0,ml,R-17371
I-2209,5.0,g,R-17371
I-2337,2.0,tsp,R-17371
I-3230,3.0,g,R-17371
I-4925,5.0,g,R-17371
I-5908,15.0,g,R-17371
I-12877,5.0,g,R-17371
I-13813,0.2,LBS,R-17371
I-15200,60.0,g,R-17371
I-16778,20.0,g,R-17371
I-17352,30.0,ml,R-17371
I-1752,1.0,BUNCH,R-17013
I-2087,1.0,BUNCH,R-17013
I-2119,400.0,ml,R-17013
I-3005,0.5,g,R-17013
I-1874,30.0,g,R-16834
I-1995,5.0,g,R-16834
I-2087,0.015,BUNCH,R-16834
I-2099,400.0,g,R-16834
I-2209,14.0,g,R-16834
I-2367,40.0,g,R-16834
I-2640,2.0,cup,R-16834
I-5198,300.0,ml,R-16834
I-1689,30.0,g,R-17304
I-1941,10.0,ml,R-17304
I-2119,50.0,ml,R-17304
I-2209,5.0,g,R-17304
I-3230,5.0,g,R-17304
I-3804,10.0,g,R-17304
I-5944,100.0,g,R-17304
I-2087,0.1,BUNCH,R-17302
I-2119,50.0,ml,R-17302
I-2203,3.0,oz,R-17302
I-4014,8.0,ea,R-17302
I-14422,5.0,g,R-17302
I-2087,0.01,BUNCH,R-17316
I-3258,1.0,g,R-17316
I-6243,2.0,fl oz,R-17316
I-7775,2.0,oz,R-17316
I-17314,275.0,g,R-17316
I-1894,5.0,g,R-17301
I-2119,50.0,ml,R-17301
I-2262,2.0,g,R-17301
I-12351,3.0,g,R-17301
I-12354,6.0,piece,R-17301
I-14666,1.5,fl oz,R-17301
P-15419,1.0,fl oz,R-17301
I-1863,300.0,g,R-15047
I-1958,1.5,fl oz,R-15047
I-2119,50.0,ml,R-15047
I-8851,10.0,g,R-15047
I-1841,0.5,fl oz,R-17306
I-2087,0.01,BUNCH,R-17306
I-2119,50.0,ml,R-17306
I-2339,1.0,g,R-17306
I-5731,10.0,g,R-17306
I-13719,1.0,ea,R-17306
I-14126,0.5,ea,R-17306
I-14127,0.5,ea,R-17306
P-17305,4.0,oz,R-17306
I-17378,5.0,g,R-17306
I-2067,275.0,g,R-9016
I-2119,100.0,ml,R-9016
I-6243,2.0,fl oz,R-9016
I-1863,300.0,g,R-17300
I-1894,5.0,g,R-17300
I-2119,100.0,ml,R-17300
I-11093,40.0,g,R-17300
I-13719,1.0,ea,R-17300
I-17360,2.0,fl oz,R-17300
I-1752,0.1,BUNCH,R-15173
I-1782,2.0,fl oz,R-15173
I-2203,2.0,fl oz,R-15173
I-3700,1.0,ea,R-15173
I-10955,3.0,oz,R-15173
I-2087,0.05,BUNCH,R-17303
I-2119,50.0,ml,R-17303
I-2238,2.0,fl oz,R-17303
I-13598,6.0,ea,R-17303
I-13719,2.0,ea,R-17303
I-1660,0.5,fl oz,R-16218
I-1874,1.0,oz,R-16218
I-1941,200.0,ml,R-16857
I-2119,330.0,ml,R-16857
I-2209,7.0,g,R-16857
I-2367,60.0,g,R-16857
I-3180,4.5,fl oz,R-16857
I-7981,45.0,ml,R-16857
I-1588,1.4,L,P-17305
I-1841,100.0,ml,P-17305
I-1874,30.0,g,P-17305
I-1941,75.0,ml,P-17305
I-2099,100.0,g,P-17305
I-2119,100.0,ml,P-17305
I-2209,15.0,g,P-17305
I-2183,1000.0,g,R-15477
I-2640,1.75,L,R-15477
I-1568,15.0,g,R-16580
I-1849,3.0,Kg,R-16580
I-2341,30.0,g,R-16580
I-5283,30.0,g,R-16580
I-7645,45.0,g,R-16580
I-1874,450.0,g,R-16579
I-1958,750.0,ml,R-16579
I-2341,150.0,g,R-16579
I-2378,2000.0,ml,R-16579
I-2920,350.0,ml,R-16579
I-2958,100.0,g,R-16579
I-3804,50.0,g,R-16579
I-12212,300.0,g,R-16579
I-15547,600.0,g,R-16579
I-2209,50.0,g,R-17026
I-16698,825.0,g,R-17026
I-2209,50.0,g,R-16863
I-16698,825.0,g,R-16863
I-1971,2.0,ea,R-16575
I-5283,8.0,g,R-16575
I-8749,500.0,ml,R-16575
I-1783,300.0,ml,R-16843
I-2037,0.5,lb,R-16843
I-2209,25.0,g,R-16843
I-5203,4.0,Kg,R-16843
I-2209,200.0,g,R-16864
I-8851,500.0,g,R-16864
I-1783,500.0,ml,R-16582
I-2263,50.0,g,R-16582
I-7656,50.0,g,R-16582
I-1695,1.0,slice,R-15050
I-5220,30.0,g,R-15050
I-12060,1.0,ea,R-15050
I-12266,2.0,fl oz,R-15050
I-14218,1.0,ea,R-15050
I-15051,1.0,ea,R-15050
I-2103,4.5,qt,R-17028
I-11125,0.5,qt,R-17028
I-5575,454.0,g,R-14885
I-13001,227.0,g,R-14885
I-14419,250.0,g,R-16572
I-16571,450.0,ml,R-16572
I-1927,500.0,g,R-16221
I-16571,4.0,cup,R-16221
I-1927,500.0,g,R-16223
I-16571,4.0,cup,R-16223
I-14419,1.0,Kg,R-17040
I-16571,900.0,ml,R-17040
I-14419,1.0,Kg,R-16222
I-16221,0.2,5L,R-16222
I-1874,10.0,g,R-16571
I-2209,160.0,g,R-16571
I-2367,440.0,g,R-16571
I-2443,3.0,cup,R-16571
I-2640,3.0,L,R-16571
I-16144,35.0,g,R-16571
I-1752,1.0,BUNCH,R-11125
I-1927,250.0,g,R-11125
I-2066,1.0,lb,R-11125
I-2209,5.0,g,R-11125
I-2402,2600.0,g,R-11125
I-3230,2.0,g,R-11125
I-6204,2.0,oz,R-11125
I-1637,400.0,g,R-16106
I-1892,100.0,g,R-16106
I-8667,60.0,ml,R-16106
I-15074,100.0,ml,R-16106
I-1894,0.5,oz,R-15417
I-12351,5.0,g,R-15417
I-12354,6.0,piece,R-15417
I-14666,10.0,ml,R-15417
P-15419,1.0,fl oz,R-15417
I-1637,2.0,oz,R-17126
I-1752,0.05,BUNCH,R-17126
I-1892,2.0,oz,R-17126
I-1971,0.25,ea,R-17126
I-6243,4.0,fl oz,R-17126
I-7647,2.0,ea,R-17126
I-13719,1.0,ea,R-17126
P-16793,180.0,g,R-17126
I-17039,30.0,g,R-17126
I-17040,20.0,g,R-17126
I-1863,450.0,g,P-17358
I-2087,0.2,BUNCH,P-17358
I-2119,50.0,ml,P-17358
I-11093,80.0,g,P-17358
I-17360,4.0,fl oz,P-17358
I-1963,0.25,ea,P-15006
I-3914,60.0,g,P-15006
I-4925,10.0,g,P-15006
I-13757,60.0,g,P-15006
I-13759,60.0,g,P-15006
I-14715,50.0,g,P-15006
I-15007,30.0,g,P-15006
I-15008,30.0,g,P-15006
I-15010,3.0,fl oz,P-15006
I-16778,15.0,g,P-15006
I-1894,20.0,oz,R-14692
I-2037,10.0,oz,R-14692
I-2181,2000.0,g,R-14692
I-2640,3.0,L,R-14692
I-4091,35.0,g,R-14692
I-8151,0.044,LBS,R-14692
I-2153,8.0,Kg,P-16793
I-6865,500.0,g,P-16793
I-8851,500.0,g,P-16793
I-12173,800.0,ml,P-16793
I-14423,300.0,g,P-16793
I-14424,300.0,g,P-16793
I-17946,1.0,L,P-16793
I-2121,1.0,slice,P-16795
I-3354,1.0,ea,P-16795
I-8418,1.5,fl oz,P-16795
I-8667,2.0,fl oz,P-16795
I-11706,1.0,ea,P-16795
I-14715,30.0,g,P-16795
I-14948,1.0,ea,P-16795
P-16793,170.0,g,P-16795
I-16794,1.0,PORT,P-16795
I-16860,10.0,g,P-16795
I-1874,5.0,g,R-16785
I-2087,0.01,BUNCH,R-16785
I-2119,15.0,ml,R-16785
I-2159,600.0,g,R-16785
I-3230,2.0,g,R-16785
I-5773,60.0,g,R-16785
I-6865,1.0,oz,R-16785
I-13719,2.0,ea,R-16785
I-13757,128.0,g,R-16785
I-5803,5.0,g,R-16786
I-13719,4.0,ea,R-16786
I-13757,0.5,Kg,R-16786
I-3914,65.0,g,R-16783
I-13813,0.1,LBS,R-16783
I-14803,30.0,g,R-16783
I-14805,10.0,g,R-16783
I-16784,1.0,PORT,R-16783
I-16785,1.0,PORT,R-16783
I-16786,10.0,g,R-16783
I-16834,10.0,g,R-16783
I-1841,10.0,ml,R-16784
I-3230,2.0,g,R-16784
I-3258,6.0,g,R-16784
I-4091,4.0,g,R-16784
I-4925,500.0,g,R-16784
I-1655,200.0,g,R-16861
I-2068,400.0,g,R-16861
I-2119,1.5,cup,R-16861
I-2153,4.2,Kg,R-16861
I-2209,45.0,mg,R-16861
I-4697,1.0,ea,R-16861
I-8851,400.0,g,R-16861
I-14423,200.0,g,R-16861
I-1841,10.0,g,R-16835
I-3230,2.0,g,R-16835
I-3258,6.0,g,R-16835
I-4925,500.0,g,R-16835
I-5283,3.0,g,R-16835
I-1689,30.0,g,R-16798
I-5265,1.0,slice,R-16798
I-12209,3.0,fl oz,R-16798
I-13719,1.0,ea,R-16798
I-13813,0.1,LBS,R-16798
I-16789,1.0,PORT,R-16798
I-18349,8.0,oz,R-16798
I-13706,2.5,oz,R-16585
I-15071,15.0,ml,R-16585
I-12135,50.0,g,R-14983
I-13719,1.0,ea,R-14983
I-13755,6.0,oz,R-14983
I-14822,20.0,g,R-14983
I-15834,100.0,g,R-14983
I-1773,500.0,g,R-17373
I-1908,50.0,g,R-17373
I-2068,1.0,Kg,R-17373
I-2102,500.0,g,R-17373
I-2119,200.0,ml,R-17373
I-14423,600.0,g,R-17373
I-14556,5.0,Kg,R-17373
I-2367,400.0,g,R-16859
I-2640,200.0,g,R-16859
I-2367,440.0,g,R-16844
I-2640,1.0,cup,R-16844
I-2209,1.0,g,R-16860
I-2436,0.7,fl oz,R-16860
I-3230,1.0,g,R-16860
I-8749,500.0,ml,R-16860
I-16844,2.1,fl oz,R-16860
I-5008,150.0,ml,R-16862
I-8667,500.0,ml,R-16862
I-3914,30.0,g,R-8988
I-13813,0.01,LBS,R-8988
I-14803,5.0,g,R-8988
I-14805,5.0,g,R-8988
I-16857,1.0,oz,R-8988
I-1894,1.0,oz,R-17362
I-2119,50.0,ml,R-17362
I-2262,2.0,g,R-17362
I-5777,50.0,g,R-17362
I-7338,4.0,oz,R-17362
I-13719,1.0,ea,R-17362
I-13793,50.0,g,R-17362
I-15673,1.0,ea,R-17362
I-17350,3.0,oz,R-17362
I-1894,2.0,oz,R-17363
I-2119,50.0,ml,R-17363
I-2262,2.0,g,R-17363
I-2396,185.0,g,R-17363
I-13793,50.0,g,R-17363
I-15673,1.0,ea,R-17363
I-1874,8.0,g,R-17350
I-1958,118.0,ml,R-17350
I-2119,2.0,Tbsp,R-17350
I-2238,1.0,cup,R-17350
I-2323,0.5,tsp,R-17350
I-5198,118.0,ml,R-17350
I-6090,4.0,g,R-17350
I-14604,8.0,g,R-17350
I-2355,20.0,mg,R-17353
I-2640,50.0,ml,R-17353
I-15001,500.0,ml,R-17353
I-1752,0.2,BUNCH,R-14504
I-1841,20.0,g,R-14504
I-1874,30.0,g,R-14504
I-1995,5.0,g,R-14504
I-2087,0.1,BUNCH,R-14504
I-2099,400.0,g,R-14504
I-2367,400.0,g,R-14504
I-2640,2.0,cup,R-14504
I-5283,20.0,g,R-14504
I-6203,50.0,g,R-14504
I-6204,50.0,g,R-14504
I-1782,30.0,ml,R-16006
I-1897,2.0,fl oz,R-16006
I-3498,1.0,slice,R-16006
I-4184,30.0,ml,R-16006
I-5220,3000.0,g,R-16006
I-11125,2.0,Tbsp,R-16006
I-14218,1.0,ea,R-16006
I-14948,1.0,ea,R-16006
I-4041,1.0,ea,R-17297
I-4098,2.0,ea,R-17297
I-4130,2.0,ea,R-17297
I-7789,1.0,ea,R-17297
I-9599,1.0,ea,R-17297
I-9600,1.0,ea,R-17297
I-9601,1.0,ea,R-17297
I-16242,1.0,ea,R-17297
I-1689,25.0,g,R-14987
I-1863,450.0,g,R-14987
I-2087,0.1,BUNCH,R-14987
I-2119,60.0,ml,R-14987
I-8667,2.0,fl oz,R-14987
I-15221,0.5,fl oz,R-14987
I-2066,20.0,g,R-15057
I-2121,1.0,slice,R-15057
I-2402,30.0,g,R-15057
I-5220,10.0,g,R-15057
P-6811,2.0,fl oz,R-15057
I-11706,1.0,ea,R-15057
I-13719,1.0,ea,R-15057
I-14978,1.0,ea,R-15057
I-15486,1.0,ea,R-15057
I-15514,1.0,slice,R-15057
I-16803,25.0,g,R-15057
I-1649,8.0,Tbsp,R-16780
I-1941,90.0,fl oz,R-16780
I-5283,2.56,g,R-16780
I-8749,23.1,fl oz,R-16780
I-15925,100.0,g,R-16780
I-16855,120.0,g,R-16780
I-18051,50.0,g,R-16780
I-1963,0.25,ea,R-16782
I-7804,0.5,HEAD,R-16782
I-13719,1.0,ea,R-16782
I-15514,1.0,slice,R-16782
I-16699,80.0,g,R-16782
I-16780,45.0,mg,R-16782
I-16856,15.0,g,R-16782
I-18051,20.0,g,R-16782
I-5198,10.0,fl oz,R-16858
I-8749,2.1,L,R-16858
I-2119,250.0,ml,R-16856
I-3230,3.0,g,R-16856
I-3258,4.0,g,R-16856
I-5283,12.0,g,R-16856
I-14978,16.0,ea,R-16856
I-2121,1.0,slice,P-14552
I-8418,2.0,fl oz,P-14552
I-8667,2.0,fl oz,P-14552
I-11706,1.0,ea,P-14552
P-14551,5.0,oz,P-14552
I-14978,1.0,ea,P-14552
I-16794,1.0,PORT,P-14552
I-16860,10.0,g,P-14552
I-4022,2.0,ea,R-15405
I-7775,2.0,oz,R-15405
I-8389,220.0,g,R-15405
I-13719,3.0,ea,R-15405
I-15401,1.5,fl oz,R-15405
I-4022,2.0,ea,R-16801
I-7775,2.0,oz,R-16801
I-8418,30.0,ml,R-16801
I-13719,2.0,ea,R-16801
I-15401,1.5,fl oz,R-16801
P-16793,180.0,g,R-16801
I-4022,2.0,ea,R-16802
I-7775,2.0,oz,R-16802
I-13719,2.0,ea,R-16802
I-15401,1.5,fl oz,R-16802
I-16699,90.0,g,R-16802
I-2119,300.0,ml,R-16777
I-2209,5.0,g,R-16777
I-2456,300.0,g,R-16777
I-3180,100.0,ml,R-16777
I-3230,1.0,g,R-16777
I-16844,150.0,ml,R-16777
I-1882,15.0,ml,R-16776
I-1995,3.0,g,R-16776
I-2456,300.0,g,R-16776
I-5204,50.0,g,R-16776
I-5899,0.25,ea,R-16776
I-13719,4.0,ea,R-16776
I-14803,30.0,g,R-16776
I-14805,10.0,g,R-16776
I-16697,20.0,g,R-16776
I-16777,30.0,ml,R-16776
I-16778,20.0,g,R-16776
I-16844,60.0,ml,R-16776
I-1863,0.5,lb,P-18327
I-2067,0.5,lb,P-18327
I-2119,100.0,ml,P-18327
I-2203,2.0,oz,P-18327
I-2262,1.0,g,P-18327
I-4014,8.0,ea,P-18327
I-5816,2.0,fl oz,P-18327
I-8460,2.0,fl oz,P-18327
I-8667,2.0,fl oz,P-18327
I-12354,4.0,piece,P-18327
I-13719,2.0,ea,P-18327
I-14442,4.0,ea,P-18327
I-14666,2.0,fl oz,P-18327
I-1841,90.0,g,P-18380
I-2066,60.0,g,P-18380
I-2087,0.02,BUNCH,P-18380
I-2099,35.0,g,P-18380
I-2119,50.0,ml,P-18380
I-3230,2.0,g,P-18380
I-4091,16.0,g,P-18380
I-6203,30.0,g,P-18380
I-10834,35.0,g,P-18380
I-14126,1.0,ea,P-18380
I-14127,1.0,ea,P-18380
I-14421,40.0,g,P-18380
I-15554,40.0,g,P-18380
P-18381,500.0,g,P-18380
I-1848,1.0,Kg,R-15038
I-15037,250.0,g,R-15038
I-2068,150.0,g,P-18458
I-2087,0.1,BUNCH,P-18458
I-2336,28.0,g,P-18458
I-3258,28.0,g,P-18458
I-7980,2.5,fl oz,P-18458
I-14556,2.5,Kg,P-18458
I-1863,1.0,lb,R-18412
I-1894,20.0,g,R-18412
I-1924,5.0,g,R-18412
I-2067,1.0,lb,R-18412
I-2087,0.025,BUNCH,R-18412
I-2119,200.0,ml,R-18412
I-2203,6.0,fl oz,R-18412
I-4014,23.0,ea,R-18412
I-5816,6.0,oz,R-18412
I-8460,6.0,fl oz,R-18412
I-8667,6.0,fl oz,R-18412
I-13719,5.0,ea,R-18412
I-14442,10.0,ea,R-18412
I-14666,6.0,fl oz,R-18412
I-16637,10.0,piece,R-18412
I-16862,2.0,fl oz,R-18412
I-1859,5.0,g,R-18470
I-2087,0.01,BUNCH,R-18470
I-5731,125.0,g,R-18470
I-14790,10.0,ml,R-18470
I-1689,300.0,g,R-18344
I-1874,50.0,g,R-18344
I-2037,200.0,g,R-18344
I-2068,50.0,g,R-18344
I-2119,100.0,ml,R-18344
I-5575,15.0,oz,R-18344
I-12209,40.0,fl oz,R-18344
I-15736,10.0,slice,R-18344
I-17013,50.0,ml,R-18344
I-17014,50.0,oz,R-18344
P-18336,1.7,Kg,R-18344
I-1924,1.0,g,P-18453
I-1971,0.25,ea,P-18453
I-1995,2.0,g,P-18453
I-2037,5.0,g,P-18453
I-2102,5.0,g,P-18453
I-2262,1.0,g,P-18453
I-14434,80.0,g,P-18453
I-15477,1.0,PORT,P-18453
I-15637,20.0,g,P-18453
I-15834,5.8,oz,P-18453
I-17941,8.0,fl oz,P-18453
I-1689,55.0,g,P-18451
I-1863,5.0,lb,P-18451
I-2087,0.15,BUNCH,P-18451
I-2119,100.0,ml,P-18451
I-8667,10.0,fl oz,P-18451
I-15221,2.5,fl oz,P-18451
I-2087,0.1,BUNCH,P-18452
I-2119,100.0,ml,P-18452
I-4249,5.0,lb,P-18452
I-6243,10.0,fl oz,P-18452
I-1778,250.0,g,R-16832
I-1821,200.0,g,R-16832
I-1890,250.0,g,R-16832
I-5365,1.02,Kg,R-16832
I-5908,100.0,g,R-16832
I-15785,250.0,g,R-16832
I-16778,200.0,g,R-16832
I-1841,0.5,fl oz,R-18403
I-2087,0.01,BUNCH,R-18403
I-2119,50.0,ml,R-18403
I-13719,1.0,ea,R-18403
I-14126,0.5,ea,R-18403
I-14127,0.5,ea,R-18403
P-18380,4.0,oz,R-18403
I-2119,50.0,ml,R-18342
I-5731,3.0,g,R-18342
I-5816,2.0,fl oz,R-18342
I-12877,5.0,g,R-18342
I-14442,6.0,ea,R-18342
I-17013,5.0,mg,R-18342
I-11706,1.0,ea,R-18341
I-2066,10.0,g,P-18540
I-2121,1.0,slice,P-18540
I-2402,30.0,g,P-18540
I-2992,2.0,slice,P-18540
I-3498,1.0,slice,P-18540
I-5220,30.0,g,P-18540
I-8454,2.0,fl oz,P-18540
I-11706,1.0,ea,P-18540
I-14948,1.0,ea,P-18540
P-18458,6.0,oz,P-18540
I-2066,10.0,g,R-18459
I-2121,1.0,slice,R-18459
I-2402,30.0,g,R-18459
I-2992,2.0,slice,R-18459
I-3498,1.0,slice,R-18459
I-5220,30.0,g,R-18459
I-8454,2.0,fl oz,R-18459
I-11706,1.0,ea,R-18459
I-14948,1.0,ea,R-18459
P-18458,5.0,oz,R-18459
I-4925,50.0,g,P-18397
I-13001,150.0,g,P-18397
I-13813,0.11,LBS,P-18397
I-13816,0.065,LBS,P-18397
I-15200,240.0,g,P-18397
I-16778,100.0,g,P-18397
I-18274,150.0,ml,P-18397
I-1863,150.0,g,R-18359
I-2119,20.0,ml,R-18359
I-6243,2.0,fl oz,R-18359
I-1789,150.0,g,R-5816
I-1859,16.0,g,R-5816
I-1874,30.0,g,R-5816
I-1995,8.0,g,R-5816
I-4091,10.0,g,R-5816
I-5264,1000.0,g,R-5816
I-4184,1000.0,g,P-18575
I-5008,13.42,fl oz,P-18575
I-7645,50.0,g,P-18575
I-18533,250.0,g,P-18575
I-1874,250.0,g,P-18531
I-2209,25.0,g,P-18531
I-2367,150.0,g,P-18531
I-2443,450.0,ml,P-18531
P-18530,500.0,g,P-18531
I-2367,120.0,g,P-18530
I-2483,20.0,g,P-18530
I-3804,1000.0,g,P-18530
I-17129,3000.0,g,P-18530
I-13719,1.0,ea,R-18277
I-2025,0.5,g,R-16355
I-2068,50.0,g,R-16355
I-2119,80.0,ml,R-16355
I-2172,100.0,g,R-16355
I-2207,4.0,g,R-16355
I-2324,0.5,g,R-16355
I-5803,2.0,g,R-16355
I-6090,0.5,g,R-16355
I-13842,100.0,g,R-16355
I-2640,3.0,L,R-12290
I-5981,6.0,L,R-12290
I-8106,9.0,L,R-12290
I-14776,1.0,fl oz,R-18271
I-1610,1.3,g,P-18052
I-1841,1.0,fl oz,P-18052
I-2209,8.0,g,P-18052
I-3230,5.0,g,P-18052
I-3258,5.0,g,P-18052
I-13816,1.5,LBS,P-18052
I-2071,0.5,ea,P-18275
I-2087,0.01,BUNCH,P-18275
I-5204,20.0,g,P-18275
I-13001,30.0,g,P-18275
I-13676,60.0,g,P-18275
I-13816,0.003,LBS,P-18275
I-16778,15.0,g,P-18275
I-17990,0.025,LBS,P-18275
I-17991,0.25,ea,P-18275
P-18052,115.0,g,P-18275
I-18274,30.0,ml,P-18275
I-1096,900.0,ml,R-11289
I-8106,9000.0,ml,R-11289
I-10917,900.0,g,R-11289
I-2640,5.0,L,R-13395
I-6182,1.0,L,R-13395
I-2640,5.0,L,R-13396
I-6189,1.0,L,R-13396
I-2640,5.0,L,R-13397
I-6188,1.0,L,R-13397
I-2640,5.0,L,R-13399
I-6185,1.0,L,R-13399
I-2640,5.0,L,R-13398
I-12929,1.0,L,R-13398
I-2640,5.0,L,R-13402
I-6224,1.0,L,R-13402
I-1689,20.0,g,R-18310
I-1874,3.0,g,R-18310
I-2037,10.0,g,R-18310
I-2068,5.0,g,R-18310
I-2087,0.1,BUNCH,R-18310
I-5265,2.0,slice,R-18310
I-12209,4.0,fl oz,R-18310
I-13813,0.055,LBS,R-18310
I-15736,1.0,slice,R-18310
I-17486,1.0,PORT,R-18310
I-18349,8.0,oz,R-18310
I-2119,1.0,L,R-14150
I-2993,10.0,lb,R-14150
I-3068,5.0,lb,R-14150
I-3258,150.0,g,R-14150
I-7200,3.0,lb,R-14150
I-13719,198.0,ea,R-14150
I-1626,1.0,ea,P-15019
I-1752,0.1,BUNCH,P-15019
I-1783,40.0,ml,P-15019
I-1874,3.0,g,P-15019
I-2037,20.0,g,P-15019
I-2068,5.0,g,P-15019
I-2119,10.0,ml,P-15019
I-13718,0.01,g,P-15019
I-13719,1.0,ea,P-15019
I-13754,6.0,oz,P-15019
I-14517,0.5,ea,P-15019
I-15038,4.0,oz,P-15019
I-15477,1.0,PORT,P-15019
I-1752,0.25,BUNCH,R-15512
I-7647,6.0,ea,R-15512
I-11125,5.0,Tbsp,R-15512
I-14429,104.0,g,R-15512
I-14694,12.0,Tbsp,R-15512
I-15412,80.0,g,R-15512
I-15427,4.0,fl oz,R-15512
I-1635,10.0,fl oz,R-15510
I-1971,0.5,ea,R-15510
I-2339,20.0,g,R-15510
I-6243,4.0,fl oz,R-15510
I-7647,6.0,ea,R-15510
I-11125,4.0,Tbsp,R-15510
I-14418,240.0,g,R-15510
I-14737,90.0,g,R-15510
I-14826,6.0,fl oz,R-15510
I-15412,6.0,oz,R-15510
I-13109,1.0,ea,R-17988
I-2119,50.0,ml,R-18265
I-5731,5.0,g,R-18265
I-5816,2.0,fl oz,R-18265
I-12877,5.0,g,R-18265
I-14442,6.0,ea,R-18265
I-17013,5.0,mg,R-18265
I-2119,150.0,ml,R-18334
I-5575,450.0,g,R-18334
I-7338,5.0,Kg,R-18334
I-2257,0.5,fl oz,R-15139
I-13719,1.0,ea,R-15139
I-14882,6.0,oz,R-15139
I-1637,10.0,g,P-17366
I-1789,40.0,g,P-17366
I-1848,6.0,oz,P-17366
I-1874,5.0,g,P-17366
I-1892,5.0,g,P-17366
I-2066,30.0,g,P-17366
I-2119,1.0,fl oz,P-17366
I-5941,30.0,g,P-17366
I-13719,1.0,ea,P-17366
I-14421,30.0,g,P-17366
I-14604,5.0,g,P-17366
I-14984,5.0,fl oz,P-17366
I-15477,1.0,PORT,P-17366
I-15554,30.0,g,P-17366
I-16994,20.0,ml,P-17366
I-2327,60.0,g,R-6160
I-2367,500.0,g,R-6160
I-2640,448.0,fl oz,R-13514
I-10973,1800.0,g,R-13514
I-2640,12.0,L,R-18349
I-12210,2.0,Kg,R-18349
I-2093,2.0,Kg,P-18336
I-2640,11.0,L,P-18336
I-1689,50.0,g,P-18316
I-2086,100.0,g,P-18316
I-2087,0.1,BUNCH,P-18316
I-2119,50.0,ml,P-18316
I-5777,120.0,g,P-18316
I-12921,1.0,ea,P-18316
I-18317,2.0,fl oz,P-18316
I-8975,500.0,ml,R-16994
I-11704,50.0,g,R-16994
I-12132,600.0,ml,R-16994
I-12764,300.0,g,R-16994
I-1874,18.0,g,P-18381
I-12921,2.0,ea,P-18381
I-1882,1.5,fl oz,R-18267
I-5204,8.0,g,R-18267
I-5731,5.0,g,R-18267
I-12921,0.25,ea,R-18267
I-13813,0.055,LBS,R-18267
I-15369,0.08,3 LTR,R-18267
I-18051,45.0,g,R-18267
I-18257,1.0,ea,R-18267
I-18268,150.0,g,R-18267
I-1649,2.0,Tbsp,R-18269
I-1689,5.0,g,R-18269
I-2087,0.01,BUNCH,R-18269
I-5126,3.0,slice,R-18269
I-5204,5.0,g,R-18269
I-5575,60.0,g,R-18269
I-8091,4.0,slice,R-18269
I-13002,25.0,g,R-18269
I-13813,0.055,LBS,R-18269
I-5126,3.0,slice,R-18270
I-5204,30.0,g,R-18270
I-14150,3.0,oz,R-18270
I-18257,1.0,ea,R-18270
P-18321,60.0,g,R-18270
P-18329,3.0,oz,R-18270
I-2640,20.0,fl oz,R-13394
I-6203,8.0,fl oz,R-13394
I-7119,4.0,fl oz,R-13394
I-1759,50.0,ml,R-12034
I-1841,100.0,ml,R-12034
I-2181,1200.0,g,R-12034
I-2329,50.0,g,R-12034
I-2335,30.0,g,R-12034
I-2640,2000.0,ml,R-12034
I-4091,30.0,g,R-12034
I-5075,10.0,g,R-12034
I-5103,15.0,ea,R-12034
I-6090,75.0,g,R-12034
I-11828,70.0,g,R-12034
I-1689,325.0,g,R-12266
I-1963,2.5,ea,R-12266
I-6203,10.14,fl oz,R-12266
I-8667,4.0,L,R-12266
I-1908,30.0,g,R-13708
I-2037,1.0,lb,R-13708
I-5575,33.184,oz,R-13708
I-13038,300.0,fl oz,R-13708
I-1635,40.0,ml,R-14893
I-4184,25.0,ml,R-14893
I-5777,40.0,g,R-14893
I-14882,200.0,g,R-14893
I-2367,64.0,g,R-14093
I-2640,4.0,cup,R-14093
I-6203,1.0,fl oz,R-14093
I-7335,3.0,ea,R-14093
I-2319,2.0,slice,R-14818
I-3498,2.0,slice,R-14818
I-5126,1.0,slice,R-14818
I-9028,50.0,g,R-14818
I-14841,2.0,slice,R-14818
I-14885,3.0,fl oz,R-14818
I-2059,0.25,fl oz,R-14347
I-2920,1.0,fl oz,R-14347
I-12354,6.0,piece,R-14347
I-1588,2.84,L,R-14296
I-1941,60.0,ml,R-14296
I-2099,0.5,g,R-14296
I-2640,4.0,Tbsp,R-14296
I-5283,50.0,g,R-14296
I-1626,1.5,ea,R-14480
I-1652,50.0,g,R-14480
I-1655,50.0,g,R-14480
I-1841,0.2,ml,R-14480
I-2339,2.0,g,R-14480
I-14296,150.0,ml,R-14480
I-1778,12.0,g,R-14152
I-8091,3.0,slice,R-14152
I-12218,36.0,g,R-14152
I-12306,2.0,ea,R-14152
I-14125,62.0,g,R-14152
I-14145,33.0,g,R-14152
I-14155,30.0,g,R-14152
I-1783,1.0,fl oz,R-14689
I-2037,30.0,g,R-14689
I-2066,1.0,oz,R-14689
I-2102,1.5,oz,R-14689
I-2324,2.0,pt,R-14689
I-4091,1.0,g,R-14689
I-5803,0.05,g,R-14689
I-13718,0.5,g,R-14689
I-13719,1.0,ea,R-14689
I-13823,6.0,fl oz,R-14689
I-14514,3.0,oz,R-14689
I-1626,5.0,ea,R-14096
I-8504,400.0,ml,R-14096
I-8523,400.0,ml,R-14096
I-4184,0.25,fl oz,R-14346
I-8980,175.0,g,R-14346
I-13694,1.25,fl oz,R-14346
I-1782,1.0,fl oz,R-14623
I-1894,20.0,g,R-14623
I-5265,1.0,slice,R-14623
I-10955,20.0,g,R-14623
I-14638,6.0,ea,R-14623
I-1596,2.84,L,R-14826
I-1841,3.0,fl oz,R-14826
I-1874,2.0,g,R-14826
I-2329,10.0,g,R-14826
I-3230,10.0,g,R-14826
I-4091,30.0,g,R-14826
I-2330,1.0,oz,R-14529
I-1553,6.0,ea,R-15407
I-1963,0.5,ea,R-15407
I-3230,2.0,g,R-15407
I-4091,3.0,g,R-15407
I-1553,0.5,ea,R-15408
I-1963,0.1,ea,R-15408
I-3804,0.5,g,R-15408
I-5204,15.0,g,R-15408
I-13001,1.0,oz,R-15408
I-13813,0.04,LBS,R-15408
I-15495,1.0,slice,R-15408
I-1595,1200.0,fl oz,R-15486
I-1598,1200.0,fl oz,R-15486
I-1660,1584.0,ml,R-15486
I-1752,4.0,BUNCH,R-15486
I-2068,3200.0,g,R-15486
I-2330,48.0,g,R-15486
I-2923,15.0,Kg,R-15486
I-3230,120.0,g,R-15486
I-5283,600.0,g,R-15486
I-5773,4000.0,g,R-15486
I-8418,3000.0,ml,R-15486
I-14424,2000.0,g,R-15486
I-14822,2000.0,g,R-15486
I-2067,80.0,g,R-15053
I-3498,1.0,slice,R-15053
I-5265,2.0,slice,R-15053
P-6068,2.0,fl oz,R-15053
I-13719,1.0,ea,R-15053
I-14218,1.0,ea,R-15053
I-14715,50.0,g,R-15053
I-14948,1.0,ea,R-15053
I-2402,50.0,g,R-15403
I-5220,30.0,g,R-15403
I-5265,4.0,slice,R-15403
I-6243,2.0,fl oz,R-15403
I-15495,2.0,slice,R-15403
I-1752,0.003,BUNCH,R-15411
I-1835,2.0,ea,R-15411
I-2203,1.5,fl oz,R-15411
I-5265,1.0,slice,R-15411
I-7647,2.0,ea,R-15411
I-11125,1.0,fl oz,R-15411
I-14530,40.0,g,R-15411
I-15412,4.0,oz,R-15411
I-2333,15.0,g,R-15024
I-2339,4.0,g,R-15024
I-3230,4.0,g,R-15024
I-5095,4.0,g,R-15024
I-5283,15.0,g,R-15024
I-13842,500.0,g,R-15024
I-1784,4.0,g,R-15431
I-1995,0.003,g,R-15431
I-7168,5.0,g,R-15431
I-8857,1.0,fl oz,R-15431
I-15475,1.0,ea,R-15431
I-2119,10.0,fl oz,R-15018
I-2330,10.0,g,R-15018
I-5264,300.0,ml,R-15018
I-5283,10.0,g,R-15018
I-5803,5.0,g,R-15018
I-6204,10.0,g,R-15018
I-13718,5.0,g,R-15018
I-14882,1500.0,g,R-15018
I-15027,40.0,g,R-15018
I-2059,50.0,ml,R-14985
I-2119,150.0,ml,R-14985
I-11704,275.0,g,R-14985
I-1660,6.73,fl oz,R-14995
I-1752,0.5,BUNCH,R-14995
I-1874,22.0,g,R-14995
I-2068,80.0,g,R-14995
I-2330,4.0,g,R-14995
I-2640,6.73,fl oz,R-14995
I-5283,4.0,g,R-14995
I-6204,40.0,g,R-14995
I-2037,3.0,lb,R-15505
I-2087,1.5,BUNCH,R-15073
I-2119,5.6,L,R-15073
I-2330,48.0,g,R-15073
I-2333,112.0,g,R-15073
I-2339,80.0,g,R-15073
I-2347,20.0,tsp,R-15073
I-3230,16.0,g,R-15073
I-5095,128.0,g,R-15073
I-5283,192.0,g,R-15073
I-6203,1040.0,g,R-15073
I-7981,1280.0,ml,R-15073
I-12361,32.0,g,R-15073
I-1787,1.0,ea,R-15434
I-5204,15.0,g,R-15434
I-12886,30.0,g,R-15434
I-15409,2.0,ea,R-15434
I-15433,2.0,fl oz,R-15434
I-1635,100.0,ml,R-14997
I-5283,5.0,g,R-14997
I-13066,1.0,lb,R-14997
I-1689,15.0,g,R-15414
I-1835,2.0,ea,R-15414
I-2402,20.0,g,R-15414
I-5265,2.0,slice,R-15414
I-6424,150.0,g,R-15414
I-15495,1.0,slice,R-15414
I-1841,2000.0,ml,R-15010
I-1874,56.0,g,R-15010
I-2087,1.0,BUNCH,R-15010
I-2367,10.0,g,R-15010
I-2436,100.0,ml,R-15010
I-3005,200.0,g,R-15010
I-4091,10.0,g,R-15010
I-5283,2.0,g,R-15010
I-6203,120.0,g,R-15010
P-6811,2.0,L,R-15010
I-8749,145.0,ml,R-15010
I-1635,1.0,L,R-15012
I-4091,30.0,g,R-15012
I-2087,1.0,BUNCH,R-14988
I-3258,15.0,g,R-14988
I-1833,10.0,ea,R-15433
I-1963,1.0,ea,R-15433
I-2323,0.01,fl oz,R-15433
I-2640,2.0,fl oz,R-15433
I-15505,5.0,fl oz,R-15433
I-1917,0.05,L,R-15401
I-1982,2.0,L,R-15401
I-2323,1.0,tsp,R-15401
I-1917,0.5,cup,R-15400
I-1963,1.0,ea,R-15400
I-3180,0.5,cup,R-15400
I-3230,1.0,g,R-15400
I-3258,0.5,g,R-15400
I-4091,2.0,g,R-15400
I-7981,2.0,Tbsp,R-15400
I-14790,1.0,cup,R-15400
I-1995,0.002,g,R-15429
I-2171,1.0,oz,R-15429
I-4717,1.0,fl oz,R-15429
I-14235,9.0,fl oz,R-15429
I-2037,20.0,g,R-15017
I-2086,20.0,g,R-15017
I-2952,8.0,oz,R-15017
I-8518,6.0,oz,R-15017
I-10955,2.5,oz,R-15017
I-14988,5.0,g,R-15017
I-1841,200.0,g,R-14992
I-1874,60.0,g,R-14992
I-1978,2000.0,g,R-14992
I-2068,540.0,g,R-14992
I-2330,12.0,g,R-14992
I-2443,340.0,ml,R-14992
I-2640,800.0,ml,R-14992
I-5283,16.0,g,R-14992
I-12212,340.0,g,R-14992
I-14977,140.0,g,R-14992
I-15026,4.0,g,R-14992
I-1689,300.0,g,R-15065
I-1783,350.0,ml,R-15065
I-2068,400.0,g,R-15065
I-2087,1.0,BUNCH,R-15065
I-3005,100.0,g,R-15065
I-3230,10.0,g,R-15065
I-3804,35.0,g,R-15065
I-5283,35.0,g,R-15065
I-7656,350.0,g,R-15065
I-12303,10.0,lb,R-15065
I-13038,200.0,fl oz,R-15065
I-1892,1.0,lb,R-15412
I-1971,2.0,ea,R-15412
I-4091,10.0,g,R-15412
I-1835,1.0,ea,R-15409
I-2443,2.0,Tbsp,R-15409
I-2640,2.0,L,R-15409
I-1917,142.5,ml,R-15402
I-1963,1.0,ea,R-15402
I-3180,225.0,ml,R-15402
I-7168,450.0,g,R-15402
I-14790,112.5,ml,R-15402
I-1841,20.0,g,R-15008
I-3230,2.0,g,R-15008
I-5283,10.0,g,R-15008
I-14432,454.0,g,R-15008
I-1841,30.0,g,R-15007
I-5283,15.0,g,R-15007
I-14418,1814.37,g,R-15007
I-3068,0.5,lb,R-15051
I-3258,1.0,g,R-15051
I-13719,0.5,ea,R-15051
I-14790,5.0,ml,R-15051
I-1894,1.0,oz,R-15418
I-2059,3.0,tsp,R-15418
I-2920,20.0,Tbsp,R-15418
I-2958,1.0,oz,R-15418
I-8975,20.0,Tbsp,R-15418
I-2059,700.0,ml,R-15001
I-2262,120.0,g,R-15001
I-2920,200.0,ml,R-15001
I-14422,300.0,g,R-15001
I-14604,100.0,g,R-15001
I-15025,3500.0,ml,R-15001
I-2119,2.0,ml,R-15488
I-4091,1.0,g,R-15488
I-6424,200.0,g,R-15488
I-2396,454.0,g,R-15425
I-13385,0.25,BUNCH,R-15425
I-13719,2.0,ea,R-15425
I-14419,100.0,g,R-15425
I-14421,280.0,g,R-15425
I-14790,60.0,ml,R-15425
I-1689,10.0,g,R-15075
I-1874,5.0,g,R-15075
I-2037,10.0,g,R-15075
I-2068,20.0,g,R-15075
I-3005,3.0,g,R-15075
I-12306,1.0,ea,R-15075
I-13708,6.0,fl oz,R-15075
I-15066,3.0,ea,R-15075
I-1977,3.0,fl oz,R-15436
I-4682,20.0,g,R-15436
I-8488,50.0,g,R-15436
I-13001,20.0,g,R-15436
I-13385,0.25,BUNCH,R-15436
I-15200,50.0,g,R-15436
I-15402,3.0,fl oz,R-15436
I-2059,400.0,ml,R-14984
I-2262,20.0,g,R-14984
I-2320,1.0,L,R-14984
I-2958,25.0,g,R-14984
I-12212,400.0,g,R-14984
I-14789,3.7,ml,R-14984
I-1835,1.0,ea,R-15055
I-2067,2.0,oz,R-15055
I-2402,2.0,oz,R-15055
I-3498,2.0,slice,R-15055
I-5220,1.0,oz,R-15055
I-5265,1.0,slice,R-15055
I-8454,2.0,fl oz,R-15055
I-13719,1.0,ea,R-15055
I-14218,1.0,ea,R-15055
I-14948,1.0,ea,R-15055
I-15051,1.0,ea,R-15055
I-2025,35.0,g,R-14735
I-2182,450.0,g,R-14735
I-2333,30.0,g,R-14735
I-2339,50.0,g,R-14735
I-2355,1.0,Kg,R-14735
I-2929,400.0,g,R-14735
I-5095,50.0,g,R-14735
I-5283,55.0,g,R-14735
I-1081,375.0,ml,R-14823
I-2640,5.5,L,R-14823
I-8106,6.0,L,R-14823
I-15592,30.0,fl oz,R-14823
I-1995,0.5,g,R-14250
I-4717,5.0,ml,R-14250
I-14146,2.0,ea,R-14250
I-14235,120.0,ml,R-14250
I-9028,10.0,g,R-12306
I-9034,0.083,ea,R-12306
I-2119,30.0,ml,R-9389
I-2402,30.0,g,R-9389
I-3354,1.0,ea,R-9389
I-5126,1.0,slice,R-9389
I-5220,9.0,g,R-9389
I-6243,1.5,fl oz,R-9389
I-11631,1.0,ea,R-9389
I-14948,1.0,ea,R-9389
I-1863,175.0,g,R-11706
I-1958,60.0,ml,R-11706
I-2119,20.0,ml,R-11706
I-8667,2.0,fl oz,R-11706
I-8851,4.0,g,R-11706
I-1752,0.5,BUNCH,R-16061
I-1841,160.0,g,R-16061
I-1859,24.0,g,R-16061
I-1874,14.0,g,R-16061
I-1963,0.5,ea,R-16061
I-2087,0.5,BUNCH,R-16061
I-3005,20.0,g,R-16061
I-5223,28.0,g,R-16061
I-5283,2.0,g,R-16061
I-8749,145.0,ml,R-16061
I-2086,118.0,g,R-18348
I-2087,0.1,BUNCH,R-18348
I-2209,0.5,g,R-18348
I-2333,0.5,g,R-18348
I-5095,0.5,g,R-18348
I-6461,3.0,g,R-18348
I-12361,3.0,g,R-18348
I-1752,0.03,BUNCH,R-15342
I-7647,2.0,ea,R-15342
I-10942,2.0,ea,R-15342
I-11125,2.0,Tbsp,R-15342
I-15412,3.0,oz,R-15342
I-1917,0.6,L,R-13015
I-2640,3.0,L,R-13015
I-2958,250.0,g,R-13015
I-1871,4.0,oz,R-14594
I-1894,0.5,oz,R-14594
I-2447,20.0,g,R-14594
I-14339,12.0,PORT,R-14594
I-14340,4.0,PORT,R-14594
I-14341,4.0,PORT,R-14594
I-14342,4.0,PORT,R-14594
P-14352,1.0,PORT,R-14594
P-14356,2.0,PORT,R-14594
P-14357,2.0,PORT,R-14594
P-14360,2.0,PORT,R-14594
P-14383,1.0,PORT,R-14594
P-14396,1.0,PORT,R-14594
P-14411,1.0,PORT,R-14594
P-14413,1.0,PORT,R-14594
I-14586,1.0,PORT,R-14594
I-1541,6.0,ea,R-11361
I-2071,6.0,ea,R-11361
I-2337,3.0,g,R-11361
I-2367,600.0,g,R-11361
I-2676,34.0,can,R-11361
I-4296,12.0,ea,R-11361
I-9606,750.0,ml,R-11361
I-2919,2.0,ea,R-13957
P-4326,1.5,ea,R-13957
P-8099,2.0,srvg,R-13957
I-13956,2.0,PORT,R-13957
I-1871,2.0,oz,R-14584
I-2447,10.0,g,R-14584
I-8250,8.0,ea,R-14584
I-13957,1.0,PORT,R-14584
I-14339,8.0,PORT,R-14584
P-14355,1.0,PORT,R-14584
P-14356,2.0,PORT,R-14584
P-14369,1.0,PORT,R-14584
I-14390,4.0,PORT,R-14584
P-14430,1.0,PORT,R-14584
I-2919,1.0,ea,R-14586
P-4326,1.0,ea,R-14586
I-8298,2.0,ea,R-14586
I-13956,1.0,PORT,R-14586
I-14599,25.0,g,R-14586
I-1752,0.05,BUNCH,P-18266
I-1848,6.0,oz,P-18266
I-1894,2.0,g,P-18266
I-1924,1.0,g,P-18266
I-2066,10.0,g,P-18266
I-2117,10.0,g,P-18266
I-2262,1.0,g,P-18266
I-3181,0.15,PKG,P-18266
I-5777,100.0,g,P-18266
I-15554,10.0,g,P-18266
I-15673,1.0,ea,P-18266
I-16579,3.0,oz,P-18266
I-2640,6.0,L,R-13414
I-4091,30.0,g,R-13414
I-12210,9.0,Kg,R-13414
I-1635,20.0,ml,R-18720
I-2119,10.0,ml,R-18720
I-3230,0.25,g,R-18720
I-4091,0.5,g,R-18720
I-5777,50.0,g,R-18720
I-15515,150.0,g,R-18720
I-16224,0.25,ea,R-18720
I-1874,120.0,g,R-15368
I-1908,12.0,g,R-15368
I-2057,600.0,ml,R-15368
I-2087,3.0,BUNCH,R-15368
I-2400,2.84,ml,R-15368
I-2464,2.84,fl oz,R-15368
I-3005,60.0,g,R-15368
I-3804,18.0,g,R-15368
I-6865,2.1,g,R-15368
I-9117,1.8,L,R-15368
I-1782,2.0,oz,R-18895
I-2992,2.0,slice,R-18895
I-10955,15.0,g,R-18895
I-14422,15.0,g,R-18895
I-14638,5.0,ea,R-18895
I-1963,2.0,ea,R-11360
I-2071,4.0,ea,R-11360
I-2328,20.0,g,R-11360
I-2367,200.0,g,R-11360
I-2676,6.0,can,R-11360
I-4199,50.0,g,R-11360
I-4296,12.0,ea,R-11360
I-7801,7.5,L,R-11360
I-9606,0.375,L,R-11360
I-1782,2.0,oz,P-18324
I-1894,20.0,g,P-18324
I-2119,10.0,ml,P-18324
I-2203,2.0,oz,P-18324
I-4014,8.0,ea,P-18324
I-5731,20.0,g,P-18324
I-10955,100.0,g,P-18324
I-11125,2.0,fl oz,P-18324
I-13719,1.0,ea,P-18324
I-16221,20.0,g,P-18324
I-17040,20.0,g,P-18324
I-1626,0.5,ea,R-11824
I-1894,10.0,g,R-11824
I-2349,60.0,g,R-11824
I-8457,360.0,ml,R-11824
I-12034,1.0,ea,R-11824
I-1471,1.0,bottle,R-9013
I-9027,400.0,g,R-9013
I-1689,10.0,g,R-8992
I-1963,0.18,ea,R-8992
I-5505,0.25,HEAD,R-8992
I-8722,100.0,ml,R-8992
I-13691,30.0,ml,R-8992
I-1789,40.0,g,R-8987
I-2066,40.0,g,R-8987
I-2117,30.0,g,R-8987
I-3914,100.0,g,R-8987
I-8489,50.0,ml,R-8987
I-2344,2.0,g,R-11408
I-3147,30.0,ml,R-11408
I-5283,5.0,g,R-11408
I-9471,1.0,Kg,R-11408
I-11025,1.0,Kg,R-11408
I-2640,100.0,ml,R-5674
I-4827,100.0,g,R-5674
I-14208,1.0,ea,R-14342
I-1924,1.0,g,R-14390
I-12353,1.0,piece,R-14390
I-14339,1.5,PORT,R-14390
I-13956,0.16,PORT,R-14339
I-13706,32.0,g,R-14340
I-16649,32.0,g,R-14340
I-12350,500.0,g,R-14400
I-2960,28.0,g,R-14341
I-16517,28.0,g,R-14341
I-2119,100.0,ml,R-17134
I-2388,100.0,g,R-17134
I-16226,10.0,ea,R-17134
I-1941,1.0,Tbsp,R-18274
I-2119,250.0,ml,R-18274
I-2209,1.5,g,R-18274
I-2355,20.0,g,R-18274
I-2367,100.0,g,R-18274
I-2951,62.0,mg,R-18274
I-17946,500.0,ml,R-18274
I-1689,30.0,g,P-18295
I-1874,3.0,g,P-18295
I-2037,10.0,g,P-18295
I-2068,5.0,g,P-18295
I-2119,10.0,ml,P-18295
I-5204,10.0,g,P-18295
I-5575,1.5,oz,P-18295
I-12209,4.0,fl oz,P-18295
I-15736,1.0,slice,P-18295
I-18268,30.0,g,P-18295
I-18334,5.0,oz,P-18295
P-18336,170.0,g,P-18295
I-8990,1.0,ea,R-15513
I-12306,2.0,ea,R-15513
I-15017,2.0,PORT,R-15513
I-1635,85.0,ml,P-18335
I-1848,5.0,Kg,P-18335
I-4184,85.0,ml,P-18335
I-1651,1.0,Kg,R-17941
I-1752,1.0,BUNCH,R-17941
I-2057,1000.0,ml,R-17941
I-2066,1.0,Kg,R-17941
I-2367,80.0,g,R-17941
I-5254,125.0,g,R-17941
I-5761,800.0,g,R-17941
I-6203,100.0,mg,R-17941
I-11829,12.0,g,R-17941
I-17494,7.2,L,R-17941
I-2262,4.0,g,R-14665
I-2320,60.0,ml,R-14665
I-2442,40.0,ml,R-14665
I-2958,15.0,g,R-14665
I-3036,140.0,ml,R-14665
I-12764,35.0,ml,R-14665
I-1958,250.0,ml,P-14551
I-2119,200.0,ml,P-14551
I-2366,200.0,g,P-14551
P-6068,2.0,L,P-14551
I-14511,6.1,Kg,P-14551
I-1637,0.5,oz,P-14553
I-1892,1.0,oz,P-14553
P-6811,30.0,ml,P-14553
I-13499,15.0,g,P-14553
I-1841,100.0,g,R-14723
I-2066,1.0,Kg,R-14723
I-3147,50.0,ml,R-14723
I-3230,3.0,g,R-14723
I-5283,10.0,g,R-14723
I-1841,100.0,g,R-14726
I-3147,50.0,ml,R-14726
I-3230,3.0,g,R-14726
I-5106,1.0,Kg,R-14726
I-5283,10.0,g,R-14726
I-1841,100.0,g,R-14719
I-2498,1.0,Kg,R-14719
I-3147,50.0,ml,R-14719
I-3230,3.0,g,R-14719
I-5283,10.0,g,R-14719
I-1655,1.0,Kg,R-7814
I-1660,600.0,ml,R-7814
I-1841,0.5,L,R-7814
I-1874,150.0,g,R-7814
I-2330,200.0,g,R-7814
I-2344,25.0,g,R-7814
I-2367,50.0,g,R-7814
I-2464,34.08,L,R-7814
I-2640,10.0,L,R-7814
I-4091,250.0,g,R-7814
I-6865,2.0,Kg,R-7814
I-14423,1.0,Kg,R-7814
I-1783,300.0,ml,P-18321
I-1849,60.0,g,P-18321
I-2037,100.0,g,P-18321
I-2209,5.0,g,P-18321
I-2337,0.25,tsp,P-18321
I-14484,0.5,gal,P-18321
I-1553,0.1,ea,P-4326
I-1958,1.2,L,P-6150
I-1982,4.0,L,P-6150
I-2176,1.4,L,P-6150
I-2243,70.0,ml,P-6150
I-2339,8.0,g,P-6150
I-4184,70.0,ml,P-6150
I-4290,700.0,ml,P-6150
I-2919,1.0,ea,P-14352
P-3173,1.0,PORT,P-14352
P-3249,100.0,g,P-14352
P-4326,2.0,ea,P-14352
P-8099,1.0,srvg,P-14352
I-2119,5.0,L,P-8267
I-5899,10.0,ea,P-8267
I-6865,100.0,lb,P-8267
I-1553,0.4,ea,P-14411
I-1982,0.5,fl oz,P-14411
I-2919,1.0,ea,P-14411
P-8099,1.0,srvg,P-14411
I-8298,1.0,ea,P-14411
I-12351,2.0,g,P-14411
I-13956,1.0,PORT,P-14411
I-17134,1.0,piece,P-14411
I-2919,1.0,ea,P-14383
P-3237,1.0,Tbsp,P-14383
P-8099,1.0,srvg,P-14383
I-8336,80.0,g,P-14383
I-13956,1.0,PORT,P-14383
I-1871,0.5,oz,P-14372
I-2447,1.0,g,P-14372
I-8250,1.0,ea,P-14372
I-1871,0.5,oz,P-14376
I-2447,2.0,g,P-14376
I-8250,2.0,ea,P-14376
I-1871,0.5,oz,P-8099
I-1924,0.5,oz,P-8099
I-2447,1.0,g,P-8099
I-8250,1.0,ea,P-8099
I-2032,2.0,ea,P-15606
I-11233,1.0,ea,P-15606
I-15596,1.0,ea,P-15606
I-15597,1.0,ea,P-15606
I-1982,1.0,L,P-3249
I-15272,4.54,Kg,P-3249
I-12333,450.0,g,P-14403
I-1982,2.0,ml,P-14353
I-2919,1.0,ea,P-14353
I-4238,2.0,g,P-14353
P-4326,1.0,ea,P-14353
P-8099,1.0,srvg,P-14353
I-8298,2.0,ea,P-14353
I-13956,1.0,PORT,P-14353
I-1982,4.0,L,P-8018
I-8602,1.0,L,P-8018
I-2919,1.0,ea,P-14396
P-3249,25.0,g,P-14396
P-4326,1.0,ea,P-14396
I-13956,1.0,PORT,P-14396
I-14340,1.0,PORT,P-14396
I-14341,1.0,PORT,P-14396
I-14400,0.5,PORT,P-14396
I-1588,1000.0,g,P-18444
I-1841,90.0,ml,P-18444
I-1874,30.0,g,P-18444
I-1941,75.0,ml,P-18444
I-2099,100.0,g,P-18444
I-2119,90.0,ml,P-18444
I-5283,15.0,g,P-18444
I-13719,2.0,ea,P-18444
I-1927,20.0,g,P-6068
I-1958,660.0,ml,P-6068
I-2025,22.5,g,P-6068
I-2323,20.0,ml,P-6068
I-2324,25.0,g,P-6068
I-2330,0.5,oz,P-6068
I-2333,5.0,g,P-6068
I-2344,25.0,g,P-6068
I-2366,175.0,g,P-6068
I-2640,200.0,ml,P-6068
I-2958,1.25,oz,P-6068
I-3180,200.0,ml,P-6068
I-4091,22.5,g,P-6068
I-5095,3.75,g,P-6068
I-1841,360.0,ml,P-6053
I-1978,590.0,g,P-6053
I-2068,200.0,g,P-6053
I-2344,7.0,g,P-6053
I-2367,200.0,g,P-6053
I-2443,236.0,ml,P-6053
I-5283,13.0,g,P-6053
I-1553,0.35,ea,P-14430
I-2919,1.0,ea,P-14430
P-8099,1.0,srvg,P-14430
I-13956,1.0,PORT,P-14430
I-14599,30.0,g,P-14430
I-2919,1.0,ea,P-14413
P-4326,2.0,ea,P-14413
I-13706,18.0,g,P-14413
I-13785,20.0,g,P-14413
I-13956,1.0,PORT,P-14413
P-14376,1.0,PORT,P-14413
P-14403,1.0,PORT,P-14413
I-16649,12.0,g,P-14413
I-2025,60.0,g,P-5814
I-2257,25.0,g,P-5814
I-2324,75.0,g,P-5814
I-2327,10.0,g,P-5814
I-2330,25.0,g,P-5814
I-2333,40.0,g,P-5814
I-2339,100.0,g,P-5814
I-2344,20.0,g,P-5814
I-2366,400.0,g,P-5814
I-2967,35.0,g,P-5814
I-3804,10.0,g,P-5814
I-4064,10.0,g,P-5814
I-4091,70.0,g,P-5814
I-2919,1.0,ea,P-14360
I-13706,20.0,g,P-14360
I-13956,1.0,PORT,P-14360
P-14372,1.0,PORT,P-14360
I-16649,30.0,g,P-14360
I-1982,500.0,ml,P-6476
I-5008,150.0,ml,P-6476
I-2375,2.9,1 KG,P-3173
I-2640,4000.0,ml,P-3173
I-12339,1.0,PORT,P-3173
I-2119,10.0,ml,P-14354
I-2388,10.0,g,P-14354
I-2482,20.0,g,P-14354
I-2640,8.0,ml,P-14354
I-2355,2.5,Kg,P-3237
I-2367,30.0,Kg,P-3237
I-2640,30.0,L,P-3237
I-2920,38.0,L,P-3237
I-2958,226.0,g,P-3237
I-2919,1.0,ea,P-14357
I-2960,20.0,g,P-14357
I-13956,1.0,PORT,P-14357
P-14372,1.0,PORT,P-14357
I-16517,30.0,g,P-14357
I-2024,360.0,ml,P-6811
I-2119,1000.0,ml,P-6811
I-2436,80.0,ml,P-6811
I-2986,500.0,ml,P-6811
I-4091,8.0,g,P-6811
I-5796,60.0,ml,P-6811
I-2919,1.0,ea,P-14369
I-3914,5.0,g,P-14369
P-4326,1.0,ea,P-14369
I-11514,2.0,oz,P-14369
I-12353,0.5,piece,P-14369
I-13382,2.0,oz,P-14369
I-13956,1.0,PORT,P-14369
I-2919,1.0,ea,P-14355
P-8099,1.0,srvg,P-14355
I-13956,1.0,PORT,P-14355
P-14354,1.0,PORT,P-14355
I-1052,200.0,ml,R-15838
I-1096,375.0,ml,R-15838
I-1945,350.0,ml,R-15838
I-2640,3.5,L,R-15838
I-4825,200.0,ml,R-15838
I-5960,150.0,ml,R-15838
I-6203,100.0,ml,R-15838
I-9117,8.0,L,R-15838
I-13398,1.0,L,R-15838
I-15592,250.0,ml,R-15838
I-1649,3.5,fl oz,R-17987
I-1841,0.025,fl oz,R-17987
I-2640,10.0,ml,R-17987
I-14532,100.0,g,R-17987
I-15369,0.5,3 LTR,R-17987
I-1649,1.4,fl oz,R-18719
I-1841,1.0,fl oz,R-18719
I-1874,20.0,g,R-18719
I-1908,1.0,tsp,R-18719
I-1941,20.0,ml,R-18719
I-2068,25.0,g,R-18719
I-2087,0.01,BUNCH,R-18719
I-2367,7.0,g,R-18719
I-3230,0.5,g,R-18719
I-4091,1.0,g,R-18719
I-5731,70.0,g,R-18719
I-13813,0.01,LBS,R-18719
I-15369,0.3,3 LTR,R-18719
I-1869,20.0,L,R-12339
I-1963,3.0,ea,R-12339
I-2367,32.0,lb,R-12339
I-3251,3.0,oz,R-12339
I-1841,2.0,fl oz,R-16701
I-3230,1.0,mg,R-16701
I-4091,1.0,g,R-16701
I-4925,1000.0,g,R-16701
I-2066,500.0,g,R-18268
I-2117,500.0,g,R-18268
I-2119,30.0,ml,R-18268
I-2209,10.0,g,R-18268
I-2498,500.0,g,R-18268
I-3230,5.0,g,R-18268
I-12921,1.0,ea,R-18268
I-15554,500.0,g,R-18268
I-1093,375.0,ml,R-16654
I-1109,375.0,ml,R-16654
I-2640,2.0,L,R-16654
I-4697,3.0,ea,R-16654
I-4825,375.0,ml,R-16654
I-12929,2.0,L,R-16654
I-16461,375.0,ml,R-16654
I-16601,8.0,L,R-16654
I-1093,375.0,ml,R-11285
I-1109,375.0,ml,R-11285
I-2640,4.0,L,R-11285
I-7801,8.0,L,R-11285
I-13398,3.0,L,R-11285
I-15592,11.0,fl oz,R-11285
I-16461,375.0,ml,R-11285
I-1052,200.0,ml,R-11439
I-1093,375.0,ml,R-11439
I-1096,375.0,ml,R-11439
I-1109,200.0,ml,R-11439
I-2640,3.0,L,R-11439
I-9117,8.0,L,R-11439
I-13398,3.0,L,R-11439
I-15592,16.0,fl oz,R-11439
I-16461,375.0,ml,R-11439
I-1752,0.1,BUNCH,R-14506
I-1874,2.0,g,R-14506
I-1917,9.0,Tbsp,R-14506
I-2059,3.0,Tbsp,R-14506
I-2119,0.5,cup,R-14506
I-2442,9.0,Tbsp,R-14506
I-2640,6.0,Tbsp,R-14506
I-2920,6.0,Tbsp,R-14506
I-2958,10.0,g,R-14506
I-3804,1.0,g,R-14506
I-6204,0.25,mg,R-14506
I-2367,350.0,g,R-7119
I-2640,1.0,L,R-7119
I-2586,0.005,tank,R-13392
I-2640,1.0,oz,R-13392
I-1874,10.0,g,R-18317
I-1941,2.0,tsp,R-18317
I-2068,20.0,g,R-18317
I-2119,8.0,Tbsp,R-18317
I-2209,5.0,g,R-18317
I-2367,20.0,g,R-18317
I-3230,2.5,g,R-18317
I-3804,5.0,g,R-18317
I-15369,0.645,3 LTR,R-18317
I-1982,1.2,L,P-15419
I-5008,0.06,L,P-15419
I-2067,150.0,g,P-18358
I-2119,50.0,ml,P-18358
I-6243,2.0,fl oz,P-18358
I-1689,10.0,g,P-18361
I-1863,160.0,g,P-18361
I-2087,0.01,BUNCH,P-18361
I-2119,50.0,ml,P-18361
I-8667,2.0,fl oz,P-18361
I-15221,5.0,ml,P-18361
I-1689,10.0,g,R-15180
I-5265,1.0,slice,R-15180
I-5505,0.15,HEAD,R-15180
I-8722,50.0,ml,R-15180
I-13691,0.5,fl oz,R-15180
I-2375,4.0,1 KG,R-13956
I-13955,1.0,L,R-13956
I-1869,10.0,L,R-13955
I-2209,500.0,g,R-13955
I-2367,8.0,Kg,R-13955
I-1637,10.0,g,P-18296
I-1752,0.025,BUNCH,P-18296
I-1789,40.0,g,P-18296
I-1874,5.0,g,P-18296
I-1892,5.0,g,P-18296
I-1924,2.0,g,P-18296
I-2066,30.0,g,P-18296
I-2119,1.0,fl oz,P-18296
I-2262,2.0,g,P-18296
I-5941,30.0,g,P-18296
I-13719,1.0,ea,P-18296
I-14421,30.0,g,P-18296
I-14604,5.0,g,P-18296
I-14984,5.0,fl oz,P-18296
I-15477,1.0,PORT,P-18296
I-15554,30.0,g,P-18296
I-15834,5.8,oz,P-18296
I-16994,20.0,ml,P-18296
I-1752,0.2,BUNCH,R-15037
I-2119,120.0,ml,R-15037
I-2330,10.0,g,R-15037
I-2339,10.0,g,R-15037
I-5198,26.0,ml,R-15037
I-5264,350.0,ml,R-15037
I-5283,25.0,g,R-15037
I-5803,10.0,g,R-15037
I-13718,1.0,g,R-15037
I-13736,60.0,g,R-15037
I-4098,1.0,ea,R-15315
I-4130,1.0,ea,R-15315
I-7789,2.0,ea,R-15315
I-9186,1.0,ea,R-15315
I-1782,140.0,ml,P-18329
I-1783,140.0,ml,P-18329
I-4091,1.0,g,P-18329
I-15221,2.0,Tbsp,P-18329
I-1874,5.0,g,R-18272
I-2068,10.0,g,R-18272
I-3005,2.0,g,R-18272
I-3230,1.0,g,R-18272
I-4091,2.0,g,R-18272
I-5204,10.0,g,R-18272
I-13001,30.0,g,R-18272
I-13813,0.022,LBS,R-18272
I-14843,2.0,oz,R-18272
I-15736,1.0,slice,R-18272
P-18321,150.0,g,R-18272
P-18329,30.0,g,R-18272
I-18349,8.0,oz,R-18272
I-1841,10.0,ml,P-18330
I-1874,3.0,g,P-18330
I-2068,5.0,g,P-18330
I-3005,2.0,g,P-18330
I-3230,3.0,g,P-18330
I-4091,5.0,g,P-18330
I-5204,10.0,g,P-18330
I-15369,0.113,3 LTR,P-18330
I-15736,1.0,slice,P-18330
I-18051,50.0,g,P-18330
I-18268,60.0,g,P-18330
P-18336,170.0,g,P-18330
I-18348,5.0,g,P-18330
I-1660,150.0,ml,R-15427
I-8749,1.0,L,R-15427
I-1752,0.02,BUNCH,R-15426
I-4014,2.0,ea,R-15426
I-15425,1.0,PORT,R-15426
I-15427,1.0,fl oz,R-15426
I-1787,1.0,ea,R-15544
I-5204,15.0,g,R-15544
I-15409,2.0,ea,R-15544
I-15433,2.0,fl oz,R-15544
I-15514,4.0,slice,R-15544
I-2066,20.0,g,R-18675
I-2121,1.0,slice,R-18675
I-2402,30.0,g,R-18675
I-2432,1.0,ea,R-18675
I-5220,10.0,g,R-18675
P-6811,2.0,fl oz,R-18675
I-11706,1.0,ea,R-18675
I-13719,1.0,ea,R-18675
I-14978,1.0,ea,R-18675
I-2119,50.0,ml,P-15013
I-13694,2.0,fl oz,P-15013
I-17977,14.0,oz,P-15013
I-2087,0.1,BUNCH,P-18313
I-2119,50.0,ml,P-18313
I-4249,450.0,g,P-18313
I-1848,4.0,oz,P-18049
I-1924,1.0,g,P-18049
I-1971,0.25,ea,P-18049
I-1995,2.0,g,P-18049
I-2037,5.0,g,P-18049
I-2102,5.0,g,P-18049
I-2262,1.0,g,P-18049
I-14434,80.0,g,P-18049
I-15477,1.0,PORT,P-18049
I-15637,20.0,g,P-18049
I-17941,8.0,fl oz,P-18049
