﻿<?xml version="1.0" encoding="UTF-8" standalone="yes"?>
<Ingredients>
	<Ingredient qty="1.000" uom="Kg" recipe="P-10113" invFactor="1.0000" conversion="1.00000000" ingredient="P-48933"/>
	<Ingredient qty="10.000" uom="Kg" recipe="P-18746" invFactor="1.2048" conversion="2.20462000" ingredient="I-4792"/>
	<Ingredient qty="225.000" uom="g" recipe="P-18907" invFactor="0.1837" conversion="0.00100000" ingredient="I-3643"/>
	<Ingredient qty="1000.000" uom="g" recipe="P-18907" invFactor="0.8163" conversion="1.00000000" ingredient="I-6026"/>
	<Ingredient qty="2.270" uom="Kg" recipe="P-19175" invFactor="1.4188" conversion="2.20462000" ingredient="I-6807"/>
	<Ingredient qty="10.000" uom="Kg" recipe="P-19208" invFactor="1.2195" conversion="2.20462000" ingredient="I-4589"/>
	<Ingredient qty="1.000" uom="lb" recipe="P-24452" invFactor="1.1111" conversion="1.00000000" ingredient="I-4381"/>
	<Ingredient qty="250.000" uom="g" recipe="P-25107" invFactor="7.1429" conversion="0.00220462" ingredient="I-1490"/>
	<Ingredient qty="270.000" uom="g" recipe="P-25107" invFactor="7.7143" conversion="1.00000000" ingredient="I-19143"/>
	<Ingredient qty="900.000" uom="g" recipe="P-25107" invFactor="25.7143" conversion="0.00100000" ingredient="I-23753"/>
	<Ingredient qty="1350.000" uom="g" recipe="P-25107" invFactor="38.5714" conversion="0.00100000" ingredient="I-2986"/>
	<Ingredient qty="9.000" uom="Kg" recipe="P-25107" invFactor="0.2571" conversion="1000.00000000" ingredient="I-3006"/>
	<Ingredient qty="2250.000" uom="g" recipe="P-25107" invFactor="64.2857" conversion="0.00100000" ingredient="I-3239"/>
	<Ingredient qty="2250.000" uom="g" recipe="P-25107" invFactor="64.2857" conversion="0.00100000" ingredient="I-3321"/>
	<Ingredient qty="2700.000" uom="g" recipe="P-25107" invFactor="77.1429" conversion="0.00100000" ingredient="I-3373"/>
	<Ingredient qty="4500.000" uom="g" recipe="P-25107" invFactor="128.5714" conversion="0.00100000" ingredient="I-3471"/>
	<Ingredient qty="1800.000" uom="g" recipe="P-25107" invFactor="51.4286" conversion="0.00100000" ingredient="I-3588"/>
	<Ingredient qty="900.000" uom="g" recipe="P-25107" invFactor="25.7143" conversion="0.00100000" ingredient="I-3590"/>
	<Ingredient qty="5.000" uom="Kg" recipe="P-25107" invFactor="0.1429" conversion="1000.00000000" ingredient="I-40951"/>
	<Ingredient qty="1080.000" uom="g" recipe="P-25107" invFactor="30.8571" conversion="0.00100000" ingredient="I-48356"/>
	<Ingredient qty="2250.000" uom="ml" recipe="P-25107" invFactor="64.2857" conversion="0.00100000" ingredient="I-6006"/>
	<Ingredient qty="2.000" uom="Kg" recipe="P-25993" invFactor="0.2857" conversion="1000.00000000" ingredient="I-3642"/>
	<Ingredient qty="5.000" uom="Kg" recipe="P-25993" invFactor="0.7143" conversion="1000.00000000" ingredient="I-6026"/>
	<Ingredient qty="225.000" uom="g" recipe="P-26019" invFactor="0.1837" conversion="0.00100000" ingredient="I-3643"/>
	<Ingredient qty="1000.000" uom="g" recipe="P-26019" invFactor="0.8163" conversion="1.00000000" ingredient="I-6026"/>
	<Ingredient qty="750.000" uom="ml" recipe="P-26020" invFactor="300.0000" conversion="0.00100000" ingredient="I-3388"/>
	<Ingredient qty="2.270" uom="Kg" recipe="P-26020" invFactor="0.9080" conversion="2.20462000" ingredient="I-4657"/>
	<Ingredient qty="350.000" uom="ml" recipe="P-26067" invFactor="26.9231" conversion="0.03381406" ingredient="I-1813"/>
	<Ingredient qty="4.500" uom="Kg" recipe="P-26067" invFactor="0.3462" conversion="1.00000000" ingredient="I-19152"/>
	<Ingredient qty="6.000" uom="L" recipe="P-26067" invFactor="0.4615" conversion="1.00000000" ingredient="I-26960"/>
	<Ingredient qty="40.000" uom="g" recipe="P-26067" invFactor="3.0769" conversion="0.00100000" ingredient="I-2980"/>
	<Ingredient qty="4.000" uom="L" recipe="P-26067" invFactor="0.3077" conversion="1.00000000" ingredient="I-3337"/>
	<Ingredient qty="125.000" uom="g" recipe="P-26067" invFactor="9.6154" conversion="1.00000000" ingredient="I-3364"/>
	<Ingredient qty="225.000" uom="ml" recipe="P-26067" invFactor="17.3077" conversion="0.00100000" ingredient="I-3388"/>
	<Ingredient qty="200.000" uom="ml" recipe="P-26067" invFactor="15.3846" conversion="1.00000000" ingredient="I-3447"/>
	<Ingredient qty="75.000" uom="ml" recipe="P-26067" invFactor="5.7692" conversion="0.00100000" ingredient="I-3595"/>
	<Ingredient qty="70.000" uom="g" recipe="P-26067" invFactor="5.3846" conversion="1.00000000" ingredient="I-3639"/>
	<Ingredient qty="5.000" uom="g" recipe="P-26067" invFactor="0.3846" conversion="0.00100000" ingredient="I-3643"/>
	<Ingredient qty="400.000" uom="g" recipe="P-26067" invFactor="30.7692" conversion="0.00100000" ingredient="I-3658"/>
	<Ingredient qty="250.000" uom="ml" recipe="P-26067" invFactor="19.2308" conversion="0.00100000" ingredient="I-47774"/>
	<Ingredient qty="225.000" uom="g" recipe="P-26067" invFactor="17.3077" conversion="0.00220462" ingredient="I-4894"/>
	<Ingredient qty="4.000" uom="g" recipe="P-26067" invFactor="0.3077" conversion="1.00000000" ingredient="I-6026"/>
	<Ingredient qty="250.000" uom="ml" recipe="P-26067" invFactor="19.2308" conversion="0.03381406" ingredient="I-6443"/>
	<Ingredient qty="150.000" uom="ml" recipe="P-26068" invFactor="16.6667" conversion="0.00100000" ingredient="I-3388"/>
	<Ingredient qty="10.000" uom="Kg" recipe="P-26068" invFactor="1.1111" conversion="2.20462000" ingredient="P-24452"/>
	<Ingredient qty="40.000" uom="g" recipe="P-26068" invFactor="4.4444" conversion="1.00000000" ingredient="P-25993"/>
	<Ingredient qty="500.000" uom="g" recipe="P-26164" invFactor="74.0741" conversion="0.03527399" ingredient="I-3312"/>
	<Ingredient qty="500.000" uom="g" recipe="P-26164" invFactor="74.0741" conversion="0.03527399" ingredient="I-3629"/>
	<Ingredient qty="375.000" uom="g" recipe="P-26164" invFactor="55.5556" conversion="0.03527399" ingredient="I-3630"/>
	<Ingredient qty="250.000" uom="g" recipe="P-26164" invFactor="37.0370" conversion="1.00000000" ingredient="I-3632"/>
	<Ingredient qty="250.000" uom="g" recipe="P-26164" invFactor="37.0370" conversion="1.00000000" ingredient="I-3637"/>
	<Ingredient qty="750.000" uom="g" recipe="P-26164" invFactor="111.1111" conversion="1.00000000" ingredient="I-3640"/>
	<Ingredient qty="500.000" uom="g" recipe="P-26164" invFactor="74.0741" conversion="0.00100000" ingredient="I-3643"/>
	<Ingredient qty="1500.000" uom="g" recipe="P-26164" invFactor="222.2222" conversion="0.00100000" ingredient="I-3658"/>
	<Ingredient qty="500.000" uom="g" recipe="P-26164" invFactor="74.0741" conversion="0.00100000" ingredient="I-3660"/>
	<Ingredient qty="1000.000" uom="g" recipe="P-26164" invFactor="148.1481" conversion="1.00000000" ingredient="I-6026"/>
	<Ingredient qty="625.000" uom="g" recipe="P-26164" invFactor="92.5926" conversion="1.00000000" ingredient="I-6466"/>
	<Ingredient qty="20.000" uom="g" recipe="P-26175" invFactor="0.0455" conversion="0.00220462" ingredient="I-11215"/>
	<Ingredient qty="20.000" uom="g" recipe="P-26175" invFactor="0.0455" conversion="0.00100000" ingredient="I-11216"/>
	<Ingredient qty="40.000" uom="g" recipe="P-26175" invFactor="0.0909" conversion="0.00100000" ingredient="I-2911"/>
	<Ingredient qty="20.000" uom="g" recipe="P-26175" invFactor="0.0455" conversion="1.00000000" ingredient="I-3617"/>
	<Ingredient qty="40.000" uom="g" recipe="P-26175" invFactor="0.0909" conversion="1.00000000" ingredient="I-3620"/>
	<Ingredient qty="20.000" uom="g" recipe="P-26175" invFactor="0.0455" conversion="1.00000000" ingredient="I-3621"/>
	<Ingredient qty="20.000" uom="g" recipe="P-26175" invFactor="0.0455" conversion="1.00000000" ingredient="I-3625"/>
	<Ingredient qty="40.000" uom="g" recipe="P-26175" invFactor="0.0909" conversion="0.03527399" ingredient="I-3629"/>
	<Ingredient qty="20.000" uom="g" recipe="P-26175" invFactor="0.0455" conversion="1.00000000" ingredient="I-3632"/>
	<Ingredient qty="40.000" uom="g" recipe="P-26175" invFactor="0.0909" conversion="1.00000000" ingredient="I-3633"/>
	<Ingredient qty="20.000" uom="g" recipe="P-26175" invFactor="0.0455" conversion="1.00000000" ingredient="I-3638"/>
	<Ingredient qty="60.000" uom="g" recipe="P-26175" invFactor="0.1364" conversion="1.00000000" ingredient="I-3640"/>
	<Ingredient qty="40.000" uom="g" recipe="P-26175" invFactor="0.0909" conversion="1.00000000" ingredient="I-3654"/>
	<Ingredient qty="40.000" uom="g" recipe="P-26175" invFactor="0.0909" conversion="1.00000000" ingredient="I-42230"/>
	<Ingredient qty="125.000" uom="g" recipe="P-26175" invFactor="0.2841" conversion="1.00000000" ingredient="I-6026"/>
	<Ingredient qty="4.000" uom="Kg" recipe="P-26181" invFactor="1.3333" conversion="1.00000000" ingredient="I-3838"/>
	<Ingredient qty="100.000" uom="g" recipe="P-26181" invFactor="33.3333" conversion="1.00000000" ingredient="P-26175"/>
	<Ingredient qty="1.920" uom="L" recipe="P-26181" invFactor="0.6400" conversion="1.00000000" ingredient="P-64879"/>
	<Ingredient qty="100.000" uom="ml" recipe="P-26216" invFactor="34.4828" conversion="0.00100000" ingredient="I-3388"/>
	<Ingredient qty="1.500" uom="Kg" recipe="P-26216" invFactor="0.5172" conversion="2.20462000" ingredient="I-3416"/>
	<Ingredient qty="20.000" uom="L" recipe="P-26216" invFactor="6.8966" conversion="1.00000000" ingredient="I-5983"/>
	<Ingredient qty="10.000" uom="g" recipe="P-26216" invFactor="3.4483" conversion="1.00000000" ingredient="I-6026"/>
	<Ingredient qty="0.700" uom="pak" recipe="P-26479" invFactor="0.3500" conversion="1.00000000" ingredient="I-13327"/>
	<Ingredient qty="0.300" uom="pak" recipe="P-26479" invFactor="0.1500" conversion="1.00000000" ingredient="I-2501"/>
	<Ingredient qty="1.800" uom="L" recipe="P-26479" invFactor="0.9000" conversion="1.00000000" ingredient="I-5983"/>
	<Ingredient qty="454.000" uom="g" recipe="P-32151" invFactor="22.7000" conversion="0.00220462" ingredient="I-4933"/>
	<Ingredient qty="800.000" uom="g" recipe="P-34892" invFactor="177.7778" conversion="0.00100000" ingredient="I-14773"/>
	<Ingredient qty="3.000" uom="L" recipe="P-34892" invFactor="0.6667" conversion="1.00000000" ingredient="I-5983"/>
	<Ingredient qty="3.000" uom="lb" recipe="P-34892" invFactor="0.6667" conversion="453.59200000" ingredient="I-8060"/>
	<Ingredient qty="11.550" uom="Kg" recipe="P-35258" invFactor="1.0490" conversion="1.00000000" ingredient="P-19175"/>
	<Ingredient qty="2.000" uom="Kg" recipe="P-35691" invFactor="1.0000" conversion="1.00000000" ingredient="I-3379"/>
	<Ingredient qty="100.000" uom="g" recipe="P-35691" invFactor="50.0000" conversion="0.00100000" ingredient="I-3660"/>
	<Ingredient qty="30.000" uom="ml" recipe="P-35691" invFactor="15.0000" conversion="0.00100000" ingredient="I-5983"/>
	<Ingredient qty="2.000" uom="L" recipe="P-36566" invFactor="0.0417" conversion="1.00000000" ingredient="I-3388"/>
	<Ingredient qty="200.000" uom="g" recipe="P-36566" invFactor="4.1667" conversion="0.00220462" ingredient="I-4463"/>
	<Ingredient qty="2.000" uom="Kg" recipe="P-36566" invFactor="0.0417" conversion="2.20462000" ingredient="I-4896"/>
	<Ingredient qty="18.000" uom="L" recipe="P-36566" invFactor="0.3750" conversion="1.00000000" ingredient="I-5983"/>
	<Ingredient qty="35.000" uom="g" recipe="P-36566" invFactor="0.7292" conversion="1.00000000" ingredient="I-6026"/>
	<Ingredient qty="1.000" uom="L" recipe="P-36566" invFactor="0.0208" conversion="35.21126761" ingredient="I-6443"/>
	<Ingredient qty="20.000" uom="L" recipe="P-36566" invFactor="0.4167" conversion="1.00000000" ingredient="P-50784"/>
	<Ingredient qty="500.000" uom="ml" recipe="P-36566" invFactor="10.4167" conversion="0.00100000" ingredient="P-7444"/>
	<Ingredient qty="1.000" uom="CT" recipe="P-37297" invFactor="1.0000" conversion="1.00000000" ingredient="I-2159"/>
	<Ingredient qty="2.000" uom="L" recipe="P-38637" invFactor="1.6667" conversion="1.00000000" ingredient="I-3159"/>
	<Ingredient qty="250.000" uom="ml" recipe="P-39627" invFactor="91.9118" conversion="0.00100000" ingredient="I-3504"/>
	<Ingredient qty="4.500" uom="Kg" recipe="P-39627" invFactor="1.6544" conversion="1.00000000" ingredient="I-3851"/>
	<Ingredient qty="100.000" uom="g" recipe="P-39627" invFactor="36.7647" conversion="0.00100000" ingredient="P-26164"/>
	<Ingredient qty="454.000" uom="g" recipe="P-43606" invFactor="56.7500" conversion="1.00000000" ingredient="I-19143"/>
	<Ingredient qty="2.250" uom="Kg" recipe="P-43606" invFactor="0.2813" conversion="1.00000000" ingredient="I-3182"/>
	<Ingredient qty="3.750" uom="L" recipe="P-43606" invFactor="0.4688" conversion="1000.00000000" ingredient="I-3355"/>
	<Ingredient qty="2.000" uom="g" recipe="P-43606" invFactor="0.2500" conversion="1.00000000" ingredient="I-3617"/>
	<Ingredient qty="10.000" uom="g" recipe="P-43606" invFactor="1.2500" conversion="1.00000000" ingredient="I-3625"/>
	<Ingredient qty="2.000" uom="g" recipe="P-43606" invFactor="0.2500" conversion="1.00000000" ingredient="I-3633"/>
	<Ingredient qty="150.000" uom="ml" recipe="P-43606" invFactor="18.7500" conversion="0.00100000" ingredient="I-3670"/>
	<Ingredient qty="2.000" uom="g" recipe="P-43606" invFactor="0.2500" conversion="1.00000000" ingredient="I-6026"/>
	<Ingredient qty="10.000" uom="CT" recipe="P-43606" invFactor="1.2500" conversion="1.00000000" ingredient="I-6775"/>
	<Ingredient qty="1.000" uom="BUNCH" recipe="P-44728" invFactor="0.0222" conversion="1.00000000" ingredient="I-4772"/>
	<Ingredient qty="1.000" uom="Kg" recipe="P-44896" invFactor="2.0000" conversion="2.20462000" ingredient="I-4695"/>
	<Ingredient qty="1.000" uom="Kg" recipe="P-45047" invFactor="2.0000" conversion="2.20462000" ingredient="I-4508"/>
	<Ingredient qty="500.000" uom="ml" recipe="P-45118" invFactor="105.2632" conversion="0.00100000" ingredient="I-3387"/>
	<Ingredient qty="45.000" uom="g" recipe="P-45118" invFactor="9.4737" conversion="1.00000000" ingredient="P-18907"/>
	<Ingredient qty="5.000" uom="Kg" recipe="P-45118" invFactor="1.0526" conversion="1.00000000" ingredient="P-9851"/>
	<Ingredient qty="560.000" uom="g" recipe="P-46911" invFactor="0.1600" conversion="1.00000000" ingredient="I-51440"/>
	<Ingredient qty="15.000" uom="g" recipe="P-46911" invFactor="0.0043" conversion="1.00000000" ingredient="I-6026"/>
	<Ingredient qty="4.000" uom="Kg" recipe="P-46911" invFactor="0.0011" conversion="1.00000000" ingredient="P-9857"/>
	<Ingredient qty="48.000" uom="CT" recipe="P-48933" invFactor="8.4211" conversion="1.00000000" ingredient="I-4375"/>
	<Ingredient qty="50.000" uom="ml" recipe="P-50373" invFactor="0.0833" conversion="0.03381406" ingredient="I-1813"/>
	<Ingredient qty="500.000" uom="g" recipe="P-50373" invFactor="0.8333" conversion="0.00100000" ingredient="I-2117"/>
	<Ingredient qty="30.000" uom="g" recipe="P-50373" invFactor="0.0500" conversion="0.00100000" ingredient="P-38637"/>
	<Ingredient qty="20.000" uom="g" recipe="P-50373" invFactor="0.0333" conversion="1.00000000" ingredient="P-50517"/>
	<Ingredient qty="200.000" uom="g" recipe="P-50500" invFactor="1.0526" conversion="0.00220462" ingredient="I-4508"/>
	<Ingredient qty="450.000" uom="g" recipe="P-50517" invFactor="1.4516" conversion="0.00220462" ingredient="I-4637"/>
	<Ingredient qty="1.000" uom="LOAF" recipe="P-50725" invFactor="0.0625" conversion="1.00000000" ingredient="I-9641"/>
	<Ingredient qty="50.000" uom="ml" recipe="P-50759" invFactor="12.5000" conversion="0.00100000" ingredient="I-3386"/>
	<Ingredient qty="1.000" uom="Kg" recipe="P-50759" invFactor="0.2500" conversion="1.00000000" ingredient="P-18746"/>
	<Ingredient qty="100.000" uom="g" recipe="P-50759" invFactor="25.0000" conversion="1.00000000" ingredient="P-26019"/>
	<Ingredient qty="200.000" uom="g" recipe="P-50759" invFactor="50.0000" conversion="0.00100000" ingredient="P-45047"/>
	<Ingredient qty="1.000" uom="Kg" recipe="P-50759" invFactor="0.2500" conversion="2.20462000" ingredient="P-9748"/>
	<Ingredient qty="2.000" uom="Kg" recipe="P-50759" invFactor="0.5000" conversion="1.00000000" ingredient="P-9756"/>
	<Ingredient qty="50.000" uom="ml" recipe="P-50784" invFactor="33.3333" conversion="0.03381406" ingredient="I-1813"/>
	<Ingredient qty="12.000" uom="CT" recipe="P-50784" invFactor="8.0000" conversion="1.00000000" ingredient="I-4472"/>
	<Ingredient qty="20.000" uom="g" recipe="P-50784" invFactor="13.3333" conversion="1.00000000" ingredient="P-18907"/>
	<Ingredient qty="3.000" uom="Kg" recipe="P-50801" invFactor="1.0345" conversion="1.00000000" ingredient="I-3016"/>
	<Ingredient qty="1.000" uom="Kg" recipe="P-50966" invFactor="1.0000" conversion="2.20462000" ingredient="I-17159"/>
	<Ingredient qty="1.000" uom="Kg" recipe="P-50967" invFactor="1.0000" conversion="1.00000000" ingredient="P-19208"/>
	<Ingredient qty="1.000" uom="Kg" recipe="P-51537" invFactor="1.5385" conversion="2.20462000" ingredient="I-4848"/>
	<Ingredient qty="11.450" uom="Kg" recipe="P-51582" invFactor="1.0905" conversion="2.20462000" ingredient="I-4589"/>
	<Ingredient qty="2.500" uom="Kg" recipe="P-53003" invFactor="0.2000" conversion="2.20462000" ingredient="I-11808"/>
	<Ingredient qty="10.000" uom="Kg" recipe="P-53003" invFactor="0.8000" conversion="2.20462000" ingredient="I-13226"/>
	<Ingredient qty="15.000" uom="g" recipe="P-53448" invFactor="0.0667" conversion="0.00100000" ingredient="P-35691"/>
	<Ingredient qty="20.000" uom="g" recipe="P-53448" invFactor="0.0889" conversion="0.00100000" ingredient="P-45118"/>
	<Ingredient qty="30.000" uom="g" recipe="P-53448" invFactor="0.1333" conversion="0.00100000" ingredient="P-50759"/>
	<Ingredient qty="55.000" uom="g" recipe="P-53448" invFactor="0.2444" conversion="0.00100000" ingredient="P-50967"/>
	<Ingredient qty="8.000" uom="g" recipe="P-53448" invFactor="0.0356" conversion="0.00100000" ingredient="P-51537"/>
	<Ingredient qty="55.000" uom="g" recipe="P-53448" invFactor="0.2444" conversion="0.00100000" ingredient="P-53003"/>
	<Ingredient qty="20.000" uom="ml" recipe="P-53448" invFactor="0.0889" conversion="0.00100000" ingredient="P-58413"/>
	<Ingredient qty="100.000" uom="g" recipe="P-55818" invFactor="40.0000" conversion="0.00100000" ingredient="P-10113"/>
	<Ingredient qty="750.000" uom="g" recipe="P-55818" invFactor="300.0000" conversion="0.00100000" ingredient="P-51582"/>
	<Ingredient qty="250.000" uom="ml" recipe="P-55818" invFactor="100.0000" conversion="0.00100000" ingredient="P-56459"/>
	<Ingredient qty="750.000" uom="g" recipe="P-55818" invFactor="300.0000" conversion="0.00220462" ingredient="P-9710"/>
	<Ingredient qty="750.000" uom="g" recipe="P-55818" invFactor="300.0000" conversion="0.00220462" ingredient="P-9712"/>
	<Ingredient qty="250.000" uom="g" recipe="P-56459" invFactor="125.0000" conversion="0.95015160" ingredient="I-3370"/>
	<Ingredient qty="750.000" uom="ml" recipe="P-56459" invFactor="375.0000" conversion="0.00100000" ingredient="I-3388"/>
	<Ingredient qty="250.000" uom="g" recipe="P-56459" invFactor="125.0000" conversion="0.00100000" ingredient="I-3660"/>
	<Ingredient qty="750.000" uom="ml" recipe="P-56459" invFactor="375.0000" conversion="0.00100000" ingredient="I-9382"/>
	<Ingredient qty="20.000" uom="g" recipe="P-56459" invFactor="10.0000" conversion="1.00000000" ingredient="P-18907"/>
	<Ingredient qty="680.000" uom="g" recipe="P-57152" invFactor="170.0000" conversion="0.00220462" ingredient="I-2074"/>
	<Ingredient qty="960.000" uom="ml" recipe="P-57152" invFactor="240.0000" conversion="0.00100000" ingredient="I-2217"/>
	<Ingredient qty="1680.000" uom="g" recipe="P-57152" invFactor="420.0000" conversion="0.00100000" ingredient="I-3660"/>
	<Ingredient qty="45.000" uom="ml" recipe="P-57152" invFactor="11.2500" conversion="0.00100000" ingredient="I-5983"/>
	<Ingredient qty="1.000" uom="lb" recipe="P-57206" invFactor="1.2500" conversion="2.49226576" ingredient="I-4461"/>
	<Ingredient qty="1.000" uom="Kg" recipe="P-57236" invFactor="1.0000" conversion="1.00000000" ingredient="I-15033"/>
	<Ingredient qty="2.000" uom="g" recipe="P-58413" invFactor="2.0000" conversion="0.00100000" ingredient="I-12176"/>
	<Ingredient qty="100.000" uom="ml" recipe="P-58413" invFactor="100.0000" conversion="1.00000000" ingredient="I-21727"/>
	<Ingredient qty="50.000" uom="ml" recipe="P-58413" invFactor="50.0000" conversion="0.00100000" ingredient="I-3387"/>
	<Ingredient qty="750.000" uom="ml" recipe="P-58413" invFactor="750.0000" conversion="0.00100000" ingredient="I-3388"/>
	<Ingredient qty="60.000" uom="ml" recipe="P-58413" invFactor="60.0000" conversion="0.00100000" ingredient="I-3670"/>
	<Ingredient qty="75.000" uom="g" recipe="P-58413" invFactor="75.0000" conversion="0.00100000" ingredient="I-42143"/>
	<Ingredient qty="1.000" uom="Kg" recipe="P-62016" invFactor="0.0017" conversion="1.00000000" ingredient="I-5022"/>
	<Ingredient qty="300.000" uom="g" recipe="P-64511" invFactor="50.0000" conversion="0.00100000" ingredient="I-14179"/>
	<Ingredient qty="20.000" uom="ml" recipe="P-64511" invFactor="3.3333" conversion="0.03381406" ingredient="I-1813"/>
	<Ingredient qty="150.000" uom="g" recipe="P-64511" invFactor="25.0000" conversion="0.00100000" ingredient="I-2141"/>
	<Ingredient qty="350.000" uom="g" recipe="P-64511" invFactor="58.3333" conversion="0.00100000" ingredient="I-2146"/>
	<Ingredient qty="1.000" uom="L" recipe="P-64511" invFactor="0.1667" conversion="1.00000000" ingredient="I-2217"/>
	<Ingredient qty="100.000" uom="ml" recipe="P-64511" invFactor="16.6667" conversion="0.00100000" ingredient="I-3387"/>
	<Ingredient qty="1.000" uom="Kg" recipe="P-64511" invFactor="0.1667" conversion="2.20462000" ingredient="I-4725"/>
	<Ingredient qty="30.000" uom="g" recipe="P-64511" invFactor="5.0000" conversion="0.00100000" ingredient="P-26020"/>
	<Ingredient qty="3.000" uom="Kg" recipe="P-64511" invFactor="0.5000" conversion="1.00000000" ingredient="P-26216"/>
	<Ingredient qty="1.000" uom="Kg" recipe="P-64511" invFactor="0.1667" conversion="1.00000000" ingredient="P-7420"/>
	<Ingredient qty="50.000" uom="g" recipe="P-64688" invFactor="0.0526" conversion="0.00100000" ingredient="I-2911"/>
	<Ingredient qty="50.000" uom="g" recipe="P-64688" invFactor="0.0526" conversion="1.00000000" ingredient="I-3318"/>
	<Ingredient qty="150.000" uom="g" recipe="P-64688" invFactor="0.1579" conversion="1.00000000" ingredient="I-3632"/>
	<Ingredient qty="150.000" uom="g" recipe="P-64688" invFactor="0.1579" conversion="1.00000000" ingredient="I-3639"/>
	<Ingredient qty="50.000" uom="g" recipe="P-64688" invFactor="0.0526" conversion="1.00000000" ingredient="I-38906"/>
	<Ingredient qty="100.000" uom="g" recipe="P-64688" invFactor="0.1053" conversion="0.00220462" ingredient="I-53707"/>
	<Ingredient qty="300.000" uom="g" recipe="P-64688" invFactor="0.3158" conversion="1.00000000" ingredient="I-6026"/>
	<Ingredient qty="100.000" uom="g" recipe="P-64688" invFactor="0.1053" conversion="0.00100000" ingredient="I-6812"/>
	<Ingredient qty="34.000" uom="Kg" recipe="P-64689" invFactor="1.0000" conversion="1.00000000" ingredient="I-4010"/>
	<Ingredient qty="1.000" uom="Kg" recipe="P-64689" invFactor="0.0294" conversion="1000.00000000" ingredient="P-64688"/>
	<Ingredient qty="500.000" uom="ml" recipe="P-64715" invFactor="27.0270" conversion="0.00100000" ingredient="I-3670"/>
	<Ingredient qty="3.000" uom="lb" recipe="P-64715" invFactor="0.1622" conversion="1.00000000" ingredient="I-60804"/>
	<Ingredient qty="50.000" uom="g" recipe="P-64715" invFactor="2.7027" conversion="1.00000000" ingredient="P-18907"/>
	<Ingredient qty="80.000" uom="g" recipe="P-64715" invFactor="4.3243" conversion="1.00000000" ingredient="P-44728"/>
	<Ingredient qty="20.000" uom="Kg" recipe="P-64715" invFactor="1.0811" conversion="1.00000000" ingredient="P-9713"/>
	<Ingredient qty="700.000" uom="ml" recipe="P-64716" invFactor="154.3210" conversion="0.00100000" ingredient="I-1792"/>
	<Ingredient qty="400.000" uom="g" recipe="P-64716" invFactor="88.1834" conversion="0.00100000" ingredient="I-3239"/>
	<Ingredient qty="60.000" uom="ml" recipe="P-64716" invFactor="13.2275" conversion="0.00100000" ingredient="I-3388"/>
	<Ingredient qty="5.000" uom="Kg" recipe="P-64716" invFactor="1.1023" conversion="2.20462000" ingredient="I-4546"/>
	<Ingredient qty="2.000" uom="g" recipe="P-64716" invFactor="0.4409" conversion="1.00000000" ingredient="P-18907"/>
	<Ingredient qty="1.500" uom="Kg" recipe="P-64716" invFactor="0.3307" conversion="1.00000000" ingredient="P-26068"/>
	<Ingredient qty="125.000" uom="ml" recipe="P-64879" invFactor="65.1042" conversion="0.00100000" ingredient="I-1820"/>
	<Ingredient qty="125.000" uom="ml" recipe="P-64879" invFactor="65.1042" conversion="0.00100000" ingredient="I-3388"/>
	<Ingredient qty="340.000" uom="g" recipe="P-64879" invFactor="177.0833" conversion="0.00101284" ingredient="I-3435"/>
	<Ingredient qty="30.000" uom="ml" recipe="P-64879" invFactor="15.6250" conversion="0.00100000" ingredient="I-3572"/>
	<Ingredient qty="10.000" uom="g" recipe="P-64879" invFactor="5.2083" conversion="1.00000000" ingredient="I-3642"/>
	<Ingredient qty="125.000" uom="ml" recipe="P-64879" invFactor="65.1042" conversion="0.00100000" ingredient="I-3670"/>
	<Ingredient qty="10.000" uom="g" recipe="P-64879" invFactor="5.2083" conversion="0.00220462" ingredient="I-4657"/>
	<Ingredient qty="30.000" uom="ml" recipe="P-64879" invFactor="15.6250" conversion="0.00100000" ingredient="I-47774"/>
	<Ingredient qty="1.000" uom="L" recipe="P-64879" invFactor="0.5208" conversion="1.00000000" ingredient="I-5983"/>
	<Ingredient qty="125.000" uom="ml" recipe="P-64879" invFactor="65.1042" conversion="0.00100000" ingredient="I-9382"/>
	<Ingredient qty="2.000" uom="oz" recipe="P-7093" invFactor="0.0606" conversion="0.02834950" ingredient="I-3497"/>
	<Ingredient qty="2.000" uom="oz" recipe="P-7093" invFactor="0.0606" conversion="0.02834950" ingredient="I-3647"/>
	<Ingredient qty="4.000" uom="L" recipe="P-7093" invFactor="0.1212" conversion="1.00000000" ingredient="I-47525"/>
	<Ingredient qty="25.000" uom="lb" recipe="P-7093" invFactor="0.7576" conversion="1.00000000" ingredient="I-4819"/>
	<Ingredient qty="2.000" uom="lb" recipe="P-7093" invFactor="0.0606" conversion="453.59200000" ingredient="I-8060"/>
	<Ingredient qty="25.000" uom="Kg" recipe="P-7420" invFactor="1.3158" conversion="2.20462000" ingredient="I-4538"/>
	<Ingredient qty="1.000" uom="L" recipe="P-7444" invFactor="0.2500" conversion="1.00000000" ingredient="I-3387"/>
	<Ingredient qty="5.000" uom="lb" recipe="P-7444" invFactor="1.2500" conversion="1.00000000" ingredient="I-4657"/>
	<Ingredient qty="50.000" uom="lb" recipe="P-9710" invFactor="1.2500" conversion="1.00000000" ingredient="I-4550"/>
	<Ingredient qty="50.000" uom="lb" recipe="P-9712" invFactor="1.2500" conversion="1.00000000" ingredient="I-4556"/>
	<Ingredient qty="22.700" uom="Kg" recipe="P-9713" invFactor="1.1762" conversion="2.20462000" ingredient="I-4589"/>
	<Ingredient qty="50.000" uom="lb" recipe="P-9745" invFactor="1.0965" conversion="1.00000000" ingredient="I-17150"/>
	<Ingredient qty="1.000" uom="lb" recipe="P-9748" invFactor="1.0000" conversion="1.00000000" ingredient="P-9745"/>
	<Ingredient qty="1.000" uom="Kg" recipe="P-9756" invFactor="1.1111" conversion="2.20462000" ingredient="I-4967"/>
	<Ingredient qty="13.000" uom="lb" recipe="P-9851" invFactor="1.7370" conversion="1.00000000" ingredient="I-13050"/>
	<Ingredient qty="12.000" uom="lb" recipe="P-9851" invFactor="1.6034" conversion="1.00000000" ingredient="I-4521"/>
	<Ingredient qty="50.000" uom="ml" recipe="P-9857" invFactor="3.1494" conversion="0.00100000" ingredient="I-3386"/>
	<Ingredient qty="18.000" uom="Kg" recipe="P-9857" invFactor="1.1338" conversion="2.20462000" ingredient="I-4913"/>
	<Ingredient qty="25.000" uom="g" recipe="P-9857" invFactor="1.5747" conversion="1.00000000" ingredient="P-26019"/>
	<Ingredient qty="10.000" uom="g" recipe="R-36568" invFactor="1.0000" conversion="0.00100000" ingredient="I-2141"/>
	<Ingredient qty="15.000" uom="ml" recipe="R-36568" invFactor="1.0000" conversion="0.00100000" ingredient="I-3387"/>
	<Ingredient qty="10.000" uom="g" recipe="R-36568" invFactor="1.0000" conversion="0.00220462" ingredient="I-4463"/>
	<Ingredient qty="0.500" uom="g" recipe="R-36568" invFactor="1.0000" conversion="1.00000000" ingredient="P-25993"/>
	<Ingredient qty="120.000" uom="g" recipe="R-36568" invFactor="1.0000" conversion="0.00100000" ingredient="P-26216"/>
	<Ingredient qty="80.000" uom="ml" recipe="R-36568" invFactor="1.0000" conversion="0.00100000" ingredient="P-36566"/>
	<Ingredient qty="2.000" uom="g" recipe="R-36568" invFactor="1.0000" conversion="1.00000000" ingredient="P-50500"/>
	<Ingredient qty="30.000" uom="g" recipe="R-36568" invFactor="1.0000" conversion="0.00100000" ingredient="P-50966"/>
	<Ingredient qty="2.000" uom="fl oz" recipe="R-39628" invFactor="1.0000" conversion="0.02840000" ingredient="P-26067"/>
	<Ingredient qty="4.000" uom="oz" recipe="R-39628" invFactor="1.0000" conversion="0.02834950" ingredient="P-39627"/>
	<Ingredient qty="1.000" uom="ea" recipe="R-39864" invFactor="1.0000" conversion="1.00000000" ingredient="R-39628"/>
	<Ingredient qty="0.500" uom="CT" recipe="R-48359" invFactor="1.0000" conversion="1.00000000" ingredient="I-1197"/>
	<Ingredient qty="20.000" uom="g" recipe="R-48359" invFactor="1.0000" conversion="0.00100000" ingredient="I-2122"/>
	<Ingredient qty="30.000" uom="ml" recipe="R-48359" invFactor="1.0000" conversion="0.00100000" ingredient="P-34892"/>
	<Ingredient qty="1.000" uom="each" recipe="R-48359" invFactor="1.0000" conversion="1.00000000" ingredient="P-37297"/>
	<Ingredient qty="30.000" uom="g" recipe="R-48359" invFactor="1.0000" conversion="1.00000000" ingredient="P-62016"/>
	<Ingredient qty="100.000" uom="g" recipe="R-58256" invFactor="1.0000" conversion="0.00100000" ingredient="P-25107"/>
	<Ingredient qty="15.000" uom="ml" recipe="R-58376" invFactor="1.0000" conversion="0.00100000" ingredient="I-3670"/>
	<Ingredient qty="250.000" uom="g" recipe="R-58376" invFactor="1.0000" conversion="0.00100000" ingredient="P-43606"/>
	<Ingredient qty="10.000" uom="g" recipe="R-58376" invFactor="1.0000" conversion="0.00100000" ingredient="P-50801"/>
	<Ingredient qty="50.000" uom="g" recipe="R-58376" invFactor="1.0000" conversion="0.00220462" ingredient="P-57206"/>
	<Ingredient qty="1.000" uom="CT" recipe="R-58378" invFactor="1.0000" conversion="1.00000000" ingredient="I-6775"/>
	<Ingredient qty="120.000" uom="ml" recipe="R-58378" invFactor="1.0000" conversion="0.00100000" ingredient="P-57152"/>
	<Ingredient qty="25.000" uom="g" recipe="R-58379" invFactor="1.0000" conversion="1.00000000" ingredient="P-46911"/>
	<Ingredient qty="200.000" uom="g" recipe="R-58379" invFactor="1.0000" conversion="1.00000000" ingredient="P-53448"/>
	<Ingredient qty="40.000" uom="g" recipe="R-58379" invFactor="1.0000" conversion="0.00220462" ingredient="P-57206"/>
	<Ingredient qty="25.000" uom="g" recipe="R-58379" invFactor="1.0000" conversion="0.00100000" ingredient="P-57236"/>
	<Ingredient qty="1.000" uom="ea" recipe="R-61129" invFactor="1.0000" conversion="1.00000000" ingredient="R-36568"/>
	<Ingredient qty="1.000" uom="ea" recipe="R-62971" invFactor="1.0000" conversion="1.00000000" ingredient="I-39064"/>
	<Ingredient qty="1.000" uom="ea" recipe="R-62972" invFactor="1.0000" conversion="1.00000000" ingredient="I-39063"/>
	<Ingredient qty="1.000" uom="ea" recipe="R-63542" invFactor="1.0000" conversion="1.00000000" ingredient="R-48359"/>
	<Ingredient qty="1.000" uom="g" recipe="R-64512" invFactor="1.0000" conversion="0.00100000" ingredient="P-44896"/>
	<Ingredient qty="350.000" uom="g" recipe="R-64512" invFactor="1.0000" conversion="0.00100000" ingredient="P-64511"/>
	<Ingredient qty="340.000" uom="g" recipe="R-64739" invFactor="1.0000" conversion="0.00100000" ingredient="P-64689"/>
	<Ingredient qty="340.000" uom="g" recipe="R-64740" invFactor="1.0000" conversion="0.00100000" ingredient="P-64689"/>
	<Ingredient qty="30.000" uom="g" recipe="R-64740" invFactor="1.0000" conversion="0.00100000" ingredient="P-64715"/>
	<Ingredient qty="30.000" uom="g" recipe="R-64740" invFactor="1.0000" conversion="0.00100000" ingredient="P-64716"/>
	<Ingredient qty="70.000" uom="g" recipe="R-64740" invFactor="1.0000" conversion="0.00100000" ingredient="P-7093"/>
	<Ingredient qty="340.000" uom="g" recipe="R-64741" invFactor="1.0000" conversion="0.00100000" ingredient="P-64689"/>
	<Ingredient qty="60.000" uom="g" recipe="R-64741" invFactor="1.0000" conversion="0.00100000" ingredient="P-64715"/>
	<Ingredient qty="60.000" uom="g" recipe="R-64741" invFactor="1.0000" conversion="0.00100000" ingredient="P-64716"/>
	<Ingredient qty="140.000" uom="g" recipe="R-64741" invFactor="1.0000" conversion="0.00100000" ingredient="P-7093"/>
	<Ingredient qty="1.000" uom="CT" recipe="R-64997" invFactor="1.0000" conversion="1.00000000" ingredient="I-1252"/>
	<Ingredient qty="35.000" uom="g" recipe="R-64997" invFactor="1.0000" conversion="0.00220462" ingredient="I-5115"/>
	<Ingredient qty="3.000" uom="slice" recipe="R-64997" invFactor="1.0000" conversion="1.00000000" ingredient="P-32151"/>
	<Ingredient qty="10.000" uom="g" recipe="R-64997" invFactor="1.0000" conversion="0.00100000" ingredient="P-35258"/>
	<Ingredient qty="25.000" uom="g" recipe="R-64997" invFactor="1.0000" conversion="1.00000000" ingredient="P-50373"/>
	<Ingredient qty="1.000" uom="ea" recipe="R-65541" invFactor="1.0000" conversion="1.00000000" ingredient="I-2959"/>
	<Ingredient qty="1.000" uom="CT" recipe="R-65639" invFactor="1.0000" conversion="1.00000000" ingredient="I-1254"/>
	<Ingredient qty="30.000" uom="ml" recipe="R-65639" invFactor="1.0000" conversion="0.00100000" ingredient="I-60772"/>
	<Ingredient qty="80.000" uom="g" recipe="R-65639" invFactor="1.0000" conversion="0.00100000" ingredient="P-26181"/>
	<Ingredient qty="40.000" uom="g" recipe="R-65639" invFactor="1.0000" conversion="0.00100000" ingredient="P-55818"/>
	<Ingredient qty="1.000" uom="ea" recipe="R-65642" invFactor="1.0000" conversion="1.00000000" ingredient="R-65639"/>
	<Ingredient qty="1.000" uom="ea" recipe="R-65791" invFactor="1.0000" conversion="1.00000000" ingredient="P-50725"/>
	<Ingredient qty="1.000" uom="ml" recipe="R-67293" invFactor="1.0000" conversion="0.00100000" ingredient="I-16984"/>
	<Ingredient qty="15.000" uom="ml" recipe="R-67293" invFactor="1.0000" conversion="0.00100000" ingredient="I-2205"/>
	<Ingredient qty="10.000" uom="ml" recipe="R-67293" invFactor="1.0000" conversion="0.00100000" ingredient="I-2220"/>
	<Ingredient qty="360.000" uom="ml" recipe="R-67293" invFactor="1.0000" conversion="0.00100000" ingredient="P-26479"/>
	<Ingredient qty="1.000" uom="ea" recipe="R-67294" invFactor="1.0000" conversion="1.00000000" ingredient="R-67293"/>
</Ingredients>
