﻿<?xml version="1.0" encoding="UTF-8" standalone="yes"?>
<Items>
	<Item id="I-3617" active="Y" keyItem="Y" actualize="N">
		<Description>ALLSPICE GROUND SHAKER </Description>
		<Cost>0.0203</Cost>
		<CaseQty>8.000</CaseQty>
		<CaseUOM>each</CaseUOM>
		<PakQty>454.000</PakQty>
		<PakUOM>g</PakUOM>
		<Comments/>
		<InventoryGroup id="18">SPICES</InventoryGroup>
		<SalesCategory id="2">Food</SalesCategory>
		<Location id="299">OK - STORES AISLE #1</Location>
		<ExpenseAccount id="22" ref="SC0070" type="C" locked="N">COS-Food NoTax</ExpenseAccount>
		<IncomeAccount id="14" ref="Gross Sales" type="I" locked="Y">Gross Sales</IncomeAccount>
	</Item>
	<Item id="I-6775" active="Y" keyItem="Y" actualize="N">
		<Description>APPLES GALA ROYAL </Description>
		<Cost>0.5960</Cost>
		<CaseQty>100.000</CaseQty>
		<CaseUOM>CT</CaseUOM>
		<PakQty>1.000</PakQty>
		<PakUOM>CT</PakUOM>
		<Comments/>
		<InventoryGroup id="4">PRODUCE</InventoryGroup>
		<SalesCategory id="2">Food</SalesCategory>
		<Location id="303">OK - PRODUCE COOLER</Location>
		<ExpenseAccount id="22" ref="SC0070" type="C" locked="N">COS-Food NoTax</ExpenseAccount>
		<IncomeAccount id="14" ref="Gross Sales" type="I" locked="Y">Gross Sales</IncomeAccount>
	</Item>
	<Item id="I-4461" active="Y" keyItem="Y" actualize="N">
		<Description>APPLES GALA ROYAL BC</Description>
		<Cost>0.4955</Cost>
		<CaseQty>100.000</CaseQty>
		<CaseUOM>CT</CaseUOM>
		<PakQty>1.000</PakQty>
		<PakUOM>CT</PakUOM>
		<Comments/>
		<InventoryGroup id="4">PRODUCE</InventoryGroup>
		<SalesCategory id="2">Food</SalesCategory>
		<Location id="449">OK - ARCHIVE</Location>
		<ExpenseAccount id="22" ref="SC0070" type="C" locked="N">COS-Food NoTax</ExpenseAccount>
		<IncomeAccount id="14" ref="Gross Sales" type="I" locked="Y">Gross Sales</IncomeAccount>
	</Item>
	<Item id="I-4472" active="Y" keyItem="Y" actualize="N">
		<Description>AVOCADO MX</Description>
		<Cost>1.2450</Cost>
		<CaseQty>20.000</CaseQty>
		<CaseUOM>CT</CaseUOM>
		<PakQty>1.000</PakQty>
		<PakUOM>CT</PakUOM>
		<Comments/>
		<InventoryGroup id="4">PRODUCE</InventoryGroup>
		<SalesCategory id="2">Food</SalesCategory>
		<Location id="303">OK - PRODUCE COOLER</Location>
		<ExpenseAccount id="22" ref="SC0070" type="C" locked="N">COS-Food NoTax</ExpenseAccount>
		<IncomeAccount id="14" ref="Gross Sales" type="I" locked="Y">Gross Sales</IncomeAccount>
	</Item>
	<Item id="I-1252" active="Y" keyItem="Y" actualize="N">
		<Description>BAGEL PLAIN  SLICED 4OZ</Description>
		<Cost>0.3814</Cost>
		<CaseQty>72.000</CaseQty>
		<CaseUOM>CT</CaseUOM>
		<PakQty>1.000</PakQty>
		<PakUOM>CT</PakUOM>
		<Comments/>
		<InventoryGroup id="11">BREAD</InventoryGroup>
		<SalesCategory id="2">Food</SalesCategory>
		<Location id="253">OK - SERVE BAKESHOP</Location>
		<ExpenseAccount id="22" ref="SC0070" type="C" locked="N">COS-Food NoTax</ExpenseAccount>
		<IncomeAccount id="14" ref="Gross Sales" type="I" locked="Y">Gross Sales</IncomeAccount>
	</Item>
	<Item id="I-38906" active="Y" keyItem="Y" actualize="N">
		<Description>BASIL RUBBED</Description>
		<Cost>0.0263</Cost>
		<CaseQty>1.000</CaseQty>
		<CaseUOM>each</CaseUOM>
		<PakQty>200.000</PakQty>
		<PakUOM>g</PakUOM>
		<Comments>Price agreement 2017 </Comments>
		<InventoryGroup id="18">SPICES</InventoryGroup>
		<SalesCategory id="2">Food</SalesCategory>
		<Location id="299">OK - STORES AISLE #1</Location>
		<ExpenseAccount id="22" ref="SC0070" type="C" locked="N">COS-Food NoTax</ExpenseAccount>
		<IncomeAccount id="14" ref="Gross Sales" type="I" locked="Y">Gross Sales</IncomeAccount>
	</Item>
	<Item id="I-3838" active="Y" keyItem="Y" actualize="N">
		<Description>BEEF BRISKET BNLS 3/4&quot; AAA</Description>
		<Cost>13.9800</Cost>
		<CaseQty>1.000</CaseQty>
		<CaseUOM>Kg</CaseUOM>
		<PakQty>1.000</PakQty>
		<PakUOM>Kg</PakUOM>
		<Comments/>
		<InventoryGroup id="5">MEAT</InventoryGroup>
		<SalesCategory id="2">Food</SalesCategory>
		<Location id="302">OK - FREEZER</Location>
		<ExpenseAccount id="22" ref="SC0070" type="C" locked="N">COS-Food NoTax</ExpenseAccount>
		<IncomeAccount id="14" ref="Gross Sales" type="I" locked="Y">Gross Sales</IncomeAccount>
	</Item>
	<Item id="I-4521" active="Y" keyItem="Y" actualize="N">
		<Description>BEETS BC</Description>
		<Cost>1.5605</Cost>
		<CaseQty>25.000</CaseQty>
		<CaseUOM>lb</CaseUOM>
		<PakQty>1.000</PakQty>
		<PakUOM>lb</PakUOM>
		<Comments/>
		<InventoryGroup id="4">PRODUCE</InventoryGroup>
		<SalesCategory id="2">Food</SalesCategory>
		<Location id="449">OK - ARCHIVE</Location>
		<ExpenseAccount id="22" ref="SC0070" type="C" locked="N">COS-Food NoTax</ExpenseAccount>
		<IncomeAccount id="14" ref="Gross Sales" type="I" locked="Y">Gross Sales</IncomeAccount>
	</Item>
	<Item id="I-13050" active="Y" keyItem="Y" actualize="N">
		<Description>BEETS GOLDEN UBC</Description>
		<Cost>2.5000</Cost>
		<CaseQty>1.000</CaseQty>
		<CaseUOM>lb</CaseUOM>
		<PakQty>1.000</PakQty>
		<PakUOM>lb</PakUOM>
		<Comments/>
		<InventoryGroup id="4">PRODUCE</InventoryGroup>
		<SalesCategory id="2">Food</SalesCategory>
		<Location id="303">OK - PRODUCE COOLER</Location>
		<ExpenseAccount id="22" ref="SC0070" type="C" locked="N">COS-Food NoTax</ExpenseAccount>
		<IncomeAccount id="14" ref="Gross Sales" type="I" locked="Y">Gross Sales</IncomeAccount>
	</Item>
	<Item id="I-4538" active="Y" keyItem="Y" actualize="N">
		<Description>BROCCOLI CROWNS ( ICE-LESS )</Description>
		<Cost>4.0079</Cost>
		<CaseQty>20.000</CaseQty>
		<CaseUOM>lb</CaseUOM>
		<PakQty>1.000</PakQty>
		<PakUOM>lb</PakUOM>
		<Comments/>
		<InventoryGroup id="4">PRODUCE</InventoryGroup>
		<SalesCategory id="2">Food</SalesCategory>
		<Location id="500">OK - PROCESSED </Location>
		<ExpenseAccount id="22" ref="SC0070" type="C" locked="N">COS-Food NoTax</ExpenseAccount>
		<IncomeAccount id="14" ref="Gross Sales" type="I" locked="Y">Gross Sales</IncomeAccount>
	</Item>
	<Item id="I-4546" active="Y" keyItem="Y" actualize="N">
		<Description>BRUSSEL SPROUTS US</Description>
		<Cost>2.0480</Cost>
		<CaseQty>25.000</CaseQty>
		<CaseUOM>lb</CaseUOM>
		<PakQty>1.000</PakQty>
		<PakUOM>lb</PakUOM>
		<Comments/>
		<InventoryGroup id="4">PRODUCE</InventoryGroup>
		<SalesCategory id="2">Food</SalesCategory>
		<Location id="303">OK - PRODUCE COOLER</Location>
		<ExpenseAccount id="22" ref="SC0070" type="C" locked="N">COS-Food NoTax</ExpenseAccount>
		<IncomeAccount id="14" ref="Gross Sales" type="I" locked="Y">Gross Sales</IncomeAccount>
	</Item>
	<Item id="I-2074" active="Y" keyItem="Y" actualize="N">
		<Description>BUTTER UNSALTED (25/1LB) </Description>
		<Cost>4.8820</Cost>
		<CaseQty>25.000</CaseQty>
		<CaseUOM>lb</CaseUOM>
		<PakQty>1.000</PakQty>
		<PakUOM>lb</PakUOM>
		<Comments/>
		<InventoryGroup id="9">DAIRY</InventoryGroup>
		<SalesCategory id="2">Food</SalesCategory>
		<Location id="13">DAIRY</Location>
		<ExpenseAccount id="22" ref="SC0070" type="C" locked="N">COS-Food NoTax</ExpenseAccount>
		<IncomeAccount id="14" ref="Gross Sales" type="I" locked="Y">Gross Sales</IncomeAccount>
	</Item>
	<Item id="I-8060" active="Y" keyItem="Y" actualize="N">
		<Description>BUTTER UNSALTED FRS 454G</Description>
		<Cost>0.0146</Cost>
		<CaseQty>1.000</CaseQty>
		<CaseUOM>ea</CaseUOM>
		<PakQty>454.000</PakQty>
		<PakUOM>g</PakUOM>
		<Comments>PRICE INCREASE ACCEPTED NOVEMBER 2019</Comments>
		<InventoryGroup id="9">DAIRY</InventoryGroup>
		<SalesCategory id="2">Food</SalesCategory>
		<Location id="301">OK - DAIRY COOLER</Location>
		<ExpenseAccount id="22" ref="SC0070" type="C" locked="N">COS-Food NoTax</ExpenseAccount>
		<IncomeAccount id="14" ref="Gross Sales" type="I" locked="Y">Gross Sales</IncomeAccount>
	</Item>
	<Item id="I-60804" active="Y" keyItem="Y" actualize="N">
		<Description>BUTTER VEGAN PLANT BASED</Description>
		<Cost>3.6237</Cost>
		<CaseQty>30.000</CaseQty>
		<CaseUOM>lb</CaseUOM>
		<PakQty>1.000</PakQty>
		<PakUOM>lb</PakUOM>
		<Comments/>
		<InventoryGroup id="9">DAIRY</InventoryGroup>
		<SalesCategory id="2">Food</SalesCategory>
		<Location id="500">OK - PROCESSED </Location>
		<ExpenseAccount id="22" ref="SC0070" type="C" locked="N">COS-Food NoTax</ExpenseAccount>
		<IncomeAccount id="14" ref="Gross Sales" type="I" locked="Y">Gross Sales</IncomeAccount>
	</Item>
	<Item id="I-4550" active="Y" keyItem="Y" actualize="N">
		<Description>CABBAGE GREEN BC</Description>
		<Cost>1.1930</Cost>
		<CaseQty>50.000</CaseQty>
		<CaseUOM>lb</CaseUOM>
		<PakQty>1.000</PakQty>
		<PakUOM>lb</PakUOM>
		<Comments/>
		<InventoryGroup id="4">PRODUCE</InventoryGroup>
		<SalesCategory id="2">Food</SalesCategory>
		<Location id="303">OK - PRODUCE COOLER</Location>
		<ExpenseAccount id="22" ref="SC0070" type="C" locked="N">COS-Food NoTax</ExpenseAccount>
		<IncomeAccount id="14" ref="Gross Sales" type="I" locked="Y">Gross Sales</IncomeAccount>
	</Item>
	<Item id="I-4556" active="Y" keyItem="Y" actualize="N">
		<Description>CABBAGE REDBC</Description>
		<Cost>1.0720</Cost>
		<CaseQty>50.000</CaseQty>
		<CaseUOM>lb</CaseUOM>
		<PakQty>1.000</PakQty>
		<PakUOM>lb</PakUOM>
		<Comments/>
		<InventoryGroup id="4">PRODUCE</InventoryGroup>
		<SalesCategory id="2">Food</SalesCategory>
		<Location id="303">OK - PRODUCE COOLER</Location>
		<ExpenseAccount id="22" ref="SC0070" type="C" locked="N">COS-Food NoTax</ExpenseAccount>
		<IncomeAccount id="14" ref="Gross Sales" type="I" locked="Y">Gross Sales</IncomeAccount>
	</Item>
	<Item id="I-3159" active="Y" keyItem="Y" actualize="N">
		<Description>CAPER CAPUCINE 2L</Description>
		<Cost>8.6650</Cost>
		<CaseQty>2.000</CaseQty>
		<CaseUOM>bottle</CaseUOM>
		<PakQty>2.000</PakQty>
		<PakUOM>L</PakUOM>
		<Comments/>
		<InventoryGroup id="16">FOOD - GROCERY</InventoryGroup>
		<SalesCategory id="2">Food</SalesCategory>
		<Location id="490">OK - STORES AISLE #2</Location>
		<ExpenseAccount id="22" ref="SC0070" type="C" locked="N">COS-Food NoTax</ExpenseAccount>
		<IncomeAccount id="14" ref="Gross Sales" type="I" locked="Y">Gross Sales</IncomeAccount>
	</Item>
	<Item id="I-3620" active="Y" keyItem="Y" actualize="N">
		<Description>CARDAMOM GROUND</Description>
		<Cost>0.1042</Cost>
		<CaseQty>1.000</CaseQty>
		<CaseUOM>each</CaseUOM>
		<PakQty>454.000</PakQty>
		<PakUOM>g</PakUOM>
		<Comments/>
		<InventoryGroup id="18">SPICES</InventoryGroup>
		<SalesCategory id="2">Food</SalesCategory>
		<Location id="299">OK - STORES AISLE #1</Location>
		<ExpenseAccount id="22" ref="SC0070" type="C" locked="N">COS-Food NoTax</ExpenseAccount>
		<IncomeAccount id="14" ref="Gross Sales" type="I" locked="Y">Gross Sales</IncomeAccount>
	</Item>
	<Item id="I-4589" active="Y" keyItem="Y" actualize="N">
		<Description>CARROTS JUMBO BC</Description>
		<Cost>0.3410</Cost>
		<CaseQty>50.000</CaseQty>
		<CaseUOM>lb</CaseUOM>
		<PakQty>1.000</PakQty>
		<PakUOM>lb</PakUOM>
		<Comments/>
		<InventoryGroup id="4">PRODUCE</InventoryGroup>
		<SalesCategory id="2">Food</SalesCategory>
		<Location id="449">OK - ARCHIVE</Location>
		<ExpenseAccount id="22" ref="SC0070" type="C" locked="N">COS-Food NoTax</ExpenseAccount>
		<IncomeAccount id="14" ref="Gross Sales" type="I" locked="Y">Gross Sales</IncomeAccount>
	</Item>
	<Item id="I-3621" active="Y" keyItem="Y" actualize="N">
		<Description>CAYENNE GROUND TFC</Description>
		<Cost>0.0088</Cost>
		<CaseQty>5.000</CaseQty>
		<CaseUOM>lb</CaseUOM>
		<PakQty>454.000</PakQty>
		<PakUOM>g</PakUOM>
		<Comments/>
		<InventoryGroup id="18">SPICES</InventoryGroup>
		<SalesCategory id="2">Food</SalesCategory>
		<Location id="299">OK - STORES AISLE #1</Location>
		<ExpenseAccount id="22" ref="SC0070" type="C" locked="N">COS-Food NoTax</ExpenseAccount>
		<IncomeAccount id="14" ref="Gross Sales" type="I" locked="Y">Gross Sales</IncomeAccount>
	</Item>
	<Item id="I-3182" active="Y" keyItem="Y" actualize="N">
		<Description>CEREAL OAT QUICK TFC</Description>
		<Cost>2.4720</Cost>
		<CaseQty>1.000</CaseQty>
		<CaseUOM>bag</CaseUOM>
		<PakQty>10.000</PakQty>
		<PakUOM>Kg</PakUOM>
		<Comments/>
		<InventoryGroup id="16">FOOD - GROCERY</InventoryGroup>
		<SalesCategory id="2">Food</SalesCategory>
		<Location id="299">OK - STORES AISLE #1</Location>
		<ExpenseAccount id="22" ref="SC0070" type="C" locked="N">COS-Food NoTax</ExpenseAccount>
		<IncomeAccount id="14" ref="Gross Sales" type="I" locked="Y">Gross Sales</IncomeAccount>
	</Item>
	<Item id="I-2117" active="Y" keyItem="Y" actualize="N">
		<Description>CHEESE CREAM PLAIN TFC</Description>
		<Cost>10.0044</Cost>
		<CaseQty>6.000</CaseQty>
		<CaseUOM>BLOCK</CaseUOM>
		<PakQty>1.500</PakQty>
		<PakUOM>Kg</PakUOM>
		<Comments/>
		<InventoryGroup id="9">DAIRY</InventoryGroup>
		<SalesCategory id="2">Food</SalesCategory>
		<Location id="449">OK - ARCHIVE</Location>
		<ExpenseAccount id="22" ref="SC0070" type="C" locked="N">COS-Food NoTax</ExpenseAccount>
		<IncomeAccount id="14" ref="Gross Sales" type="I" locked="Y">Gross Sales</IncomeAccount>
	</Item>
	<Item id="I-2122" active="Y" keyItem="Y" actualize="N">
		<Description>CHEESE FETA IN BRINE</Description>
		<Cost>15.0133</Cost>
		<CaseQty>3.000</CaseQty>
		<CaseUOM>Kg</CaseUOM>
		<PakQty>1.000</PakQty>
		<PakUOM>Kg</PakUOM>
		<Comments/>
		<InventoryGroup id="9">DAIRY</InventoryGroup>
		<SalesCategory id="2">Food</SalesCategory>
		<Location id="301">OK - DAIRY COOLER</Location>
		<ExpenseAccount id="22" ref="SC0070" type="C" locked="N">COS-Food NoTax</ExpenseAccount>
		<IncomeAccount id="14" ref="Gross Sales" type="I" locked="Y">Gross Sales</IncomeAccount>
	</Item>
	<Item id="I-15033" active="Y" keyItem="Y" actualize="N">
		<Description>CHEESE GOAT CHEVRE LOG FRSH</Description>
		<Cost>18.3850</Cost>
		<CaseQty>2.000</CaseQty>
		<CaseUOM>CT</CaseUOM>
		<PakQty>1.000</PakQty>
		<PakUOM>Kg</PakUOM>
		<Comments/>
		<InventoryGroup id="9">DAIRY</InventoryGroup>
		<SalesCategory id="2">Food</SalesCategory>
		<Location id="449">OK - ARCHIVE</Location>
		<ExpenseAccount id="22" ref="SC0070" type="C" locked="N">COS-Food NoTax</ExpenseAccount>
		<IncomeAccount id="14" ref="Gross Sales" type="I" locked="Y">Gross Sales</IncomeAccount>
	</Item>
	<Item id="I-14179" active="Y" keyItem="Y" actualize="N">
		<Description>CHEESE MOZZA*SHRED PIZZA BLEND</Description>
		<Cost>13.9870</Cost>
		<CaseQty>4.000</CaseQty>
		<CaseUOM>bag</CaseUOM>
		<PakQty>2.500</PakQty>
		<PakUOM>Kg</PakUOM>
		<Comments/>
		<InventoryGroup id="9">DAIRY</InventoryGroup>
		<SalesCategory id="2">Food</SalesCategory>
		<Location id="301">OK - DAIRY COOLER</Location>
		<ExpenseAccount id="22" ref="SC0070" type="C" locked="N">COS-Food NoTax</ExpenseAccount>
		<IncomeAccount id="14" ref="Gross Sales" type="I" locked="Y">Gross Sales</IncomeAccount>
	</Item>
	<Item id="I-2141" active="Y" keyItem="Y" actualize="N">
		<Description>CHEESE PARM SHRED*</Description>
		<Cost>23.6900</Cost>
		<CaseQty>2.000</CaseQty>
		<CaseUOM>Kg</CaseUOM>
		<PakQty>1.000</PakQty>
		<PakUOM>Kg</PakUOM>
		<Comments>PRICE CHANGE AUGUST 2019</Comments>
		<InventoryGroup id="9">DAIRY</InventoryGroup>
		<SalesCategory id="2">Food</SalesCategory>
		<Location id="301">OK - DAIRY COOLER</Location>
		<ExpenseAccount id="22" ref="SC0070" type="C" locked="N">COS-Food NoTax</ExpenseAccount>
		<IncomeAccount id="14" ref="Gross Sales" type="I" locked="Y">Gross Sales</IncomeAccount>
	</Item>
	<Item id="I-2146" active="Y" keyItem="Y" actualize="N">
		<Description>CHEESE RICOTTA BARI</Description>
		<Cost>10.1500</Cost>
		<CaseQty>4.000</CaseQty>
		<CaseUOM>Kg</CaseUOM>
		<PakQty>1.000</PakQty>
		<PakUOM>Kg</PakUOM>
		<Comments/>
		<InventoryGroup id="9">DAIRY</InventoryGroup>
		<SalesCategory id="2">Food</SalesCategory>
		<Location id="301">OK - DAIRY COOLER</Location>
		<ExpenseAccount id="22" ref="SC0070" type="C" locked="N">COS-Food NoTax</ExpenseAccount>
		<IncomeAccount id="14" ref="Gross Sales" type="I" locked="Y">Gross Sales</IncomeAccount>
	</Item>
	<Item id="I-19152" active="Y" keyItem="Y" actualize="N">
		<Description>CHERRIES SOUR IQF</Description>
		<Cost>7.1400</Cost>
		<CaseQty>18.000</CaseQty>
		<CaseUOM>Kg</CaseUOM>
		<PakQty>1.000</PakQty>
		<PakUOM>Kg</PakUOM>
		<Comments/>
		<InventoryGroup id="4">PRODUCE</InventoryGroup>
		<SalesCategory id="2">Food</SalesCategory>
		<Location id="302">OK - FREEZER</Location>
		<ExpenseAccount id="22" ref="SC0070" type="C" locked="N">COS-Food NoTax</ExpenseAccount>
		<IncomeAccount id="14" ref="Gross Sales" type="I" locked="Y">Gross Sales</IncomeAccount>
	</Item>
	<Item id="I-19143" active="Y" keyItem="Y" actualize="N">
		<Description>CHIA SEEDS BLACK ORGANIC</Description>
		<Cost>0.0125</Cost>
		<CaseQty>1.000</CaseQty>
		<CaseUOM>each</CaseUOM>
		<PakQty>2000.000</PakQty>
		<PakUOM>g</PakUOM>
		<Comments/>
		<InventoryGroup id="18">SPICES</InventoryGroup>
		<SalesCategory id="2">Food</SalesCategory>
		<Location id="493">OK - STORES AISLE #5</Location>
		<ExpenseAccount id="22" ref="SC0070" type="C" locked="N">COS-Food NoTax</ExpenseAccount>
		<IncomeAccount id="14" ref="Gross Sales" type="I" locked="Y">Gross Sales</IncomeAccount>
	</Item>
	<Item id="I-4010" active="Y" keyItem="Y" actualize="N">
		<Description>CHICK THIGH BONE IN HALAL</Description>
		<Cost>7.9900</Cost>
		<CaseQty>1.000</CaseQty>
		<CaseUOM>Kg</CaseUOM>
		<PakQty>1.000</PakQty>
		<PakUOM>Kg</PakUOM>
		<Comments/>
		<InventoryGroup id="30">POULTRY</InventoryGroup>
		<SalesCategory id="2">Food</SalesCategory>
		<Location id="304">OK - MEAT COOLER</Location>
		<ExpenseAccount id="22" ref="SC0070" type="C" locked="N">COS-Food NoTax</ExpenseAccount>
		<IncomeAccount id="14" ref="Gross Sales" type="I" locked="Y">Gross Sales</IncomeAccount>
	</Item>
	<Item id="I-2959" active="Y" keyItem="Y" actualize="N">
		<Description>CHIP BANANA PACKAGED</Description>
		<Cost>2.1375</Cost>
		<CaseQty>8.000</CaseQty>
		<CaseUOM>each</CaseUOM>
		<PakQty>1.000</PakQty>
		<PakUOM>ea</PakUOM>
		<Comments/>
		<InventoryGroup id="16">FOOD - GROCERY</InventoryGroup>
		<SalesCategory id="2">Food</SalesCategory>
		<Location id="485">OK - SERVE G&amp;G</Location>
		<ExpenseAccount id="23" ref="SC0314" type="C" locked="N">COS-Snacks|Bev [GST]</ExpenseAccount>
		<IncomeAccount id="14" ref="Gross Sales" type="I" locked="Y">Gross Sales</IncomeAccount>
	</Item>
	<Item id="I-1254" active="Y" keyItem="Y" actualize="N">
		<Description>CIABATTA BUN 5&quot;X 5&quot; PLAIN </Description>
		<Cost>0.6433</Cost>
		<CaseQty>12.000</CaseQty>
		<CaseUOM>CT</CaseUOM>
		<PakQty>1.000</PakQty>
		<PakUOM>CT</PakUOM>
		<Comments/>
		<InventoryGroup id="11">BREAD</InventoryGroup>
		<SalesCategory id="2">Food</SalesCategory>
		<Location id="306">OK - BREAD STORAGE</Location>
		<ExpenseAccount id="22" ref="SC0070" type="C" locked="N">COS-Food NoTax</ExpenseAccount>
		<IncomeAccount id="14" ref="Gross Sales" type="I" locked="Y">Gross Sales</IncomeAccount>
	</Item>
	<Item id="I-3625" active="Y" keyItem="Y" actualize="N">
		<Description>CINNAMON GROUND SHAKER </Description>
		<Cost>0.0117</Cost>
		<CaseQty>8.000</CaseQty>
		<CaseUOM>each</CaseUOM>
		<PakQty>454.000</PakQty>
		<PakUOM>g</PakUOM>
		<Comments/>
		<InventoryGroup id="18">SPICES</InventoryGroup>
		<SalesCategory id="2">Food</SalesCategory>
		<Location id="299">OK - STORES AISLE #1</Location>
		<ExpenseAccount id="22" ref="SC0070" type="C" locked="N">COS-Food NoTax</ExpenseAccount>
		<IncomeAccount id="14" ref="Gross Sales" type="I" locked="Y">Gross Sales</IncomeAccount>
	</Item>
	<Item id="I-11215" active="Y" keyItem="Y" actualize="N">
		<Description>CLOVES (WHOLE)</Description>
		<Cost>19.9301</Cost>
		<CaseQty>1.000</CaseQty>
		<CaseUOM>each</CaseUOM>
		<PakQty>1.001</PakQty>
		<PakUOM>lb</PakUOM>
		<Comments/>
		<InventoryGroup id="18">SPICES</InventoryGroup>
		<SalesCategory id="2">Food</SalesCategory>
		<Location id="299">OK - STORES AISLE #1</Location>
		<ExpenseAccount id="22" ref="SC0070" type="C" locked="N">COS-Food NoTax</ExpenseAccount>
		<IncomeAccount id="14" ref="Gross Sales" type="I" locked="Y">Gross Sales</IncomeAccount>
	</Item>
	<Item id="I-2980" active="Y" keyItem="Y" actualize="N">
		<Description>COCOA POWDER 3 KG</Description>
		<Cost>11.8667</Cost>
		<CaseQty>3.000</CaseQty>
		<CaseUOM>Kg</CaseUOM>
		<PakQty>1.000</PakQty>
		<PakUOM>Kg</PakUOM>
		<Comments/>
		<InventoryGroup id="16">FOOD - GROCERY</InventoryGroup>
		<SalesCategory id="2">Food</SalesCategory>
		<Location id="299">OK - STORES AISLE #1</Location>
		<ExpenseAccount id="22" ref="SC0070" type="C" locked="N">COS-Food NoTax</ExpenseAccount>
		<IncomeAccount id="14" ref="Gross Sales" type="I" locked="Y">Gross Sales</IncomeAccount>
	</Item>
	<Item id="I-40951" active="Y" keyItem="Y" actualize="N">
		<Description>COCONUT CHIP RIBBON CUT</Description>
		<Cost>0.0072</Cost>
		<CaseQty>5.000</CaseQty>
		<CaseUOM>Kg</CaseUOM>
		<PakQty>1000.000</PakQty>
		<PakUOM>g</PakUOM>
		<Comments/>
		<InventoryGroup id="20">BAKING-RAW INGREDIENTS</InventoryGroup>
		<SalesCategory id="2">Food</SalesCategory>
		<Location id="449">OK - ARCHIVE</Location>
		<ExpenseAccount id="22" ref="SC0070" type="C" locked="N">COS-Food NoTax</ExpenseAccount>
		<IncomeAccount id="14" ref="Gross Sales" type="I" locked="Y">Gross Sales</IncomeAccount>
	</Item>
	<Item id="I-13327" active="Y" keyItem="Y" actualize="N">
		<Description>COFFEE LUSH 42 X 110G</Description>
		<Cost>2.2674</Cost>
		<CaseQty>42.000</CaseQty>
		<CaseUOM>pak</CaseUOM>
		<PakQty>1.000</PakQty>
		<PakUOM>pak</PakUOM>
		<Comments/>
		<InventoryGroup id="25">FAIR TRADE</InventoryGroup>
		<SalesCategory id="2">Food</SalesCategory>
		<Location id="299">OK - STORES AISLE #1</Location>
		<ExpenseAccount id="54" ref="SC0070" type="C" locked="N">COS-Snacks|Bev NoTax</ExpenseAccount>
		<IncomeAccount id="14" ref="Gross Sales" type="I" locked="Y">Gross Sales</IncomeAccount>
	</Item>
	<Item id="I-2501" active="Y" keyItem="Y" actualize="N">
		<Description>COFFEE SUPER DARK 110g</Description>
		<Cost>2.2674</Cost>
		<CaseQty>42.000</CaseQty>
		<CaseUOM>pak</CaseUOM>
		<PakQty>1.000</PakQty>
		<PakUOM>pak</PakUOM>
		<Comments/>
		<InventoryGroup id="25">FAIR TRADE</InventoryGroup>
		<SalesCategory id="2">Food</SalesCategory>
		<Location id="299">OK - STORES AISLE #1</Location>
		<ExpenseAccount id="54" ref="SC0070" type="C" locked="N">COS-Snacks|Bev NoTax</ExpenseAccount>
		<IncomeAccount id="14" ref="Gross Sales" type="I" locked="Y">Gross Sales</IncomeAccount>
	</Item>
	<Item id="I-3629" active="Y" keyItem="Y" actualize="N">
		<Description>CORIANDER GROUND </Description>
		<Cost>0.3948</Cost>
		<CaseQty>5.000</CaseQty>
		<CaseUOM>lb</CaseUOM>
		<PakQty>16.000</PakQty>
		<PakUOM>oz</PakUOM>
		<Comments/>
		<InventoryGroup id="18">SPICES</InventoryGroup>
		<SalesCategory id="2">Food</SalesCategory>
		<Location id="299">OK - STORES AISLE #1</Location>
		<ExpenseAccount id="22" ref="SC0070" type="C" locked="N">COS-Food NoTax</ExpenseAccount>
		<IncomeAccount id="14" ref="Gross Sales" type="I" locked="Y">Gross Sales</IncomeAccount>
	</Item>
	<Item id="I-3239" active="Y" keyItem="Y" actualize="N">
		<Description>CRANBERRY DRIED TFC</Description>
		<Cost>9.8117</Cost>
		<CaseQty>6.000</CaseQty>
		<CaseUOM>Kg</CaseUOM>
		<PakQty>1.000</PakQty>
		<PakUOM>Kg</PakUOM>
		<Comments/>
		<InventoryGroup id="16">FOOD - GROCERY</InventoryGroup>
		<SalesCategory id="2">Food</SalesCategory>
		<Location id="493">OK - STORES AISLE #5</Location>
		<ExpenseAccount id="22" ref="SC0070" type="C" locked="N">COS-Food NoTax</ExpenseAccount>
		<IncomeAccount id="14" ref="Gross Sales" type="I" locked="Y">Gross Sales</IncomeAccount>
	</Item>
	<Item id="I-2217" active="Y" keyItem="Y" actualize="N">
		<Description>CREAM WHIP 33% 1L (RED)</Description>
		<Cost>5.3500</Cost>
		<CaseQty>1.000</CaseQty>
		<CaseUOM>L</CaseUOM>
		<PakQty>1.000</PakQty>
		<PakUOM>L</PakUOM>
		<Comments/>
		<InventoryGroup id="9">DAIRY</InventoryGroup>
		<SalesCategory id="2">Food</SalesCategory>
		<Location id="301">OK - DAIRY COOLER</Location>
		<ExpenseAccount id="22" ref="SC0070" type="C" locked="N">COS-Food NoTax</ExpenseAccount>
		<IncomeAccount id="14" ref="Gross Sales" type="I" locked="Y">Gross Sales</IncomeAccount>
	</Item>
	<Item id="I-2205" active="Y" keyItem="Y" actualize="N">
		<Description>CREAMO 10% 1L-CTN</Description>
		<Cost>2.7300</Cost>
		<CaseQty>1.000</CaseQty>
		<CaseUOM>L</CaseUOM>
		<PakQty>1.000</PakQty>
		<PakUOM>L</PakUOM>
		<Comments/>
		<InventoryGroup id="9">DAIRY</InventoryGroup>
		<SalesCategory id="2">Food</SalesCategory>
		<Location id="450">OK - SERVE G&amp;G COOL</Location>
		<ExpenseAccount id="22" ref="SC0070" type="C" locked="N">COS-Food NoTax</ExpenseAccount>
		<IncomeAccount id="14" ref="Gross Sales" type="I" locked="Y">Gross Sales</IncomeAccount>
	</Item>
	<Item id="I-3630" active="Y" keyItem="Y" actualize="N">
		<Description>CUMIN SEED GROUND </Description>
		<Cost>0.0139</Cost>
		<CaseQty>5.000</CaseQty>
		<CaseUOM>lb</CaseUOM>
		<PakQty>454.000</PakQty>
		<PakUOM>oz</PakUOM>
		<Comments/>
		<InventoryGroup id="18">SPICES</InventoryGroup>
		<SalesCategory id="2">Food</SalesCategory>
		<Location id="299">OK - STORES AISLE #1</Location>
		<ExpenseAccount id="22" ref="SC0070" type="C" locked="N">COS-Food NoTax</ExpenseAccount>
		<IncomeAccount id="14" ref="Gross Sales" type="I" locked="Y">Gross Sales</IncomeAccount>
	</Item>
	<Item id="I-4637" active="Y" keyItem="Y" actualize="N">
		<Description>DILL BABY BC</Description>
		<Cost>15.6500</Cost>
		<CaseQty>1.000</CaseQty>
		<CaseUOM>lb</CaseUOM>
		<PakQty>1.000</PakQty>
		<PakUOM>lb</PakUOM>
		<Comments/>
		<InventoryGroup id="4">PRODUCE</InventoryGroup>
		<SalesCategory id="2">Food</SalesCategory>
		<Location id="303">OK - PRODUCE COOLER</Location>
		<ExpenseAccount id="22" ref="SC0070" type="C" locked="N">COS-Food NoTax</ExpenseAccount>
		<IncomeAccount id="14" ref="Gross Sales" type="I" locked="Y">Gross Sales</IncomeAccount>
	</Item>
	<Item id="I-2159" active="Y" keyItem="Y" actualize="N">
		<Description>EGG MED FREE RUN LOOSE PACK</Description>
		<Cost>0.3476</Cost>
		<CaseQty>15.000</CaseQty>
		<CaseUOM>DOZ</CaseUOM>
		<PakQty>12.000</PakQty>
		<PakUOM>CT</PakUOM>
		<Comments>PRICE INCREASE OCTOBER 2018</Comments>
		<InventoryGroup id="9">DAIRY</InventoryGroup>
		<SalesCategory id="2">Food</SalesCategory>
		<Location id="301">OK - DAIRY COOLER</Location>
		<ExpenseAccount id="22" ref="SC0070" type="C" locked="N">COS-Food NoTax</ExpenseAccount>
		<IncomeAccount id="14" ref="Gross Sales" type="I" locked="Y">Gross Sales</IncomeAccount>
	</Item>
	<Item id="I-1197" active="Y" keyItem="Y" actualize="N">
		<Description>ENGLISH MUFFIN WHOLE WHEAT </Description>
		<Cost>0.2309</Cost>
		<CaseQty>24.000</CaseQty>
		<CaseUOM>pak</CaseUOM>
		<PakQty>6.000</PakQty>
		<PakUOM>CT</PakUOM>
		<Comments/>
		<InventoryGroup id="11">BREAD</InventoryGroup>
		<SalesCategory id="2">Food</SalesCategory>
		<Location id="306">OK - BREAD STORAGE</Location>
		<ExpenseAccount id="22" ref="SC0070" type="C" locked="N">COS-Food NoTax</ExpenseAccount>
		<IncomeAccount id="14" ref="Gross Sales" type="I" locked="Y">Gross Sales</IncomeAccount>
	</Item>
	<Item id="I-2986" active="Y" keyItem="Y" actualize="N">
		<Description>FLAX SEEDS BROWN ORGANIC</Description>
		<Cost>4.9750</Cost>
		<CaseQty>1.000</CaseQty>
		<CaseUOM>each</CaseUOM>
		<PakQty>2.000</PakQty>
		<PakUOM>Kg</PakUOM>
		<Comments/>
		<InventoryGroup id="16">FOOD - GROCERY</InventoryGroup>
		<SalesCategory id="2">Food</SalesCategory>
		<Location id="493">OK - STORES AISLE #5</Location>
		<ExpenseAccount id="22" ref="SC0070" type="C" locked="N">COS-Food NoTax</ExpenseAccount>
		<IncomeAccount id="14" ref="Gross Sales" type="I" locked="Y">Gross Sales</IncomeAccount>
	</Item>
	<Item id="I-9641" active="Y" keyItem="Y" actualize="N">
		<Description>FOCACCIA HERB FULL SHEET</Description>
		<Cost>16.4500</Cost>
		<CaseQty>1.000</CaseQty>
		<CaseUOM>SHEET</CaseUOM>
		<PakQty>1.000</PakQty>
		<PakUOM>LOAF</PakUOM>
		<Comments/>
		<InventoryGroup id="11">BREAD</InventoryGroup>
		<SalesCategory id="2">Food</SalesCategory>
		<Location id="9">BAKING</Location>
		<ExpenseAccount id="22" ref="SC0070" type="C" locked="N">COS-Food NoTax</ExpenseAccount>
		<IncomeAccount id="14" ref="Gross Sales" type="I" locked="Y">Gross Sales</IncomeAccount>
	</Item>
	<Item id="I-39064" active="Y" keyItem="Y" actualize="N">
		<Description>G&amp;G|BWrap|Ham &amp; Cheese</Description>
		<Cost>3.9400</Cost>
		<CaseQty>1.000</CaseQty>
		<CaseUOM>ea</CaseUOM>
		<PakQty>1.000</PakQty>
		<PakUOM>ea</PakUOM>
		<Comments/>
		<InventoryGroup id="302">PRODUCTION FOOD</InventoryGroup>
		<SalesCategory id="2">Food</SalesCategory>
		<Location id="450">OK - SERVE G&amp;G COOL</Location>
		<ExpenseAccount id="22" ref="SC0070" type="C" locked="N">COS-Food NoTax</ExpenseAccount>
		<IncomeAccount id="14" ref="Gross Sales" type="I" locked="Y">Gross Sales</IncomeAccount>
	</Item>
	<Item id="I-39063" active="Y" keyItem="Y" actualize="N">
		<Description>G&amp;G|BWrap|Mediterranean</Description>
		<Cost>3.9400</Cost>
		<CaseQty>1.000</CaseQty>
		<CaseUOM>ea</CaseUOM>
		<PakQty>1.000</PakQty>
		<PakUOM>ea</PakUOM>
		<Comments/>
		<InventoryGroup id="302">PRODUCTION FOOD</InventoryGroup>
		<SalesCategory id="2">Food</SalesCategory>
		<Location id="450">OK - SERVE G&amp;G COOL</Location>
		<ExpenseAccount id="22" ref="SC0070" type="C" locked="N">COS-Food NoTax</ExpenseAccount>
		<IncomeAccount id="14" ref="Gross Sales" type="I" locked="Y">Gross Sales</IncomeAccount>
	</Item>
	<Item id="I-4657" active="Y" keyItem="Y" actualize="N">
		<Description>GARLIC PEELED</Description>
		<Cost>5.6000</Cost>
		<CaseQty>1.000</CaseQty>
		<CaseUOM>5#</CaseUOM>
		<PakQty>5.000</PakQty>
		<PakUOM>lb</PakUOM>
		<Comments>PRICE DECREASE FROM $17.10 TO $10.85 JULY 2018 VW</Comments>
		<InventoryGroup id="4">PRODUCE</InventoryGroup>
		<SalesCategory id="2">Food</SalesCategory>
		<Location id="303">OK - PRODUCE COOLER</Location>
		<ExpenseAccount id="22" ref="SC0070" type="C" locked="N">COS-Food NoTax</ExpenseAccount>
		<IncomeAccount id="14" ref="Gross Sales" type="I" locked="Y">Gross Sales</IncomeAccount>
	</Item>
	<Item id="I-3632" active="Y" keyItem="Y" actualize="N">
		<Description>GARLIC POWDER </Description>
		<Cost>0.0162</Cost>
		<CaseQty>5.000</CaseQty>
		<CaseUOM>lb</CaseUOM>
		<PakQty>454.000</PakQty>
		<PakUOM>g</PakUOM>
		<Comments/>
		<InventoryGroup id="18">SPICES</InventoryGroup>
		<SalesCategory id="2">Food</SalesCategory>
		<Location id="299">OK - STORES AISLE #1</Location>
		<ExpenseAccount id="22" ref="SC0070" type="C" locked="N">COS-Food NoTax</ExpenseAccount>
		<IncomeAccount id="14" ref="Gross Sales" type="I" locked="Y">Gross Sales</IncomeAccount>
	</Item>
	<Item id="I-51440" active="Y" keyItem="Y" actualize="Y">
		<Description>GHOST NUTRITION OIL</Description>
		<Cost>0</Cost>
		<CaseQty>1.000</CaseQty>
		<CaseUOM>g</CaseUOM>
		<PakQty>1.000</PakQty>
		<PakUOM>g</PakUOM>
		<Comments/>
		<InventoryGroup id="16">FOOD - GROCERY</InventoryGroup>
		<SalesCategory id="2">Food</SalesCategory>
		<Location id="117">FOOD</Location>
		<ExpenseAccount id="22" ref="SC0070" type="C" locked="N">COS-Food NoTax</ExpenseAccount>
		<IncomeAccount id="14" ref="Gross Sales" type="I" locked="Y">Gross Sales</IncomeAccount>
	</Item>
	<Item id="I-3633" active="Y" keyItem="Y" actualize="N">
		<Description>GINGER GROUND SHAKER TFC</Description>
		<Cost>0.0162</Cost>
		<CaseQty>1.000</CaseQty>
		<CaseUOM>each</CaseUOM>
		<PakQty>454.000</PakQty>
		<PakUOM>g</PakUOM>
		<Comments/>
		<InventoryGroup id="18">SPICES</InventoryGroup>
		<SalesCategory id="2">Food</SalesCategory>
		<Location id="299">OK - STORES AISLE #1</Location>
		<ExpenseAccount id="22" ref="SC0070" type="C" locked="N">COS-Food NoTax</ExpenseAccount>
		<IncomeAccount id="14" ref="Gross Sales" type="I" locked="Y">Gross Sales</IncomeAccount>
	</Item>
	<Item id="I-23753" active="Y" keyItem="Y" actualize="N">
		<Description>HEMP HEARTS HULLED ORGANIC</Description>
		<Cost>24.9500</Cost>
		<CaseQty>1.000</CaseQty>
		<CaseUOM>each</CaseUOM>
		<PakQty>1.000</PakQty>
		<PakUOM>Kg</PakUOM>
		<Comments/>
		<InventoryGroup id="16">FOOD - GROCERY</InventoryGroup>
		<SalesCategory id="2">Food</SalesCategory>
		<Location id="493">OK - STORES AISLE #5</Location>
		<ExpenseAccount id="22" ref="SC0070" type="C" locked="N">COS-Food NoTax</ExpenseAccount>
		<IncomeAccount id="14" ref="Gross Sales" type="I" locked="Y">Gross Sales</IncomeAccount>
	</Item>
	<Item id="I-4508" active="Y" keyItem="Y" actualize="N">
		<Description>HERB BASIL BC</Description>
		<Cost>15.2500</Cost>
		<CaseQty>1.000</CaseQty>
		<CaseUOM>lb</CaseUOM>
		<PakQty>1.000</PakQty>
		<PakUOM>lb</PakUOM>
		<Comments/>
		<InventoryGroup id="4">PRODUCE</InventoryGroup>
		<SalesCategory id="2">Food</SalesCategory>
		<Location id="303">OK - PRODUCE COOLER</Location>
		<ExpenseAccount id="22" ref="SC0070" type="C" locked="N">COS-Food NoTax</ExpenseAccount>
		<IncomeAccount id="14" ref="Gross Sales" type="I" locked="Y">Gross Sales</IncomeAccount>
	</Item>
	<Item id="I-4695" active="Y" keyItem="Y" actualize="N">
		<Description>HERB ITALIAN PARSLEY BC</Description>
		<Cost>1.3683</Cost>
		<CaseQty>30.000</CaseQty>
		<CaseUOM>CT</CaseUOM>
		<PakQty>1.000</PakQty>
		<PakUOM>lb</PakUOM>
		<Comments/>
		<InventoryGroup id="4">PRODUCE</InventoryGroup>
		<SalesCategory id="2">Food</SalesCategory>
		<Location id="303">OK - PRODUCE COOLER</Location>
		<ExpenseAccount id="22" ref="SC0070" type="C" locked="N">COS-Food NoTax</ExpenseAccount>
		<IncomeAccount id="14" ref="Gross Sales" type="I" locked="Y">Gross Sales</IncomeAccount>
	</Item>
	<Item id="I-4772" active="Y" keyItem="Y" actualize="N">
		<Description>HERB PARSLEY MX</Description>
		<Cost>1.0667</Cost>
		<CaseQty>3.000</CaseQty>
		<CaseUOM>BUNCH</CaseUOM>
		<PakQty>1.000</PakQty>
		<PakUOM>BUNCH</PakUOM>
		<Comments/>
		<InventoryGroup id="4">PRODUCE</InventoryGroup>
		<SalesCategory id="2">Food</SalesCategory>
		<Location id="449">OK - ARCHIVE</Location>
		<ExpenseAccount id="22" ref="SC0070" type="C" locked="N">COS-Food NoTax</ExpenseAccount>
		<IncomeAccount id="14" ref="Gross Sales" type="I" locked="Y">Gross Sales</IncomeAccount>
	</Item>
	<Item id="I-4848" active="Y" keyItem="Y" actualize="N">
		<Description>HERB SAGE BC</Description>
		<Cost>13.9400</Cost>
		<CaseQty>1.000</CaseQty>
		<CaseUOM>lb</CaseUOM>
		<PakQty>1.000</PakQty>
		<PakUOM>lb</PakUOM>
		<Comments/>
		<InventoryGroup id="4">PRODUCE</InventoryGroup>
		<SalesCategory id="2">Food</SalesCategory>
		<Location id="449">OK - ARCHIVE</Location>
		<ExpenseAccount id="22" ref="SC0070" type="C" locked="N">COS-Food NoTax</ExpenseAccount>
		<IncomeAccount id="14" ref="Gross Sales" type="I" locked="Y">Gross Sales</IncomeAccount>
	</Item>
	<Item id="I-3321" active="Y" keyItem="Y" actualize="N">
		<Description>HONEY LIQUID SQUEEZE Bott</Description>
		<Cost>14.2633</Cost>
		<CaseQty>6.000</CaseQty>
		<CaseUOM>Kg</CaseUOM>
		<PakQty>1.000</PakQty>
		<PakUOM>Kg</PakUOM>
		<Comments>PRICE INCREASE 9/17 &amp; CODE CHANGE FROM 1054784 10/17</Comments>
		<InventoryGroup id="16">FOOD - GROCERY</InventoryGroup>
		<SalesCategory id="2">Food</SalesCategory>
		<Location id="493">OK - STORES AISLE #5</Location>
		<ExpenseAccount id="22" ref="SC0070" type="C" locked="N">COS-Food NoTax</ExpenseAccount>
		<IncomeAccount id="14" ref="Gross Sales" type="I" locked="Y">Gross Sales</IncomeAccount>
	</Item>
	<Item id="I-1792" active="Y" keyItem="Y" actualize="N">
		<Description>JUICE APPLE*CONC 6+1 TFC</Description>
		<Cost>9.4577</Cost>
		<CaseQty>4.000</CaseQty>
		<CaseUOM>JUG</CaseUOM>
		<PakQty>2.660</PakQty>
		<PakUOM>L</PakUOM>
		<Comments/>
		<InventoryGroup id="2">BEVERAGE</InventoryGroup>
		<SalesCategory id="2">Food</SalesCategory>
		<Location id="296">OK - SERVE BEV COOL</Location>
		<ExpenseAccount id="22" ref="SC0070" type="C" locked="N">COS-Food NoTax</ExpenseAccount>
		<IncomeAccount id="14" ref="Gross Sales" type="I" locked="Y">Gross Sales</IncomeAccount>
	</Item>
	<Item id="I-1813" active="Y" keyItem="Y" actualize="N">
		<Description>JUICE LEMON FRESH JUG</Description>
		<Cost>0.1572</Cost>
		<CaseQty>6.000</CaseQty>
		<CaseUOM>JUG</CaseUOM>
		<PakQty>64.000</PakQty>
		<PakUOM>fl oz</PakUOM>
		<Comments>4120407 replaced with 1429622, added as a child</Comments>
		<InventoryGroup id="20">BAKING-RAW INGREDIENTS</InventoryGroup>
		<SalesCategory id="2">Food</SalesCategory>
		<Location id="301">OK - DAIRY COOLER</Location>
		<ExpenseAccount id="22" ref="SC0070" type="C" locked="N">COS-Food NoTax</ExpenseAccount>
		<IncomeAccount id="14" ref="Gross Sales" type="I" locked="Y">Gross Sales</IncomeAccount>
	</Item>
	<Item id="I-6443" active="Y" keyItem="Y" actualize="N">
		<Description>JUICE LIME FRESH JUG</Description>
		<Cost>0.1609</Cost>
		<CaseQty>6.000</CaseQty>
		<CaseUOM>JUG</CaseUOM>
		<PakQty>64.000</PakQty>
		<PakUOM>fl oz</PakUOM>
		<Comments>4120427 CHANGING TO 1429619 2021 ADDED AS A CHILD</Comments>
		<InventoryGroup id="20">BAKING-RAW INGREDIENTS</InventoryGroup>
		<SalesCategory id="2">Food</SalesCategory>
		<Location id="301">OK - DAIRY COOLER</Location>
		<ExpenseAccount id="22" ref="SC0070" type="C" locked="N">COS-Food NoTax</ExpenseAccount>
		<IncomeAccount id="14" ref="Gross Sales" type="I" locked="Y">Gross Sales</IncomeAccount>
	</Item>
	<Item id="I-1820" active="Y" keyItem="Y" actualize="N">
		<Description>JUICE ORANGE UNSWEETENED TETRA</Description>
		<Cost>1.7083</Cost>
		<CaseQty>12.000</CaseQty>
		<CaseUOM>L</CaseUOM>
		<PakQty>1.000</PakQty>
		<PakUOM>L</PakUOM>
		<Comments/>
		<InventoryGroup id="2">BEVERAGE</InventoryGroup>
		<SalesCategory id="2">Food</SalesCategory>
		<Location id="490">OK - STORES AISLE #2</Location>
		<ExpenseAccount id="22" ref="SC0070" type="C" locked="N">COS-Food NoTax</ExpenseAccount>
		<IncomeAccount id="14" ref="Gross Sales" type="I" locked="Y">Gross Sales</IncomeAccount>
	</Item>
	<Item id="I-11216" active="Y" keyItem="Y" actualize="N">
		<Description>KASOORI METHI MDH</Description>
		<Cost>16.0000</Cost>
		<CaseQty>1.000</CaseQty>
		<CaseUOM>Kg</CaseUOM>
		<PakQty>1.000</PakQty>
		<PakUOM>Kg</PakUOM>
		<Comments>PRICE UPDATED AUGUST 2019</Comments>
		<InventoryGroup id="18">SPICES</InventoryGroup>
		<SalesCategory id="2">Food</SalesCategory>
		<Location id="299">OK - STORES AISLE #1</Location>
		<ExpenseAccount id="22" ref="SC0070" type="C" locked="N">COS-Food NoTax</ExpenseAccount>
		<IncomeAccount id="14" ref="Gross Sales" type="I" locked="Y">Gross Sales</IncomeAccount>
	</Item>
	<Item id="I-3337" active="Y" keyItem="Y" actualize="Y">
		<Description>KETCHUP CRYO</Description>
		<Cost>3.0950</Cost>
		<CaseQty>2.000</CaseQty>
		<CaseUOM>bag</CaseUOM>
		<PakQty>6.000</PakQty>
		<PakUOM>L</PakUOM>
		<Comments>REPLACED 3460387 APR 2018</Comments>
		<InventoryGroup id="16">FOOD - GROCERY</InventoryGroup>
		<SalesCategory id="2">Food</SalesCategory>
		<Location id="490">OK - STORES AISLE #2</Location>
		<ExpenseAccount id="22" ref="SC0070" type="C" locked="N">COS-Food NoTax</ExpenseAccount>
		<IncomeAccount id="14" ref="Gross Sales" type="I" locked="Y">Gross Sales</IncomeAccount>
	</Item>
	<Item id="I-4463" active="Y" keyItem="Y" actualize="N">
		<Description>LETTUCE ARUGULA (WILD ORG)US</Description>
		<Cost>7.9000</Cost>
		<CaseQty>1.000</CaseQty>
		<CaseUOM>lb</CaseUOM>
		<PakQty>1.000</PakQty>
		<PakUOM>lb</PakUOM>
		<Comments/>
		<InventoryGroup id="4">PRODUCE</InventoryGroup>
		<SalesCategory id="2">Food</SalesCategory>
		<Location id="303">OK - PRODUCE COOLER</Location>
		<ExpenseAccount id="22" ref="SC0070" type="C" locked="N">COS-Food NoTax</ExpenseAccount>
		<IncomeAccount id="14" ref="Gross Sales" type="I" locked="Y">Gross Sales</IncomeAccount>
	</Item>
	<Item id="I-60772" active="Y" keyItem="Y" actualize="N">
		<Description>MAYONAISE*VEGAN HELLMAN&apos;S</Description>
		<Cost>9.3796</Cost>
		<CaseQty>2.000</CaseQty>
		<CaseUOM>pail</CaseUOM>
		<PakQty>3.780</PakQty>
		<PakUOM>L</PakUOM>
		<Comments/>
		<InventoryGroup id="16">FOOD - GROCERY</InventoryGroup>
		<SalesCategory id="2">Food</SalesCategory>
		<Location id="490">OK - STORES AISLE #2</Location>
		<ExpenseAccount id="22" ref="SC0070" type="C" locked="N">COS-Food NoTax</ExpenseAccount>
		<IncomeAccount id="14" ref="Gross Sales" type="I" locked="Y">Gross Sales</IncomeAccount>
	</Item>
	<Item id="I-2220" active="Y" keyItem="Y" actualize="N">
		<Description>MILK 2% 20L TUBE - BAG</Description>
		<Cost>1.5165</Cost>
		<CaseQty>20.000</CaseQty>
		<CaseUOM>L</CaseUOM>
		<PakQty>1.000</PakQty>
		<PakUOM>L</PakUOM>
		<Comments/>
		<InventoryGroup id="9">DAIRY</InventoryGroup>
		<SalesCategory id="2">Food</SalesCategory>
		<Location id="296">OK - SERVE BEV COOL</Location>
		<ExpenseAccount id="22" ref="SC0070" type="C" locked="N">COS-Food NoTax</ExpenseAccount>
		<IncomeAccount id="14" ref="Gross Sales" type="I" locked="Y">Gross Sales</IncomeAccount>
	</Item>
	<Item id="I-3355" active="Y" keyItem="Y" actualize="N">
		<Description>MILK ALMOND ORIGINAL</Description>
		<Cost>0.0036</Cost>
		<CaseQty>12.000</CaseQty>
		<CaseUOM>pak</CaseUOM>
		<PakQty>946.000</PakQty>
		<PakUOM>ml</PakUOM>
		<Comments/>
		<InventoryGroup id="16">FOOD - GROCERY</InventoryGroup>
		<SalesCategory id="2">Food</SalesCategory>
		<Location id="490">OK - STORES AISLE #2</Location>
		<ExpenseAccount id="22" ref="SC0070" type="C" locked="N">COS-Food NoTax</ExpenseAccount>
		<IncomeAccount id="14" ref="Gross Sales" type="I" locked="Y">Gross Sales</IncomeAccount>
	</Item>
	<Item id="I-47525" active="Y" keyItem="Y" actualize="N">
		<Description>MILK BUTTERMILK 3.25% 2L</Description>
		<Cost>2.4600</Cost>
		<CaseQty>1.000</CaseQty>
		<CaseUOM>un</CaseUOM>
		<PakQty>2.000</PakQty>
		<PakUOM>L</PakUOM>
		<Comments/>
		<InventoryGroup id="9">DAIRY</InventoryGroup>
		<SalesCategory id="2">Food</SalesCategory>
		<Location id="13">DAIRY</Location>
		<ExpenseAccount id="22" ref="SC0070" type="C" locked="N">COS-Food NoTax</ExpenseAccount>
		<IncomeAccount id="14" ref="Gross Sales" type="I" locked="Y">Gross Sales</IncomeAccount>
	</Item>
	<Item id="I-3364" active="Y" keyItem="Y" actualize="N">
		<Description>MOLASSES COOKING BLACKSTRAP</Description>
		<Cost>0.0051</Cost>
		<CaseQty>5000.000</CaseQty>
		<CaseUOM>g</CaseUOM>
		<PakQty>1.000</PakQty>
		<PakUOM>g</PakUOM>
		<Comments/>
		<InventoryGroup id="16">FOOD - GROCERY</InventoryGroup>
		<SalesCategory id="2">Food</SalesCategory>
		<Location id="299">OK - STORES AISLE #1</Location>
		<ExpenseAccount id="22" ref="SC0070" type="C" locked="N">COS-Food NoTax</ExpenseAccount>
		<IncomeAccount id="14" ref="Gross Sales" type="I" locked="Y">Gross Sales</IncomeAccount>
	</Item>
	<Item id="I-4725" active="Y" keyItem="Y" actualize="N">
		<Description>MUSHROOM SLICED BC</Description>
		<Cost>2.8200</Cost>
		<CaseQty>10.000</CaseQty>
		<CaseUOM>lb</CaseUOM>
		<PakQty>1.000</PakQty>
		<PakUOM>lb</PakUOM>
		<Comments/>
		<InventoryGroup id="4">PRODUCE</InventoryGroup>
		<SalesCategory id="2">Food</SalesCategory>
		<Location id="303">OK - PRODUCE COOLER</Location>
		<ExpenseAccount id="22" ref="SC0070" type="C" locked="N">COS-Food NoTax</ExpenseAccount>
		<IncomeAccount id="14" ref="Gross Sales" type="I" locked="Y">Gross Sales</IncomeAccount>
	</Item>
	<Item id="I-3370" active="Y" keyItem="Y" actualize="N">
		<Description>MUSTARD DIJON HOT</Description>
		<Cost>0.0078</Cost>
		<CaseQty>2.000</CaseQty>
		<CaseUOM>ea</CaseUOM>
		<PakQty>4625.000</PakQty>
		<PakUOM>ml</PakUOM>
		<Comments>replaced item code 3235307</Comments>
		<InventoryGroup id="16">FOOD - GROCERY</InventoryGroup>
		<SalesCategory id="2">Food</SalesCategory>
		<Location id="490">OK - STORES AISLE #2</Location>
		<ExpenseAccount id="22" ref="SC0070" type="C" locked="N">COS-Food NoTax</ExpenseAccount>
		<IncomeAccount id="14" ref="Gross Sales" type="I" locked="Y">Gross Sales</IncomeAccount>
	</Item>
	<Item id="I-3637" active="Y" keyItem="Y" actualize="N">
		<Description>MUSTARD GROUND SHAKER </Description>
		<Cost>0.0023</Cost>
		<CaseQty>8.000</CaseQty>
		<CaseUOM>ea</CaseUOM>
		<PakQty>454.000</PakQty>
		<PakUOM>g</PakUOM>
		<Comments/>
		<InventoryGroup id="18">SPICES</InventoryGroup>
		<SalesCategory id="2">Food</SalesCategory>
		<Location id="299">OK - STORES AISLE #1</Location>
		<ExpenseAccount id="22" ref="SC0070" type="C" locked="N">COS-Food NoTax</ExpenseAccount>
		<IncomeAccount id="14" ref="Gross Sales" type="I" locked="Y">Gross Sales</IncomeAccount>
	</Item>
	<Item id="I-3373" active="Y" keyItem="Y" actualize="N">
		<Description>NUT ALMOND BLANCHED SLCD TFC</Description>
		<Cost>18.7500</Cost>
		<CaseQty>3.000</CaseQty>
		<CaseUOM>Kg</CaseUOM>
		<PakQty>1.000</PakQty>
		<PakUOM>Kg</PakUOM>
		<Comments/>
		<InventoryGroup id="16">FOOD - GROCERY</InventoryGroup>
		<SalesCategory id="2">Food</SalesCategory>
		<Location id="449">OK - ARCHIVE</Location>
		<ExpenseAccount id="22" ref="SC0070" type="C" locked="N">COS-Food NoTax</ExpenseAccount>
		<IncomeAccount id="14" ref="Gross Sales" type="I" locked="Y">Gross Sales</IncomeAccount>
	</Item>
	<Item id="I-3379" active="Y" keyItem="Y" actualize="N">
		<Description>NUT PECAN HALVES TFC</Description>
		<Cost>41.4567</Cost>
		<CaseQty>3.000</CaseQty>
		<CaseUOM>Kg</CaseUOM>
		<PakQty>1.000</PakQty>
		<PakUOM>Kg</PakUOM>
		<Comments>CODE CHANGE FROM 5796627 OCT2017</Comments>
		<InventoryGroup id="16">FOOD - GROCERY</InventoryGroup>
		<SalesCategory id="2">Food</SalesCategory>
		<Location id="449">OK - ARCHIVE</Location>
		<ExpenseAccount id="22" ref="SC0070" type="C" locked="N">COS-Food NoTax</ExpenseAccount>
		<IncomeAccount id="14" ref="Gross Sales" type="I" locked="Y">Gross Sales</IncomeAccount>
	</Item>
	<Item id="I-3638" active="Y" keyItem="Y" actualize="N">
		<Description>NUTMEG GROUND SHAKER TFC</Description>
		<Cost>0.0068</Cost>
		<CaseQty>8.000</CaseQty>
		<CaseUOM>each</CaseUOM>
		<PakQty>454.000</PakQty>
		<PakUOM>g</PakUOM>
		<Comments/>
		<InventoryGroup id="18">SPICES</InventoryGroup>
		<SalesCategory id="2">Food</SalesCategory>
		<Location id="299">OK - STORES AISLE #1</Location>
		<ExpenseAccount id="22" ref="SC0070" type="C" locked="N">COS-Food NoTax</ExpenseAccount>
		<IncomeAccount id="14" ref="Gross Sales" type="I" locked="Y">Gross Sales</IncomeAccount>
	</Item>
	<Item id="I-3006" active="Y" keyItem="Y" actualize="N">
		<Description>OATS ROLLED LARGE FLAKES</Description>
		<Cost>0.0037</Cost>
		<CaseQty>5.000</CaseQty>
		<CaseUOM>lb</CaseUOM>
		<PakQty>453.000</PakQty>
		<PakUOM>g</PakUOM>
		<Comments/>
		<InventoryGroup id="16">FOOD - GROCERY</InventoryGroup>
		<SalesCategory id="2">Food</SalesCategory>
		<Location id="449">OK - ARCHIVE</Location>
		<ExpenseAccount id="22" ref="SC0070" type="C" locked="N">COS-Food NoTax</ExpenseAccount>
		<IncomeAccount id="14" ref="Gross Sales" type="I" locked="Y">Gross Sales</IncomeAccount>
	</Item>
	<Item id="I-3387" active="Y" keyItem="Y" actualize="N">
		<Description>OIL CANOLA OLIVE OIL BLEND TFC</Description>
		<Cost>3.8206</Cost>
		<CaseQty>6.000</CaseQty>
		<CaseUOM>can</CaseUOM>
		<PakQty>3.000</PakQty>
		<PakUOM>L</PakUOM>
		<Comments>4335805</Comments>
		<InventoryGroup id="16">FOOD - GROCERY</InventoryGroup>
		<SalesCategory id="2">Food</SalesCategory>
		<Location id="299">OK - STORES AISLE #1</Location>
		<ExpenseAccount id="22" ref="SC0070" type="C" locked="N">COS-Food NoTax</ExpenseAccount>
		<IncomeAccount id="14" ref="Gross Sales" type="I" locked="Y">Gross Sales</IncomeAccount>
	</Item>
	<Item id="I-3386" active="Y" keyItem="Y" actualize="Y">
		<Description>OIL CANOLA*HI LO BOX TFC</Description>
		<Cost>3.7260</Cost>
		<CaseQty>17.300</CaseQty>
		<CaseUOM>L</CaseUOM>
		<PakQty>1.000</PakQty>
		<PakUOM>L</PakUOM>
		<Comments>REPLACED 3955197 APR 2018</Comments>
		<InventoryGroup id="16">FOOD - GROCERY</InventoryGroup>
		<SalesCategory id="2">Food</SalesCategory>
		<Location id="299">OK - STORES AISLE #1</Location>
		<ExpenseAccount id="22" ref="SC0070" type="C" locked="N">COS-Food NoTax</ExpenseAccount>
		<IncomeAccount id="14" ref="Gross Sales" type="I" locked="Y">Gross Sales</IncomeAccount>
	</Item>
	<Item id="I-3388" active="Y" keyItem="Y" actualize="Y">
		<Description>OIL CANOLA*SALAD 100% PURE</Description>
		<Cost>3.3922</Cost>
		<CaseQty>6.000</CaseQty>
		<CaseUOM>can</CaseUOM>
		<PakQty>3.000</PakQty>
		<PakUOM>L</PakUOM>
		<Comments>MUST USE 3950097. REMOVED 2253405 FROM THE ORDER GUIDE-NOT CONTRACTED.</Comments>
		<InventoryGroup id="16">FOOD - GROCERY</InventoryGroup>
		<SalesCategory id="2">Food</SalesCategory>
		<Location id="299">OK - STORES AISLE #1</Location>
		<ExpenseAccount id="22" ref="SC0070" type="C" locked="N">COS-Food NoTax</ExpenseAccount>
		<IncomeAccount id="14" ref="Gross Sales" type="I" locked="Y">Gross Sales</IncomeAccount>
	</Item>
	<Item id="I-6006" active="Y" keyItem="Y" actualize="N">
		<Description>OIL OLIVE EXTRA VIRGIN TFC</Description>
		<Cost>11.5708</Cost>
		<CaseQty>4.000</CaseQty>
		<CaseUOM>can</CaseUOM>
		<PakQty>3.000</PakQty>
		<PakUOM>L</PakUOM>
		<Comments/>
		<InventoryGroup id="16">FOOD - GROCERY</InventoryGroup>
		<SalesCategory id="2">Food</SalesCategory>
		<Location id="449">OK - ARCHIVE</Location>
		<ExpenseAccount id="22" ref="SC0070" type="C" locked="N">COS-Food NoTax</ExpenseAccount>
		<IncomeAccount id="14" ref="Gross Sales" type="I" locked="Y">Gross Sales</IncomeAccount>
	</Item>
	<Item id="I-3639" active="Y" keyItem="Y" actualize="N">
		<Description>ONION POWDER </Description>
		<Cost>0.0139</Cost>
		<CaseQty>5.000</CaseQty>
		<CaseUOM>lb</CaseUOM>
		<PakQty>454.000</PakQty>
		<PakUOM>g</PakUOM>
		<Comments>REPLACED 3549297 APR 2018</Comments>
		<InventoryGroup id="18">SPICES</InventoryGroup>
		<SalesCategory id="2">Food</SalesCategory>
		<Location id="299">OK - STORES AISLE #1</Location>
		<ExpenseAccount id="22" ref="SC0070" type="C" locked="N">COS-Food NoTax</ExpenseAccount>
		<IncomeAccount id="14" ref="Gross Sales" type="I" locked="Y">Gross Sales</IncomeAccount>
	</Item>
	<Item id="I-4375" active="Y" keyItem="Y" actualize="N">
		<Description>ONIONS GREEN 48 CT</Description>
		<Cost>0.8354</Cost>
		<CaseQty>48.000</CaseQty>
		<CaseUOM>CT</CaseUOM>
		<PakQty>1.000</PakQty>
		<PakUOM>CT</PakUOM>
		<Comments/>
		<InventoryGroup id="4">PRODUCE</InventoryGroup>
		<SalesCategory id="2">Food</SalesCategory>
		<Location id="303">OK - PRODUCE COOLER</Location>
		<ExpenseAccount id="22" ref="SC0070" type="C" locked="N">COS-Food NoTax</ExpenseAccount>
		<IncomeAccount id="14" ref="Gross Sales" type="I" locked="Y">Gross Sales</IncomeAccount>
	</Item>
	<Item id="I-17150" active="Y" keyItem="Y" actualize="N">
		<Description>ONIONS JUMBO PEELED 5LB</Description>
		<Cost>1.5800</Cost>
		<CaseQty>5.000</CaseQty>
		<CaseUOM>lb</CaseUOM>
		<PakQty>1.000</PakQty>
		<PakUOM>lb</PakUOM>
		<Comments/>
		<InventoryGroup id="4">PRODUCE</InventoryGroup>
		<SalesCategory id="2">Food</SalesCategory>
		<Location id="449">OK - ARCHIVE</Location>
		<ExpenseAccount id="22" ref="SC0070" type="C" locked="N">COS-Food NoTax</ExpenseAccount>
		<IncomeAccount id="14" ref="Gross Sales" type="I" locked="Y">Gross Sales</IncomeAccount>
	</Item>
	<Item id="I-6807" active="Y" keyItem="Y" actualize="N">
		<Description>ONIONS RED 5LB</Description>
		<Cost>1.1100</Cost>
		<CaseQty>5.000</CaseQty>
		<CaseUOM>lb</CaseUOM>
		<PakQty>1.000</PakQty>
		<PakUOM>lb</PakUOM>
		<Comments/>
		<InventoryGroup id="4">PRODUCE</InventoryGroup>
		<SalesCategory id="2">Food</SalesCategory>
		<Location id="449">OK - ARCHIVE</Location>
		<ExpenseAccount id="22" ref="SC0070" type="C" locked="N">COS-Food NoTax</ExpenseAccount>
		<IncomeAccount id="14" ref="Gross Sales" type="I" locked="Y">Gross Sales</IncomeAccount>
	</Item>
	<Item id="I-4381" active="Y" keyItem="Y" actualize="N">
		<Description>ONIONS YELLOW JUMBO</Description>
		<Cost>0.9050</Cost>
		<CaseQty>40.000</CaseQty>
		<CaseUOM>lb</CaseUOM>
		<PakQty>1.000</PakQty>
		<PakUOM>lb</PakUOM>
		<Comments/>
		<InventoryGroup id="4">PRODUCE</InventoryGroup>
		<SalesCategory id="2">Food</SalesCategory>
		<Location id="449">OK - ARCHIVE</Location>
		<ExpenseAccount id="22" ref="SC0070" type="C" locked="N">COS-Food NoTax</ExpenseAccount>
		<IncomeAccount id="14" ref="Gross Sales" type="I" locked="Y">Gross Sales</IncomeAccount>
	</Item>
	<Item id="I-2911" active="Y" keyItem="Y" actualize="N">
		<Description>OREGANO RUBBED</Description>
		<Cost>13.9426</Cost>
		<CaseQty>5.000</CaseQty>
		<CaseUOM>lb</CaseUOM>
		<PakQty>0.453</PakQty>
		<PakUOM>Kg</PakUOM>
		<Comments/>
		<InventoryGroup id="18">SPICES</InventoryGroup>
		<SalesCategory id="2">Food</SalesCategory>
		<Location id="299">OK - STORES AISLE #1</Location>
		<ExpenseAccount id="22" ref="SC0070" type="C" locked="N">COS-Food NoTax</ExpenseAccount>
		<IncomeAccount id="14" ref="Gross Sales" type="I" locked="Y">Gross Sales</IncomeAccount>
	</Item>
	<Item id="I-53707" active="Y" keyItem="Y" actualize="N">
		<Description>PAPRIKA BULK</Description>
		<Cost>7.5780</Cost>
		<CaseQty>5.000</CaseQty>
		<CaseUOM>lb</CaseUOM>
		<PakQty>1.000</PakQty>
		<PakUOM>lb</PakUOM>
		<Comments/>
		<InventoryGroup id="18">SPICES</InventoryGroup>
		<SalesCategory id="2">Food</SalesCategory>
		<Location id="299">OK - STORES AISLE #1</Location>
		<ExpenseAccount id="22" ref="SC0070" type="C" locked="N">COS-Food NoTax</ExpenseAccount>
		<IncomeAccount id="14" ref="Gross Sales" type="I" locked="Y">Gross Sales</IncomeAccount>
	</Item>
	<Item id="I-3640" active="Y" keyItem="Y" actualize="N">
		<Description>PAPRIKA SHAKER TFC</Description>
		<Cost>0.0017</Cost>
		<CaseQty>8.000</CaseQty>
		<CaseUOM>ea</CaseUOM>
		<PakQty>454.000</PakQty>
		<PakUOM>g</PakUOM>
		<Comments/>
		<InventoryGroup id="18">SPICES</InventoryGroup>
		<SalesCategory id="2">Food</SalesCategory>
		<Location id="299">OK - STORES AISLE #1</Location>
		<ExpenseAccount id="22" ref="SC0070" type="C" locked="N">COS-Food NoTax</ExpenseAccount>
		<IncomeAccount id="14" ref="Gross Sales" type="I" locked="Y">Gross Sales</IncomeAccount>
	</Item>
	<Item id="I-3416" active="Y" keyItem="Y" actualize="N">
		<Description>PASTA PENNE WHOLE WHEAT TFC</Description>
		<Cost>2.3240</Cost>
		<CaseQty>2.000</CaseQty>
		<CaseUOM>bag</CaseUOM>
		<PakQty>10.000</PakQty>
		<PakUOM>lb</PakUOM>
		<Comments>BARILLA BRAND - FEB 2020</Comments>
		<InventoryGroup id="16">FOOD - GROCERY</InventoryGroup>
		<SalesCategory id="2">Food</SalesCategory>
		<Location id="299">OK - STORES AISLE #1</Location>
		<ExpenseAccount id="22" ref="SC0070" type="C" locked="N">COS-Food NoTax</ExpenseAccount>
		<IncomeAccount id="14" ref="Gross Sales" type="I" locked="Y">Gross Sales</IncomeAccount>
	</Item>
	<Item id="I-3435" active="Y" keyItem="Y" actualize="N">
		<Description>PASTE TOMATO LOCAL</Description>
		<Cost>2.6972</Cost>
		<CaseQty>6.000</CaseQty>
		<CaseUOM>LG CAN</CaseUOM>
		<PakQty>2.840</PakQty>
		<PakUOM>L</PakUOM>
		<Comments/>
		<InventoryGroup id="16">FOOD - GROCERY</InventoryGroup>
		<SalesCategory id="2">Food</SalesCategory>
		<Location id="491">OK - STORES AISLE #3</Location>
		<ExpenseAccount id="22" ref="SC0070" type="C" locked="N">COS-Food NoTax</ExpenseAccount>
		<IncomeAccount id="14" ref="Gross Sales" type="I" locked="Y">Gross Sales</IncomeAccount>
	</Item>
	<Item id="I-3643" active="Y" keyItem="Y" actualize="N">
		<Description>PEPPER BLACK FINE TFC</Description>
		<Cost>32.5011</Cost>
		<CaseQty>1.000</CaseQty>
		<CaseUOM>each</CaseUOM>
		<PakQty>2.267</PakQty>
		<PakUOM>Kg</PakUOM>
		<Comments/>
		<InventoryGroup id="18">SPICES</InventoryGroup>
		<SalesCategory id="2">Food</SalesCategory>
		<Location id="449">OK - ARCHIVE</Location>
		<ExpenseAccount id="22" ref="SC0070" type="C" locked="N">COS-Food NoTax</ExpenseAccount>
		<IncomeAccount id="14" ref="Gross Sales" type="I" locked="Y">Gross Sales</IncomeAccount>
	</Item>
	<Item id="I-6812" active="Y" keyItem="Y" actualize="N">
		<Description>PEPPER BLK COARSE</Description>
		<Cost>34.6524</Cost>
		<CaseQty>2.100</CaseQty>
		<CaseUOM>Kg</CaseUOM>
		<PakQty>1.000</PakQty>
		<PakUOM>Kg</PakUOM>
		<Comments/>
		<InventoryGroup id="18">SPICES</InventoryGroup>
		<SalesCategory id="2">Food</SalesCategory>
		<Location id="449">OK - ARCHIVE</Location>
		<ExpenseAccount id="22" ref="SC0070" type="C" locked="N">COS-Food NoTax</ExpenseAccount>
		<IncomeAccount id="14" ref="Gross Sales" type="I" locked="Y">Gross Sales</IncomeAccount>
	</Item>
	<Item id="I-3642" active="Y" keyItem="Y" actualize="N">
		<Description>PEPPER BLK COARSE GRD SHK</Description>
		<Cost>0.0325</Cost>
		<CaseQty>1.000</CaseQty>
		<CaseUOM>ea</CaseUOM>
		<PakQty>2267.900</PakQty>
		<PakUOM>g</PakUOM>
		<Comments/>
		<InventoryGroup id="18">SPICES</InventoryGroup>
		<SalesCategory id="2">Food</SalesCategory>
		<Location id="299">OK - STORES AISLE #1</Location>
		<ExpenseAccount id="22" ref="SC0070" type="C" locked="N">COS-Food NoTax</ExpenseAccount>
		<IncomeAccount id="14" ref="Gross Sales" type="I" locked="Y">Gross Sales</IncomeAccount>
	</Item>
	<Item id="I-3447" active="Y" keyItem="Y" actualize="N">
		<Description>PEPPER CHIPOTLE IN ADOBO</Description>
		<Cost>0.0172</Cost>
		<CaseQty>12.000</CaseQty>
		<CaseUOM>SM CAN</CaseUOM>
		<PakQty>199.000</PakQty>
		<PakUOM>ml</PakUOM>
		<Comments>PRICE INCREASE 10/17</Comments>
		<InventoryGroup id="16">FOOD - GROCERY</InventoryGroup>
		<SalesCategory id="2">Food</SalesCategory>
		<Location id="491">OK - STORES AISLE #3</Location>
		<ExpenseAccount id="22" ref="SC0070" type="C" locked="N">COS-Food NoTax</ExpenseAccount>
		<IncomeAccount id="14" ref="Gross Sales" type="I" locked="Y">Gross Sales</IncomeAccount>
	</Item>
	<Item id="I-3647" active="Y" keyItem="Y" actualize="N">
		<Description>PEPPER WHITE GROUND TFC</Description>
		<Cost>36.6000</Cost>
		<CaseQty>2.500</CaseQty>
		<CaseUOM>Kg</CaseUOM>
		<PakQty>1.000</PakQty>
		<PakUOM>Kg</PakUOM>
		<Comments/>
		<InventoryGroup id="18">SPICES</InventoryGroup>
		<SalesCategory id="2">Food</SalesCategory>
		<Location id="299">OK - STORES AISLE #1</Location>
		<ExpenseAccount id="22" ref="SC0070" type="C" locked="N">COS-Food NoTax</ExpenseAccount>
		<IncomeAccount id="14" ref="Gross Sales" type="I" locked="Y">Gross Sales</IncomeAccount>
	</Item>
	<Item id="I-42230" active="Y" keyItem="Y" actualize="N">
		<Description>PEPPERCORN BLACK STANDARD</Description>
		<Cost>0.0220</Cost>
		<CaseQty>5.000</CaseQty>
		<CaseUOM>lb</CaseUOM>
		<PakQty>454.000</PakQty>
		<PakUOM>g</PakUOM>
		<Comments/>
		<InventoryGroup id="18">SPICES</InventoryGroup>
		<SalesCategory id="2">Food</SalesCategory>
		<Location id="449">OK - ARCHIVE</Location>
		<ExpenseAccount id="22" ref="SC0070" type="C" locked="N">COS-Food NoTax</ExpenseAccount>
		<IncomeAccount id="14" ref="Gross Sales" type="I" locked="Y">Gross Sales</IncomeAccount>
	</Item>
	<Item id="I-4792" active="Y" keyItem="Y" actualize="N">
		<Description>PEPPERS RED CHOICE US</Description>
		<Cost>3.0259</Cost>
		<CaseQty>25.000</CaseQty>
		<CaseUOM>lb</CaseUOM>
		<PakQty>1.000</PakQty>
		<PakUOM>lb</PakUOM>
		<Comments/>
		<InventoryGroup id="4">PRODUCE</InventoryGroup>
		<SalesCategory id="2">Food</SalesCategory>
		<Location id="303">OK - PRODUCE COOLER</Location>
		<ExpenseAccount id="22" ref="SC0070" type="C" locked="N">COS-Food NoTax</ExpenseAccount>
		<IncomeAccount id="14" ref="Gross Sales" type="I" locked="Y">Gross Sales</IncomeAccount>
	</Item>
	<Item id="I-3851" active="Y" keyItem="Y" actualize="N">
		<Description>PORK BUTT BNLS 1/4 COV FR</Description>
		<Cost>9.3200</Cost>
		<CaseQty>1.000</CaseQty>
		<CaseUOM>Kg</CaseUOM>
		<PakQty>1.000</PakQty>
		<PakUOM>Kg</PakUOM>
		<Comments>ALSO CODE #53987 WHEN BACK ORDERED</Comments>
		<InventoryGroup id="5">MEAT</InventoryGroup>
		<SalesCategory id="2">Food</SalesCategory>
		<Location id="304">OK - MEAT COOLER</Location>
		<ExpenseAccount id="22" ref="SC0070" type="C" locked="N">COS-Food NoTax</ExpenseAccount>
		<IncomeAccount id="14" ref="Gross Sales" type="I" locked="Y">Gross Sales</IncomeAccount>
	</Item>
	<Item id="I-4819" active="Y" keyItem="Y" actualize="N">
		<Description>POTATO YELLOW BABYBC</Description>
		<Cost>0.6350</Cost>
		<CaseQty>50.000</CaseQty>
		<CaseUOM>lb</CaseUOM>
		<PakQty>1.000</PakQty>
		<PakUOM>lb</PakUOM>
		<Comments/>
		<InventoryGroup id="4">PRODUCE</InventoryGroup>
		<SalesCategory id="2">Food</SalesCategory>
		<Location id="493">OK - STORES AISLE #5</Location>
		<ExpenseAccount id="22" ref="SC0070" type="C" locked="N">COS-Food NoTax</ExpenseAccount>
		<IncomeAccount id="14" ref="Gross Sales" type="I" locked="Y">Gross Sales</IncomeAccount>
	</Item>
	<Item id="I-3588" active="Y" keyItem="Y" actualize="N">
		<Description>PUMPKIN KERN RAW</Description>
		<Cost>14.9867</Cost>
		<CaseQty>3.000</CaseQty>
		<CaseUOM>Kg</CaseUOM>
		<PakQty>1.000</PakQty>
		<PakUOM>Kg</PakUOM>
		<Comments/>
		<InventoryGroup id="16">FOOD - GROCERY</InventoryGroup>
		<SalesCategory id="2">Food</SalesCategory>
		<Location id="449">OK - ARCHIVE</Location>
		<ExpenseAccount id="22" ref="SC0070" type="C" locked="N">COS-Food NoTax</ExpenseAccount>
		<IncomeAccount id="14" ref="Gross Sales" type="I" locked="Y">Gross Sales</IncomeAccount>
	</Item>
	<Item id="I-3016" active="Y" keyItem="Y" actualize="N">
		<Description>PUMPKIN SEEDS 2 KG</Description>
		<Cost>13.8467</Cost>
		<CaseQty>3.000</CaseQty>
		<CaseUOM>Kg</CaseUOM>
		<PakQty>1.000</PakQty>
		<PakUOM>Kg</PakUOM>
		<Comments/>
		<InventoryGroup id="16">FOOD - GROCERY</InventoryGroup>
		<SalesCategory id="2">Food</SalesCategory>
		<Location id="493">OK - STORES AISLE #5</Location>
		<ExpenseAccount id="22" ref="SC0070" type="C" locked="N">COS-Food NoTax</ExpenseAccount>
		<IncomeAccount id="14" ref="Gross Sales" type="I" locked="Y">Gross Sales</IncomeAccount>
	</Item>
	<Item id="I-3471" active="Y" keyItem="Y" actualize="N">
		<Description>RAISIN SULTANA </Description>
		<Cost>3.6056</Cost>
		<CaseQty>12.500</CaseQty>
		<CaseUOM>Kg</CaseUOM>
		<PakQty>1.000</PakQty>
		<PakUOM>Kg</PakUOM>
		<Comments/>
		<InventoryGroup id="16">FOOD - GROCERY</InventoryGroup>
		<SalesCategory id="2">Food</SalesCategory>
		<Location id="493">OK - STORES AISLE #5</Location>
		<ExpenseAccount id="22" ref="SC0070" type="C" locked="N">COS-Food NoTax</ExpenseAccount>
		<IncomeAccount id="14" ref="Gross Sales" type="I" locked="Y">Gross Sales</IncomeAccount>
	</Item>
	<Item id="I-42143" active="Y" keyItem="Y" actualize="N">
		<Description>RASPBERRY IQF</Description>
		<Cost>9.1600</Cost>
		<CaseQty>4.000</CaseQty>
		<CaseUOM>pak</CaseUOM>
		<PakQty>2.500</PakQty>
		<PakUOM>Kg</PakUOM>
		<Comments>ITEM CODE CHANGE FROM 1119522 TO 3693805 &amp; PRICE CHANGE - FEB 2020</Comments>
		<InventoryGroup id="4">PRODUCE</InventoryGroup>
		<SalesCategory id="2">Food</SalesCategory>
		<Location id="256">CK Frezzer</Location>
		<ExpenseAccount id="22" ref="SC0070" type="C" locked="N">COS-Food NoTax</ExpenseAccount>
		<IncomeAccount id="14" ref="Gross Sales" type="I" locked="Y">Gross Sales</IncomeAccount>
	</Item>
	<Item id="I-5115" active="Y" keyItem="Y" actualize="N">
		<Description>SAL SOX FLT S/ON PBO PRV  OW</Description>
		<Cost>10.7800</Cost>
		<CaseQty>1.000</CaseQty>
		<CaseUOM>lb</CaseUOM>
		<PakQty>1.000</PakQty>
		<PakUOM>lb</PakUOM>
		<Comments>CONTRACT PRICING AUGUST 2017 - MAY 2018</Comments>
		<InventoryGroup id="14">SEAFOOD</InventoryGroup>
		<SalesCategory id="2">Food</SalesCategory>
		<Location id="449">OK - ARCHIVE</Location>
		<ExpenseAccount id="22" ref="SC0070" type="C" locked="N">COS-Food NoTax</ExpenseAccount>
		<IncomeAccount id="14" ref="Gross Sales" type="I" locked="Y">Gross Sales</IncomeAccount>
	</Item>
	<Item id="I-13226" active="Y" keyItem="Y" actualize="N">
		<Description>SALAD MIX ARCADIAN</Description>
		<Cost>5.8583</Cost>
		<CaseQty>3.000</CaseQty>
		<CaseUOM>bag</CaseUOM>
		<PakQty>2.000</PakQty>
		<PakUOM>lb</PakUOM>
		<Comments/>
		<InventoryGroup id="4">PRODUCE</InventoryGroup>
		<SalesCategory id="2">Food</SalesCategory>
		<Location id="462">OK - STN - VEGETARIA</Location>
		<ExpenseAccount id="22" ref="SC0070" type="C" locked="N">COS-Food NoTax</ExpenseAccount>
		<IncomeAccount id="14" ref="Gross Sales" type="I" locked="Y">Gross Sales</IncomeAccount>
	</Item>
	<Item id="I-11808" active="Y" keyItem="Y" actualize="N">
		<Description>SALAD MIX UBC FARM</Description>
		<Cost>75.0000</Cost>
		<CaseQty>1.000</CaseQty>
		<CaseUOM>lb</CaseUOM>
		<PakQty>1.000</PakQty>
		<PakUOM>lb</PakUOM>
		<Comments/>
		<InventoryGroup id="4">PRODUCE</InventoryGroup>
		<SalesCategory id="2">Food</SalesCategory>
		<Location id="303">OK - PRODUCE COOLER</Location>
		<ExpenseAccount id="22" ref="SC0070" type="C" locked="N">COS-Food NoTax</ExpenseAccount>
		<IncomeAccount id="14" ref="Gross Sales" type="I" locked="Y">Gross Sales</IncomeAccount>
	</Item>
	<Item id="I-6466" active="Y" keyItem="Y" actualize="N">
		<Description>SALT CELERY</Description>
		<Cost>0.0161</Cost>
		<CaseQty>1.000</CaseQty>
		<CaseUOM>each</CaseUOM>
		<PakQty>918.000</PakQty>
		<PakUOM>g</PakUOM>
		<Comments>PRICE INCREASE 10/17 8737605</Comments>
		<InventoryGroup id="18">SPICES</InventoryGroup>
		<SalesCategory id="2">Food</SalesCategory>
		<Location id="299">OK - STORES AISLE #1</Location>
		<ExpenseAccount id="22" ref="SC0070" type="C" locked="N">COS-Food NoTax</ExpenseAccount>
		<IncomeAccount id="14" ref="Gross Sales" type="I" locked="Y">Gross Sales</IncomeAccount>
	</Item>
	<Item id="I-3497" active="Y" keyItem="Y" actualize="N">
		<Description>SALT HI GR NON IODIZED</Description>
		<Cost>0.4620</Cost>
		<CaseQty>20.000</CaseQty>
		<CaseUOM>Kg</CaseUOM>
		<PakQty>1.000</PakQty>
		<PakUOM>Kg</PakUOM>
		<Comments>REPLACED 3540047 APR 2018</Comments>
		<InventoryGroup id="18">SPICES</InventoryGroup>
		<SalesCategory id="2">Food</SalesCategory>
		<Location id="449">OK - ARCHIVE</Location>
		<ExpenseAccount id="22" ref="SC0070" type="C" locked="N">COS-Food NoTax</ExpenseAccount>
		<IncomeAccount id="14" ref="Gross Sales" type="I" locked="Y">Gross Sales</IncomeAccount>
	</Item>
	<Item id="I-6026" active="Y" keyItem="Y" actualize="N">
		<Description>SALT KOSHER </Description>
		<Cost>0.0032</Cost>
		<CaseQty>16.320</CaseQty>
		<CaseUOM>Kg</CaseUOM>
		<PakQty>1000.000</PakQty>
		<PakUOM>g</PakUOM>
		<Comments>PRICE CHANGED DECEMBER 2018</Comments>
		<InventoryGroup id="18">SPICES</InventoryGroup>
		<SalesCategory id="2">Food</SalesCategory>
		<Location id="491">OK - STORES AISLE #3</Location>
		<ExpenseAccount id="22" ref="SC0070" type="C" locked="N">COS-Food NoTax</ExpenseAccount>
		<IncomeAccount id="14" ref="Gross Sales" type="I" locked="Y">Gross Sales</IncomeAccount>
	</Item>
	<Item id="I-12176" active="Y" keyItem="Y" actualize="N">
		<Description>SALT SEA COARSE KOSHER</Description>
		<Cost>2.0925</Cost>
		<CaseQty>1.000</CaseQty>
		<CaseUOM>CT</CaseUOM>
		<PakQty>2.270</PakQty>
		<PakUOM>Kg</PakUOM>
		<Comments/>
		<InventoryGroup id="18">SPICES</InventoryGroup>
		<SalesCategory id="2">Food</SalesCategory>
		<Location id="449">OK - ARCHIVE</Location>
		<ExpenseAccount id="22" ref="SC0070" type="C" locked="N">COS-Food NoTax</ExpenseAccount>
		<IncomeAccount id="14" ref="Gross Sales" type="I" locked="Y">Gross Sales</IncomeAccount>
	</Item>
	<Item id="I-3504" active="Y" keyItem="Y" actualize="N">
		<Description>SAUCE BBQ CAROLINA STYLE</Description>
		<Cost>4.1455</Cost>
		<CaseQty>2.000</CaseQty>
		<CaseUOM>JUG</CaseUOM>
		<PakQty>3.780</PakQty>
		<PakUOM>L</PakUOM>
		<Comments/>
		<InventoryGroup id="16">FOOD - GROCERY</InventoryGroup>
		<SalesCategory id="2">Food</SalesCategory>
		<Location id="490">OK - STORES AISLE #2</Location>
		<ExpenseAccount id="22" ref="SC0070" type="C" locked="N">COS-Food NoTax</ExpenseAccount>
		<IncomeAccount id="14" ref="Gross Sales" type="I" locked="Y">Gross Sales</IncomeAccount>
	</Item>
	<Item id="I-26960" active="Y" keyItem="Y" actualize="N">
		<Description>SAUCE BBQ KANSAS</Description>
		<Cost>4.2540</Cost>
		<CaseQty>2.000</CaseQty>
		<CaseUOM>JUG</CaseUOM>
		<PakQty>3.780</PakQty>
		<PakUOM>L</PakUOM>
		<Comments>REPLACED 3466267 APR 2018</Comments>
		<InventoryGroup id="16">FOOD - GROCERY</InventoryGroup>
		<SalesCategory id="2">Food</SalesCategory>
		<Location id="490">OK - STORES AISLE #2</Location>
		<ExpenseAccount id="22" ref="SC0070" type="C" locked="N">COS-Food NoTax</ExpenseAccount>
		<IncomeAccount id="14" ref="Gross Sales" type="I" locked="Y">Gross Sales</IncomeAccount>
	</Item>
	<Item id="I-14773" active="Y" keyItem="Y" actualize="N">
		<Description>SAUCE MIX HOLLANDAISE</Description>
		<Cost>25.8542</Cost>
		<CaseQty>6.000</CaseQty>
		<CaseUOM>pak</CaseUOM>
		<PakQty>0.800</PakQty>
		<PakUOM>Kg</PakUOM>
		<Comments/>
		<InventoryGroup id="16">FOOD - GROCERY</InventoryGroup>
		<SalesCategory id="2">Food</SalesCategory>
		<Location id="490">OK - STORES AISLE #2</Location>
		<ExpenseAccount id="22" ref="SC0070" type="C" locked="N">COS-Food NoTax</ExpenseAccount>
		<IncomeAccount id="14" ref="Gross Sales" type="I" locked="Y">Gross Sales</IncomeAccount>
	</Item>
	<Item id="I-47774" active="Y" keyItem="Y" actualize="N">
		<Description>SAUCE SOY LOW SOD G/FREE</Description>
		<Cost>9.5317</Cost>
		<CaseQty>11.340</CaseQty>
		<CaseUOM>L</CaseUOM>
		<PakQty>1.000</PakQty>
		<PakUOM>L</PakUOM>
		<Comments>TAMARI SOY SAUCE KIKKOMAN</Comments>
		<InventoryGroup id="16">FOOD - GROCERY</InventoryGroup>
		<SalesCategory id="2">Food</SalesCategory>
		<Location id="491">OK - STORES AISLE #3</Location>
		<ExpenseAccount id="22" ref="SC0070" type="C" locked="N">COS-Food NoTax</ExpenseAccount>
		<IncomeAccount id="14" ref="Gross Sales" type="I" locked="Y">Gross Sales</IncomeAccount>
	</Item>
	<Item id="I-3572" active="Y" keyItem="Y" actualize="N">
		<Description>SAUCE WORCESTERSHIRE</Description>
		<Cost>6.6811</Cost>
		<CaseQty>2.000</CaseQty>
		<CaseUOM>JUG</CaseUOM>
		<PakQty>3.700</PakQty>
		<PakUOM>L</PakUOM>
		<Comments/>
		<InventoryGroup id="16">FOOD - GROCERY</InventoryGroup>
		<SalesCategory id="2">Food</SalesCategory>
		<Location id="490">OK - STORES AISLE #2</Location>
		<ExpenseAccount id="22" ref="SC0070" type="C" locked="N">COS-Food NoTax</ExpenseAccount>
		<IncomeAccount id="14" ref="Gross Sales" type="I" locked="Y">Gross Sales</IncomeAccount>
	</Item>
	<Item id="I-3312" active="Y" keyItem="Y" actualize="N">
		<Description>SEED FENNEL WHOLE</Description>
		<Cost>0.3950</Cost>
		<CaseQty>1.000</CaseQty>
		<CaseUOM>pak</CaseUOM>
		<PakQty>16.000</PakQty>
		<PakUOM>oz</PakUOM>
		<Comments/>
		<InventoryGroup id="18">SPICES</InventoryGroup>
		<SalesCategory id="2">Food</SalesCategory>
		<Location id="299">OK - STORES AISLE #1</Location>
		<ExpenseAccount id="22" ref="SC0070" type="C" locked="N">COS-Food NoTax</ExpenseAccount>
		<IncomeAccount id="14" ref="Gross Sales" type="I" locked="Y">Gross Sales</IncomeAccount>
	</Item>
	<Item id="I-3590" active="Y" keyItem="Y" actualize="N">
		<Description>SEED SESAME RST - NO SALT TFC</Description>
		<Cost>10.5233</Cost>
		<CaseQty>3.000</CaseQty>
		<CaseUOM>Kg</CaseUOM>
		<PakQty>1.000</PakQty>
		<PakUOM>Kg</PakUOM>
		<Comments/>
		<InventoryGroup id="18">SPICES</InventoryGroup>
		<SalesCategory id="2">Food</SalesCategory>
		<Location id="299">OK - STORES AISLE #1</Location>
		<ExpenseAccount id="22" ref="SC0070" type="C" locked="N">COS-Food NoTax</ExpenseAccount>
		<IncomeAccount id="14" ref="Gross Sales" type="I" locked="Y">Gross Sales</IncomeAccount>
	</Item>
	<Item id="I-4894" active="Y" keyItem="Y" actualize="N">
		<Description>SHALLOTS PEELED </Description>
		<Cost>6.5900</Cost>
		<CaseQty>5.000</CaseQty>
		<CaseUOM>lb</CaseUOM>
		<PakQty>1.000</PakQty>
		<PakUOM>lb</PakUOM>
		<Comments/>
		<InventoryGroup id="4">PRODUCE</InventoryGroup>
		<SalesCategory id="2">Food</SalesCategory>
		<Location id="303">OK - PRODUCE COOLER</Location>
		<ExpenseAccount id="22" ref="SC0070" type="C" locked="N">COS-Food NoTax</ExpenseAccount>
		<IncomeAccount id="14" ref="Gross Sales" type="I" locked="Y">Gross Sales</IncomeAccount>
	</Item>
	<Item id="I-3595" active="Y" keyItem="Y" actualize="N">
		<Description>SMOKE LIQUID ARTIF</Description>
		<Cost>4.8850</Cost>
		<CaseQty>1.000</CaseQty>
		<CaseUOM>4L</CaseUOM>
		<PakQty>4.000</PakQty>
		<PakUOM>L</PakUOM>
		<Comments>REPLACED 3540637 APR 2018</Comments>
		<InventoryGroup id="16">FOOD - GROCERY</InventoryGroup>
		<SalesCategory id="2">Food</SalesCategory>
		<Location id="299">OK - STORES AISLE #1</Location>
		<ExpenseAccount id="22" ref="SC0070" type="C" locked="N">COS-Food NoTax</ExpenseAccount>
		<IncomeAccount id="14" ref="Gross Sales" type="I" locked="Y">Gross Sales</IncomeAccount>
	</Item>
	<Item id="I-5022" active="Y" keyItem="Y" actualize="N">
		<Description>SPINACH CHOPPED FZN</Description>
		<Cost>3.6725</Cost>
		<CaseQty>10.900</CaseQty>
		<CaseUOM>Kg</CaseUOM>
		<PakQty>1.000</PakQty>
		<PakUOM>Kg</PakUOM>
		<Comments>ITEM CODE CHANGE FROM 1138123 TO 6932205 &amp; PRICE CHANGE - FEB 2020</Comments>
		<InventoryGroup id="4">PRODUCE</InventoryGroup>
		<SalesCategory id="2">Food</SalesCategory>
		<Location id="302">OK - FREEZER</Location>
		<ExpenseAccount id="22" ref="SC0070" type="C" locked="N">COS-Food NoTax</ExpenseAccount>
		<IncomeAccount id="14" ref="Gross Sales" type="I" locked="Y">Gross Sales</IncomeAccount>
	</Item>
	<Item id="I-4896" active="Y" keyItem="Y" actualize="N">
		<Description>SPINACH WASHED NO STEM US</Description>
		<Cost>3.4600</Cost>
		<CaseQty>1.000</CaseQty>
		<CaseUOM>bag</CaseUOM>
		<PakQty>2.500</PakQty>
		<PakUOM>lb</PakUOM>
		<Comments>PRICE UPDATED JULY 2018 - VW</Comments>
		<InventoryGroup id="4">PRODUCE</InventoryGroup>
		<SalesCategory id="2">Food</SalesCategory>
		<Location id="303">OK - PRODUCE COOLER</Location>
		<ExpenseAccount id="22" ref="SC0070" type="C" locked="N">COS-Food NoTax</ExpenseAccount>
		<IncomeAccount id="14" ref="Gross Sales" type="I" locked="Y">Gross Sales</IncomeAccount>
	</Item>
	<Item id="I-48356" active="Y" keyItem="Y" actualize="N">
		<Description>SUGAR BROWN LT BRILLIANT YELLO</Description>
		<Cost>1.4315</Cost>
		<CaseQty>20.000</CaseQty>
		<CaseUOM>Kg</CaseUOM>
		<PakQty>1.000</PakQty>
		<PakUOM>Kg</PakUOM>
		<Comments/>
		<InventoryGroup id="16">FOOD - GROCERY</InventoryGroup>
		<SalesCategory id="2">Food</SalesCategory>
		<Location id="449">OK - ARCHIVE</Location>
		<ExpenseAccount id="22" ref="SC0070" type="C" locked="N">COS-Food NoTax</ExpenseAccount>
		<IncomeAccount id="14" ref="Gross Sales" type="I" locked="Y">Gross Sales</IncomeAccount>
	</Item>
	<Item id="I-3658" active="Y" keyItem="Y" actualize="N">
		<Description>SUGAR GOLDEN YEL 20KG</Description>
		<Cost>2.2945</Cost>
		<CaseQty>20.000</CaseQty>
		<CaseUOM>Kg</CaseUOM>
		<PakQty>1.000</PakQty>
		<PakUOM>Kg</PakUOM>
		<Comments>REPLACED 3560437 APR 2018</Comments>
		<InventoryGroup id="16">FOOD - GROCERY</InventoryGroup>
		<SalesCategory id="2">Food</SalesCategory>
		<Location id="299">OK - STORES AISLE #1</Location>
		<ExpenseAccount id="22" ref="SC0070" type="C" locked="N">COS-Food NoTax</ExpenseAccount>
		<IncomeAccount id="14" ref="Gross Sales" type="I" locked="Y">Gross Sales</IncomeAccount>
	</Item>
	<Item id="I-3660" active="Y" keyItem="Y" actualize="N">
		<Description>SUGAR GRANULATED FINE</Description>
		<Cost>1.6835</Cost>
		<CaseQty>20.000</CaseQty>
		<CaseUOM>Kg</CaseUOM>
		<PakQty>1.000</PakQty>
		<PakUOM>Kg</PakUOM>
		<Comments>Replacing Item Code 3238807</Comments>
		<InventoryGroup id="16">FOOD - GROCERY</InventoryGroup>
		<SalesCategory id="2">Food</SalesCategory>
		<Location id="299">OK - STORES AISLE #1</Location>
		<ExpenseAccount id="22" ref="SC0070" type="C" locked="N">COS-Food NoTax</ExpenseAccount>
		<IncomeAccount id="14" ref="Gross Sales" type="I" locked="Y">Gross Sales</IncomeAccount>
	</Item>
	<Item id="I-4913" active="Y" keyItem="Y" actualize="N">
		<Description>SWEET POTATO DICED 3/4 US&quot;</Description>
		<Cost>4.4100</Cost>
		<CaseQty>5.000</CaseQty>
		<CaseUOM>lb</CaseUOM>
		<PakQty>1.000</PakQty>
		<PakUOM>lb</PakUOM>
		<Comments/>
		<InventoryGroup id="4">PRODUCE</InventoryGroup>
		<SalesCategory id="2">Food</SalesCategory>
		<Location id="303">OK - PRODUCE COOLER</Location>
		<ExpenseAccount id="22" ref="SC0070" type="C" locked="N">COS-Food NoTax</ExpenseAccount>
		<IncomeAccount id="14" ref="Gross Sales" type="I" locked="Y">Gross Sales</IncomeAccount>
	</Item>
	<Item id="I-3670" active="Y" keyItem="Y" actualize="N">
		<Description>SYRUP MAPLE CDN ORIG</Description>
		<Cost>19.1408</Cost>
		<CaseQty>6.000</CaseQty>
		<CaseUOM>JUG</CaseUOM>
		<PakQty>2.000</PakQty>
		<PakUOM>L</PakUOM>
		<Comments/>
		<InventoryGroup id="16">FOOD - GROCERY</InventoryGroup>
		<SalesCategory id="2">Food</SalesCategory>
		<Location id="491">OK - STORES AISLE #3</Location>
		<ExpenseAccount id="22" ref="SC0070" type="C" locked="N">COS-Food NoTax</ExpenseAccount>
		<IncomeAccount id="14" ref="Gross Sales" type="I" locked="Y">Gross Sales</IncomeAccount>
	</Item>
	<Item id="I-16984" active="Y" keyItem="Y" actualize="N">
		<Description>SYRUP MONIN PURE CANE </Description>
		<Cost>15.1700</Cost>
		<CaseQty>1.000</CaseQty>
		<CaseUOM>L</CaseUOM>
		<PakQty>1.000</PakQty>
		<PakUOM>L</PakUOM>
		<Comments/>
		<InventoryGroup id="2">BEVERAGE</InventoryGroup>
		<SalesCategory id="2">Food</SalesCategory>
		<Location id="448">OK - SERVE BEVERAGE</Location>
		<ExpenseAccount id="22" ref="SC0070" type="C" locked="N">COS-Food NoTax</ExpenseAccount>
		<IncomeAccount id="14" ref="Gross Sales" type="I" locked="Y">Gross Sales</IncomeAccount>
	</Item>
	<Item id="I-3318" active="Y" keyItem="Y" actualize="N">
		<Description>THYME WHOLE</Description>
		<Cost>0.0268</Cost>
		<CaseQty>1.000</CaseQty>
		<CaseUOM>pak</CaseUOM>
		<PakQty>236.000</PakQty>
		<PakUOM>g</PakUOM>
		<Comments/>
		<InventoryGroup id="18">SPICES</InventoryGroup>
		<SalesCategory id="2">Food</SalesCategory>
		<Location id="299">OK - STORES AISLE #1</Location>
		<ExpenseAccount id="22" ref="SC0070" type="C" locked="N">COS-Food NoTax</ExpenseAccount>
		<IncomeAccount id="14" ref="Gross Sales" type="I" locked="Y">Gross Sales</IncomeAccount>
	</Item>
	<Item id="I-17159" active="Y" keyItem="Y" actualize="N">
		<Description>TOMATOES GRAPE 10LB</Description>
		<Cost>3.7150</Cost>
		<CaseQty>10.000</CaseQty>
		<CaseUOM>lb</CaseUOM>
		<PakQty>1.000</PakQty>
		<PakUOM>lb</PakUOM>
		<Comments/>
		<InventoryGroup id="4">PRODUCE</InventoryGroup>
		<SalesCategory id="2">Food</SalesCategory>
		<Location id="303">OK - PRODUCE COOLER</Location>
		<ExpenseAccount id="22" ref="SC0070" type="C" locked="N">COS-Food NoTax</ExpenseAccount>
		<IncomeAccount id="14" ref="Gross Sales" type="I" locked="Y">Gross Sales</IncomeAccount>
	</Item>
	<Item id="I-4933" active="Y" keyItem="Y" actualize="N">
		<Description>TOMATOES ROMA MX</Description>
		<Cost>1.5280</Cost>
		<CaseQty>25.000</CaseQty>
		<CaseUOM>lb</CaseUOM>
		<PakQty>1.000</PakQty>
		<PakUOM>lb</PakUOM>
		<Comments/>
		<InventoryGroup id="4">PRODUCE</InventoryGroup>
		<SalesCategory id="2">Food</SalesCategory>
		<Location id="303">OK - PRODUCE COOLER</Location>
		<ExpenseAccount id="22" ref="SC0070" type="C" locked="N">COS-Food NoTax</ExpenseAccount>
		<IncomeAccount id="14" ref="Gross Sales" type="I" locked="Y">Gross Sales</IncomeAccount>
	</Item>
	<Item id="I-3654" active="Y" keyItem="Y" actualize="N">
		<Description>TURMERIC GROUND </Description>
		<Cost>0.0115</Cost>
		<CaseQty>1.000</CaseQty>
		<CaseUOM>each</CaseUOM>
		<PakQty>454.000</PakQty>
		<PakUOM>g</PakUOM>
		<Comments/>
		<InventoryGroup id="18">SPICES</InventoryGroup>
		<SalesCategory id="2">Food</SalesCategory>
		<Location id="299">OK - STORES AISLE #1</Location>
		<ExpenseAccount id="22" ref="SC0070" type="C" locked="N">COS-Food NoTax</ExpenseAccount>
		<IncomeAccount id="14" ref="Gross Sales" type="I" locked="Y">Gross Sales</IncomeAccount>
	</Item>
	<Item id="I-9382" active="Y" keyItem="Y" actualize="N">
		<Description>VINEGAR APPLE CIDER PURE</Description>
		<Cost>1.9290</Cost>
		<CaseQty>2.000</CaseQty>
		<CaseUOM>bottle</CaseUOM>
		<PakQty>5.000</PakQty>
		<PakUOM>L</PakUOM>
		<Comments/>
		<InventoryGroup id="16">FOOD - GROCERY</InventoryGroup>
		<SalesCategory id="2">Food</SalesCategory>
		<Location id="491">OK - STORES AISLE #3</Location>
		<ExpenseAccount id="22" ref="SC0070" type="C" locked="N">COS-Food NoTax</ExpenseAccount>
		<IncomeAccount id="14" ref="Gross Sales" type="I" locked="Y">Gross Sales</IncomeAccount>
	</Item>
	<Item id="I-21727" active="Y" keyItem="Y" actualize="N">
		<Description>VINEGAR BALSAMIC RASPBERRY</Description>
		<Cost>0.0360</Cost>
		<CaseQty>1.000</CaseQty>
		<CaseUOM>bottle</CaseUOM>
		<PakQty>225.000</PakQty>
		<PakUOM>ml</PakUOM>
		<Comments/>
		<InventoryGroup id="16">FOOD - GROCERY</InventoryGroup>
		<SalesCategory id="2">Food</SalesCategory>
		<Location id="427">*PV 1. STORE ROW 2</Location>
		<ExpenseAccount id="22" ref="SC0070" type="C" locked="N">COS-Food NoTax</ExpenseAccount>
		<IncomeAccount id="14" ref="Gross Sales" type="I" locked="Y">Gross Sales</IncomeAccount>
	</Item>
	<Item id="I-5983" active="Y" keyItem="N" actualize="N">
		<Description>WATER FOR RECIPES</Description>
		<Cost>0</Cost>
		<CaseQty>1.000</CaseQty>
		<CaseUOM>L</CaseUOM>
		<PakQty>1.000</PakQty>
		<PakUOM>L</PakUOM>
		<Comments/>
		<InventoryGroup id="2">BEVERAGE</InventoryGroup>
		<SalesCategory id="2">Food</SalesCategory>
		<Location id="449">OK - ARCHIVE</Location>
		<ExpenseAccount id="22" ref="SC0070" type="C" locked="N">COS-Food NoTax</ExpenseAccount>
		<IncomeAccount id="14" ref="Gross Sales" type="I" locked="Y">Gross Sales</IncomeAccount>
	</Item>
	<Item id="I-1490" active="Y" keyItem="Y" actualize="N">
		<Description>ZEST FLAVOURS SUGAR ORANG</Description>
		<Cost>5.8433</Cost>
		<CaseQty>6.000</CaseQty>
		<CaseUOM>lb</CaseUOM>
		<PakQty>1.000</PakQty>
		<PakUOM>lb</PakUOM>
		<Comments/>
		<InventoryGroup id="20">BAKING-RAW INGREDIENTS</InventoryGroup>
		<SalesCategory id="2">Food</SalesCategory>
		<Location id="258">CK Bakeshop Cooler</Location>
		<ExpenseAccount id="22" ref="SC0070" type="C" locked="N">COS-Food NoTax</ExpenseAccount>
		<IncomeAccount id="14" ref="Gross Sales" type="I" locked="Y">Gross Sales</IncomeAccount>
	</Item>
	<Item id="I-4967" active="Y" keyItem="Y" actualize="N">
		<Description>ZUCCHINI MED FCY MX</Description>
		<Cost>1.6840</Cost>
		<CaseQty>25.000</CaseQty>
		<CaseUOM>lb</CaseUOM>
		<PakQty>1.000</PakQty>
		<PakUOM>lb</PakUOM>
		<Comments/>
		<InventoryGroup id="4">PRODUCE</InventoryGroup>
		<SalesCategory id="2">Food</SalesCategory>
		<Location id="303">OK - PRODUCE COOLER</Location>
		<ExpenseAccount id="22" ref="SC0070" type="C" locked="N">COS-Food NoTax</ExpenseAccount>
		<IncomeAccount id="14" ref="Gross Sales" type="I" locked="Y">Gross Sales</IncomeAccount>
	</Item>
</Items>
