﻿<?xml version="1.0" encoding="UTF-8" standalone="yes"?>
<Preps>
	<Prep id="P-64511" active="Y" keyItem="N">
		<Description>Baked|Brocoli|Mushroom|Pasta</Description>
		<Barcode/>
		<Cost>7.2540</Cost>
		<PakQty>6.000</PakQty>
		<PakUOM>Kg</PakUOM>
		<Comments/>
		<InventoryGroup id=""/>
		<SalesCategory id=""/>
		<IncomeAccount id="" ref="" type="" locked=""/>
		<Location id=""/>
	</Prep>
	<Prep id="P-64689" active="Y" keyItem="N">
		<Description>BAKED|Chicken Thigh|FNH</Description>
		<Barcode/>
		<Cost>8.4224</Cost>
		<PakQty>34.000</PakQty>
		<PakUOM>Kg</PakUOM>
		<Comments/>
		<InventoryGroup id=""/>
		<SalesCategory id=""/>
		<IncomeAccount id="" ref="" type="" locked=""/>
		<Location id=""/>
	</Prep>
	<Prep id="P-39627" active="Y" keyItem="Y">
		<Description>BATCH|Pulled Pork</Description>
		<Barcode/>
		<Cost>16.0932</Cost>
		<PakQty>2.720</PakQty>
		<PakUOM>Kg</PakUOM>
		<Comments/>
		<InventoryGroup id="47">PREP</InventoryGroup>
		<SalesCategory id="2">Food</SalesCategory>
		<IncomeAccount id="14" ref="Gross Sales" type="I" locked="Y">Gross Sales</IncomeAccount>
		<Location id="500">OK - PROCESSED </Location>
	</Prep>
	<Prep id="P-26181" active="Y" keyItem="Y">
		<Description>BRAISED|Berbere Brisket</Description>
		<Barcode/>
		<Cost>21.1283</Cost>
		<PakQty>3.000</PakQty>
		<PakUOM>Kg</PakUOM>
		<Comments/>
		<InventoryGroup id="47">PREP</InventoryGroup>
		<SalesCategory id="2">Food</SalesCategory>
		<IncomeAccount id="14" ref="Gross Sales" type="I" locked="Y">Gross Sales</IncomeAccount>
		<Location id="500">OK - PROCESSED </Location>
	</Prep>
	<Prep id="P-50725" active="Y" keyItem="Y">
		<Description>BREAD|Focaccia|Portion </Description>
		<Barcode/>
		<Cost>1.0281</Cost>
		<PakQty>16.000</PakQty>
		<PakUOM>ea</PakUOM>
		<Comments/>
		<InventoryGroup id="47">PREP</InventoryGroup>
		<SalesCategory id="2">Food</SalesCategory>
		<IncomeAccount id="14" ref="Gross Sales" type="I" locked="Y">Gross Sales</IncomeAccount>
		<Location id="126">*PV 5 PROCESS FRIDGE</Location>
	</Prep>
	<Prep id="P-50500" active="Y" keyItem="N">
		<Description>CHIFFONADE|Basil</Description>
		<Barcode/>
		<Cost>0.0354</Cost>
		<PakQty>190.000</PakQty>
		<PakUOM>g</PakUOM>
		<Comments/>
		<InventoryGroup id=""/>
		<SalesCategory id=""/>
		<IncomeAccount id="" ref="" type="" locked=""/>
		<Location id="457">OK - STN - GLOBAL</Location>
	</Prep>
	<Prep id="P-50517" active="Y" keyItem="N">
		<Description>CHOPPED|Dill</Description>
		<Barcode/>
		<Cost>0.0501</Cost>
		<PakQty>310.000</PakQty>
		<PakUOM>g</PakUOM>
		<Comments/>
		<InventoryGroup id=""/>
		<SalesCategory id=""/>
		<IncomeAccount id="" ref="" type="" locked=""/>
		<Location id=""/>
	</Prep>
	<Prep id="P-45118" active="Y" keyItem="Y">
		<Description>COOKED|Beets|Roasted|SL</Description>
		<Barcode/>
		<Cost>7.6886</Cost>
		<PakQty>4.750</PakQty>
		<PakUOM>Kg</PakUOM>
		<Comments>July 2018 (Fiscal 19)</Comments>
		<InventoryGroup id="47">PREP</InventoryGroup>
		<SalesCategory id="2">Food</SalesCategory>
		<IncomeAccount id="14" ref="Gross Sales" type="I" locked="Y">Gross Sales</IncomeAccount>
		<Location id="449">OK - ARCHIVE</Location>
	</Prep>
	<Prep id="P-26068" active="Y" keyItem="Y">
		<Description>COOKED|Caramelized Onion</Description>
		<Barcode/>
		<Cost>2.5558</Cost>
		<PakQty>9.000</PakQty>
		<PakUOM>Kg</PakUOM>
		<Comments/>
		<InventoryGroup id="47">PREP</InventoryGroup>
		<SalesCategory id="2">Food</SalesCategory>
		<IncomeAccount id="14" ref="Gross Sales" type="I" locked="Y">Gross Sales</IncomeAccount>
		<Location id="500">OK - PROCESSED </Location>
	</Prep>
	<Prep id="P-46911" active="Y" keyItem="N">
		<Description>COOKED|Crispy Yam Chips</Description>
		<Barcode/>
		<Cost>0.0126</Cost>
		<PakQty>3500.000</PakQty>
		<PakUOM>g</PakUOM>
		<Comments/>
		<InventoryGroup id=""/>
		<SalesCategory id=""/>
		<IncomeAccount id="" ref="" type="" locked=""/>
		<Location id=""/>
	</Prep>
	<Prep id="P-50759" active="Y" keyItem="N">
		<Description>COOKED|Italian Veg|SL </Description>
		<Barcode/>
		<Cost>8.6504</Cost>
		<PakQty>4.000</PakQty>
		<PakUOM>Kg</PakUOM>
		<Comments/>
		<InventoryGroup id=""/>
		<SalesCategory id=""/>
		<IncomeAccount id="" ref="" type="" locked=""/>
		<Location id=""/>
	</Prep>
	<Prep id="P-26216" active="Y" keyItem="Y">
		<Description>COOKED|Pasta|Penne|WW</Description>
		<Barcode/>
		<Cost>2.7781</Cost>
		<PakQty>2.900</PakQty>
		<PakUOM>Kg</PakUOM>
		<Comments/>
		<InventoryGroup id="47">PREP</InventoryGroup>
		<SalesCategory id="2">Food</SalesCategory>
		<IncomeAccount id="14" ref="Gross Sales" type="I" locked="Y">Gross Sales</IncomeAccount>
		<Location id="500">OK - PROCESSED </Location>
	</Prep>
	<Prep id="P-37297" active="Y" keyItem="N">
		<Description>COOKED|Poached Egg</Description>
		<Barcode/>
		<Cost>0.3476</Cost>
		<PakQty>1.000</PakQty>
		<PakUOM>each</PakUOM>
		<Comments/>
		<InventoryGroup id=""/>
		<SalesCategory id=""/>
		<IncomeAccount id="" ref="" type="" locked=""/>
		<Location id=""/>
	</Prep>
	<Prep id="P-9857" active="Y" keyItem="N">
		<Description>COOKED|Sweet Potato </Description>
		<Barcode/>
		<Cost>11.0484</Cost>
		<PakQty>15.876</PakQty>
		<PakUOM>Kg</PakUOM>
		<Comments/>
		<InventoryGroup id=""/>
		<SalesCategory id=""/>
		<IncomeAccount id="" ref="" type="" locked=""/>
		<Location id=""/>
	</Prep>
	<Prep id="P-9748" active="Y" keyItem="N">
		<Description>DICED|Jumbo Onion|3/4</Description>
		<Barcode/>
		<Cost>1.7325</Cost>
		<PakQty>1.000</PakQty>
		<PakUOM>lb</PakUOM>
		<Comments/>
		<InventoryGroup id=""/>
		<SalesCategory id=""/>
		<IncomeAccount id="" ref="" type="" locked=""/>
		<Location id=""/>
	</Prep>
	<Prep id="P-38637" active="Y" keyItem="N">
		<Description>DRAINED|Caper</Description>
		<Barcode/>
		<Cost>14.4417</Cost>
		<PakQty>1.200</PakQty>
		<PakUOM>Kg</PakUOM>
		<Comments/>
		<InventoryGroup id=""/>
		<SalesCategory id=""/>
		<IncomeAccount id="" ref="" type="" locked=""/>
		<Location id=""/>
	</Prep>
	<Prep id="P-56459" active="Y" keyItem="Y">
		<Description>DRESSING|Apple Cider</Description>
		<Barcode/>
		<Cost>3.2183</Cost>
		<PakQty>2.000</PakQty>
		<PakUOM>L</PakUOM>
		<Comments/>
		<InventoryGroup id="47">PREP</InventoryGroup>
		<SalesCategory id="2">Food</SalesCategory>
		<IncomeAccount id="14" ref="Gross Sales" type="I" locked="Y">Gross Sales</IncomeAccount>
		<Location id="500">OK - PROCESSED </Location>
	</Prep>
	<Prep id="P-58413" active="Y" keyItem="N">
		<Description>DRESSING|Maple rasberry</Description>
		<Barcode/>
		<Cost>8.1748</Cost>
		<PakQty>1.000</PakQty>
		<PakUOM>L</PakUOM>
		<Comments/>
		<InventoryGroup id=""/>
		<SalesCategory id=""/>
		<IncomeAccount id="" ref="" type="" locked=""/>
		<Location id=""/>
	</Prep>
	<Prep id="P-64715" active="Y" keyItem="N">
		<Description>GLAZED|Maple Carrots</Description>
		<Barcode/>
		<Cost>3.6246</Cost>
		<PakQty>18.500</PakQty>
		<PakUOM>Kg</PakUOM>
		<Comments/>
		<InventoryGroup id=""/>
		<SalesCategory id=""/>
		<IncomeAccount id="" ref="" type="" locked=""/>
		<Location id=""/>
	</Prep>
	<Prep id="P-51582" active="Y" keyItem="Y">
		<Description>JULIENNE|Carrot</Description>
		<Barcode/>
		<Cost>2.0531</Cost>
		<PakQty>10.500</PakQty>
		<PakUOM>Kg</PakUOM>
		<Comments/>
		<InventoryGroup id="47">PREP</InventoryGroup>
		<SalesCategory id="2">Food</SalesCategory>
		<IncomeAccount id="14" ref="Gross Sales" type="I" locked="Y">Gross Sales</IncomeAccount>
		<Location id="500">OK - PROCESSED </Location>
	</Prep>
	<Prep id="P-64879" active="Y" keyItem="Y">
		<Description>LIQUID|Brisket</Description>
		<Barcode/>
		<Cost>2.6745</Cost>
		<PakQty>1.920</PakQty>
		<PakUOM>L</PakUOM>
		<Comments/>
		<InventoryGroup id="47">PREP</InventoryGroup>
		<SalesCategory id="2">Food</SalesCategory>
		<IncomeAccount id="14" ref="Gross Sales" type="I" locked="Y">Gross Sales</IncomeAccount>
		<Location id="500">OK - PROCESSED </Location>
	</Prep>
	<Prep id="P-7093" active="Y" keyItem="Y">
		<Description>MASHED|Buttermilk Potatoes</Description>
		<Barcode/>
		<Cost>1.2443</Cost>
		<PakQty>33.000</PakQty>
		<PakUOM>Kg</PakUOM>
		<Comments/>
		<InventoryGroup id="47">PREP</InventoryGroup>
		<SalesCategory id="2">Food</SalesCategory>
		<IncomeAccount id="14" ref="Gross Sales" type="I" locked="Y">Gross Sales</IncomeAccount>
		<Location id="500">OK - PROCESSED </Location>
	</Prep>
	<Prep id="P-26175" active="Y" keyItem="N">
		<Description>MIX|Berbere Rub</Description>
		<Barcode/>
		<Cost>0.0233</Cost>
		<PakQty>440.000</PakQty>
		<PakUOM>g</PakUOM>
		<Comments/>
		<InventoryGroup id="299">ZDONT USE OK - PREP</InventoryGroup>
		<SalesCategory id="2">Food</SalesCategory>
		<IncomeAccount id="14" ref="Gross Sales" type="I" locked="Y">Gross Sales</IncomeAccount>
		<Location id="4">PREP</Location>
	</Prep>
	<Prep id="P-53003" active="Y" keyItem="N">
		<Description>MIX|salad|UBC green and FP </Description>
		<Barcode/>
		<Cost>43.4016</Cost>
		<PakQty>12.500</PakQty>
		<PakUOM>Kg</PakUOM>
		<Comments/>
		<InventoryGroup id=""/>
		<SalesCategory id=""/>
		<IncomeAccount id="" ref="" type="" locked=""/>
		<Location id=""/>
	</Prep>
	<Prep id="P-26019" active="Y" keyItem="N">
		<Description>MIX|Salt and Pepper</Description>
		<Barcode/>
		<Cost>0.0086</Cost>
		<PakQty>1225.000</PakQty>
		<PakUOM>g</PakUOM>
		<Comments>1 year</Comments>
		<InventoryGroup id="299">ZDONT USE OK - PREP</InventoryGroup>
		<SalesCategory id="2">Food</SalesCategory>
		<IncomeAccount id="14" ref="Gross Sales" type="I" locked="Y">Gross Sales</IncomeAccount>
		<Location id="299">OK - STORES AISLE #1</Location>
	</Prep>
	<Prep id="P-25993" active="Y" keyItem="N">
		<Description>MIX|Salt and Pepper - FT</Description>
		<Barcode/>
		<Cost>12.4571</Cost>
		<PakQty>7.000</PakQty>
		<PakUOM>Kg</PakUOM>
		<Comments/>
		<InventoryGroup id=""/>
		<SalesCategory id=""/>
		<IncomeAccount id="" ref="" type="" locked=""/>
		<Location id="501">OK - FOOD TRUCK</Location>
	</Prep>
	<Prep id="P-18907" active="Y" keyItem="N">
		<Description>MIX|Salt&amp;Pepper</Description>
		<Barcode/>
		<Cost>0.0086</Cost>
		<PakQty>1225.000</PakQty>
		<PakUOM>g</PakUOM>
		<Comments/>
		<InventoryGroup id=""/>
		<SalesCategory id=""/>
		<IncomeAccount id="" ref="" type="" locked=""/>
		<Location id=""/>
	</Prep>
	<Prep id="P-43606" active="Y" keyItem="Y">
		<Description>OATS|Over Night|Apple Pie</Description>
		<Barcode/>
		<Cost>4.1537</Cost>
		<PakQty>8.000</PakQty>
		<PakUOM>Kg</PakUOM>
		<Comments/>
		<InventoryGroup id="47">PREP</InventoryGroup>
		<SalesCategory id="2">Food</SalesCategory>
		<IncomeAccount id="14" ref="Gross Sales" type="I" locked="Y">Gross Sales</IncomeAccount>
		<Location id="500">OK - PROCESSED </Location>
	</Prep>
	<Prep id="P-26479" active="Y" keyItem="N">
		<Description>OK - Brewed Coffee</Description>
		<Barcode/>
		<Cost>1.1337</Cost>
		<PakQty>2.000</PakQty>
		<PakUOM>L</PakUOM>
		<Comments/>
		<InventoryGroup id="299">ZDONT USE OK - PREP</InventoryGroup>
		<SalesCategory id="2">Food</SalesCategory>
		<IncomeAccount id="14" ref="Gross Sales" type="I" locked="Y">Gross Sales</IncomeAccount>
		<Location id="4">PREP</Location>
	</Prep>
	<Prep id="P-7420" active="Y" keyItem="N">
		<Description>PREP|Broccoli Florets</Description>
		<Barcode/>
		<Cost>11.6262</Cost>
		<PakQty>19.000</PakQty>
		<PakUOM>Kg</PakUOM>
		<Comments/>
		<InventoryGroup id=""/>
		<SalesCategory id=""/>
		<IncomeAccount id="" ref="" type="" locked=""/>
		<Location id=""/>
	</Prep>
	<Prep id="P-50967" active="Y" keyItem="N">
		<Description>PREP|Carrot Noodles|</Description>
		<Barcode/>
		<Cost>2.2960</Cost>
		<PakQty>1.000</PakQty>
		<PakUOM>Kg</PakUOM>
		<Comments/>
		<InventoryGroup id=""/>
		<SalesCategory id=""/>
		<IncomeAccount id="" ref="" type="" locked=""/>
		<Location id=""/>
	</Prep>
	<Prep id="P-7444" active="Y" keyItem="Y">
		<Description>PREP|Garlic Puree</Description>
		<Barcode/>
		<Cost>7.9552</Cost>
		<PakQty>4.000</PakQty>
		<PakUOM>L</PakUOM>
		<Comments/>
		<InventoryGroup id="47">PREP</InventoryGroup>
		<SalesCategory id="2">Food</SalesCategory>
		<IncomeAccount id="14" ref="Gross Sales" type="I" locked="Y">Gross Sales</IncomeAccount>
		<Location id="500">OK - PROCESSED </Location>
	</Prep>
	<Prep id="P-57236" active="Y" keyItem="N">
		<Description>PREP|goat cheese|crumbled</Description>
		<Barcode/>
		<Cost>18.3850</Cost>
		<PakQty>1.000</PakQty>
		<PakUOM>Kg</PakUOM>
		<Comments/>
		<InventoryGroup id=""/>
		<SalesCategory id=""/>
		<IncomeAccount id="" ref="" type="" locked=""/>
		<Location id=""/>
	</Prep>
	<Prep id="P-25107" active="Y" keyItem="N">
		<Description>PREP|Granola</Description>
		<Barcode/>
		<Cost>8.2889</Cost>
		<PakQty>35.000</PakQty>
		<PakUOM>Kg</PakUOM>
		<Comments/>
		<InventoryGroup id=""/>
		<SalesCategory id=""/>
		<IncomeAccount id="" ref="" type="" locked=""/>
		<Location id=""/>
	</Prep>
	<Prep id="P-10113" active="Y" keyItem="N">
		<Description>PREP|Green Onion|Slice</Description>
		<Barcode/>
		<Cost>7.0349</Cost>
		<PakQty>1.000</PakQty>
		<PakUOM>Kg</PakUOM>
		<Comments/>
		<InventoryGroup id=""/>
		<SalesCategory id=""/>
		<IncomeAccount id="" ref="" type="" locked=""/>
		<Location id=""/>
	</Prep>
	<Prep id="P-9745" active="Y" keyItem="N">
		<Description>PREP|Jumbo Onion</Description>
		<Barcode/>
		<Cost>1.7325</Cost>
		<PakQty>45.600</PakQty>
		<PakUOM>lb</PakUOM>
		<Comments/>
		<InventoryGroup id=""/>
		<SalesCategory id=""/>
		<IncomeAccount id="" ref="" type="" locked=""/>
		<Location id="449">OK - ARCHIVE</Location>
	</Prep>
	<Prep id="P-32151" active="Y" keyItem="Y">
		<Description>PREP|Sliced Roma Tomato</Description>
		<Barcode/>
		<Cost>0.0765</Cost>
		<PakQty>20.000</PakQty>
		<PakUOM>slice</PakUOM>
		<Comments/>
		<InventoryGroup id="47">PREP</InventoryGroup>
		<SalesCategory id="2">Food</SalesCategory>
		<IncomeAccount id="14" ref="Gross Sales" type="I" locked="Y">Gross Sales</IncomeAccount>
		<Location id="500">OK - PROCESSED </Location>
	</Prep>
	<Prep id="P-26020" active="Y" keyItem="Y">
		<Description>PUREE|Garlic|Kg - FT</Description>
		<Barcode/>
		<Cost>12.2277</Cost>
		<PakQty>2.500</PakQty>
		<PakUOM>Kg</PakUOM>
		<Comments>2 weeks</Comments>
		<InventoryGroup id="47">PREP</InventoryGroup>
		<SalesCategory id="2">Food</SalesCategory>
		<IncomeAccount id="14" ref="Gross Sales" type="I" locked="Y">Gross Sales</IncomeAccount>
		<Location id="500">OK - PROCESSED </Location>
	</Prep>
	<Prep id="P-64716" active="Y" keyItem="N">
		<Description>ROASTED|Brussel Sprout|FNH</Description>
		<Barcode/>
		<Cost>8.1955</Cost>
		<PakQty>4.536</PakQty>
		<PakUOM>Kg</PakUOM>
		<Comments/>
		<InventoryGroup id=""/>
		<SalesCategory id=""/>
		<IncomeAccount id="" ref="" type="" locked=""/>
		<Location id=""/>
	</Prep>
	<Prep id="P-35691" active="Y" keyItem="Y">
		<Description>ROASTED|Pecans|Candied</Description>
		<Barcode/>
		<Cost>41.5409</Cost>
		<PakQty>2.000</PakQty>
		<PakUOM>Kg</PakUOM>
		<Comments/>
		<InventoryGroup id="47">PREP</InventoryGroup>
		<SalesCategory id="2">Food</SalesCategory>
		<IncomeAccount id="14" ref="Gross Sales" type="I" locked="Y">Gross Sales</IncomeAccount>
		<Location id="299">OK - STORES AISLE #1</Location>
	</Prep>
	<Prep id="P-50801" active="Y" keyItem="Y">
		<Description>ROASTED|Pumpkin Seeds</Description>
		<Barcode/>
		<Cost>14.3242</Cost>
		<PakQty>2.900</PakQty>
		<PakUOM>Kg</PakUOM>
		<Comments/>
		<InventoryGroup id="47">PREP</InventoryGroup>
		<SalesCategory id="2">Food</SalesCategory>
		<IncomeAccount id="14" ref="Gross Sales" type="I" locked="Y">Gross Sales</IncomeAccount>
		<Location id="462">OK - STN - VEGETARIA</Location>
	</Prep>
	<Prep id="P-64688" active="Y" keyItem="N">
		<Description>RUB|FNH</Description>
		<Barcode/>
		<Cost>0.0147</Cost>
		<PakQty>950.000</PakQty>
		<PakUOM>g</PakUOM>
		<Comments/>
		<InventoryGroup id=""/>
		<SalesCategory id=""/>
		<IncomeAccount id="" ref="" type="" locked=""/>
		<Location id=""/>
	</Prep>
	<Prep id="P-26164" active="Y" keyItem="Y">
		<Description>RUB|UBC House</Description>
		<Barcode/>
		<Cost>7.9719</Cost>
		<PakQty>6.750</PakQty>
		<PakUOM>Kg</PakUOM>
		<Comments/>
		<InventoryGroup id="47">PREP</InventoryGroup>
		<SalesCategory id="2">Food</SalesCategory>
		<IncomeAccount id="14" ref="Gross Sales" type="I" locked="Y">Gross Sales</IncomeAccount>
		<Location id="299">OK - STORES AISLE #1</Location>
	</Prep>
	<Prep id="P-55818" active="Y" keyItem="Y">
		<Description>SALAD|Coleslaw</Description>
		<Barcode/>
		<Cost>3.0917</Cost>
		<PakQty>2.500</PakQty>
		<PakUOM>Kg</PakUOM>
		<Comments/>
		<InventoryGroup id="16">FOOD - GROCERY</InventoryGroup>
		<SalesCategory id="2">Food</SalesCategory>
		<IncomeAccount id="14" ref="Gross Sales" type="I" locked="Y">Gross Sales</IncomeAccount>
		<Location id="500">OK - PROCESSED </Location>
	</Prep>
	<Prep id="P-53448" active="Y" keyItem="N">
		<Description>SALAD|UBC Fresh|FALL</Description>
		<Barcode/>
		<Cost>0.0182</Cost>
		<PakQty>225.000</PakQty>
		<PakUOM>g</PakUOM>
		<Comments/>
		<InventoryGroup id=""/>
		<SalesCategory id=""/>
		<IncomeAccount id="" ref="" type="" locked=""/>
		<Location id=""/>
	</Prep>
	<Prep id="P-36566" active="Y" keyItem="Y">
		<Description>SAUCE|Avocado Spinach</Description>
		<Barcode/>
		<Cost>5.0066</Cost>
		<PakQty>48.000</PakQty>
		<PakUOM>L</PakUOM>
		<Comments/>
		<InventoryGroup id="47">PREP</InventoryGroup>
		<SalesCategory id="2">Food</SalesCategory>
		<IncomeAccount id="14" ref="Gross Sales" type="I" locked="Y">Gross Sales</IncomeAccount>
		<Location id="500">OK - PROCESSED </Location>
	</Prep>
	<Prep id="P-57152" active="Y" keyItem="N">
		<Description>SAUCE|Caramel AR</Description>
		<Barcode/>
		<Cost>3.8208</Cost>
		<PakQty>4.000</PakQty>
		<PakUOM>L</PakUOM>
		<Comments/>
		<InventoryGroup id=""/>
		<SalesCategory id=""/>
		<IncomeAccount id="" ref="" type="" locked=""/>
		<Location id=""/>
	</Prep>
	<Prep id="P-26067" active="Y" keyItem="Y">
		<Description>SAUCE|Chipotle Cherry BBQ</Description>
		<Barcode/>
		<Cost>6.6657</Cost>
		<PakQty>13.000</PakQty>
		<PakUOM>L</PakUOM>
		<Comments/>
		<InventoryGroup id="47">PREP</InventoryGroup>
		<SalesCategory id="2">Food</SalesCategory>
		<IncomeAccount id="14" ref="Gross Sales" type="I" locked="Y">Gross Sales</IncomeAccount>
		<Location id="500">OK - PROCESSED </Location>
	</Prep>
	<Prep id="P-34892" active="Y" keyItem="N">
		<Description>SaucelHollandaise </Description>
		<Barcode/>
		<Cost>9.0113</Cost>
		<PakQty>4.500</PakQty>
		<PakUOM>L</PakUOM>
		<Comments/>
		<InventoryGroup id=""/>
		<SalesCategory id=""/>
		<IncomeAccount id="" ref="" type="" locked=""/>
		<Location id="459">OK - STN - GRILL</Location>
	</Prep>
	<Prep id="P-35258" active="Y" keyItem="Y">
		<Description>SLICED|Red onion</Description>
		<Barcode/>
		<Cost>3.6422</Cost>
		<PakQty>11.010</PakQty>
		<PakUOM>Kg</PakUOM>
		<Comments/>
		<InventoryGroup id="47">PREP</InventoryGroup>
		<SalesCategory id="2">Food</SalesCategory>
		<IncomeAccount id="14" ref="Gross Sales" type="I" locked="Y">Gross Sales</IncomeAccount>
		<Location id="303">OK - PRODUCE COOLER</Location>
	</Prep>
	<Prep id="P-50784" active="Y" keyItem="N">
		<Description>SMASHED|Avocado</Description>
		<Barcode/>
		<Cost>10.2519</Cost>
		<PakQty>1.500</PakQty>
		<PakUOM>L</PakUOM>
		<Comments/>
		<InventoryGroup id=""/>
		<SalesCategory id=""/>
		<IncomeAccount id="" ref="" type="" locked=""/>
		<Location id=""/>
	</Prep>
	<Prep id="P-50373" active="Y" keyItem="N">
		<Description>SPREAD|Cream Cheese|Dill Caper</Description>
		<Barcode/>
		<Cost>0.0112</Cost>
		<PakQty>600.000</PakQty>
		<PakUOM>g</PakUOM>
		<Comments/>
		<InventoryGroup id=""/>
		<SalesCategory id=""/>
		<IncomeAccount id="" ref="" type="" locked=""/>
		<Location id=""/>
	</Prep>
	<Prep id="P-62016" active="Y" keyItem="N">
		<Description>SQUEEZED|Spinach|Frozen</Description>
		<Barcode/>
		<Cost>0.0061</Cost>
		<PakQty>600.000</PakQty>
		<PakUOM>g</PakUOM>
		<Comments/>
		<InventoryGroup id=""/>
		<SalesCategory id=""/>
		<IncomeAccount id="" ref="" type="" locked=""/>
		<Location id=""/>
	</Prep>
	<Prep id="P-19208" active="Y" keyItem="N">
		<Description>YEILD|Carrots Raw</Description>
		<Barcode/>
		<Cost>2.2960</Cost>
		<PakQty>8.200</PakQty>
		<PakUOM>Kg</PakUOM>
		<Comments/>
		<InventoryGroup id=""/>
		<SalesCategory id=""/>
		<IncomeAccount id="" ref="" type="" locked=""/>
		<Location id=""/>
	</Prep>
	<Prep id="P-44728" active="Y" keyItem="N">
		<Description>YEILD|Chopped Parsley</Description>
		<Barcode/>
		<Cost>0.0237</Cost>
		<PakQty>45.000</PakQty>
		<PakUOM>g</PakUOM>
		<Comments/>
		<InventoryGroup id=""/>
		<SalesCategory id=""/>
		<IncomeAccount id="" ref="" type="" locked=""/>
		<Location id=""/>
	</Prep>
	<Prep id="P-9851" active="Y" keyItem="N">
		<Description>YIELD|Beets</Description>
		<Barcode/>
		<Cost>6.8447</Cost>
		<PakQty>7.484</PakQty>
		<PakUOM>Kg</PakUOM>
		<Comments>July 2018 (Fiscal 19)</Comments>
		<InventoryGroup id=""/>
		<SalesCategory id=""/>
		<IncomeAccount id="" ref="" type="" locked=""/>
		<Location id=""/>
	</Prep>
	<Prep id="P-9713" active="Y" keyItem="N">
		<Description>YIELD|Carrot Jumbo|Processed</Description>
		<Barcode/>
		<Cost>2.2144</Cost>
		<PakQty>19.300</PakQty>
		<PakUOM>Kg</PakUOM>
		<Comments/>
		<InventoryGroup id=""/>
		<SalesCategory id=""/>
		<IncomeAccount id="" ref="" type="" locked=""/>
		<Location id="303">OK - PRODUCE COOLER</Location>
	</Prep>
	<Prep id="P-50966" active="Y" keyItem="N">
		<Description>YIELD|Cherry Tomato Cut</Description>
		<Barcode/>
		<Cost>8.1902</Cost>
		<PakQty>1.000</PakQty>
		<PakUOM>Kg</PakUOM>
		<Comments/>
		<InventoryGroup id=""/>
		<SalesCategory id=""/>
		<IncomeAccount id="" ref="" type="" locked=""/>
		<Location id=""/>
	</Prep>
	<Prep id="P-9710" active="Y" keyItem="N">
		<Description>YIELD|Green cabbage</Description>
		<Barcode/>
		<Cost>1.4913</Cost>
		<PakQty>40.000</PakQty>
		<PakUOM>lb</PakUOM>
		<Comments/>
		<InventoryGroup id=""/>
		<SalesCategory id=""/>
		<IncomeAccount id="" ref="" type="" locked=""/>
		<Location id=""/>
	</Prep>
	<Prep id="P-48933" active="Y" keyItem="N">
		<Description>YIELD|Green onion|Fresh</Description>
		<Barcode/>
		<Cost>7.0349</Cost>
		<PakQty>5.700</PakQty>
		<PakUOM>Kg</PakUOM>
		<Comments/>
		<InventoryGroup id=""/>
		<SalesCategory id=""/>
		<IncomeAccount id="" ref="" type="" locked=""/>
		<Location id="500">OK - PROCESSED </Location>
	</Prep>
	<Prep id="P-45047" active="Y" keyItem="N">
		<Description>YIELD|Herb|Basil</Description>
		<Barcode/>
		<Cost>67.2409</Cost>
		<PakQty>0.500</PakQty>
		<PakUOM>Kg</PakUOM>
		<Comments>July 2019 (Fiscal 19)</Comments>
		<InventoryGroup id=""/>
		<SalesCategory id=""/>
		<IncomeAccount id="" ref="" type="" locked=""/>
		<Location id=""/>
	</Prep>
	<Prep id="P-44896" active="Y" keyItem="N">
		<Description>YIELD|Herb|Parsley</Description>
		<Barcode/>
		<Cost>6.0332</Cost>
		<PakQty>0.500</PakQty>
		<PakUOM>Kg</PakUOM>
		<Comments>July 2018 (Fiscal 19)</Comments>
		<InventoryGroup id=""/>
		<SalesCategory id=""/>
		<IncomeAccount id="" ref="" type="" locked=""/>
		<Location id=""/>
	</Prep>
	<Prep id="P-9712" active="Y" keyItem="Y">
		<Description>YIELD|Red Cabbage</Description>
		<Barcode/>
		<Cost>1.3400</Cost>
		<PakQty>40.000</PakQty>
		<PakUOM>lb</PakUOM>
		<Comments/>
		<InventoryGroup id="47">PREP</InventoryGroup>
		<SalesCategory id="2">Food</SalesCategory>
		<IncomeAccount id="14" ref="Gross Sales" type="I" locked="Y">Gross Sales</IncomeAccount>
		<Location id="498">OK - STN - SALAD BAR</Location>
	</Prep>
	<Prep id="P-19175" active="Y" keyItem="Y">
		<Description>YIELD|Red Onion</Description>
		<Barcode/>
		<Cost>3.4719</Cost>
		<PakQty>1.600</PakQty>
		<PakUOM>Kg</PakUOM>
		<Comments>July 2018 (Fiscal 19)</Comments>
		<InventoryGroup id="47">PREP</InventoryGroup>
		<SalesCategory id="2">Food</SalesCategory>
		<IncomeAccount id="14" ref="Gross Sales" type="I" locked="Y">Gross Sales</IncomeAccount>
		<Location id="472">OK - STN - VEG PREP </Location>
	</Prep>
	<Prep id="P-18746" active="Y" keyItem="Y">
		<Description>YIELD|Red Pepper|Fresh</Description>
		<Barcode/>
		<Cost>8.0373</Cost>
		<PakQty>8.300</PakQty>
		<PakUOM>Kg</PakUOM>
		<Comments/>
		<InventoryGroup id="47">PREP</InventoryGroup>
		<SalesCategory id="2">Food</SalesCategory>
		<IncomeAccount id="14" ref="Gross Sales" type="I" locked="Y">Gross Sales</IncomeAccount>
		<Location id="500">OK - PROCESSED </Location>
	</Prep>
	<Prep id="P-57206" active="Y" keyItem="N">
		<Description>YIELD|Royal Gala Apple</Description>
		<Barcode/>
		<Cost>1.5436</Cost>
		<PakQty>0.800</PakQty>
		<PakUOM>lb</PakUOM>
		<Comments/>
		<InventoryGroup id=""/>
		<SalesCategory id=""/>
		<IncomeAccount id="" ref="" type="" locked=""/>
		<Location id=""/>
	</Prep>
	<Prep id="P-51537" active="Y" keyItem="N">
		<Description>YIELD|Sage|Herb</Description>
		<Barcode/>
		<Cost>47.2806</Cost>
		<PakQty>0.650</PakQty>
		<PakUOM>Kg</PakUOM>
		<Comments/>
		<InventoryGroup id=""/>
		<SalesCategory id=""/>
		<IncomeAccount id="" ref="" type="" locked=""/>
		<Location id=""/>
	</Prep>
	<Prep id="P-24452" active="Y" keyItem="N">
		<Description>YIELD|Yellow Onion</Description>
		<Barcode/>
		<Cost>1.0056</Cost>
		<PakQty>0.900</PakQty>
		<PakUOM>lb</PakUOM>
		<Comments/>
		<InventoryGroup id=""/>
		<SalesCategory id=""/>
		<IncomeAccount id="" ref="" type="" locked=""/>
		<Location id=""/>
	</Prep>
	<Prep id="P-9756" active="Y" keyItem="N">
		<Description>YIELD|Zucchini</Description>
		<Barcode/>
		<Cost>4.1251</Cost>
		<PakQty>0.900</PakQty>
		<PakUOM>Kg</PakUOM>
		<Comments>July 2018 (Fiscal 19)</Comments>
		<InventoryGroup id=""/>
		<SalesCategory id=""/>
		<IncomeAccount id="" ref="" type="" locked=""/>
		<Location id=""/>
	</Prep>
</Preps>
