﻿<?xml version="1.0" encoding="UTF-8" standalone="yes"?>
<Prods>
	<Prod id="R-67294" active="Y" special="N">
		<Description>$1 OWN MUG ETHICAL BEAN COFFEE</Description>
		<Barcode/>
		<Cost>0.4794</Cost>
		<Comments/>
		<SalesGroup id="2">BEVERAGE</SalesGroup>
		<SalesCategory id="2">Food</SalesCategory>
		<IncomeAccount id="14" ref="Gross Sales" type="I" locked="Y">Gross Sales</IncomeAccount>
		<TaxGroup id=""/>
		<Price>1.00</Price>
		<PLU num="36325">$1 OWN MUG ETHICAL BEAN COFFEE</PLU>
	</Prod>
	<Prod id="R-58379" active="Y" special="N">
		<Description>APPLEFEST|Apple pecan salad</Description>
		<Barcode/>
		<Cost>4.5507</Cost>
		<Comments/>
		<SalesGroup id="287">SPECIALS</SalesGroup>
		<SalesCategory id="2">Food</SalesCategory>
		<IncomeAccount id="14" ref="Gross Sales" type="I" locked="Y">Gross Sales</IncomeAccount>
		<TaxGroup id=""/>
		<Price>7.99</Price>
		<PLU num="32733">APPLEFEST PECAN SALAD</PLU>
	</Prod>
	<Prod id="R-58378" active="Y" special="N">
		<Description>APPLEFEST|Caramel apple</Description>
		<Barcode/>
		<Cost>1.0545</Cost>
		<Comments/>
		<SalesGroup id="287">SPECIALS</SalesGroup>
		<SalesCategory id="2">Food</SalesCategory>
		<IncomeAccount id="14" ref="Gross Sales" type="I" locked="Y">Gross Sales</IncomeAccount>
		<TaxGroup id=""/>
		<Price>3.99</Price>
		<PLU num="32718">CARAMEL APPLE</PLU>
	</Prod>
	<Prod id="R-58376" active="Y" special="N">
		<Description>APPLEFEST|Oats|apple</Description>
		<Barcode/>
		<Cost>1.6389</Cost>
		<Comments/>
		<SalesGroup id="541">OK - VEGETARIAN KITCHEN</SalesGroup>
		<SalesCategory id="2">Food</SalesCategory>
		<IncomeAccount id="14" ref="Gross Sales" type="I" locked="Y">Gross Sales</IncomeAccount>
		<TaxGroup id=""/>
		<Price>3.99</Price>
		<PLU num="32693">APPLE FEST OATS</PLU>
	</Prod>
	<Prod id="R-63542" active="Y" special="N">
		<Description>ARUGULA &amp; FETA BENNY</Description>
		<Barcode/>
		<Cost>1.2485</Cost>
		<Comments/>
		<SalesGroup id="332">OK - SQUARE MEAL</SalesGroup>
		<SalesCategory id="2">Food</SalesCategory>
		<IncomeAccount id="14" ref="Gross Sales" type="I" locked="Y">Gross Sales</IncomeAccount>
		<TaxGroup id=""/>
		<Price>9.99</Price>
		<PLU num="34595">ARUGULA &amp; FETA BENNY</PLU>
	</Prod>
	<Prod id="R-61129" active="Y" special="N">
		<Description>AVOCADO SPINACH PASTA</Description>
		<Barcode/>
		<Cost>7.7707</Cost>
		<Comments/>
		<SalesGroup id="541">OK - VEGETARIAN KITCHEN</SalesGroup>
		<SalesCategory id="2">Food</SalesCategory>
		<IncomeAccount id="14" ref="Gross Sales" type="I" locked="Y">Gross Sales</IncomeAccount>
		<TaxGroup id=""/>
		<Price>8.99</Price>
		<PLU num="32861">AVOCADO SPINACH PASTA</PLU>
	</Prod>
	<Prod id="R-64997" active="Y" special="N">
		<Description>BAGEL|Smoked Salmon</Description>
		<Barcode/>
		<Cost>1.7591</Cost>
		<Comments/>
		<SalesGroup id="331">OK - SANDWICH KITCHEN</SalesGroup>
		<SalesCategory id="2">Food</SalesCategory>
		<IncomeAccount id="14" ref="Gross Sales" type="I" locked="Y">Gross Sales</IncomeAccount>
		<TaxGroup id=""/>
		<Price>5.99</Price>
		<PLU num=""/>
	</Prod>
	<Prod id="R-64512" active="Y" special="N">
		<Description>Baked|Brocoli|Mushroom|Pasta|L</Description>
		<Barcode/>
		<Cost>2.6234</Cost>
		<Comments/>
		<SalesGroup id="332">OK - SQUARE MEAL</SalesGroup>
		<SalesCategory id="2">Food</SalesCategory>
		<IncomeAccount id="14" ref="Gross Sales" type="I" locked="Y">Gross Sales</IncomeAccount>
		<TaxGroup id=""/>
		<Price>6.49</Price>
		<PLU num="35237">POPUP VEGETARIAN BAKED PASTA</PLU>
	</Prod>
	<Prod id="R-64739" active="Y" special="N">
		<Description>BAKED|Chicken|FNH</Description>
		<Barcode/>
		<Cost>2.8636</Cost>
		<Comments/>
		<SalesGroup id="332">OK - SQUARE MEAL</SalesGroup>
		<SalesCategory id="2">Food</SalesCategory>
		<IncomeAccount id="14" ref="Gross Sales" type="I" locked="Y">Gross Sales</IncomeAccount>
		<TaxGroup id=""/>
		<Price>5.99</Price>
		<PLU num="35272">FNH HOGWARTS CHICKEN</PLU>
	</Prod>
	<Prod id="R-64740" active="Y" special="N">
		<Description>BAKED|Chicken|FNH +1</Description>
		<Barcode/>
		<Cost>3.3053</Cost>
		<Comments/>
		<SalesGroup id="332">OK - SQUARE MEAL</SalesGroup>
		<SalesCategory id="2">Food</SalesCategory>
		<IncomeAccount id="14" ref="Gross Sales" type="I" locked="Y">Gross Sales</IncomeAccount>
		<TaxGroup id=""/>
		<Price>7.99</Price>
		<PLU num="35273">FNH HOGWARTS CHICKEN +1</PLU>
	</Prod>
	<Prod id="R-64741" active="Y" special="N">
		<Description>BAKED|Chicken|FNH +2</Description>
		<Barcode/>
		<Cost>3.7470</Cost>
		<Comments/>
		<SalesGroup id="332">OK - SQUARE MEAL</SalesGroup>
		<SalesCategory id="2">Food</SalesCategory>
		<IncomeAccount id="14" ref="Gross Sales" type="I" locked="Y">Gross Sales</IncomeAccount>
		<TaxGroup id=""/>
		<Price>9.99</Price>
		<PLU num="35274">FNH HOGWARTS CHICKEN +2</PLU>
	</Prod>
	<Prod id="R-65541" active="Y" special="N">
		<Description>BANANA CHIPS</Description>
		<Barcode/>
		<Cost>2.1375</Cost>
		<Comments/>
		<SalesGroup id="445">FOOD - SNACKS</SalesGroup>
		<SalesCategory id="7">Candy </SalesCategory>
		<IncomeAccount id="14" ref="Gross Sales" type="I" locked="Y">Gross Sales</IncomeAccount>
		<TaxGroup id=""/>
		<Price>4.69</Price>
		<PLU num="11029">BANANA CHIPS</PLU>
	</Prod>
	<Prod id="R-58256" active="Y" special="N">
		<Description>BARS|Granola Portion</Description>
		<Barcode/>
		<Cost>0.8289</Cost>
		<Comments/>
		<SalesGroup id="363">OK - GRAB &amp; GO</SalesGroup>
		<SalesCategory id="2">Food</SalesCategory>
		<IncomeAccount id="14" ref="Gross Sales" type="I" locked="Y">Gross Sales</IncomeAccount>
		<TaxGroup id=""/>
		<Price>99.99</Price>
		<PLU num="">BARS|Granola Portion</PLU>
	</Prod>
	<Prod id="R-39864" active="Y" special="N">
		<Description>BBQ PORK</Description>
		<Barcode/>
		<Cost>2.2035</Cost>
		<Comments/>
		<SalesGroup id="332">OK - SQUARE MEAL</SalesGroup>
		<SalesCategory id="2">Food</SalesCategory>
		<IncomeAccount id="14" ref="Gross Sales" type="I" locked="Y">Gross Sales</IncomeAccount>
		<TaxGroup id=""/>
		<Price>3.55</Price>
		<PLU num="23971">BBQ PORK</PLU>
	</Prod>
	<Prod id="R-67293" active="Y" special="N">
		<Description>BEV|COFFEE|$1.00 PROMO</Description>
		<Barcode/>
		<Cost>0.4794</Cost>
		<Comments/>
		<SalesGroup id="2">BEVERAGE</SalesGroup>
		<SalesCategory id="2">Food</SalesCategory>
		<IncomeAccount id="14" ref="Gross Sales" type="I" locked="Y">Gross Sales</IncomeAccount>
		<TaxGroup id=""/>
		<Price>1.00</Price>
		<PLU num=""/>
	</Prod>
	<Prod id="R-65791" active="Y" special="N">
		<Description>BREAD|Focaccia</Description>
		<Barcode/>
		<Cost>1.0281</Cost>
		<Comments/>
		<SalesGroup id="333">OK - SIDES</SalesGroup>
		<SalesCategory id="2">Food</SalesCategory>
		<IncomeAccount id="14" ref="Gross Sales" type="I" locked="Y">Gross Sales</IncomeAccount>
		<TaxGroup id=""/>
		<Price>2.99</Price>
		<PLU num="36175">SQ FOCACCIA BREAD</PLU>
	</Prod>
	<Prod id="R-62971" active="Y" special="N">
		<Description>BREAKFAST WRAP HAM &amp; CHEESE</Description>
		<Barcode/>
		<Cost>3.9400</Cost>
		<Comments/>
		<SalesGroup id="363">OK - GRAB &amp; GO</SalesGroup>
		<SalesCategory id="2">Food</SalesCategory>
		<IncomeAccount id="14" ref="Gross Sales" type="I" locked="Y">Gross Sales</IncomeAccount>
		<TaxGroup id=""/>
		<Price>6.59</Price>
		<PLU num="26220">BREAKFAST WRAP HAM &amp; CHEESE</PLU>
	</Prod>
	<Prod id="R-62972" active="Y" special="N">
		<Description>BREAKFAST WRAP MEDITERRANEAN</Description>
		<Barcode/>
		<Cost>3.9400</Cost>
		<Comments/>
		<SalesGroup id="363">OK - GRAB &amp; GO</SalesGroup>
		<SalesCategory id="2">Food</SalesCategory>
		<IncomeAccount id="14" ref="Gross Sales" type="I" locked="Y">Gross Sales</IncomeAccount>
		<TaxGroup id=""/>
		<Price>6.59</Price>
		<PLU num="26221">BREAKFAST WRAP MEDITERRANEAN</PLU>
	</Prod>
	<Prod id="R-65642" active="Y" special="N">
		<Description>BRISKET SANDWICH</Description>
		<Barcode/>
		<Cost>2.7518</Cost>
		<Comments/>
		<SalesGroup id="344">OK - GRILL KITCHEN FEATURES</SalesGroup>
		<SalesCategory id="2">Food</SalesCategory>
		<IncomeAccount id="14" ref="Gross Sales" type="I" locked="Y">Gross Sales</IncomeAccount>
		<TaxGroup id=""/>
		<Price>8.99</Price>
		<PLU num="35562">BRISKET SANDWICH</PLU>
	</Prod>
	<Prod id="R-48359" active="Y" special="N">
		<Description>BRNCH|Eggs Benny|Spin &amp;Feta</Description>
		<Barcode/>
		<Cost>1.2485</Cost>
		<Comments>January 19 (Fiscal 19)</Comments>
		<SalesGroup id="332">OK - SQUARE MEAL</SalesGroup>
		<SalesCategory id="2">Food</SalesCategory>
		<IncomeAccount id="14" ref="Gross Sales" type="I" locked="Y">Gross Sales</IncomeAccount>
		<TaxGroup id=""/>
		<Price>0</Price>
		<PLU num="33007">SPINACH BENNY</PLU>
	</Prod>
	<Prod id="R-65639" active="Y" special="N">
		<Description>SANDWICH|Brisket</Description>
		<Barcode/>
		<Cost>2.7518</Cost>
		<Comments/>
		<SalesGroup id="344">OK - GRILL KITCHEN FEATURES</SalesGroup>
		<SalesCategory id="2">Food</SalesCategory>
		<IncomeAccount id="14" ref="Gross Sales" type="I" locked="Y">Gross Sales</IncomeAccount>
		<TaxGroup id=""/>
		<Price>8.99</Price>
		<PLU num=""/>
	</Prod>
	<Prod id="R-39628" active="N" special="N">
		<Description>Sqr. - Pulled Pork</Description>
		<Barcode/>
		<Cost>2.2035</Cost>
		<Comments/>
		<SalesGroup id="332">OK - SQUARE MEAL</SalesGroup>
		<SalesCategory id="2">Food</SalesCategory>
		<IncomeAccount id="14" ref="Gross Sales" type="I" locked="Y">Gross Sales</IncomeAccount>
		<TaxGroup id=""/>
		<Price>4.50</Price>
		<PLU num=""/>
	</Prod>
	<Prod id="R-36568" active="Y" special="N">
		<Description>VEG|Pasta|Spinach Avocado</Description>
		<Barcode/>
		<Cost>7.7707</Cost>
		<Comments/>
		<SalesGroup id="541">OK - VEGETARIAN KITCHEN</SalesGroup>
		<SalesCategory id="2">Food</SalesCategory>
		<IncomeAccount id="14" ref="Gross Sales" type="I" locked="Y">Gross Sales</IncomeAccount>
		<TaxGroup id=""/>
		<Price>0</Price>
		<PLU num="32461">SPINACH AVOCADO PASTA</PLU>
	</Prod>
</Prods>
