﻿<?xml version="1.0" encoding="UTF-8" standalone="yes"?>
<Recipes>
	<Recipe id="P-7093" image="">***COOKS AND CHEFS, PLEASE READ THE ENTIRE RECIPE BEFORE BEGINNING- THIS IS A RECOMMENDED STEP WITH EVERY PRODUCT WE EVER PRODUCE- THANK YOU***

Related Products this prep gets used in:

Allergens: (To be filled out by nutrition)
Method:
1. Steam potatoes in Rational.

2. Warm remaining ingredients in a pot. DO NOT BOIL.

3. Using paddle attachment in large mixer break up potatoes while adding remaining ingredients.

4. Adjust seasoning.

-cool, store, label and rotated this item with older product correctly and diligently 

Portioning:

Utensils needed:</Recipe>
	<Recipe id="P-7420" image="">***COOKS AND CHEFS, PLEASE READ THE ENTIRE RECIPE BEFORE BEGINNING- THIS IS A RECOMMENDED STEP WITH EVERY PRODUCT WE EVER PRODUCE- THANK YOU***
johnny

Related Products this prep gets used in:
SALAD BAR

Allergens: (to be filled out by nutrition)
Method:
1.  cut brocco to uniform sized floretes
2. save stems for other recipes
3.cool, store, label and rotated this item with older product correctly and diligently 

Portioning:

Utensils needed:

</Recipe>
	<Recipe id="P-7444" image="">***COOKS AND CHEFS, PLEASE READ THE ENTIRE RECIPE BEFORE BEGINNING- THIS IS A RECOMMENDED STEP WITH EVERY PRODUCT WE EVER PRODUCE- THANK YOU***
Johnny

Preps used in this Product recipe:

Allergens: (To be filled out by nutrition)
Method:
1.
2.
3.
-cool, store, label and rotated this item with older product correctly and diligently 

Portioning:

Utensils needed:
</Recipe>
	<Recipe id="P-9710" image=""/>
	<Recipe id="P-9712" image="">***COOKS AND CHEFS, PLEASE READ THE ENTIRE RECIPE BEFORE BEGINNING- THIS IS A RECOMMENDED STEP WI Johnny
TH EVERY PRODUCT WE EVER PRODUCE- THANK YOU***

Related Products this prep gets used in:

Allergens: (to be filled out by nutrition)
Method:
1.
2.
3.
-cool, store, label and rotated this item with older product correctly and diligently 

Portioning:

Utensils needed:</Recipe>
	<Recipe id="P-9713" image="">Yield for peeled trimmed peeled carrots is approx 85%

22.7 kg = 50 lbs 
</Recipe>
	<Recipe id="P-9745" image="">***COOKS AND CHEFS, PLEASE READ THE ENTIRE RECIPE BEFORE BEGINNING- THIS IS A RECOMMENDED STEP WI Johnny
TH EVERY PRODUCT WE EVER PRODUCE- THANK YOU***

Related Products this prep gets used in:

Allergens: (to be filled out by nutrition)
Method:
1.
2.
3.
-cool, store, label and rotated this item with older product correctly and diligently 

Portioning:

Utensils needed:
</Recipe>
	<Recipe id="P-9748" image="">***COOKS AND CHEFS, PLEASE READ THE ENTIRE RECIPE BEFORE BEGINNING- THIS IS A RECOMMENDED STEP WI Johnny
TH EVERY PRODUCT WE EVER PRODUCE- THANK YOU***

Related Products this prep gets used in:

Allergens: (to be filled out by nutrition)
Method:
1.
2.
3.
-cool, store, label and rotated this item with older product correctly and diligently 

Portioning:

Utensils needed:
</Recipe>
	<Recipe id="P-9756" image="">***COOKS AND CHEFS, PLEASE READ THE ENTIRE RECIPE BEFORE BEGINNING- THIS IS A RECOMMENDED STEP WITH EVERY PRODUCT WE EVER PRODUCE- THANK YOU***

Johnny,

Related Products this prep gets used in:

Allergens: (to be filled out by nutrition)
Method:
1.Gather ingredients
2.wash and cut to size required
3.place in container, label and store in fridge

-cool, store, label and rotated this item with older product correctly and diligently 

Portioning:

Utensils needed:</Recipe>
	<Recipe id="P-9851" image="">***COOKS AND CHEFS, PLEASE READ THE ENTIRE RECIPE BEFORE BEGINNING- THIS IS A RECOMMENDED STEP WI Johnny
TH EVERY PRODUCT WE EVER PRODUCE- THANK YOU***

Related Products this prep gets used in:

Allergens: (to be filled out by nutrition)
Method:
1.
2.
3.
-cool, store, label and rotated this item with older product correctly and diligently 

Portioning:

Utensils needed:</Recipe>
	<Recipe id="P-9857" image="">***COOKS AND CHEFS, PLEASE READ THE ENTIRE RECIPE BEFORE BEGINNING- THIS IS A RECOMMENDED STEP WITH EVERY PRODUCT WE EVER PRODUCE- THANK YOU***
Johnny

Related Products this prep gets used in:

Allergens: (to be filled out by nutrition)

Method:
1. Gather All Ingredients and tools
2. Toss the potato with oil, sale and pepper
3.  Spread on a baking sheet evently
4. Bake in oven at 350F for 15-20min, until they are cooked but still a little crunchy

-cool, store, label and rotated this item with older product correctly and diligently 

Portioning:

Utensils needed:scale, mixing bowl, baking sheet, oven
</Recipe>
	<Recipe id="P-10113" image="">***COOKS AND CHEFS, PLEASE READ THE ENTIRE RECIPE BEFORE BEGINNING- THIS IS A RECOMMENDED STEP WITH EVERY PRODUCT WE EVER PRODUCE- THANK YOU***
Johnny

Related Products this prep gets used in:

Allergens:

Method:

1. Gather all ingredients and tools
2. 
3. 

-cool, store, label and rotated this item with older product correctly and diligently 

Portioning: </Recipe>
	<Recipe id="P-18746" image="">***COOKS AND CHEFS, PLEASE READ THE ENTIRE RECIPE BEFORE BEGINNING- THIS IS A RECOMMENDED STEP WITH EVERY PRODUCT WE EVER PRODUCE- THANK YOU***

Johnny,

Related Products this prep gets used in:

Allergens: (to be filled out by nutrition)
Method:
1.Gather ingredients
2.wash and cut to size wanted
3.place in container, label and store

-cool, store, label and rotated this item with older product correctly and diligently 

Portioning:

Utensils needed:
</Recipe>
	<Recipe id="P-19175" image="">Allergen:

n/a

Icon:

vegan, vegetarian, made without gluten

Method:



</Recipe>
	<Recipe id="P-19208" image="">***COOKS AND CHEFS, PLEASE READ THE ENTIRE RECIPE BEFORE BEGINNING- THIS IS A RECOMMENDED STEP WI Johnny
TH EVERY PRODUCT WE EVER PRODUCE- THANK YOU***

Related Products this prep gets used in:

Allergens: (to be filled out by nutrition)
Method:
1.Gather ingredients
2.cut to size
3.place in container, label and refridgerate 
-cool, store, label and rotated this item with older product correctly and diligently 

Portioning:

Utensils needed:</Recipe>
	<Recipe id="P-25107" image=""/>
	<Recipe id="P-25993" image="">1) Combine and mix well

2) Place in appropriate sized container, lable and date.</Recipe>
	<Recipe id="P-26019" image="">1. Combine well</Recipe>
	<Recipe id="P-26020" image="">1. Puree garlic in batches in robot coupe
2. Mix in garlic</Recipe>
	<Recipe id="P-26067" image="">***COOKS AND CHEFS, PLEASE READ THE ENTIRE RECIPE BEFORE BEGINNING- THIS IS A RECOMMENDED STEP WITH EVERY PRODUCT WE EVER PRODUCE- THANK YOU***
Related Products this prep gets used in:

Allergens: 
Method:

1) Heat canola oil over medium heat, add shallot and saute until soft and fragrant

2) Add cherries and heat until no longer frozen, about 3 minutes

3) Add remaining ingredients and bring to a simmer, stirring frequently for 30 minutes

4) Season with salt &amp; pepper, using the immusion blender, blend till smooth.

-Cool, store, label and rotate this item with older product correctly and diligently.

</Recipe>
	<Recipe id="P-26068" image="">PREP RECIPE
***COOKS AND CHEFS, PLEASE READ THE ENTIRE RECIPE BEFORE BEGINNING- THIS IS A RECOMMENDED STEP WITH EVERY PRODUCT WE PRODUCE- THANK YOU***

Related Products this prep is used in:

Allergens: (to be filled out by nutrition)
Method:
1. Over medium heat, heat oil

2. Add onions and salt, and stir to evenly incorporate in the oil.

3. Allow onions to continue to cook over medium-high heat until natural sugars begin to caramelize and onions begin to soften

4. Turn heat to medium low and continue to cook onions for 40 minutes. In a cycle of letting them brown, and scraping and stirring with a wooden spoon, until onions are a dark golden brown. Add a splash of water cold if the bottom browning is sticking too much.

Cool, label and store.
Rotate this item with older product.
Portioning:

Utensils needed:</Recipe>
	<Recipe id="P-26164" image="">1) Crush fennel seeds and mustard seeds coarsely.

2) Combine all, mixing very thoroughly.

3) Transfer to appropriate vessel, label and date and store in dry storage area.
</Recipe>
	<Recipe id="P-26175" image="">***COOKS AND CHEFS, PLEASE READ THE ENTIRE RECIPE BEFORE BEGINNING- THIS IS A RECOMMENDED STEP WITH EVERY PRODUCT WE EVER PRODUCE- THANK YOU***

1. Roughly crush cloves.  Add all ingredients in bowl and mix wel

-cool, store, label and rotate this item with older product correctly and diligently.</Recipe>
	<Recipe id="P-26181" image="">***COOKS AND CHEFS, PLEASE READ THE ENTIRE RECIPE BEFORE BEGINNING- THIS IS A RECOMMENDED STEP WITH EVERY PRODUCT WE EVER PRODUCE- THANK YOU***

1) Pre heat rationale oven to 250F

2) Remove excess fat from brisket, score fatty side. Rub brisket in Berbere rub.  Set aside.  Brisket can be rubbed up to two days before.

3) Place brisket and braising liquid in deep 6&quot; hotel pan, cover with parchment and then cover insert with aluminum foil.  Fold aluminum foil back about half way so you can see meat and braising liquid.  

4)  Place insert over burners or on french top and bring to a boil. Fully cover with parchment and seal foil cover tight around the edges.

5) Place in rationale oven and cook for 12 hours or until tender.

-cool, store, label and rotate this item with older product correctly and diligently.</Recipe>
	<Recipe id="P-26216" image="">***COOKS AND CHEFS, PLEASE READ THE ENTIRE RECIPE BEFORE BEGINNING- THIS IS A RECOMMENDED STEP WITH EVERY PRODUCT WE EVER PRODUCE- THANK YOU***
Johnny

Related Products this prep gets used in:

Allergens: (to be filled out by nutrition)

Method:
1.place a strainer in the kettle. If you don&apos;t know what it looks like, ask someone. If you can&apos;t find it, ask a dishwasher. You will regret life if you do not do this step. Trust me.

2. Fill large pot or steam kettle with water at least 6x water to pasta ratio, turn heat to high and bring the water to a FULL boil.

3. Once water is boiling reduce heat and add pasta. Stir stir every few minutes to make sure pasta does not stick. Cook until pasta is al dente, soft but with a bit of a bite.
APPROX 7 MINUTES

4. Drain water and stir in lots of ice, stirring constantly to fully cool all pasta. Once fully cooled be sure to drain any excess water. Then add oil and stir 

5.Store the now cooled pasta: labeling and rotating this item with older product correctly and diligently 

Portioning:

Utensils needed:.
</Recipe>
	<Recipe id="P-32151" image=""/>
	<Recipe id="P-35258" image="">***COOKS AND CHEFS, PLEASE READ THE ENTIRE RECIPE BEFORE BEGINNING- THIS IS A RECOMMENDED STEP WITH EVERY PRODUCT WE EVER PRODUCE- THANK YOU***
Johnny

Related Products this prep gets used in:

Allergens: (to be filled out by nutrition)

Method:
1. Gather All Ingredients and tools
2. Using the robocoupe attachement to slice 1/8&quot;
3.  

-cool, store, label and rotated this item with older product correctly and diligently 

Portioning:

Utensils needed: insert, robocoupe
</Recipe>
	<Recipe id="P-35691" image="">***COOKS AND CHEFS, PLEASE READ THE ENTIRE RECIPE BEFORE BEGINNING- THIS IS A RECOMMENDED STEP WITH EVERY PRODUCT WE EVER PRODUCE- THANK YOU***

Related Products this prep gets used in:

Allergens: (to be filled out by nutrition)
Method:

1. wet nuts
2. toss in sweet stuff
3. roast&apos;m golden brown

-cool, store, label and rotated this item with older product correctly and diligently 

Portioning:

Utensils needed:
</Recipe>
	<Recipe id="P-36566" image="">***COOKS AND CHEFS, PLEASE READ THE ENTIRE RECIPE BEFORE BEGINNING- THIS IS A RECOMMENDED STEP WITH EVERY PRODUCT WE EVER PRODUCE- THANK YOU***

Related Products this prep gets used in:

Allergens: (to be filled out by nutrition)
Method:
1. Combine all ingredients into large cambro.
2. Blend with the BIG BAD WAND until smooth.
3. Adjust seasoning to taste.

4. Store, label and rotate this item with older product correctly and diligently.

Portioning:

Utensils needed:
</Recipe>
	<Recipe id="R-36568" image="">***COOKS AND CHEFS, PLEASE READ THE ENTIRE RECIPE BEFORE BEGINNING- THIS IS A RECOMMENDED STEP WITH EVERY PRODUCT WE EVER PRODUCE- THANK YOU***

Preps used in this Product recipe:

Allergens: (To be filled out by nutrition)
Method:
1. Heat pan up on medium heat and add oil
2. Drop pasta in small strainer cup into hot water bath
3. Add sauce to hot pans and mix gently with rubber spatula until the sauce is fully liquid and heated through
4. Lift pasta from the water alowing most of the pasta water to drain off- toss it into the heated sauce and bring up to a quick simmer
5. Toss the halved tomatoes into sauce fully incorporating them while trying to not have them loose their shape.
6. Taste the pasta with a spoon and season to taste
7. Spatula pasta into the correct bowl creating as much height as you can.
8. Ask the guest is they would like cheese added
9. Garnish with basil &amp; arugula - cheese (if requested)
10. Have a great day


Portioning:

Utensils needed:</Recipe>
	<Recipe id="P-37297" image="">1)  Spray egg poacher cup with pan spray.  Place egg in egg poacher cup.  Steam for 7 minutes until cooked.

Allergens:

Soy, Egg</Recipe>
	<Recipe id="P-39627" image="">1)  Preheat oven to 225*F.  Cover pork butt in ubc house rub.  

2)  Place pork butt on roasting racks and place in oven.  Cook until pork in tender and easily shredded, about 5-7 hours.

3)  Shred and discard fatty bits.  Mix well with BBQ sauce.  Place in appropriate containers and label, date, refrigerate.
</Recipe>
	<Recipe id="P-43606" image="">***COOKS AND CHEFS, PLEASE READ THE ENTIRE RECIPE BEFORE BEGINNING- THIS IS A RECOMMENDED STEP WITH EVERY PRODUCT WE EVER PRODUCE- THANK YOU***
Johnny

Preps used in this Product recipe:

Allergens: (To be filled out by nutrition)
Method:
1)  In large mixing bowl, combine oats, almond milk, maple syrup, cinnamon, salt, grated apple and chia seeds.  Combine throughly.  Season to taste with allspice and ginger.

2)  Cover mixture and refrigerate at least 2 hours, or overnight.  Product will hold for 2 days.
3)
-cool, store, label and rotated this item with older product correctly and diligently 

Portioning:

Utensils needed:



</Recipe>
	<Recipe id="P-44728" image="">***COOKS AND CHEFS, PLEASE READ THE ENTIRE RECIPE BEFORE BEGINNING- THIS IS A RECOMMENDED STEP WITH EVERY PRODUCT WE EVER PRODUCE- THANK YOU***

Johnny

Products related to this Prep recipe:

Allergens: (To be filled out by nutrition)

Method:

1.gather igredients
2.chop leaves 
3.wash and dry
4.label and fridge

-cool, store, label and rotated this item with older product correctly and diligently 

Portioning:

Utensils needed:
</Recipe>
	<Recipe id="P-45047" image="">***COOKS AND CHEFS, PLEASE READ THE ENTIRE RECIPE BEFORE BEGINNING- THIS IS A RECOMMENDED STEP WITH EVERY PRODUCT WE EVER PRODUCE- THANK YOU***

Johnny,

Related Products this prep gets used in:

Allergens: (to be filled out by nutrition)
Method:
1.Gather ingedients
2.wash and trim
3.place in container, label and place in fridge
-cool, store, label and rotated this item with older product correctly and diligently 

Portioning:

Utensils needed:

Allergen:

n/a

Icon:

vegan, vegatarian, made without gluten</Recipe>
	<Recipe id="P-45118" image="">***COOKS AND CHEFS, PLEASE READ THE ENTIRE RECIPE BEFORE BEGINNING- THIS IS A RECOMMENDED STEP WITH EVERY PRODUCT WE EVER PRODUCE- THANK YOU***

Johnny

Related Products this prep gets used in:

Allergens: (to be filled out by nutrition)
Method:
1.Gather ingredients
2.steam beets in steamer till soft
3.peel under water once cool enough
4.cut into pieces and toss with remaining ingredients
5. spread on roasting pan
6. Roast 200C/400F 15 minute or till done
7.Hot hold in insert for service covered
-cool, store, label and rotated this item with older product correctly and diligently 

Portioning:130g

Utensils needed:cutting board steamer pan roasting pan
serving dish

Allergen:

n/a

Icon:

vegan, vegetarian, made without gluten

Method:</Recipe>
	<Recipe id="P-46911" image="">***COOKS AND CHEFS, PLEASE READ THE ENTIRE RECIPE BEFORE BEGINNING- THIS IS A RECOMMENDED STEP WITH EVERY PRODUCT WE EVER PRODUCE- THANK YOU***

Related Products this prep gets used in:

Allergens: (to be filled out by nutrition)
Method:
1. Slice yams.

2. Deep fry.

3. Season. 

4. store, label and rotated this item with older product correctly and diligently 

Portioning:

Utensils needed:</Recipe>
	<Recipe id="R-48359" image="">Allergen:

egg, sulphites, milk, wheat, gluten

Icon:

vegetarian

Method:

Cook Eggs, Hollandaise, 

Place English muffins on plate, top with sauteed spinach feta, add an egg and top with hollandaise.


</Recipe>
	<Recipe id="P-48933" image="">***COOKS AND CHEFS, PLEASE READ THE ENTIRE RECIPE BEFORE BEGINNING- THIS IS A RECOMMENDED STEP WITH EVERY PRODUCT WE EVER PRODUCE- THANK YOU***

Johnny

Related Products this prep gets used in:

Allergens: (to be filled out by nutrition)

Method:
1. Gather All Ingredients and tools
2. Trim the ends and/or rotten pieces
3. 
 
-cool, store, label and rotated this item with older product correctly and diligently 

Portioning:

Utensils needed:Cutting board, knife, insert
</Recipe>
	<Recipe id="P-50373" image="">1) Add all ingredients to bowl of mixer, with paddle attachment mix till well combined.

2) Label, date, refrigerate.</Recipe>
	<Recipe id="P-50500" image="">1) Remove all leaves from thick stem.

2) Stack and line stem to tip, up 10-20 leaves largest at the bottom, smallest on top. Roll the stack in to a tight a tube as possible. Starting at the tip of the tube, holding stem, cut super thin ribbons of leaf.

3) Final product should be thin strips that can be used for garnish. Cut only what you need for the day, as they do not last very long.</Recipe>
	<Recipe id="P-50517" image="">1) Remove softer fronds of the dill from the harder stems. Chop well for garnish.</Recipe>
	<Recipe id="P-50725" image="">
***COOKS AND CHEFS, PLEASE READ THE ENTIRE RECIPE BEFORE BEGINNING- THIS IS A RECOMMENDED STEP WITH EVERY PRODUCT WE EVER PRODUCE- THANK YOU***
johnny

Related Products this prep gets used in:

Allergens: (to be filled out by nutrition)
Method:
1.Cut bread into 4 x 4 rectagles using pastry cutter as marker- each peice s=will weight approx. 130 grams 
2.Cut each portion horizontally
3. wrap tightly, store, label and rotated this item with older product correctly and diligently 

Portioning:

Utensils needed:
</Recipe>
	<Recipe id="P-50759" image="">***COOKS AND CHEFS, PLEASE READ THE ENTIRE RECIPE BEFORE BEGINNING- THIS IS A RECOMMENDED STEP WITH EVERY PRODUCT WE EVER PRODUCE- THANK YOU***

Johnny,

Related Products this prep gets used in:

Allergens: (to be filled out by nutrition)

Method:

1.Gather ingredients
2.toss all together
3.lay out on roasting pan evenly
4. Roast 190C/375F 20 minutes or till done
5. Check seasoning hot hold for service

-cool, store, label and rotated this item with older product correctly and diligently 

Portioning:

Utensils needed:
</Recipe>
	<Recipe id="P-50784" image="">1. Slice avocado and take pit out.
2.Scoop avocado meat in a small cambro.
3. Add in lime juice, salt and pepper.
4. Smash it and save in fridge until needed.</Recipe>
	<Recipe id="P-50801" image="">1.In a 350F pre-heated oven.
2. Lay flat pumpkin seeds on a sheet pan.
3.Roast pumkin seeds for 5-8minutes or until turns a bit brown but not burnt.
4. Take it off from oven.
5. Let it cool and transfer to a dry container.
6. Store in a dry place until needed.</Recipe>
	<Recipe id="P-50966" image="">Template to Cut + Paste into OC Preps:

***COOKS AND CHEFS, PLEASE READ THE ENTIRE RECIPE BEFORE BEGINNING- THIS IS A RECOMMENDED STEP WITH EVERY PRODUCT WE EVER PRODUCE- THANK YOU***
johnny

Related Products this prep gets used in:

Allergens: (to be filled out by nutrition)
Method:
1.Wash Tomato in cold water
2.Cut in half Lenght wise
3.Container label fridge
-cool, store, label and rotated this item with older product correctly and diligently 

Portioning:

Utensils needed:
knife, cutting board, storage container
</Recipe>
	<Recipe id="P-50967" image="">***COOKS AND CHEFS, PLEASE READ THE ENTIRE RECIPE BEFORE BEGINNING- THIS IS A RECOMMENDED STEP WITH EVERY PRODUCT WE EVER PRODUCE- THANK YOU***
Johnny

Related Products this prep gets used in:

Allergens: (to be filled out by nutrition)
Method:
1.Run the Carrots trough the spiral julienne machine
2.Store in cold water to keep fresh
3.Label and store
-cool, store, label and rotate this item with older product correctly and diligently 

Portioning:

Utensils needed:Storage container, Spriral julienne machine
</Recipe>
	<Recipe id="P-53448" image="">***COOKS AND CHEFS, PLEASE READ THE ENTIRE RECIPE BEFORE BEGINNING- THIS IS A RECOMMENDED STEP WITH EVERY PRODUCT WE EVER PRODUCE- THANK YOU***
johnny

Related Products this prep gets used in:

Allergens: (to be filled out by nutrition)
Method:
1. Dress greens and carrot noodles in stainless bowl and place on the ottom of the serving vessel
2. place beets and roasted/cooled veg atop the dressed salad
3. garnish with chips and crispy sage
4. Serve withg pride

Portioning:

Utensils needed:
</Recipe>
	<Recipe id="P-55818" image="">PREP RECIPE
***COOKS AND CHEFS, PLEASE READ THE ENTIRE RECIPE BEFORE BEGINNING- THIS IS A RECOMMENDED STEP WITH EVERY PRODUCT WE PRODUCE- THANK YOU***

Related Products this prep is used in:

Allergens: (to be filled out by nutrition)
Method:
1. Using ES 3 1/8&quot; blade on the robot coupe thinly slice cabbage.
2. Using the R2 Robot Coupe julienne the carrots.
3. Cut green onions on a bias/ angle and mix all veg together.
4. Right before service mix with dressing.

Label and store.
Rotate this item with older product.
</Recipe>
	<Recipe id="P-56459" image="">***COOKS AND CHEFS, PLEASE READ THE ENTIRE RECIPE BEFORE BEGINNING- THIS IS A RECOMMENDED STEP WITH EVERY PRODUCT WE EVER PRODUCE- THANK YOU***
Related Products this prep gets used in:

Allergens: 
Method:

1. Add all ingredients, except oil in a cambro.

2. Using immersion blender blend all ingredients well. Slowly add oil in a steady stream while blending.

3. Adjust seasoning.

-Store, label and rotate this item with older product correctly and diligently.

Portioning:

Utensils needed:
</Recipe>
	<Recipe id="P-57152" image="">***COOKS AND CHEFS, PLEASE READ THE ENTIRE RECIPE BEFORE BEGINNING- THIS IS A RECOMMENDED STEP WITH EVERY PRODUCT WE EVER PRODUCE- THANK YOU***
Amanda

Related Products this prep gets used in:

Allergens: (to be filled out by nutrition)
Method:

1. Gather all ingredents. Using a larger pot than you think you will need (caramel expands and foams up once you add the cream to the hot sugar mixture) Caramel is a fast process and you cannot walk away from it. if you don&apos;t work fast once the sugar is ready, it will burn.Scale out all ingredents make sure the butter is cubed and cold.

2. Add Water and sugar to a heavy bottom sauce pan. turn on medium high heat DO NOT WALK AWAY. This recipe needs undevided attention.

3. Allow sugar to fully disolve. As the sugar melts, stir vigerously with a whisk or wooden spoon (nothing plastic or it will melt!) reduce heat once the sugar has fully melted.

3. once the sugar has melted stop stiring (you can swirl the pan but do not stir with a utensil)

4. As soon as the sugar turns to a dark amber colour, remove from heat and ad the cold butter, whisk until the butter is melted. Once butter is fully melted, add the heavy cream (using caution as hot steam will happen and the cream will foam up considerably) Whisk until smooth and homogenous(well blended) Let Cool! once cool enough to pour into a cambro do so, but let sit out without a lid until reaches room tempature. 


*Cool, store, label and rotate this item with older product correctly and diligently 

</Recipe>
	<Recipe id="P-57206" image="">

***COOKS AND CHEFS, PLEASE READ THE ENTIRE RECIPE BEFORE BEGINNING- THIS IS A RECOMMENDED STEP WITH EVERY PRODUCT WE EVER PRODUCE- THANK YOU***
Amanda

Preps used in this Product recipe:

Allergens: (To be filled out by nutrition)
Method:

1. Wash thuroughly before use

2. Peel, Cut (as needed for recipe use) and discard core stem and any unsavoury bits and pieces


*Cool, store, label and rotate this item with older product correctly and diligently </Recipe>
	<Recipe id="R-58376" image="">***COOKS AND CHEFS, PLEASE READ THE ENTIRE RECIPE BEFORE BEGINNING- THIS IS A RECOMMENDED STEP WITH EVERY PRODUCT WE EVER PRODUCE- THANK YOU***
Johnny

Preps used in this Product recipe:

Allergens: (To be filled out by nutrition)
Method:
1.
2.
3.
-cool, store, label and rotated this item with older product correctly and diligently 

Portioning:

Utensils needed:
</Recipe>
	<Recipe id="R-58378" image="">***COOKS AND CHEFS, PLEASE READ THE ENTIRE RECIPE BEFORE BEGINNING- THIS IS A RECOMMENDED STEP WITH EVERY PRODUCT WE EVER PRODUCE- THANK YOU***

Allergens: (to be filled out by nutrition)
Method:

1. Remove apple stem and inset stick securely into that groove
2. Dip apple into warm caramel to fully coat the fruit. 
3.Move apple carefully so that excess caramel can drip through a resting rack. Being sure to catch the hot drippings so as you may mix it back into the hot caramel ensuring you dont loose all that goey goodness you&apos;ve made
4.let cool to a solid state
5. serve and remeber to mention the apple is from BC as well as is sourced for the UBC apple festival</Recipe>
	<Recipe id="R-58379" image="">***COOKS AND CHEFS, PLEASE READ THE ENTIRE RECIPE BEFORE BEGINNING- THIS IS A RECOMMENDED STEP WITH EVERY PRODUCT WE EVER PRODUCE- THANK YOU***



1. Dress salad in stainless steel bowl.
2. Top with fresh cut apple, goat cheese and yam chips.
3. Be sure to inform the guest that it&apos;s a BC apple sourced through the UBC apple festival.

</Recipe>
	<Recipe id="P-58413" image="">***COOKS AND CHEFS, PLEASE READ THE ENTIRE RECIPE BEFORE BEGINNING- THIS IS A RECOMMENDED STEP WITH EVERY PRODUCT WE EVER PRODUCE- THANK YOU***
Johnny
Allergens: (To be filled out by nutrition)
Method:
1. mix ingredients
2. make imulsification
3. season TT

-cool, store, label and rotated this item with older product correctly and diligently 

Portioning:

Utensils needed:
</Recipe>
	<Recipe id="P-62016" image="">completely thaw block of frozen spinach

in small batches, squeeze out excess water from spinach

place squeezed spinach in perforated pan or basket strainer to allow any excess water to drip away

place in appropriate container 

label, date, refrigerate
</Recipe>
	<Recipe id="P-64689" image=""/>
	<Recipe id="P-64879" image="">1. Combine all ingredients, if making ahead lable and store in cooler.</Recipe>
	<Recipe id="R-65639" image="">THIS IS A PRODUCT RECIPE, final product handed to the customer...

***COOKS AND CHEFS, PLEASE READ THE ENTIRE RECIPE BEFORE BEGINNING- THIS IS A RECOMMENDED STEP WITH EVERY PRODUCT WE EVER PRODUCE- THANK YOU***
Preps used in this Product recipe:

Allergens: (To be filled out by nutrition)
Method:
1. Warm brisket and ensure it is moist w/ bbq sauce.
2. Toast ciabatta on grill and spread both sides with mayonnaise.
3.Place warmed brisket on bottom of bun, top with coleslaw.
</Recipe>
</Recipes>
