﻿<?xml version="1.0" encoding="UTF-8" standalone="yes"?>
<Ingredients>
	<Ingredient qty="1.000" uom="CT" recipe="P-12954" invFactor="0.0013" conversion="1.00000000" ingredient="I-4598"/>
	<Ingredient qty="225.000" uom="g" recipe="P-18907" invFactor="0.1837" conversion="0.00100000" ingredient="I-3643"/>
	<Ingredient qty="1000.000" uom="g" recipe="P-18907" invFactor="0.8163" conversion="1.00000000" ingredient="I-6026"/>
	<Ingredient qty="2.270" uom="Kg" recipe="P-19175" invFactor="1.4188" conversion="2.20462000" ingredient="I-6807"/>
	<Ingredient qty="1.000" uom="slice" recipe="P-22030" invFactor="1.0000" conversion="1.00000000" ingredient="I-1048"/>
	<Ingredient qty="0.033" uom="SHEET" recipe="P-22042" invFactor="0.0330" conversion="1.00000000" ingredient="I-56580"/>
	<Ingredient qty="0.033" uom="SHEET" recipe="P-22049" invFactor="0.0330" conversion="1.00000000" ingredient="I-1065"/>
	<Ingredient qty="500.000" uom="g" recipe="P-24750" invFactor="1000.0000" conversion="1.00000000" ingredient="P-26514"/>
	<Ingredient qty="750.000" uom="ml" recipe="P-26020" invFactor="300.0000" conversion="0.00100000" ingredient="I-3388"/>
	<Ingredient qty="2.270" uom="Kg" recipe="P-26020" invFactor="0.9080" conversion="2.20462000" ingredient="I-4657"/>
	<Ingredient qty="258.000" uom="ml" recipe="P-26086" invFactor="14.3333" conversion="0.00100000" ingredient="I-3388"/>
	<Ingredient qty="795.000" uom="g" recipe="P-26086" invFactor="44.1667" conversion="0.00100000" ingredient="I-3658"/>
	<Ingredient qty="2.320" uom="Kg" recipe="P-26086" invFactor="0.1289" conversion="1.00000000" ingredient="I-3660"/>
	<Ingredient qty="4.132" uom="L" recipe="P-26086" invFactor="0.2296" conversion="1.00000000" ingredient="I-47774"/>
	<Ingredient qty="10.330" uom="L" recipe="P-26086" invFactor="0.5739" conversion="1.00000000" ingredient="I-5983"/>
	<Ingredient qty="587.000" uom="g" recipe="P-26086" invFactor="32.6111" conversion="0.00100000" ingredient="P-26020"/>
	<Ingredient qty="580.000" uom="g" recipe="P-26086" invFactor="32.2222" conversion="0.00100000" ingredient="P-34880"/>
	<Ingredient qty="517.000" uom="ml" recipe="P-26086" invFactor="28.7222" conversion="0.00100000" ingredient="P-50495"/>
	<Ingredient qty="2.250" uom="Kg" recipe="P-26090" invFactor="0.5000" conversion="2.20462000" ingredient="I-36672"/>
	<Ingredient qty="3.500" uom="L" recipe="P-26090" invFactor="0.7778" conversion="1.00000000" ingredient="I-5983"/>
	<Ingredient qty="2.000" uom="Kg" recipe="P-26091" invFactor="0.5000" conversion="2.20462000" ingredient="I-3478"/>
	<Ingredient qty="3.000" uom="L" recipe="P-26091" invFactor="0.7500" conversion="1.00000000" ingredient="I-5983"/>
	<Ingredient qty="2.000" uom="g" recipe="P-26105" invFactor="0.6154" conversion="0.03527399" ingredient="I-11312"/>
	<Ingredient qty="2.000" uom="L" recipe="P-26105" invFactor="0.6154" conversion="1.00000000" ingredient="I-3223"/>
	<Ingredient qty="60.000" uom="ml" recipe="P-26105" invFactor="18.4615" conversion="0.00100000" ingredient="I-3388"/>
	<Ingredient qty="50.000" uom="g" recipe="P-26105" invFactor="15.3846" conversion="1.00000000" ingredient="I-3428"/>
	<Ingredient qty="20.000" uom="g" recipe="P-26105" invFactor="6.1538" conversion="0.00100000" ingredient="I-3660"/>
	<Ingredient qty="125.000" uom="ml" recipe="P-26105" invFactor="38.4615" conversion="0.03381406" ingredient="I-45114"/>
	<Ingredient qty="5.000" uom="g" recipe="P-26105" invFactor="1.5385" conversion="0.00220462" ingredient="I-4708"/>
	<Ingredient qty="56.000" uom="g" recipe="P-26105" invFactor="17.2308" conversion="0.00220462" ingredient="I-4894"/>
	<Ingredient qty="14.000" uom="g" recipe="P-26105" invFactor="4.3077" conversion="0.00100000" ingredient="P-26020"/>
	<Ingredient qty="1.000" uom="Kg" recipe="P-26311" invFactor="0.1000" conversion="2.20462000" ingredient="I-4589"/>
	<Ingredient qty="1.000" uom="Kg" recipe="P-26311" invFactor="0.1000" conversion="1.25000000" ingredient="I-4598"/>
	<Ingredient qty="2.000" uom="Kg" recipe="P-26311" invFactor="0.2000" conversion="2.20462000" ingredient="I-4745"/>
	<Ingredient qty="10.000" uom="L" recipe="P-26311" invFactor="1.0000" conversion="1.00000000" ingredient="I-5983"/>
	<Ingredient qty="1.000" uom="CT" recipe="P-26514" invFactor="0.0182" conversion="1.00000000" ingredient="I-4341"/>
	<Ingredient qty="35.000" uom="Kg" recipe="P-28258" invFactor="0.7279" conversion="2.20462000" ingredient="I-3089"/>
	<Ingredient qty="500.000" uom="ml" recipe="P-28258" invFactor="10.3991" conversion="0.00100000" ingredient="I-3386"/>
	<Ingredient qty="50.000" uom="L" recipe="P-28258" invFactor="1.0399" conversion="1.00000000" ingredient="I-5983"/>
	<Ingredient qty="2.840" uom="L" recipe="P-28989" invFactor="1.5778" conversion="1.00000000" ingredient="I-3143"/>
	<Ingredient qty="45.000" uom="ml" recipe="P-28994" invFactor="22.5000" conversion="0.03381406" ingredient="I-1813"/>
	<Ingredient qty="120.000" uom="ml" recipe="P-28994" invFactor="60.0000" conversion="0.00100000" ingredient="I-3388"/>
	<Ingredient qty="45.000" uom="g" recipe="P-28994" invFactor="22.5000" conversion="0.00100000" ingredient="I-3434"/>
	<Ingredient qty="5.000" uom="g" recipe="P-28994" invFactor="2.5000" conversion="1.00000000" ingredient="P-18907"/>
	<Ingredient qty="60.000" uom="g" recipe="P-28994" invFactor="30.0000" conversion="0.00100000" ingredient="P-26020"/>
	<Ingredient qty="1.701" uom="Kg" recipe="P-28994" invFactor="0.8505" conversion="1.00000000" ingredient="P-28989"/>
	<Ingredient qty="169.000" uom="g" recipe="P-30552" invFactor="42.2500" conversion="0.00100000" ingredient="I-16215"/>
	<Ingredient qty="22.000" uom="g" recipe="P-30552" invFactor="5.5000" conversion="1.00000000" ingredient="I-30504"/>
	<Ingredient qty="30.000" uom="ml" recipe="P-30552" invFactor="7.5000" conversion="0.00100000" ingredient="I-3388"/>
	<Ingredient qty="30.000" uom="ml" recipe="P-30552" invFactor="7.5000" conversion="0.00100000" ingredient="I-3392"/>
	<Ingredient qty="5.000" uom="g" recipe="P-30552" invFactor="1.2500" conversion="1.00000000" ingredient="I-3632"/>
	<Ingredient qty="5.000" uom="g" recipe="P-30552" invFactor="1.2500" conversion="1.00000000" ingredient="I-3639"/>
	<Ingredient qty="4.500" uom="g" recipe="P-30552" invFactor="1.1250" conversion="0.00100000" ingredient="I-3643"/>
	<Ingredient qty="600.000" uom="g" recipe="P-30552" invFactor="150.0000" conversion="0.00100000" ingredient="I-3660"/>
	<Ingredient qty="500.000" uom="ml" recipe="P-30552" invFactor="125.0000" conversion="0.00100000" ingredient="I-47774"/>
	<Ingredient qty="90.000" uom="g" recipe="P-30552" invFactor="22.5000" conversion="0.00100000" ingredient="P-26020"/>
	<Ingredient qty="1.600" uom="L" recipe="P-30552" invFactor="0.4000" conversion="1.00000000" ingredient="P-26311"/>
	<Ingredient qty="3.000" uom="Kg" recipe="P-31128" invFactor="0.6000" conversion="1.00000000" ingredient="I-16215"/>
	<Ingredient qty="125.000" uom="g" recipe="P-31128" invFactor="25.0000" conversion="1.00000000" ingredient="I-30504"/>
	<Ingredient qty="75.000" uom="ml" recipe="P-31128" invFactor="15.0000" conversion="0.00100000" ingredient="I-3392"/>
	<Ingredient qty="5.000" uom="g" recipe="P-31128" invFactor="1.0000" conversion="0.00100000" ingredient="I-3590"/>
	<Ingredient qty="500.000" uom="g" recipe="P-31128" invFactor="100.0000" conversion="0.00100000" ingredient="I-3660"/>
	<Ingredient qty="250.000" uom="ml" recipe="P-31128" invFactor="50.0000" conversion="0.00100000" ingredient="I-47774"/>
	<Ingredient qty="125.000" uom="g" recipe="P-31128" invFactor="25.0000" conversion="0.00100000" ingredient="P-26020"/>
	<Ingredient qty="11.450" uom="Kg" recipe="P-34116" invFactor="1.0115" conversion="2.20462000" ingredient="I-4589"/>
	<Ingredient qty="11.550" uom="Kg" recipe="P-34123" invFactor="1.0490" conversion="2.20462000" ingredient="I-4745"/>
	<Ingredient qty="21.000" uom="Kg" recipe="P-34298" invFactor="1.1667" conversion="2.20462000" ingredient="I-4550"/>
	<Ingredient qty="5.000" uom="Kg" recipe="P-34880" invFactor="1.0417" conversion="2.20462000" ingredient="I-4660"/>
	<Ingredient qty="1.800" uom="Kg" recipe="P-36599" invFactor="0.4500" conversion="1000.00000000" ingredient="I-11813"/>
	<Ingredient qty="200.000" uom="g" recipe="P-36599" invFactor="50.0000" conversion="0.00100000" ingredient="I-16215"/>
	<Ingredient qty="1.600" uom="Kg" recipe="P-36599" invFactor="0.4000" conversion="2.20462000" ingredient="I-35336"/>
	<Ingredient qty="160.000" uom="ml" recipe="P-36599" invFactor="40.0000" conversion="1.00000000" ingredient="I-3696"/>
	<Ingredient qty="480.000" uom="ml" recipe="P-36599" invFactor="120.0000" conversion="0.03381406" ingredient="I-45114"/>
	<Ingredient qty="1.300" uom="L" recipe="P-36599" invFactor="0.3250" conversion="1.00000000" ingredient="I-5983"/>
	<Ingredient qty="250.000" uom="g" recipe="P-36599" invFactor="62.5000" conversion="0.00100000" ingredient="P-26020"/>
	<Ingredient qty="1.000" uom="CT" recipe="P-39057" invFactor="0.0067" conversion="1.00000000" ingredient="I-4375"/>
	<Ingredient qty="15.000" uom="L" recipe="P-41466" invFactor="0.0018" conversion="1.00000000" ingredient="I-3388"/>
	<Ingredient qty="5.000" uom="g" recipe="P-41466" invFactor="0.0006" conversion="1.00000000" ingredient="I-3619"/>
	<Ingredient qty="5.000" uom="lb" recipe="P-41466" invFactor="0.0006" conversion="1.00000000" ingredient="I-4657"/>
	<Ingredient qty="5.000" uom="g" recipe="P-41466" invFactor="0.0006" conversion="1.00000000" ingredient="I-6026"/>
	<Ingredient qty="11.500" uom="Kg" recipe="P-43440" invFactor="1.0445" conversion="1.00000000" ingredient="P-19175"/>
	<Ingredient qty="10.000" uom="g" recipe="P-43735" invFactor="9.0909" conversion="0.00220462" ingredient="I-1489"/>
	<Ingredient qty="60.000" uom="g" recipe="P-43735" invFactor="54.5455" conversion="1.00000000" ingredient="I-19143"/>
	<Ingredient qty="10.000" uom="ml" recipe="P-43735" invFactor="9.0909" conversion="0.00200000" ingredient="I-3284"/>
	<Ingredient qty="120.000" uom="ml" recipe="P-43735" invFactor="109.0909" conversion="0.00100000" ingredient="I-3670"/>
	<Ingredient qty="1.000" uom="Kg" recipe="P-43735" invFactor="0.9091" conversion="1.00000000" ingredient="I-4830"/>
	<Ingredient qty="10.000" uom="g" recipe="P-44601" invFactor="1.1111" conversion="1.00000000" ingredient="I-11211"/>
	<Ingredient qty="20.000" uom="g" recipe="P-44601" invFactor="2.2222" conversion="0.03527399" ingredient="I-11312"/>
	<Ingredient qty="150.000" uom="g" recipe="P-44601" invFactor="16.6667" conversion="1.00000000" ingredient="I-3654"/>
	<Ingredient qty="800.000" uom="g" recipe="P-44601" invFactor="88.8889" conversion="0.00220462" ingredient="I-4655"/>
	<Ingredient qty="1.000" uom="Kg" recipe="P-44601" invFactor="0.1111" conversion="2.20462000" ingredient="I-4657"/>
	<Ingredient qty="1.600" uom="Kg" recipe="P-44601" invFactor="0.1778" conversion="2.20462000" ingredient="I-4708"/>
	<Ingredient qty="350.000" uom="g" recipe="P-44601" invFactor="38.8889" conversion="0.00220462" ingredient="I-4796"/>
	<Ingredient qty="1.400" uom="Kg" recipe="P-44601" invFactor="0.1556" conversion="2.20462000" ingredient="I-4894"/>
	<Ingredient qty="1.000" uom="Kg" recipe="P-44601" invFactor="0.1111" conversion="2.20462000" ingredient="I-4918"/>
	<Ingredient qty="10.000" uom="g" recipe="P-44601" invFactor="1.1111" conversion="0.03527399" ingredient="I-50750"/>
	<Ingredient qty="10.000" uom="g" recipe="P-44601" invFactor="1.1111" conversion="0.00100000" ingredient="I-6812"/>
	<Ingredient qty="7.000" uom="g" recipe="P-45429" invFactor="7.0000" conversion="0.00100000" ingredient="I-2119"/>
	<Ingredient qty="6.000" uom="g" recipe="P-45429" invFactor="6.0000" conversion="0.00100000" ingredient="I-2146"/>
	<Ingredient qty="6.000" uom="g" recipe="P-45429" invFactor="6.0000" conversion="0.00100000" ingredient="I-43890"/>
	<Ingredient qty="6.000" uom="g" recipe="P-45429" invFactor="6.0000" conversion="0.00100000" ingredient="I-44059"/>
	<Ingredient qty="7.000" uom="g" recipe="P-45429" invFactor="7.0000" conversion="0.00100000" ingredient="P-28994"/>
	<Ingredient qty="7.500" uom="g" recipe="P-45429" invFactor="7.5000" conversion="0.00100000" ingredient="P-43735"/>
	<Ingredient qty="1.000" uom="LOAF" recipe="P-45430" invFactor="0.0714" conversion="1.00000000" ingredient="I-1187"/>
	<Ingredient qty="3.000" uom="g" recipe="P-45431" invFactor="3.0000" conversion="0.00220462" ingredient="I-17159"/>
	<Ingredient qty="1.000" uom="g" recipe="P-45431" invFactor="1.0000" conversion="0.00100000" ingredient="I-23753"/>
	<Ingredient qty="1.000" uom="g" recipe="P-45431" invFactor="1.0000" conversion="1.00000000" ingredient="I-29081"/>
	<Ingredient qty="2.000" uom="g" recipe="P-45431" invFactor="2.0000" conversion="0.00100000" ingredient="I-29242"/>
	<Ingredient qty="1.000" uom="g" recipe="P-45431" invFactor="1.0000" conversion="0.00100000" ingredient="I-2986"/>
	<Ingredient qty="1.000" uom="g" recipe="P-45431" invFactor="1.0000" conversion="0.00220462" ingredient="I-4463"/>
	<Ingredient qty="0.125" uom="CT" recipe="P-45431" invFactor="0.1250" conversion="1.00000000" ingredient="I-4472"/>
	<Ingredient qty="0.250" uom="piece" recipe="P-45431" invFactor="0.2500" conversion="1.00000000" ingredient="I-4507"/>
	<Ingredient qty="1.000" uom="g" recipe="P-45431" invFactor="1.0000" conversion="0.00220462" ingredient="I-4508"/>
	<Ingredient qty="2.000" uom="g" recipe="P-45431" invFactor="2.0000" conversion="0.00220462" ingredient="I-4531"/>
	<Ingredient qty="1.000" uom="g" recipe="P-45431" invFactor="1.0000" conversion="0.00220462" ingredient="I-4724"/>
	<Ingredient qty="1.000" uom="g" recipe="P-45431" invFactor="1.0000" conversion="0.00220462" ingredient="I-4896"/>
	<Ingredient qty="2.500" uom="g" recipe="P-45431" invFactor="2.5000" conversion="0.00100000" ingredient="I-4907"/>
	<Ingredient qty="1.000" uom="g" recipe="P-45431" invFactor="1.0000" conversion="0.00100000" ingredient="I-6882"/>
	<Ingredient qty="2.500" uom="g" recipe="P-45431" invFactor="2.5000" conversion="0.00100000" ingredient="I-7185"/>
	<Ingredient qty="1.000" uom="g" recipe="P-45431" invFactor="1.0000" conversion="0.00200000" ingredient="I-9831"/>
	<Ingredient qty="1.000" uom="g" recipe="P-45431" invFactor="1.0000" conversion="0.00100000" ingredient="P-43440"/>
	<Ingredient qty="1000.000" uom="ml" recipe="P-50495" invFactor="500.0000" conversion="0.00100000" ingredient="I-5983"/>
	<Ingredient qty="1000.000" uom="g" recipe="P-50495" invFactor="500.0000" conversion="0.00100000" ingredient="I-6820"/>
	<Ingredient qty="1.000" uom="Kg" recipe="P-50840" invFactor="0.5669" conversion="2.20462000" ingredient="I-4785"/>
	<Ingredient qty="1.000" uom="Kg" recipe="P-51458" invFactor="0.9091" conversion="1.00000000" ingredient="I-10866"/>
	<Ingredient qty="5.000" uom="g" recipe="P-51458" invFactor="4.5455" conversion="1.00000000" ingredient="P-18907"/>
	<Ingredient qty="100.000" uom="g" recipe="P-51458" invFactor="90.9091" conversion="1.00000000" ingredient="P-41466"/>
	<Ingredient qty="350.000" uom="ml" recipe="P-52459" invFactor="50.0000" conversion="0.00100000" ingredient="I-3388"/>
	<Ingredient qty="80.000" uom="ml" recipe="P-52459" invFactor="11.4286" conversion="1.00000000" ingredient="I-3696"/>
	<Ingredient qty="2.000" uom="L" recipe="P-52459" invFactor="0.2857" conversion="1.00000000" ingredient="I-47774"/>
	<Ingredient qty="10.000" uom="g" recipe="P-52459" invFactor="1.4286" conversion="0.00220462" ingredient="I-4796"/>
	<Ingredient qty="2.000" uom="L" recipe="P-52459" invFactor="0.2857" conversion="1.00000000" ingredient="I-5983"/>
	<Ingredient qty="800.000" uom="ml" recipe="P-52459" invFactor="114.2857" conversion="0.00100000" ingredient="I-7949"/>
	<Ingredient qty="250.000" uom="g" recipe="P-52459" invFactor="35.7143" conversion="0.00100000" ingredient="P-26020"/>
	<Ingredient qty="250.000" uom="g" recipe="P-52459" invFactor="35.7143" conversion="0.00100000" ingredient="P-34880"/>
	<Ingredient qty="700.000" uom="g" recipe="P-52459" invFactor="100.0000" conversion="1.00000000" ingredient="P-39057"/>
	<Ingredient qty="20.000" uom="g" recipe="P-55419" invFactor="1.0000" conversion="0.03527399" ingredient="I-11312"/>
	<Ingredient qty="20.000" uom="L" recipe="P-55419" invFactor="1.0000" conversion="1.00000000" ingredient="I-3223"/>
	<Ingredient qty="500.000" uom="g" recipe="P-55419" invFactor="25.0000" conversion="1.00000000" ingredient="I-3245"/>
	<Ingredient qty="600.000" uom="ml" recipe="P-55419" invFactor="30.0000" conversion="0.00100000" ingredient="I-3388"/>
	<Ingredient qty="280.000" uom="ml" recipe="P-55419" invFactor="14.0000" conversion="0.00100000" ingredient="I-3435"/>
	<Ingredient qty="400.000" uom="g" recipe="P-55419" invFactor="20.0000" conversion="0.00220462" ingredient="I-35336"/>
	<Ingredient qty="1250.000" uom="ml" recipe="P-55419" invFactor="62.5000" conversion="0.03381406" ingredient="I-45114"/>
	<Ingredient qty="50.000" uom="g" recipe="P-55419" invFactor="2.5000" conversion="0.00220462" ingredient="I-4708"/>
	<Ingredient qty="560.000" uom="g" recipe="P-55419" invFactor="28.0000" conversion="0.00220462" ingredient="I-4894"/>
	<Ingredient qty="140.000" uom="g" recipe="P-55419" invFactor="7.0000" conversion="0.00100000" ingredient="P-26020"/>
	<Ingredient qty="45.000" uom="ml" recipe="P-56631" invFactor="37.5000" conversion="0.00100000" ingredient="I-10882"/>
	<Ingredient qty="45.000" uom="g" recipe="P-56631" invFactor="37.5000" conversion="1.00000000" ingredient="I-11813"/>
	<Ingredient qty="360.000" uom="ml" recipe="P-56631" invFactor="300.0000" conversion="0.00100000" ingredient="I-3223"/>
	<Ingredient qty="60.000" uom="ml" recipe="P-56631" invFactor="50.0000" conversion="0.03381406" ingredient="I-45114"/>
	<Ingredient qty="60.000" uom="ml" recipe="P-56631" invFactor="50.0000" conversion="0.00100000" ingredient="I-47774"/>
	<Ingredient qty="360.000" uom="ml" recipe="P-56631" invFactor="300.0000" conversion="0.00100000" ingredient="I-5983"/>
	<Ingredient qty="34.000" uom="g" recipe="P-56631" invFactor="28.3333" conversion="0.00100000" ingredient="I-6028"/>
	<Ingredient qty="480.000" uom="g" recipe="P-56631" invFactor="400.0000" conversion="0.00100000" ingredient="P-51458"/>
	<Ingredient qty="15.000" uom="ml" recipe="P-56631" invFactor="12.5000" conversion="0.00100000" ingredient="P-7444"/>
	<Ingredient qty="500.000" uom="g" recipe="P-56905" invFactor="22.7273" conversion="0.00100000" ingredient="I-10791"/>
	<Ingredient qty="20.000" uom="g" recipe="P-56905" invFactor="0.9091" conversion="0.03527399" ingredient="I-11312"/>
	<Ingredient qty="20.000" uom="L" recipe="P-56905" invFactor="0.9091" conversion="1.00000000" ingredient="I-3223"/>
	<Ingredient qty="100.000" uom="ml" recipe="P-56905" invFactor="4.5455" conversion="0.00100000" ingredient="I-3388"/>
	<Ingredient qty="400.000" uom="g" recipe="P-56905" invFactor="18.1818" conversion="0.00220462" ingredient="I-35336"/>
	<Ingredient qty="1250.000" uom="ml" recipe="P-56905" invFactor="56.8182" conversion="0.03381406" ingredient="I-45114"/>
	<Ingredient qty="50.000" uom="g" recipe="P-56905" invFactor="2.2727" conversion="0.00220462" ingredient="I-4708"/>
	<Ingredient qty="560.000" uom="g" recipe="P-56905" invFactor="25.4545" conversion="0.00220462" ingredient="I-4894"/>
	<Ingredient qty="50.000" uom="g" recipe="P-56905" invFactor="2.2727" conversion="0.00220462" ingredient="I-61712"/>
	<Ingredient qty="140.000" uom="g" recipe="P-56905" invFactor="6.3636" conversion="0.00100000" ingredient="P-26020"/>
	<Ingredient qty="1.000" uom="ea" recipe="P-58285" invFactor="1.0000" conversion="1.00000000" ingredient="I-25119"/>
	<Ingredient qty="0.250" uom="slice" recipe="P-58285" invFactor="0.2500" conversion="1.00000000" ingredient="P-22030"/>
	<Ingredient qty="0.250" uom="slice" recipe="P-58285" invFactor="0.2500" conversion="1.00000000" ingredient="P-22042"/>
	<Ingredient qty="0.250" uom="slice" recipe="P-58285" invFactor="0.2500" conversion="1.00000000" ingredient="P-22049"/>
	<Ingredient qty="0.250" uom="slice" recipe="P-58285" invFactor="0.2500" conversion="1.00000000" ingredient="P-60927"/>
	<Ingredient qty="10.000" uom="lb" recipe="P-58359" invFactor="1.0000" conversion="1.00000000" ingredient="I-4731"/>
	<Ingredient qty="0.033" uom="SHEET" recipe="P-60927" invFactor="0.0330" conversion="1.00000000" ingredient="I-60871"/>
	<Ingredient qty="2.000" uom="Kg" recipe="P-61685" invFactor="0.1000" conversion="35.27399000" ingredient="I-11312"/>
	<Ingredient qty="500.000" uom="ml" recipe="P-61685" invFactor="25.0000" conversion="1.00000000" ingredient="I-26014"/>
	<Ingredient qty="20.000" uom="L" recipe="P-61685" invFactor="1.0000" conversion="1.00000000" ingredient="I-3223"/>
	<Ingredient qty="400.000" uom="g" recipe="P-61685" invFactor="20.0000" conversion="0.00220462" ingredient="I-35336"/>
	<Ingredient qty="750.000" uom="ml" recipe="P-61685" invFactor="37.5000" conversion="0.03381406" ingredient="I-45114"/>
	<Ingredient qty="4.800" uom="Kg" recipe="P-61685" invFactor="0.2400" conversion="1.00000000" ingredient="P-44601"/>
	<Ingredient qty="15.000" uom="ml" recipe="P-61738" invFactor="0.2500" conversion="0.00100000" ingredient="P-26086"/>
	<Ingredient qty="15.000" uom="ml" recipe="P-61738" invFactor="0.2500" conversion="0.00100000" ingredient="P-52459"/>
	<Ingredient qty="10.000" uom="ml" recipe="P-61738" invFactor="0.1667" conversion="0.00100000" ingredient="P-55419"/>
	<Ingredient qty="10.000" uom="ml" recipe="P-61738" invFactor="0.1667" conversion="0.00100000" ingredient="P-56905"/>
	<Ingredient qty="10.000" uom="ml" recipe="P-61738" invFactor="0.1667" conversion="0.00100000" ingredient="P-61685"/>
	<Ingredient qty="1.000" uom="L" recipe="P-7444" invFactor="0.2500" conversion="1.00000000" ingredient="I-3387"/>
	<Ingredient qty="5.000" uom="lb" recipe="P-7444" invFactor="1.2500" conversion="1.00000000" ingredient="I-4657"/>
	<Ingredient qty="36.000" uom="CT" recipe="P-9722" invFactor="0.7273" conversion="1.00000000" ingredient="I-4598"/>
	<Ingredient qty="1.000" uom="PTN" recipe="R-22310" invFactor="1.0000" conversion="1.00000000" ingredient="P-58285"/>
	<Ingredient qty="15.000" uom="g" recipe="R-28301" invFactor="1.0000" conversion="0.00100000" ingredient="I-2567"/>
	<Ingredient qty="5.000" uom="ml" recipe="R-28301" invFactor="1.0000" conversion="0.00100000" ingredient="I-3388"/>
	<Ingredient qty="30.000" uom="g" recipe="R-28301" invFactor="1.0000" conversion="0.00100000" ingredient="I-41921"/>
	<Ingredient qty="30.000" uom="g" recipe="R-28301" invFactor="1.0000" conversion="0.00220462" ingredient="I-4496"/>
	<Ingredient qty="15.000" uom="g" recipe="R-28301" invFactor="1.0000" conversion="0.00220462" ingredient="I-4509"/>
	<Ingredient qty="30.000" uom="g" recipe="R-28301" invFactor="1.0000" conversion="0.00220462" ingredient="I-4725"/>
	<Ingredient qty="30.000" uom="g" recipe="R-28301" invFactor="1.0000" conversion="0.00100000" ingredient="I-4975"/>
	<Ingredient qty="30.000" uom="g" recipe="R-28301" invFactor="1.0000" conversion="1.00000000" ingredient="P-12954"/>
	<Ingredient qty="2.000" uom="g" recipe="R-28301" invFactor="1.0000" conversion="0.00100000" ingredient="P-24750"/>
	<Ingredient qty="60.000" uom="g" recipe="R-28301" invFactor="1.0000" conversion="0.00100000" ingredient="P-26090"/>
	<Ingredient qty="100.000" uom="g" recipe="R-28301" invFactor="1.0000" conversion="0.00100000" ingredient="P-28258"/>
	<Ingredient qty="30.000" uom="g" recipe="R-28301" invFactor="1.0000" conversion="0.00100000" ingredient="P-34116"/>
	<Ingredient qty="30.000" uom="g" recipe="R-28301" invFactor="1.0000" conversion="0.00100000" ingredient="P-34123"/>
	<Ingredient qty="30.000" uom="g" recipe="R-28301" invFactor="1.0000" conversion="0.00100000" ingredient="P-34298"/>
	<Ingredient qty="2.000" uom="g" recipe="R-28301" invFactor="1.0000" conversion="1.00000000" ingredient="P-39057"/>
	<Ingredient qty="15.000" uom="g" recipe="R-28301" invFactor="1.0000" conversion="0.00220462" ingredient="P-50840"/>
	<Ingredient qty="60.000" uom="ml" recipe="R-28301" invFactor="1.0000" conversion="1.00000000" ingredient="P-61738"/>
	<Ingredient qty="1.000" uom="ea" recipe="R-29670" invFactor="1.0000" conversion="1.00000000" ingredient="I-28412"/>
	<Ingredient qty="1.000" uom="ea" recipe="R-29671" invFactor="1.0000" conversion="1.00000000" ingredient="I-29232"/>
	<Ingredient qty="0.333" uom="CT" recipe="R-30928" invFactor="1.0000" conversion="1.00000000" ingredient="I-1236"/>
	<Ingredient qty="0.333" uom="CT" recipe="R-30928" invFactor="1.0000" conversion="1.00000000" ingredient="I-1252"/>
	<Ingredient qty="0.333" uom="CT" recipe="R-30928" invFactor="1.0000" conversion="1.00000000" ingredient="I-1277"/>
	<Ingredient qty="1.000" uom="ea" recipe="R-32121" invFactor="1.0000" conversion="1.00000000" ingredient="I-31464"/>
	<Ingredient qty="1.000" uom="slice" recipe="R-32206" invFactor="1.0000" conversion="1.00000000" ingredient="I-31545"/>
	<Ingredient qty="1.000" uom="slice" recipe="R-32207" invFactor="1.0000" conversion="1.00000000" ingredient="I-31547"/>
	<Ingredient qty="1.000" uom="ea" recipe="R-34660" invFactor="1.0000" conversion="1.00000000" ingredient="I-49928"/>
	<Ingredient qty="0.750" uom="ea" recipe="R-34805" invFactor="1.0000" conversion="1.00000000" ingredient="I-29232"/>
	<Ingredient qty="15.000" uom="g" recipe="R-37173" invFactor="1.0000" conversion="0.00100000" ingredient="I-2567"/>
	<Ingredient qty="5.000" uom="ml" recipe="R-37173" invFactor="1.0000" conversion="0.00100000" ingredient="I-3388"/>
	<Ingredient qty="30.000" uom="g" recipe="R-37173" invFactor="1.0000" conversion="0.00100000" ingredient="I-41921"/>
	<Ingredient qty="30.000" uom="g" recipe="R-37173" invFactor="1.0000" conversion="0.00220462" ingredient="I-4496"/>
	<Ingredient qty="15.000" uom="g" recipe="R-37173" invFactor="1.0000" conversion="0.00220462" ingredient="I-4509"/>
	<Ingredient qty="30.000" uom="g" recipe="R-37173" invFactor="1.0000" conversion="0.00220462" ingredient="I-4725"/>
	<Ingredient qty="30.000" uom="g" recipe="R-37173" invFactor="1.0000" conversion="0.00100000" ingredient="I-4975"/>
	<Ingredient qty="85.000" uom="g" recipe="R-37173" invFactor="1.0000" conversion="0.00100000" ingredient="I-7388"/>
	<Ingredient qty="30.000" uom="g" recipe="R-37173" invFactor="1.0000" conversion="1.00000000" ingredient="P-12954"/>
	<Ingredient qty="2.000" uom="g" recipe="R-37173" invFactor="1.0000" conversion="0.00100000" ingredient="P-24750"/>
	<Ingredient qty="60.000" uom="g" recipe="R-37173" invFactor="1.0000" conversion="0.00100000" ingredient="P-26090"/>
	<Ingredient qty="100.000" uom="g" recipe="R-37173" invFactor="1.0000" conversion="0.00100000" ingredient="P-28258"/>
	<Ingredient qty="30.000" uom="g" recipe="R-37173" invFactor="1.0000" conversion="0.00100000" ingredient="P-34116"/>
	<Ingredient qty="30.000" uom="g" recipe="R-37173" invFactor="1.0000" conversion="0.00100000" ingredient="P-34123"/>
	<Ingredient qty="30.000" uom="g" recipe="R-37173" invFactor="1.0000" conversion="0.00100000" ingredient="P-34298"/>
	<Ingredient qty="2.000" uom="g" recipe="R-37173" invFactor="1.0000" conversion="1.00000000" ingredient="P-39057"/>
	<Ingredient qty="15.000" uom="g" recipe="R-37173" invFactor="1.0000" conversion="0.00220462" ingredient="P-50840"/>
	<Ingredient qty="60.000" uom="ml" recipe="R-37173" invFactor="1.0000" conversion="1.00000000" ingredient="P-61738"/>
	<Ingredient qty="1.000" uom="each" recipe="R-45432" invFactor="1.0000" conversion="1.00000000" ingredient="P-45429"/>
	<Ingredient qty="1.000" uom="ea" recipe="R-45432" invFactor="1.0000" conversion="1.00000000" ingredient="P-45430"/>
	<Ingredient qty="2.000" uom="each" recipe="R-45432" invFactor="1.0000" conversion="1.00000000" ingredient="P-45431"/>
	<Ingredient qty="1.000" uom="slice" recipe="R-45714" invFactor="1.0000" conversion="1.00000000" ingredient="I-31545"/>
	<Ingredient qty="1.000" uom="each" recipe="R-52679" invFactor="1.0000" conversion="1.00000000" ingredient="I-52559"/>
	<Ingredient qty="60.000" uom="ml" recipe="R-57402" invFactor="1.0000" conversion="0.00100000" ingredient="P-56905"/>
	<Ingredient qty="85.000" uom="g" recipe="R-58439" invFactor="1.0000" conversion="0.00220462" ingredient="I-17593"/>
	<Ingredient qty="15.000" uom="g" recipe="R-58439" invFactor="1.0000" conversion="0.00100000" ingredient="I-2567"/>
	<Ingredient qty="5.000" uom="ml" recipe="R-58439" invFactor="1.0000" conversion="0.00100000" ingredient="I-3388"/>
	<Ingredient qty="30.000" uom="g" recipe="R-58439" invFactor="1.0000" conversion="0.00100000" ingredient="I-41921"/>
	<Ingredient qty="2.000" uom="g" recipe="R-58439" invFactor="1.0000" conversion="0.01259785" ingredient="I-4341"/>
	<Ingredient qty="30.000" uom="g" recipe="R-58439" invFactor="1.0000" conversion="0.00220462" ingredient="I-4496"/>
	<Ingredient qty="15.000" uom="g" recipe="R-58439" invFactor="1.0000" conversion="0.00220462" ingredient="I-4509"/>
	<Ingredient qty="30.000" uom="g" recipe="R-58439" invFactor="1.0000" conversion="0.00100000" ingredient="I-4975"/>
	<Ingredient qty="60.000" uom="g" recipe="R-58439" invFactor="1.0000" conversion="0.00100000" ingredient="I-56920"/>
	<Ingredient qty="15.000" uom="ml" recipe="R-58439" invFactor="1.0000" conversion="0.00100000" ingredient="P-26086"/>
	<Ingredient qty="30.000" uom="g" recipe="R-58439" invFactor="1.0000" conversion="0.00100000" ingredient="P-26090"/>
	<Ingredient qty="60.000" uom="g" recipe="R-58439" invFactor="1.0000" conversion="0.00100000" ingredient="P-26091"/>
	<Ingredient qty="15.000" uom="ml" recipe="R-58439" invFactor="1.0000" conversion="0.00100000" ingredient="P-26105"/>
	<Ingredient qty="100.000" uom="g" recipe="R-58439" invFactor="1.0000" conversion="0.00100000" ingredient="P-28258"/>
	<Ingredient qty="15.000" uom="ml" recipe="R-58439" invFactor="1.0000" conversion="0.00100000" ingredient="P-30552"/>
	<Ingredient qty="15.000" uom="ml" recipe="R-58439" invFactor="1.0000" conversion="0.00100000" ingredient="P-31128"/>
	<Ingredient qty="30.000" uom="g" recipe="R-58439" invFactor="1.0000" conversion="0.00100000" ingredient="P-34116"/>
	<Ingredient qty="30.000" uom="g" recipe="R-58439" invFactor="1.0000" conversion="0.00100000" ingredient="P-34123"/>
	<Ingredient qty="30.000" uom="g" recipe="R-58439" invFactor="1.0000" conversion="0.00100000" ingredient="P-34298"/>
	<Ingredient qty="15.000" uom="ml" recipe="R-58439" invFactor="1.0000" conversion="0.00100000" ingredient="P-36599"/>
	<Ingredient qty="2.000" uom="g" recipe="R-58439" invFactor="1.0000" conversion="1.00000000" ingredient="P-39057"/>
	<Ingredient qty="15.000" uom="g" recipe="R-58439" invFactor="1.0000" conversion="0.00220462" ingredient="P-50840"/>
	<Ingredient qty="30.000" uom="g" recipe="R-58439" invFactor="1.0000" conversion="0.00220462" ingredient="P-58359"/>
	<Ingredient qty="15.000" uom="g" recipe="R-58439" invFactor="1.0000" conversion="0.00220462" ingredient="P-9722"/>
	<Ingredient qty="1.000" uom="ea" recipe="R-60996" invFactor="1.0000" conversion="1.00000000" ingredient="I-48619"/>
	<Ingredient qty="1.000" uom="each" recipe="R-61436" invFactor="1.0000" conversion="1.00000000" ingredient="I-61422"/>
	<Ingredient qty="60.000" uom="ml" recipe="R-61697" invFactor="1.0000" conversion="0.00100000" ingredient="P-56631"/>
	<Ingredient qty="1.000" uom="BAR" recipe="R-63608" invFactor="1.0000" conversion="1.00000000" ingredient="I-3816"/>
</Ingredients>
