﻿<?xml version="1.0" encoding="UTF-8" standalone="yes"?>
<Preps>
	<Prep id="P-56631" active="Y" keyItem="Y">
		<Description>BATCH|Thai Cashew Dipping Sauc</Description>
		<Barcode/>
		<Cost>10.4979</Cost>
		<PakQty>1.200</PakQty>
		<PakUOM>L</PakUOM>
		<Comments/>
		<InventoryGroup id="47">PREP</InventoryGroup>
		<SalesCategory id="2">Food</SalesCategory>
		<IncomeAccount id="14" ref="Gross Sales" type="I" locked="Y">Gross Sales</IncomeAccount>
		<Location id="500">OK - PROCESSED </Location>
	</Prep>
	<Prep id="P-24750" active="Y" keyItem="N">
		<Description>CHOPPED|Cilantro</Description>
		<Barcode/>
		<Cost>20.3000</Cost>
		<PakQty>0.500</PakQty>
		<PakUOM>Kg</PakUOM>
		<Comments/>
		<InventoryGroup id=""/>
		<SalesCategory id=""/>
		<IncomeAccount id="" ref="" type="" locked=""/>
		<Location id=""/>
	</Prep>
	<Prep id="P-28258" active="Y" keyItem="Y">
		<Description>COOKED|Chow Mein</Description>
		<Barcode/>
		<Cost>3.1970</Cost>
		<PakQty>48.081</PakQty>
		<PakUOM>Kg</PakUOM>
		<Comments/>
		<InventoryGroup id="47">PREP</InventoryGroup>
		<SalesCategory id="2">Food</SalesCategory>
		<IncomeAccount id="14" ref="Gross Sales" type="I" locked="Y">Gross Sales</IncomeAccount>
		<Location id="500">OK - PROCESSED </Location>
	</Prep>
	<Prep id="P-61738" active="Y" keyItem="N">
		<Description>CST|Sauces</Description>
		<Barcode/>
		<Cost>0.0081</Cost>
		<PakQty>60.000</PakQty>
		<PakUOM>ml</PakUOM>
		<Comments/>
		<InventoryGroup id=""/>
		<SalesCategory id=""/>
		<IncomeAccount id="" ref="" type="" locked=""/>
		<Location id=""/>
	</Prep>
	<Prep id="P-22030" active="Y" keyItem="N">
		<Description>DES|Cake|Black Forest</Description>
		<Barcode/>
		<Cost>2.3833</Cost>
		<PakQty>1.000</PakQty>
		<PakUOM>slice</PakUOM>
		<Comments/>
		<InventoryGroup id="20">BAKING-RAW INGREDIENTS</InventoryGroup>
		<SalesCategory id="2">Food</SalesCategory>
		<IncomeAccount id="14" ref="Gross Sales" type="I" locked="Y">Gross Sales</IncomeAccount>
		<Location id="450">OK - SERVE G&amp;G COOL</Location>
	</Prep>
	<Prep id="P-60927" active="Y" keyItem="N">
		<Description>DES|Cake|Chocolate Layer</Description>
		<Barcode/>
		<Cost>1.8206</Cost>
		<PakQty>1.000</PakQty>
		<PakUOM>slice</PakUOM>
		<Comments/>
		<InventoryGroup id="19">BAKED GOODS</InventoryGroup>
		<SalesCategory id="2">Food</SalesCategory>
		<IncomeAccount id="14" ref="Gross Sales" type="I" locked="Y">Gross Sales</IncomeAccount>
		<Location id=""/>
	</Prep>
	<Prep id="P-58285" active="Y" keyItem="Y">
		<Description>DES|Cake|Slice Assorted</Description>
		<Barcode/>
		<Cost>2.3692</Cost>
		<PakQty>1.000</PakQty>
		<PakUOM>PTN</PakUOM>
		<Comments/>
		<InventoryGroup id="19">BAKED GOODS</InventoryGroup>
		<SalesCategory id="2">Food</SalesCategory>
		<IncomeAccount id="14" ref="Gross Sales" type="I" locked="Y">Gross Sales</IncomeAccount>
		<Location id="450">OK - SERVE G&amp;G COOL</Location>
	</Prep>
	<Prep id="P-22042" active="Y" keyItem="N">
		<Description>DES|Cake|Strawberry Cream</Description>
		<Barcode/>
		<Cost>1.8369</Cost>
		<PakQty>1.000</PakQty>
		<PakUOM>slice</PakUOM>
		<Comments/>
		<InventoryGroup id="20">BAKING-RAW INGREDIENTS</InventoryGroup>
		<SalesCategory id="2">Food</SalesCategory>
		<IncomeAccount id="14" ref="Gross Sales" type="I" locked="Y">Gross Sales</IncomeAccount>
		<Location id="199">TP - 8. DESSERTS</Location>
	</Prep>
	<Prep id="P-22049" active="Y" keyItem="N">
		<Description>DES|Cake|Tiramisu</Description>
		<Barcode/>
		<Cost>1.8086</Cost>
		<PakQty>1.000</PakQty>
		<PakUOM>slice</PakUOM>
		<Comments/>
		<InventoryGroup id="19">BAKED GOODS</InventoryGroup>
		<SalesCategory id="2">Food</SalesCategory>
		<IncomeAccount id="14" ref="Gross Sales" type="I" locked="Y">Gross Sales</IncomeAccount>
		<Location id="143">*PV 9.4 DELISH</Location>
	</Prep>
	<Prep id="P-43440" active="Y" keyItem="Y">
		<Description>DICED|Red Onion 1/4&quot;</Description>
		<Barcode/>
		<Cost>3.6264</Cost>
		<PakQty>11.010</PakQty>
		<PakUOM>Kg</PakUOM>
		<Comments/>
		<InventoryGroup id="47">PREP</InventoryGroup>
		<SalesCategory id="2">Food</SalesCategory>
		<IncomeAccount id="14" ref="Gross Sales" type="I" locked="Y">Gross Sales</IncomeAccount>
		<Location id="500">OK - PROCESSED </Location>
	</Prep>
	<Prep id="P-28989" active="Y" keyItem="Y">
		<Description>DRAINED|Chickpeas</Description>
		<Barcode/>
		<Cost>4.7879</Cost>
		<PakQty>1.800</PakQty>
		<PakUOM>Kg</PakUOM>
		<Comments/>
		<InventoryGroup id="47">PREP</InventoryGroup>
		<SalesCategory id="2">Food</SalesCategory>
		<IncomeAccount id="14" ref="Gross Sales" type="I" locked="Y">Gross Sales</IncomeAccount>
		<Location id="500">OK - PROCESSED </Location>
	</Prep>
	<Prep id="P-43735" active="Y" keyItem="Y">
		<Description>JAM|Raspberry Chia</Description>
		<Barcode/>
		<Cost>15.6758</Cost>
		<PakQty>1.100</PakQty>
		<PakUOM>Kg</PakUOM>
		<Comments/>
		<InventoryGroup id="47">PREP</InventoryGroup>
		<SalesCategory id="2">Food</SalesCategory>
		<IncomeAccount id="14" ref="Gross Sales" type="I" locked="Y">Gross Sales</IncomeAccount>
		<Location id="449">OK - ARCHIVE</Location>
	</Prep>
	<Prep id="P-18907" active="Y" keyItem="N">
		<Description>MIX|Salt&amp;Pepper</Description>
		<Barcode/>
		<Cost>0.0086</Cost>
		<PakQty>1225.000</PakQty>
		<PakUOM>g</PakUOM>
		<Comments/>
		<InventoryGroup id=""/>
		<SalesCategory id=""/>
		<IncomeAccount id="" ref="" type="" locked=""/>
		<Location id=""/>
	</Prep>
	<Prep id="P-41466" active="Y" keyItem="Y">
		<Description>OIL|Confit Garlic</Description>
		<Barcode/>
		<Cost>0.0096</Cost>
		<PakQty>8225.000</PakQty>
		<PakUOM>g</PakUOM>
		<Comments/>
		<InventoryGroup id="138">FEAST</InventoryGroup>
		<SalesCategory id="2">Food</SalesCategory>
		<IncomeAccount id="14" ref="Gross Sales" type="I" locked="Y">Gross Sales</IncomeAccount>
		<Location id="151">TP - 5. PROCES FOOD</Location>
	</Prep>
	<Prep id="P-44601" active="Y" keyItem="N">
		<Description>PASTE|Green Curry</Description>
		<Barcode/>
		<Cost>9.8249</Cost>
		<PakQty>9.000</PakQty>
		<PakUOM>Kg</PakUOM>
		<Comments/>
		<InventoryGroup id=""/>
		<SalesCategory id=""/>
		<IncomeAccount id="" ref="" type="" locked=""/>
		<Location id=""/>
	</Prep>
	<Prep id="P-9722" active="Y" keyItem="N">
		<Description>PREP Celery Processed</Description>
		<Barcode/>
		<Cost>1.2132</Cost>
		<PakQty>49.500</PakQty>
		<PakUOM>lb</PakUOM>
		<Comments/>
		<InventoryGroup id=""/>
		<SalesCategory id=""/>
		<IncomeAccount id="" ref="" type="" locked=""/>
		<Location id="456">OK - STN - CUSTOM</Location>
	</Prep>
	<Prep id="P-7444" active="Y" keyItem="Y">
		<Description>PREP|Garlic Puree</Description>
		<Barcode/>
		<Cost>7.9552</Cost>
		<PakQty>4.000</PakQty>
		<PakUOM>L</PakUOM>
		<Comments/>
		<InventoryGroup id="47">PREP</InventoryGroup>
		<SalesCategory id="2">Food</SalesCategory>
		<IncomeAccount id="14" ref="Gross Sales" type="I" locked="Y">Gross Sales</IncomeAccount>
		<Location id="500">OK - PROCESSED </Location>
	</Prep>
	<Prep id="P-26020" active="Y" keyItem="Y">
		<Description>PUREE|Garlic|Kg - FT</Description>
		<Barcode/>
		<Cost>12.2277</Cost>
		<PakQty>2.500</PakQty>
		<PakUOM>Kg</PakUOM>
		<Comments>2 weeks</Comments>
		<InventoryGroup id="47">PREP</InventoryGroup>
		<SalesCategory id="2">Food</SalesCategory>
		<IncomeAccount id="14" ref="Gross Sales" type="I" locked="Y">Gross Sales</IncomeAccount>
		<Location id="500">OK - PROCESSED </Location>
	</Prep>
	<Prep id="P-34880" active="Y" keyItem="N">
		<Description>PUREE|Ginger|OK - KG</Description>
		<Barcode/>
		<Cost>8.0606</Cost>
		<PakQty>4.800</PakQty>
		<PakUOM>Kg</PakUOM>
		<Comments/>
		<InventoryGroup id="47">PREP</InventoryGroup>
		<SalesCategory id="2">Food</SalesCategory>
		<IncomeAccount id="14" ref="Gross Sales" type="I" locked="Y">Gross Sales</IncomeAccount>
		<Location id="500">OK - PROCESSED </Location>
	</Prep>
	<Prep id="P-51458" active="Y" keyItem="N">
		<Description>ROASTED|Cashews|Seasoned</Description>
		<Barcode/>
		<Cost>18.1485</Cost>
		<PakQty>1.100</PakQty>
		<PakUOM>Kg</PakUOM>
		<Comments/>
		<InventoryGroup id=""/>
		<SalesCategory id=""/>
		<IncomeAccount id="" ref="" type="" locked=""/>
		<Location id=""/>
	</Prep>
	<Prep id="P-55419" active="Y" keyItem="Y">
		<Description>SAUCE|Curry Red</Description>
		<Barcode/>
		<Cost>6.3251</Cost>
		<PakQty>20.000</PakQty>
		<PakUOM>L</PakUOM>
		<Comments/>
		<InventoryGroup id="47">PREP</InventoryGroup>
		<SalesCategory id="2">Food</SalesCategory>
		<IncomeAccount id="14" ref="Gross Sales" type="I" locked="Y">Gross Sales</IncomeAccount>
		<Location id="126">*PV 5 PROCESS FRIDGE</Location>
	</Prep>
	<Prep id="P-61685" active="Y" keyItem="N">
		<Description>SAUCE|CURRY|Green Thai</Description>
		<Barcode/>
		<Cost>17.5554</Cost>
		<PakQty>20.000</PakQty>
		<PakUOM>L</PakUOM>
		<Comments/>
		<InventoryGroup id=""/>
		<SalesCategory id=""/>
		<IncomeAccount id="" ref="" type="" locked=""/>
		<Location id=""/>
	</Prep>
	<Prep id="P-31128" active="Y" keyItem="Y">
		<Description>SAUCE|Gochujang</Description>
		<Barcode/>
		<Cost>8.5639</Cost>
		<PakQty>5.000</PakQty>
		<PakUOM>L</PakUOM>
		<Comments/>
		<InventoryGroup id="47">PREP</InventoryGroup>
		<SalesCategory id="2">Food</SalesCategory>
		<IncomeAccount id="14" ref="Gross Sales" type="I" locked="Y">Gross Sales</IncomeAccount>
		<Location id="500">OK - PROCESSED </Location>
	</Prep>
	<Prep id="P-26105" active="Y" keyItem="Y">
		<Description>SAUCE|Green Curry </Description>
		<Barcode/>
		<Cost>3.7352</Cost>
		<PakQty>3.250</PakQty>
		<PakUOM>L</PakUOM>
		<Comments/>
		<InventoryGroup id="299">ZDONT USE OK - PREP</InventoryGroup>
		<SalesCategory id="2">Food</SalesCategory>
		<IncomeAccount id="14" ref="Gross Sales" type="I" locked="Y">Gross Sales</IncomeAccount>
		<Location id="449">OK - ARCHIVE</Location>
	</Prep>
	<Prep id="P-52459" active="Y" keyItem="Y">
		<Description>SAUCE|Green Onion Ginger Veg</Description>
		<Barcode/>
		<Cost>5.0839</Cost>
		<PakQty>7.000</PakQty>
		<PakUOM>L</PakUOM>
		<Comments>DClay S5/19</Comments>
		<InventoryGroup id="47">PREP</InventoryGroup>
		<SalesCategory id="2">Food</SalesCategory>
		<IncomeAccount id="14" ref="Gross Sales" type="I" locked="Y">Gross Sales</IncomeAccount>
		<Location id="500">OK - PROCESSED </Location>
	</Prep>
	<Prep id="P-28994" active="Y" keyItem="Y">
		<Description>SAUCE|Hummus|OK</Description>
		<Barcode/>
		<Cost>5.8143</Cost>
		<PakQty>2.000</PakQty>
		<PakUOM>Kg</PakUOM>
		<Comments/>
		<InventoryGroup id="47">PREP</InventoryGroup>
		<SalesCategory id="2">Food</SalesCategory>
		<IncomeAccount id="14" ref="Gross Sales" type="I" locked="Y">Gross Sales</IncomeAccount>
		<Location id="500">OK - PROCESSED </Location>
	</Prep>
	<Prep id="P-30552" active="Y" keyItem="Y">
		<Description>SAUCE|Spicy Korean BBQ</Description>
		<Barcode/>
		<Cost>2.9265</Cost>
		<PakQty>4.000</PakQty>
		<PakUOM>L</PakUOM>
		<Comments/>
		<InventoryGroup id="47">PREP</InventoryGroup>
		<SalesCategory id="2">Food</SalesCategory>
		<IncomeAccount id="14" ref="Gross Sales" type="I" locked="Y">Gross Sales</IncomeAccount>
		<Location id="500">OK - PROCESSED </Location>
	</Prep>
	<Prep id="P-36599" active="Y" keyItem="Y">
		<Description>SAUCE|Tamarind </Description>
		<Barcode/>
		<Cost>9.8079</Cost>
		<PakQty>4.000</PakQty>
		<PakUOM>L</PakUOM>
		<Comments/>
		<InventoryGroup id="47">PREP</InventoryGroup>
		<SalesCategory id="2">Food</SalesCategory>
		<IncomeAccount id="14" ref="Gross Sales" type="I" locked="Y">Gross Sales</IncomeAccount>
		<Location id="500">OK - PROCESSED </Location>
	</Prep>
	<Prep id="P-26086" active="Y" keyItem="Y">
		<Description>SAUCE|Teriyaki</Description>
		<Barcode/>
		<Cost>3.2906</Cost>
		<PakQty>18.000</PakQty>
		<PakUOM>L</PakUOM>
		<Comments/>
		<InventoryGroup id="47">PREP</InventoryGroup>
		<SalesCategory id="2">Food</SalesCategory>
		<IncomeAccount id="14" ref="Gross Sales" type="I" locked="Y">Gross Sales</IncomeAccount>
		<Location id="500">OK - PROCESSED </Location>
	</Prep>
	<Prep id="P-56905" active="Y" keyItem="Y">
		<Description>SAUCE|Yellow Curry </Description>
		<Barcode/>
		<Cost>5.4471</Cost>
		<PakQty>22.000</PakQty>
		<PakUOM>L</PakUOM>
		<Comments/>
		<InventoryGroup id="47">PREP</InventoryGroup>
		<SalesCategory id="2">Food</SalesCategory>
		<IncomeAccount id="14" ref="Gross Sales" type="I" locked="Y">Gross Sales</IncomeAccount>
		<Location id="500">OK - PROCESSED </Location>
	</Prep>
	<Prep id="P-34116" active="Y" keyItem="Y">
		<Description>SLICED|1/8 carrot</Description>
		<Barcode/>
		<Cost>1.9044</Cost>
		<PakQty>11.320</PakQty>
		<PakUOM>Kg</PakUOM>
		<Comments/>
		<InventoryGroup id="47">PREP</InventoryGroup>
		<SalesCategory id="2">Food</SalesCategory>
		<IncomeAccount id="14" ref="Gross Sales" type="I" locked="Y">Gross Sales</IncomeAccount>
		<Location id="500">OK - PROCESSED </Location>
	</Prep>
	<Prep id="P-34298" active="Y" keyItem="Y">
		<Description>SLICED|1/8&quot; Green Cabbage</Description>
		<Barcode/>
		<Cost>3.0685</Cost>
		<PakQty>18.000</PakQty>
		<PakUOM>Kg</PakUOM>
		<Comments/>
		<InventoryGroup id="47">PREP</InventoryGroup>
		<SalesCategory id="2">Food</SalesCategory>
		<IncomeAccount id="14" ref="Gross Sales" type="I" locked="Y">Gross Sales</IncomeAccount>
		<Location id="500">OK - PROCESSED </Location>
	</Prep>
	<Prep id="P-39057" active="Y" keyItem="Y">
		<Description>SLICED|Green Onion v1</Description>
		<Barcode/>
		<Cost>0.0056</Cost>
		<PakQty>150.000</PakQty>
		<PakUOM>g</PakUOM>
		<Comments/>
		<InventoryGroup id="47">PREP</InventoryGroup>
		<SalesCategory id="2">Food</SalesCategory>
		<IncomeAccount id="14" ref="Gross Sales" type="I" locked="Y">Gross Sales</IncomeAccount>
		<Location id="500">OK - PROCESSED </Location>
	</Prep>
	<Prep id="P-50840" active="Y" keyItem="Y">
		<Description>SLICED|Green Pepper 1/8&quot;</Description>
		<Barcode/>
		<Cost>2.1746</Cost>
		<PakQty>1.764</PakQty>
		<PakUOM>lb</PakUOM>
		<Comments/>
		<InventoryGroup id="47">PREP</InventoryGroup>
		<SalesCategory id="2">Food</SalesCategory>
		<IncomeAccount id="14" ref="Gross Sales" type="I" locked="Y">Gross Sales</IncomeAccount>
		<Location id="498">OK - STN - SALAD BAR</Location>
	</Prep>
	<Prep id="P-58359" active="Y" keyItem="N">
		<Description>SLICED|Mushroom Foodservice</Description>
		<Barcode/>
		<Cost>1.2500</Cost>
		<PakQty>10.000</PakQty>
		<PakUOM>lb</PakUOM>
		<Comments/>
		<InventoryGroup id=""/>
		<SalesCategory id=""/>
		<IncomeAccount id="" ref="" type="" locked=""/>
		<Location id=""/>
	</Prep>
	<Prep id="P-34123" active="Y" keyItem="Y">
		<Description>SLICED|Onion 1/8&quot;</Description>
		<Barcode/>
		<Cost>4.9909</Cost>
		<PakQty>11.010</PakQty>
		<PakUOM>Kg</PakUOM>
		<Comments/>
		<InventoryGroup id="47">PREP</InventoryGroup>
		<SalesCategory id="2">Food</SalesCategory>
		<IncomeAccount id="14" ref="Gross Sales" type="I" locked="Y">Gross Sales</IncomeAccount>
		<Location id="500">OK - PROCESSED </Location>
	</Prep>
	<Prep id="P-50495" active="Y" keyItem="N">
		<Description>SLURRY|Cornstarch</Description>
		<Barcode/>
		<Cost>2.6830</Cost>
		<PakQty>2.000</PakQty>
		<PakUOM>L</PakUOM>
		<Comments/>
		<InventoryGroup id=""/>
		<SalesCategory id=""/>
		<IncomeAccount id="" ref="" type="" locked=""/>
		<Location id=""/>
	</Prep>
	<Prep id="P-26090" active="Y" keyItem="Y">
		<Description>STEAMED|Rice|Brown</Description>
		<Barcode/>
		<Cost>2.1264</Cost>
		<PakQty>4.500</PakQty>
		<PakUOM>Kg</PakUOM>
		<Comments/>
		<InventoryGroup id="47">PREP</InventoryGroup>
		<SalesCategory id="2">Food</SalesCategory>
		<IncomeAccount id="14" ref="Gross Sales" type="I" locked="Y">Gross Sales</IncomeAccount>
		<Location id="500">OK - PROCESSED </Location>
	</Prep>
	<Prep id="P-26091" active="Y" keyItem="Y">
		<Description>STEAMED|Rice|Jasmine</Description>
		<Barcode/>
		<Cost>1.0233</Cost>
		<PakQty>4.000</PakQty>
		<PakUOM>Kg</PakUOM>
		<Comments/>
		<InventoryGroup id="47">PREP</InventoryGroup>
		<SalesCategory id="2">Food</SalesCategory>
		<IncomeAccount id="14" ref="Gross Sales" type="I" locked="Y">Gross Sales</IncomeAccount>
		<Location id="500">OK - PROCESSED </Location>
	</Prep>
	<Prep id="P-26311" active="Y" keyItem="N">
		<Description>STOCK|Vegetable2</Description>
		<Barcode/>
		<Cost>1.2352</Cost>
		<PakQty>10.000</PakQty>
		<PakUOM>L</PakUOM>
		<Comments/>
		<InventoryGroup id="299">ZDONT USE OK - PREP</InventoryGroup>
		<SalesCategory id="2">Food</SalesCategory>
		<IncomeAccount id="14" ref="Gross Sales" type="I" locked="Y">Gross Sales</IncomeAccount>
		<Location id="4">PREP</Location>
	</Prep>
	<Prep id="P-45430" active="Y" keyItem="N">
		<Description>Toast Bar - Bread Portion</Description>
		<Barcode/>
		<Cost>0.3514</Cost>
		<PakQty>14.000</PakQty>
		<PakUOM>ea</PakUOM>
		<Comments/>
		<InventoryGroup id=""/>
		<SalesCategory id=""/>
		<IncomeAccount id="" ref="" type="" locked=""/>
		<Location id=""/>
	</Prep>
	<Prep id="P-45429" active="Y" keyItem="N">
		<Description>Toast Bar - Spread</Description>
		<Barcode/>
		<Cost>0.4059</Cost>
		<PakQty>1.000</PakQty>
		<PakUOM>each</PakUOM>
		<Comments/>
		<InventoryGroup id=""/>
		<SalesCategory id=""/>
		<IncomeAccount id="" ref="" type="" locked=""/>
		<Location id=""/>
	</Prep>
	<Prep id="P-45431" active="Y" keyItem="N">
		<Description>Toast Bar - Toppings</Description>
		<Barcode/>
		<Cost>0.5345</Cost>
		<PakQty>1.000</PakQty>
		<PakUOM>each</PakUOM>
		<Comments/>
		<InventoryGroup id=""/>
		<SalesCategory id=""/>
		<IncomeAccount id="" ref="" type="" locked=""/>
		<Location id=""/>
	</Prep>
	<Prep id="P-12954" active="Y" keyItem="N">
		<Description>YIELD|Celery</Description>
		<Barcode/>
		<Cost>0.0022</Cost>
		<PakQty>750.000</PakQty>
		<PakUOM>g</PakUOM>
		<Comments/>
		<InventoryGroup id=""/>
		<SalesCategory id=""/>
		<IncomeAccount id="" ref="" type="" locked=""/>
		<Location id=""/>
	</Prep>
	<Prep id="P-26514" active="Y" keyItem="N">
		<Description>YIELD|Cilantro|Herb</Description>
		<Barcode/>
		<Cost>0.0203</Cost>
		<PakQty>55.000</PakQty>
		<PakUOM>g</PakUOM>
		<Comments/>
		<InventoryGroup id=""/>
		<SalesCategory id=""/>
		<IncomeAccount id="" ref="" type="" locked=""/>
		<Location id=""/>
	</Prep>
	<Prep id="P-19175" active="Y" keyItem="Y">
		<Description>YIELD|Red Onion</Description>
		<Barcode/>
		<Cost>3.4719</Cost>
		<PakQty>1.600</PakQty>
		<PakUOM>Kg</PakUOM>
		<Comments>July 2018 (Fiscal 19)</Comments>
		<InventoryGroup id="47">PREP</InventoryGroup>
		<SalesCategory id="2">Food</SalesCategory>
		<IncomeAccount id="14" ref="Gross Sales" type="I" locked="Y">Gross Sales</IncomeAccount>
		<Location id="472">OK - STN - VEG PREP </Location>
	</Prep>
</Preps>
