﻿<?xml version="1.0" encoding="UTF-8" standalone="yes"?>
<Prods>
	<Prod id="R-61697" active="Y" special="N">
		<Description>CST|SAUCE|Thai Cashew</Description>
		<Barcode/>
		<Cost>0.6806</Cost>
		<Comments/>
		<SalesGroup id="329">OK - CUSTOM KITCHEN</SalesGroup>
		<SalesCategory id="2">Food</SalesCategory>
		<IncomeAccount id="14" ref="Gross Sales" type="I" locked="Y">Gross Sales</IncomeAccount>
		<TaxGroup id=""/>
		<Price>1.00</Price>
		<PLU num=""/>
	</Prod>
	<Prod id="R-57402" active="Y" special="N">
		<Description>CST|SAUCE|Yellow Curry</Description>
		<Barcode/>
		<Cost>0.3440</Cost>
		<Comments>July 2018 (F19)</Comments>
		<SalesGroup id="329">OK - CUSTOM KITCHEN</SalesGroup>
		<SalesCategory id="2">Food</SalesCategory>
		<IncomeAccount id="14" ref="Gross Sales" type="I" locked="Y">Gross Sales</IncomeAccount>
		<TaxGroup id=""/>
		<Price>1.00</Price>
		<PLU num=""/>
	</Prod>
	<Prod id="R-58439" active="Y" special="N">
		<Description>CST|Shrimp</Description>
		<Barcode/>
		<Cost>4.5535</Cost>
		<Comments/>
		<SalesGroup id="329">OK - CUSTOM KITCHEN</SalesGroup>
		<SalesCategory id="2">Food</SalesCategory>
		<IncomeAccount id="14" ref="Gross Sales" type="I" locked="Y">Gross Sales</IncomeAccount>
		<TaxGroup id=""/>
		<Price>13.00</Price>
		<PLU num="32717">CUSTOM SHRIMP</PLU>
	</Prod>
	<Prod id="R-45432" active="Y" special="N">
		<Description>CST|Toast Bar - Custom Toast</Description>
		<Barcode/>
		<Cost>1.8263</Cost>
		<Comments/>
		<SalesGroup id="329">OK - CUSTOM KITCHEN</SalesGroup>
		<SalesCategory id="2">Food</SalesCategory>
		<IncomeAccount id="14" ref="Gross Sales" type="I" locked="Y">Gross Sales</IncomeAccount>
		<TaxGroup id=""/>
		<Price>5.25</Price>
		<PLU num="26201">TOAST BAR</PLU>
	</Prod>
	<Prod id="R-37173" active="Y" special="N">
		<Description>CST|Tofu</Description>
		<Barcode/>
		<Cost>2.8196</Cost>
		<Comments/>
		<SalesGroup id="329">OK - CUSTOM KITCHEN</SalesGroup>
		<SalesCategory id="2">Food</SalesCategory>
		<IncomeAccount id="14" ref="Gross Sales" type="I" locked="Y">Gross Sales</IncomeAccount>
		<TaxGroup id=""/>
		<Price>12.49</Price>
		<PLU num="18960">CUSTOM TOFU</PLU>
	</Prod>
	<Prod id="R-28301" active="Y" special="N">
		<Description>CST|Veg Only</Description>
		<Barcode/>
		<Cost>2.1813</Cost>
		<Comments/>
		<SalesGroup id="329">OK - CUSTOM KITCHEN</SalesGroup>
		<SalesCategory id="2">Food</SalesCategory>
		<IncomeAccount id="14" ref="Gross Sales" type="I" locked="Y">Gross Sales</IncomeAccount>
		<TaxGroup id=""/>
		<Price>10.99</Price>
		<PLU num="18958">CUSTOM JUST VEG</PLU>
	</Prod>
	<Prod id="R-63608" active="Y" special="N">
		<Description>CYCLONE PINEAPPPLE LEMON STRAW</Description>
		<Barcode/>
		<Cost>1.4496</Cost>
		<Comments/>
		<SalesGroup id="363">OK - GRAB &amp; GO</SalesGroup>
		<SalesCategory id="2">Food</SalesCategory>
		<IncomeAccount id="14" ref="Gross Sales" type="I" locked="Y">Gross Sales</IncomeAccount>
		<TaxGroup id=""/>
		<Price>3.49</Price>
		<PLU num="34601">CYCLONE PINEAPPPLE LEMON STRAW</PLU>
	</Prod>
	<Prod id="R-30928" active="Y" special="N">
		<Description>DES|Bagel Asst</Description>
		<Barcode/>
		<Cost>0.3896</Cost>
		<Comments/>
		<SalesGroup id="335">OK - BAKERY/DESSERT</SalesGroup>
		<SalesCategory id="2">Food</SalesCategory>
		<IncomeAccount id="14" ref="Gross Sales" type="I" locked="Y">Gross Sales</IncomeAccount>
		<TaxGroup id=""/>
		<Price>2.45</Price>
		<PLU num="11708">BAGEL</PLU>
	</Prod>
	<Prod id="R-52679" active="Y" special="N">
		<Description>DES|Bomb|Trump|Choc Caramel</Description>
		<Barcode/>
		<Cost>1.5333</Cost>
		<Comments/>
		<SalesGroup id="335">OK - BAKERY/DESSERT</SalesGroup>
		<SalesCategory id="2">Food</SalesCategory>
		<IncomeAccount id="14" ref="Gross Sales" type="I" locked="Y">Gross Sales</IncomeAccount>
		<TaxGroup id=""/>
		<Price>4.79</Price>
		<PLU num="29691">TRUMPS GF CHOC CARAMEL BOMB</PLU>
	</Prod>
	<Prod id="R-32206" active="Y" special="N">
		<Description>DES|Cake|Carrot Caramel Stack</Description>
		<Barcode/>
		<Cost>1.9010</Cost>
		<Comments/>
		<SalesGroup id="335">OK - BAKERY/DESSERT</SalesGroup>
		<SalesCategory id="2">Food</SalesCategory>
		<IncomeAccount id="14" ref="Gross Sales" type="I" locked="Y">Gross Sales</IncomeAccount>
		<TaxGroup id=""/>
		<Price>5.95</Price>
		<PLU num="20384">RS - CAKE CARROT CARM</PLU>
	</Prod>
	<Prod id="R-45714" active="Y" special="N">
		<Description>DES|Cake|Carrot Caramel Stack.</Description>
		<Barcode/>
		<Cost>1.9010</Cost>
		<Comments/>
		<SalesGroup id="335">OK - BAKERY/DESSERT</SalesGroup>
		<SalesCategory id="2">Food</SalesCategory>
		<IncomeAccount id="14" ref="Gross Sales" type="I" locked="Y">Gross Sales</IncomeAccount>
		<TaxGroup id=""/>
		<Price>5.95</Price>
		<PLU num="26424">RS - CAKE CARROT CHEESECAKE</PLU>
	</Prod>
	<Prod id="R-32207" active="Y" special="N">
		<Description>DES|Cake|Oreo Stacker</Description>
		<Barcode/>
		<Cost>3.0158</Cost>
		<Comments/>
		<SalesGroup id="335">OK - BAKERY/DESSERT</SalesGroup>
		<SalesCategory id="2">Food</SalesCategory>
		<IncomeAccount id="14" ref="Gross Sales" type="I" locked="Y">Gross Sales</IncomeAccount>
		<TaxGroup id=""/>
		<Price>5.95</Price>
		<PLU num="20385">RS - CAKE OREO STACK</PLU>
	</Prod>
	<Prod id="R-29670" active="Y" special="N">
		<Description>DES|Cake|Ponderosa</Description>
		<Barcode/>
		<Cost>1.1433</Cost>
		<Comments/>
		<SalesGroup id="335">OK - BAKERY/DESSERT</SalesGroup>
		<SalesCategory id="2">Food</SalesCategory>
		<IncomeAccount id="14" ref="Gross Sales" type="I" locked="Y">Gross Sales</IncomeAccount>
		<TaxGroup id=""/>
		<Price>3.15</Price>
		<PLU num="11704">PONDEROSA CAKE</PLU>
	</Prod>
	<Prod id="R-22310" active="Y" special="N">
		<Description>DES|Cake|Slice Asst</Description>
		<Barcode/>
		<Cost>2.3692</Cost>
		<Comments/>
		<SalesGroup id="335">OK - BAKERY/DESSERT</SalesGroup>
		<SalesCategory id="2">Food</SalesCategory>
		<IncomeAccount id="14" ref="Gross Sales" type="I" locked="Y">Gross Sales</IncomeAccount>
		<TaxGroup id=""/>
		<Price>3.99</Price>
		<PLU num="32565">CAKE SLICE</PLU>
	</Prod>
	<Prod id="R-32121" active="Y" special="N">
		<Description>DES|Cake|Tiramisu.</Description>
		<Barcode/>
		<Cost>1.5057</Cost>
		<Comments/>
		<SalesGroup id="335">OK - BAKERY/DESSERT</SalesGroup>
		<SalesCategory id="2">Food</SalesCategory>
		<IncomeAccount id="14" ref="Gross Sales" type="I" locked="Y">Gross Sales</IncomeAccount>
		<TaxGroup id=""/>
		<Price>4.00</Price>
		<PLU num="20379">OK TIRAMISU</PLU>
	</Prod>
	<Prod id="R-60996" active="Y" special="N">
		<Description>DES|Cake|Valentine Choco Heart</Description>
		<Barcode/>
		<Cost>2.3500</Cost>
		<Comments/>
		<SalesGroup id="363">OK - GRAB &amp; GO</SalesGroup>
		<SalesCategory id="2">Food</SalesCategory>
		<IncomeAccount id="14" ref="Gross Sales" type="I" locked="Y">Gross Sales</IncomeAccount>
		<TaxGroup id=""/>
		<Price>5.65</Price>
		<PLU num="33039">VALENTINES RED VELVET CHOC HEA</PLU>
	</Prod>
	<Prod id="R-29671" active="Y" special="N">
		<Description>DES|Cinnamon Bun</Description>
		<Barcode/>
		<Cost>1.1633</Cost>
		<Comments/>
		<SalesGroup id="335">OK - BAKERY/DESSERT</SalesGroup>
		<SalesCategory id="2">Food</SalesCategory>
		<IncomeAccount id="14" ref="Gross Sales" type="I" locked="Y">Gross Sales</IncomeAccount>
		<TaxGroup id=""/>
		<Price>3.19</Price>
		<PLU num="11699">CINNAMON BUN</PLU>
	</Prod>
	<Prod id="R-34805" active="Y" special="N">
		<Description>DES|Cinnamon Bun|Mini</Description>
		<Barcode/>
		<Cost>0.8725</Cost>
		<Comments/>
		<SalesGroup id="335">OK - BAKERY/DESSERT</SalesGroup>
		<SalesCategory id="2">Food</SalesCategory>
		<IncomeAccount id="14" ref="Gross Sales" type="I" locked="Y">Gross Sales</IncomeAccount>
		<TaxGroup id=""/>
		<Price>1.00</Price>
		<PLU num="21486">MINI CINNAMON BUN</PLU>
	</Prod>
	<Prod id="R-34660" active="Y" special="N">
		<Description>DES|Cookie|Easter Egg|Trump</Description>
		<Barcode/>
		<Cost>24.0000</Cost>
		<Comments/>
		<SalesGroup id="335">OK - BAKERY/DESSERT</SalesGroup>
		<SalesCategory id="2">Food</SalesCategory>
		<IncomeAccount id="14" ref="Gross Sales" type="I" locked="Y">Gross Sales</IncomeAccount>
		<TaxGroup id=""/>
		<Price>3.25</Price>
		<PLU num="11794">COOKIE - EASTER EGG</PLU>
	</Prod>
	<Prod id="R-61436" active="Y" special="N">
		<Description>DES|Cookie|Easter|Paint Ginger</Description>
		<Barcode/>
		<Cost>25.8000</Cost>
		<Comments/>
		<SalesGroup id="335">OK - BAKERY/DESSERT</SalesGroup>
		<SalesCategory id="2">Food</SalesCategory>
		<IncomeAccount id="14" ref="Gross Sales" type="I" locked="Y">Gross Sales</IncomeAccount>
		<TaxGroup id=""/>
		<Price>3.29</Price>
		<PLU num="33210">EASTER PAINTED GINGERBREAD</PLU>
	</Prod>
</Prods>
