﻿<?xml version="1.0" encoding="UTF-8" standalone="yes"?>
<Recipes>
	<Recipe id="P-7444" image="">***COOKS AND CHEFS, PLEASE READ THE ENTIRE RECIPE BEFORE BEGINNING- THIS IS A RECOMMENDED STEP WITH EVERY PRODUCT WE EVER PRODUCE- THANK YOU***
Johnny

Preps used in this Product recipe:

Allergens: (To be filled out by nutrition)
Method:
1.
2.
3.
-cool, store, label and rotated this item with older product correctly and diligently 

Portioning:

Utensils needed:
</Recipe>
	<Recipe id="P-19175" image="">Allergen:

n/a

Icon:

vegan, vegetarian, made without gluten

Method:



</Recipe>
	<Recipe id="P-24750" image=""/>
	<Recipe id="P-26020" image="">1. Puree garlic in batches in robot coupe
2. Mix in garlic</Recipe>
	<Recipe id="P-26086" image="">***COOKS AND CHEFS, PLEASE READ THE ENTIRE RECIPE BEFORE BEGINNING- THIS IS A RECOMMENDED STEP WITH EVERY PRODUCT WE EVER PRODUCE- THANK YOU***
Related Products this prep gets used in:

Allergens: 
Method:

1. In sauce pan over medium heat, add oil.  Once warm, add garlic and ginger, saute until fragrant, about 4 minutes.  

2. Add soy sauce, water, brown sugar and white sugar.  Bring to a simmer for 5 to 10 minutes until sugar is dissolved and well incorporated. 

2.  Add slurry and simmer until sauce is thickend to desired consistency.   

-cool, store, label and rotate this item with older product correctly and diligently.

Portioning:

Utensils needed:</Recipe>
	<Recipe id="P-26090" image="">1. Add rice to hotel pan using a small lid, prop the hotel pan up on an angle in sink. Rinse rice in cold water agitating rice by hand and letting water drain off naturally. Rinse until water runs clear

2) cook rice in rationale oven by putting in appropriate amount of water and rice and rinsed as above. Put rice and water into hotel pan, cover and cook at 220*F with 100% steam. Around 50 minutes.

3) Spread cooked rice out on baking sheat to cool, once cooled down, store in approriate container, label, date, refrigerate.</Recipe>
	<Recipe id="P-26091" image="">1. Add rice to hotel pan using a small lid, prop the hotel pan up on an angle in sink. Rinse rice in cold water agitating rice by hand and letting water drain off naturally. Rinse until water runs clear

2) cook rice in rationale oven by putting in appropriate amount of water and rice and rinsed as above. Put rice and water into hotel pan, cover and cook at 220*F with 100% steam. Around 50 minutes.

3) Spread cooked rice out on baking sheat to cool, once cooled down, store in approriate container, label, date, refrigerate.</Recipe>
	<Recipe id="P-26105" image="">***COOKS AND CHEFS, PLEASE READ THE ENTIRE RECIPE BEFORE BEGINNING- THIS IS A RECOMMENDED STEP WITH EVERY PRODUCT WE EVER PRODUCE- THANK YOU***
Related Products this prep gets used in:

Allergens: 
Method:

1. Heat oil in sauce pot over medium heat. Add chopped shallot, garlic and lemongrass puree and saute until fragrant, about 2-3 minutes.  Add green curry paste and saute until frgrant, about 1 minute more.
   
2. Add coconut milk, lime leaves and sugar and bring to a simmer.  Allow to simmer for 15 minutes, then add fish sauce. Thicken with corn starch if necessary.

3. Remove from heat and strain through fine chinois.  

4. Cool. Add to appropriate vessel, label, date and refrigerate.

-cool, store, label and rotate this item with older product correctly and diligently.

Portioning:

Utensils needed:

Allergens:

</Recipe>
	<Recipe id="P-26311" image="">***COOKS AND CHEFS, PLEASE READ THE ENTIRE RECIPE BEFORE BEGINNING- THIS IS A RECOMMENDED STEP WITH EVERY PRODUCT WE EVER PRODUCE- THANK YOU***
Related Products this prep gets used in:

Allergens: 
Method:

1)  In a large stock pot, add water and vegetables.

2)  Bring to a simmer and allow to simmer for 30-40 minutes.  Carefully strain stock through fine chinoise and store in appropriate vessel.

-cool, store, label and rotate this item with older product correctly and diligently.

Portioning:

Utensils needed:


</Recipe>
	<Recipe id="P-26514" image="">***COOKS AND CHEFS, PLEASE READ THE ENTIRE RECIPE BEFORE BEGINNING- THIS IS A RECOMMENDED STEP WITH EVERY PRODUCT WE EVER PRODUCE- THANK YOU***
Johnny

Related Products this prep gets used in:

Allergens: (to be filled out by nutrition)

Method:
1. Gather All Ingredients and tools
2. Cut stem off
3. Pick leaves off

-cool, store, label and rotated this item with older product correctly and diligently 

Portioning:

Utensils needed: Cutting board, knife, insert
</Recipe>
	<Recipe id="P-28258" image="">***COOKS AND CHEFS, PLEASE READ THE ENTIRE RECIPE BEFORE BEGINNING- THIS IS A RECOMMENDED STEP WITH EVERY PRODUCT WE EVER PRODUCE- THANK YOU***
Related Products this prep gets used in:

Allergens: 
Method:

1. Fill kettle with ROOM TEMPERATURE water. Do Not tutnr the kettle on.
2. Place the noodles into the water fully submerging the noodles. Mix the noodles around until they have loosened up and move freely and un-forzen
3. Noodles should be firm but not crispy.
4. Remove from kettle and let drain.
5. Lightly oil the noddles and store them labeled and rotated correctly.
6. Noodles are to be cook &quot;a-la-minute&quot; on the station as needed 

Portioning:

Utensils needed:
</Recipe>
	<Recipe id="R-28301" image=""/>
	<Recipe id="P-28989" image="">***COOKS AND CHEFS, PLEASE READ THE ENTIRE RECIPE BEFORE BEGINNING- THIS IS A RECOMMENDED STEP WITH EVERY PRODUCT WE EVER PRODUCE- THANK YOU***

Related Products this prep gets used in: SAUCE|Mayo|Vegan

Method:

1) Drain chick peas through strainer. Retain chick peas fir recipe or use.

2) This will yeild 1L of aquafaba to keep for recipes if needed, if not discard.

-cool, store, label and rotate this item with older product correctly and diligently.</Recipe>
	<Recipe id="P-28994" image="">***COOKS AND CHEFS, PLEASE READ THE ENTIRE RECIPE BEFORE BEGINNING- THIS IS A RECOMMENDED STEP WITH EVERY PRODUCT WE EVER PRODUCE- THANK YOU***
Related Products this prep gets used in:

Allergens: 
Method:

1.Combine all ingredients in Robocoupe.  Mix in baches if doing large amount and season to taste.  

-store, label and rotate this item with older product correctly and diligently.

Portioning:

Utensils needed:</Recipe>
	<Recipe id="R-29671" image="">THIS IS A PRODUCT RECIPE, final product handed to the customer...

***COOKS AND CHEFS, PLEASE READ THE ENTIRE RECIPE BEFORE BEGINNING- THIS IS A RECOMMENDED STEP WITH EVERY PRODUCT WE EVER PRODUCE- THANK YOU***
Preps used in this Product recipe:

Allergens: (To be filled out by nutrition)
Method:
1. Set up Rational w/ 100% steam.
2. 266F
3. Cook for 42 minutes
</Recipe>
	<Recipe id="P-30552" image="">***COOKS AND CHEFS, PLEASE READ THE ENTIRE RECIPE BEFORE BEGINNING- THIS IS A RECOMMENDED STEP WITH EVERY PRODUCT WE EVER PRODUCE- THANK YOU***

1. Combine sesame oil and canola oil in large pot over medium low heat.  When oil is warm (not hot!) add garlic, black pepper, garlic powder, onion powder, korean red pepper flakes and korean chili paste.  Infuse in oil until garlic is soft and spices are aromatic, about 5 minutes.  

2. Add warm vegetable stock, soy sauce and sugar and bring to a simmer.  Allow to simmer for 15-20 minutes until flavours are well incorporated.  

*It may be necessary to thicken sauce with corn starch to bring to desired consistency.  

-cool, store, label and rotate this item with older product correctly and diligently.</Recipe>
	<Recipe id="P-31128" image="">1)  Combine all well with whisk.  Taste for seasoning.</Recipe>
	<Recipe id="P-34880" image="">1)  Blend the hell out of it.

2)  Label, date, refrigerate.</Recipe>
	<Recipe id="P-36599" image="">1)  In a pot, mix tamarind paste and water and palm sugar.  Heat until sugar has dissolved.  Add korean chili paste.

2)  In a seperate pot, heat oil and cook garlic puree for about 10 minutes until it is no longer bitter to smell.

3)  In 20 L cambro, combine fish sauce, vinegar, and tamrind paste mixture and garlic.  Blend with immersion blender, thicken with corn starch slurry.  Label, Date, Refrigerate.

</Recipe>
	<Recipe id="P-41466" image="">1. Combine all ingredients in your pot

2. Turn to a low heat, avoid boiling!!!

3. Once it comes to a low simmer, turn down so that it barely bubbles and leave on the stove for about and hour or until the garlic fully developes flavor and tastes a bit sweet.

4. Once done, turn off and take off the burner let cool down before downsizing into your 16L Cambro.</Recipe>
	<Recipe id="P-43440" image="">1) Ether by hand or using the Robocope 1/4&quot; dice attachment (if your not sure how to set up or properly use this machien please ask for assistance) dice onion to 1/4&quot; size.

2) Label, date, refrigerate.</Recipe>
	<Recipe id="P-43735" image="">***COOKS AND CHEFS, PLEASE READ THE ENTIRE RECIPE BEFORE BEGINNING- THIS IS A RECOMMENDED STEP WITH EVERY PRODUCT WE EVER PRODUCE- THANK YOU***
Related Products this prep gets used in:

Allergens: 
Method:

1)  In medium sauce pan over medium heat, add berries and maple syrup.  Simmer for 5-7 minutes, or until berries are soft and have released all their liquid.

2)  Mush up berries real good with a spoon.

3)  Add chia seeds and stir to combine.  Turn heat to low and stir frequently for 8-15 minutes until liquid has reduced and mixture is slightly thickened.

4)  Remove from heat and stir in vanilla and lemon zest.  Transfer to a bowl and allow to cool.  The mixture should thicken and have a jam like consistency when it&apos;s cold.  Taste for seasoning.

-cool, store, label and rotate this item with older product correctly and diligently.

Portioning:

Utensils needed:</Recipe>
	<Recipe id="P-44601" image="">***COOKS AND CHEFS, PLEASE READ THE ENTIRE RECIPE BEFORE BEGINNING- THIS IS A RECOMMENDED STEP WITH EVERY PRODUCT WE EVER PRODUCE- THANK YOU***
Related Products this prep gets used in:

Allergens: 
Method:

1. Toast and grind the cumin &amp; coriander.

2. Add remaining ingredients into large robot coupe with spatula attachement and puree to a smooth paste.

-store, label and rotate this item with older product correctly and diligently.

Portioning:

Utensils needed:


Prep:

- Process all ingredients into a size that will fit easily and not cause problems in the Vitamix. Also, find the PLUNGER for the Vitamix, as you will not be able to do this job without it.

- The Coconut Milk in this recipe will be used to loosen then process of Puree-ing the Green Curry Base Paste. Use Water only if necessary.

- Once processed ingredients and Coconut Milk are ready to go, Vitamix all of these ingredients into a paste. 

- Label / Date / Store Appropriately...

***This can be made in large batches, and frozen for future use if vac-packed. A Green Curry &quot;Base&quot; recipe only contains 4.62Kg of this base (HALF), to the rest of its ingredients.

Any questions? - Ask Chef...

</Recipe>
	<Recipe id="P-50495" image="">Mixed in a cold water before used. </Recipe>
	<Recipe id="P-52459" image="">***COOKS AND CHEFS, PLEASE READ THE ENTIRE RECIPE BEFORE BEGINNING- THIS IS A RECOMMENDED STEP WITH EVERY PRODUCT WE EVER PRODUCE- THANK YOU***
Related Products this prep gets used in:

Allergens: 
Method:

1. Mix all ingredients together EXCEPT green onions.

2. Add sliced green onions last.

-store, label and rotate this item with older product correctly and diligently.

Portioning:

Utensils needed:
</Recipe>
	<Recipe id="P-55419" image="">***COOKS AND CHEFS, PLEASE READ THE ENTIRE RECIPE BEFORE BEGINNING- THIS IS A RECOMMENDED STEP WITH EVERY PRODUCT WE EVER PRODUCE- THANK YOU***

Related Products this prep gets used in:

Allergens:

Method:

1. Gather all ingredients and tools.
2. Sweat garlic, shallot, lemon grass in oil.
3. Add curry paste and cook until encorperated.
4. Add coconut milk and simmer for 15 minutes.
5. Cool, store, label and rotated this item with older product correctly and diligently 

Portioning: 
</Recipe>
	<Recipe id="P-56631" image="">PREP RECIPE
***COOKS AND CHEFS, PLEASE READ THE ENTIRE RECIPE BEFORE BEGINNING- THIS IS A RECOMMENDED STEP WITH EVERY PRODUCT WE PRODUCE- THANK YOU***

Related Products this prep is used in:

Allergens: (to be filled out by nutrition)
Method:
1. Use a vitamix to make this sauce. It is essential that you use a blender strong enough to puree the cashews in the sauce so it is not grainy.  If you do not have a vitamix, pre soak the cashews in hot water for a minimum of 1 hr before making the sauce. 
2. Place all ingredients in the vitamix, puree until smooth

3. Adjust consistency with water until desired consistencty is reached.

4. Adjust seasoning - acid (tamarind), heat(sambal), sweet(sugar), salt(veg fish sauce) to desired taste.

Cool, label and store.
Rotate this item with older product.
Portioning:

Utensils needed:</Recipe>
	<Recipe id="P-56905" image="">***COOKS AND CHEFS, PLEASE READ THE ENTIRE RECIPE BEFORE BEGINNING- THIS IS A RECOMMENDED STEP WITH EVERY PRODUCT WE EVER PRODUCE- THANK YOU***
Related Products this prep gets used in:

Allergens: (to be filled out by nutrition)

Method:

1. Heat oil in sauce pot over medium heat. Add chopped shallot, garlic, turmeric and lemongrass and saute until fragrant, about 2-3 minutes.  Add yellow curry paste and saute until fragrant, about 1 minute more.
   
2. Add coconut milk, lime leaves and sugar and bring to a simmer.  Allow to simmer for 10 minutes.  Strain through fine chinois. Add fish sauce and adjust seasoning. 
3. Thicken with corn starch.

-cool, store, label and rotate this item with older product correctly and diligently.

Portioning:

Utensils needed:


</Recipe>
	<Recipe id="P-61685" image="">PREP RECIPE
***COOKS AND CHEFS, PLEASE READ THE ENTIRE RECIPE BEFORE BEGINNING- THIS IS A RECOMMENDED STEP WITH EVERY PRODUCT WE PRODUCE- THANK YOU***

Related Products this prep is used in:

Allergens: (to be filled out by nutrition)
Method:
1. Place coconut oil in a rondo over medium heat.
2. Once warm add curry paste and sweat until fragrant, stirring so paste does not burn (3-4 minutes). You want to draw out as much flavour as possible in this step.
3. Add coconut milk, lime leaves (no stems) and bring to a simmer.
4. Simmer until desired consistency is reached.
5. Remove from heat, add fish sauce &amp; palm sugar and adjust seasoning. Remove lime leaves.
6. Curry should be spicy/ sweet/ salty &amp; slighty sour.
Cool, label and store.
Rotate this item with older product.
Portioning:

Utensils needed:
</Recipe>
</Recipes>
