﻿<?xml version="1.0" encoding="UTF-8" standalone="yes"?>
<Ingredients>
	<Ingredient qty="10.000" uom="Kg" recipe="P-18746" invFactor="1.2048" conversion="2.20462000" ingredient="I-4792"/>
	<Ingredient qty="225.000" uom="g" recipe="P-18907" invFactor="0.1837" conversion="0.00100000" ingredient="I-3643"/>
	<Ingredient qty="1000.000" uom="g" recipe="P-18907" invFactor="0.8163" conversion="1.00000000" ingredient="I-6026"/>
	<Ingredient qty="2.270" uom="Kg" recipe="P-19175" invFactor="1.4188" conversion="2.20462000" ingredient="I-6807"/>
	<Ingredient qty="1.000" uom="2L" recipe="P-22247" invFactor="0.0010" conversion="2.00000000" ingredient="I-3159"/>
	<Ingredient qty="1.000" uom="lb" recipe="P-24452" invFactor="1.1111" conversion="1.00000000" ingredient="I-4381"/>
	<Ingredient qty="2.000" uom="Kg" recipe="P-25993" invFactor="0.2857" conversion="1000.00000000" ingredient="I-3642"/>
	<Ingredient qty="5.000" uom="Kg" recipe="P-25993" invFactor="0.7143" conversion="1000.00000000" ingredient="I-6026"/>
	<Ingredient qty="750.000" uom="ml" recipe="P-26020" invFactor="300.0000" conversion="0.00100000" ingredient="I-3388"/>
	<Ingredient qty="2.270" uom="Kg" recipe="P-26020" invFactor="0.9080" conversion="2.20462000" ingredient="I-4657"/>
	<Ingredient qty="150.000" uom="ml" recipe="P-26068" invFactor="16.6667" conversion="0.00100000" ingredient="I-3388"/>
	<Ingredient qty="10.000" uom="Kg" recipe="P-26068" invFactor="1.1111" conversion="2.20462000" ingredient="P-24452"/>
	<Ingredient qty="40.000" uom="g" recipe="P-26068" invFactor="4.4444" conversion="1.00000000" ingredient="P-25993"/>
	<Ingredient qty="1.000" uom="g" recipe="P-26076" invFactor="0.2000" conversion="0.00220462" ingredient="I-11215"/>
	<Ingredient qty="450.000" uom="g" recipe="P-26076" invFactor="90.0000" conversion="0.00100000" ingredient="I-14179"/>
	<Ingredient qty="285.000" uom="g" recipe="P-26076" invFactor="57.0000" conversion="0.00100000" ingredient="I-2141"/>
	<Ingredient qty="4.000" uom="L" recipe="P-26076" invFactor="0.8000" conversion="1.00000000" ingredient="I-2251"/>
	<Ingredient qty="225.000" uom="g" recipe="P-26076" invFactor="45.0000" conversion="0.00100000" ingredient="I-3291"/>
	<Ingredient qty="1.000" uom="g" recipe="P-26076" invFactor="0.2000" conversion="1.00000000" ingredient="I-3619"/>
	<Ingredient qty="225.000" uom="g" recipe="P-26076" invFactor="45.0000" conversion="0.00220462" ingredient="I-4745"/>
	<Ingredient qty="225.000" uom="g" recipe="P-26076" invFactor="45.0000" conversion="1.00000000" ingredient="I-8060"/>
	<Ingredient qty="5.000" uom="g" recipe="P-26076" invFactor="1.0000" conversion="1.00000000" ingredient="P-18907"/>
	<Ingredient qty="100.000" uom="ml" recipe="P-26216" invFactor="34.4828" conversion="0.00100000" ingredient="I-3388"/>
	<Ingredient qty="1.500" uom="Kg" recipe="P-26216" invFactor="0.5172" conversion="2.20462000" ingredient="I-3416"/>
	<Ingredient qty="20.000" uom="L" recipe="P-26216" invFactor="6.8966" conversion="1.00000000" ingredient="I-5983"/>
	<Ingredient qty="10.000" uom="g" recipe="P-26216" invFactor="3.4483" conversion="1.00000000" ingredient="I-6026"/>
	<Ingredient qty="3.000" uom="Kg" recipe="P-26226" invFactor="0.7500" conversion="1.00000000" ingredient="I-2948"/>
	<Ingredient qty="100.000" uom="ml" recipe="P-26226" invFactor="25.0000" conversion="0.00100000" ingredient="I-3388"/>
	<Ingredient qty="5.000" uom="g" recipe="P-26226" invFactor="1.2500" conversion="1.00000000" ingredient="I-3623"/>
	<Ingredient qty="65.000" uom="g" recipe="P-26226" invFactor="16.2500" conversion="0.00220462" ingredient="I-4657"/>
	<Ingredient qty="45.000" uom="g" recipe="P-26226" invFactor="11.2500" conversion="1.00000000" ingredient="P-18907"/>
	<Ingredient qty="454.000" uom="g" recipe="P-26622" invFactor="34.9231" conversion="0.00220462" ingredient="I-2074"/>
	<Ingredient qty="12.000" uom="L" recipe="P-26622" invFactor="0.9231" conversion="1.00000000" ingredient="I-2220"/>
	<Ingredient qty="450.000" uom="g" recipe="P-26622" invFactor="34.6154" conversion="0.00100000" ingredient="I-3290"/>
	<Ingredient qty="100.000" uom="g" recipe="P-26622" invFactor="7.6923" conversion="1.00000000" ingredient="I-6026"/>
	<Ingredient qty="200.000" uom="g" recipe="P-26622" invFactor="15.3846" conversion="0.00100000" ingredient="P-26020"/>
	<Ingredient qty="500.000" uom="g" recipe="P-26622" invFactor="38.4615" conversion="0.00100000" ingredient="P-39167"/>
	<Ingredient qty="946.000" uom="ml" recipe="P-32661" invFactor="30.4180" conversion="1.00000000" ingredient="I-3141"/>
	<Ingredient qty="31.000" uom="L" recipe="P-32661" invFactor="0.9968" conversion="1.00000000" ingredient="I-5983"/>
	<Ingredient qty="946.000" uom="ml" recipe="P-32673" invFactor="29.5625" conversion="1.00000000" ingredient="I-3130"/>
	<Ingredient qty="31.100" uom="L" recipe="P-32673" invFactor="0.9719" conversion="1.00000000" ingredient="I-5983"/>
	<Ingredient qty="5.000" uom="Kg" recipe="P-34121" invFactor="1.2500" conversion="1.00000000" ingredient="I-19665"/>
	<Ingredient qty="15.000" uom="g" recipe="P-34121" invFactor="3.7500" conversion="1.00000000" ingredient="P-18907"/>
	<Ingredient qty="11.550" uom="Kg" recipe="P-34123" invFactor="1.0490" conversion="2.20462000" ingredient="I-4745"/>
	<Ingredient qty="11.550" uom="Kg" recipe="P-34243" invFactor="1.0490" conversion="2.20462000" ingredient="I-4745"/>
	<Ingredient qty="11.550" uom="Kg" recipe="P-35258" invFactor="1.0490" conversion="1.00000000" ingredient="P-19175"/>
	<Ingredient qty="6.000" uom="CT" recipe="P-37780" invFactor="1.3333" conversion="1.00000000" ingredient="I-4593"/>
	<Ingredient qty="50.000" uom="g" recipe="P-37780" invFactor="11.1111" conversion="1.00000000" ingredient="P-18907"/>
	<Ingredient qty="88.720" uom="ml" recipe="P-37780" invFactor="19.7156" conversion="0.00100000" ingredient="P-7139"/>
	<Ingredient qty="11.550" uom="Kg" recipe="P-38556" invFactor="1.0132" conversion="2.20462000" ingredient="P-24452"/>
	<Ingredient qty="2.000" uom="L" recipe="P-38637" invFactor="1.6667" conversion="1.00000000" ingredient="I-3159"/>
	<Ingredient qty="11.550" uom="Kg" recipe="P-39167" invFactor="1.0490" conversion="2.20462000" ingredient="P-24452"/>
	<Ingredient qty="11.400" uom="Kg" recipe="P-41094" invFactor="1.0206" conversion="2.20462000" ingredient="I-4589"/>
	<Ingredient qty="23.000" uom="Kg" recipe="P-41095" invFactor="1.6902" conversion="1.25000000" ingredient="I-4598"/>
	<Ingredient qty="1.000" uom="Kg" recipe="P-46507" invFactor="1.1111" conversion="2.20462000" ingredient="I-17159"/>
	<Ingredient qty="100.000" uom="ml" recipe="P-46507" invFactor="111.1111" conversion="0.00100000" ingredient="I-3388"/>
	<Ingredient qty="5.000" uom="g" recipe="P-46507" invFactor="5.5556" conversion="1.00000000" ingredient="P-18907"/>
	<Ingredient qty="90.000" uom="g" recipe="P-47377" invFactor="1.0000" conversion="1.00000000" ingredient="P-50429"/>
	<Ingredient qty="1.500" uom="L" recipe="P-48489" invFactor="1.5000" conversion="1.00000000" ingredient="I-3387"/>
	<Ingredient qty="1.150" uom="Kg" recipe="P-48489" invFactor="1.1500" conversion="2.20462000" ingredient="I-4657"/>
	<Ingredient qty="3.000" uom="g" recipe="P-49176" invFactor="0.0038" conversion="0.00100000" ingredient="I-12176"/>
	<Ingredient qty="1.000" uom="Kg" recipe="P-49176" invFactor="0.0013" conversion="2.20462000" ingredient="I-16979"/>
	<Ingredient qty="30.000" uom="ml" recipe="P-49176" invFactor="0.0375" conversion="1.00000000" ingredient="I-26014"/>
	<Ingredient qty="700.000" uom="g" recipe="P-50429" invFactor="1.5556" conversion="0.00220462" ingredient="I-4695"/>
	<Ingredient qty="5.000" uom="L" recipe="P-50433" invFactor="0.1250" conversion="1.00000000" ingredient="I-2251"/>
	<Ingredient qty="300.000" uom="ml" recipe="P-50433" invFactor="7.5000" conversion="0.00100000" ingredient="I-3388"/>
	<Ingredient qty="10.000" uom="Kg" recipe="P-50433" invFactor="0.2500" conversion="1.00000000" ingredient="I-3846"/>
	<Ingredient qty="2.000" uom="L" recipe="P-50433" invFactor="0.0500" conversion="1.00000000" ingredient="I-7060"/>
	<Ingredient qty="50.000" uom="g" recipe="P-50433" invFactor="1.2500" conversion="1.00000000" ingredient="P-18907"/>
	<Ingredient qty="12.000" uom="L" recipe="P-50433" invFactor="0.3000" conversion="1.00000000" ingredient="P-26226"/>
	<Ingredient qty="2.500" uom="L" recipe="P-50433" invFactor="0.0625" conversion="1.00000000" ingredient="P-32673"/>
	<Ingredient qty="4.000" uom="Kg" recipe="P-50433" invFactor="0.1000" conversion="1.00000000" ingredient="P-38556"/>
	<Ingredient qty="2.000" uom="Kg" recipe="P-50433" invFactor="0.0500" conversion="1.00000000" ingredient="P-41094"/>
	<Ingredient qty="2.000" uom="Kg" recipe="P-50433" invFactor="0.0500" conversion="1.00000000" ingredient="P-41095"/>
	<Ingredient qty="1.250" uom="Kg" recipe="P-50433" invFactor="0.0313" conversion="1.00000000" ingredient="P-50435"/>
	<Ingredient qty="1.000" uom="Kg" recipe="P-50435" invFactor="1.0000" conversion="1.00000000" ingredient="I-2305"/>
	<Ingredient qty="4.000" uom="L" recipe="P-50464" invFactor="0.9412" conversion="1.00000000" ingredient="I-2251"/>
	<Ingredient qty="400.000" uom="g" recipe="P-50464" invFactor="94.1176" conversion="0.00100000" ingredient="I-3290"/>
	<Ingredient qty="3.000" uom="g" recipe="P-50464" invFactor="0.7059" conversion="1.00000000" ingredient="I-3638"/>
	<Ingredient qty="10.000" uom="g" recipe="P-50464" invFactor="2.3529" conversion="1.00000000" ingredient="I-6026"/>
	<Ingredient qty="400.000" uom="g" recipe="P-50464" invFactor="94.1176" conversion="1.00000000" ingredient="I-8060"/>
	<Ingredient qty="1.000" uom="L" recipe="P-50469" invFactor="0.1429" conversion="1.00000000" ingredient="I-19737"/>
	<Ingredient qty="120.000" uom="ml" recipe="P-50469" invFactor="17.1429" conversion="0.00100000" ingredient="I-3435"/>
	<Ingredient qty="3.000" uom="g" recipe="P-50469" invFactor="0.4286" conversion="1.00000000" ingredient="I-3617"/>
	<Ingredient qty="5.000" uom="g" recipe="P-50469" invFactor="0.7143" conversion="1.00000000" ingredient="I-3625"/>
	<Ingredient qty="20.000" uom="ml" recipe="P-50469" invFactor="2.8571" conversion="0.00084535" ingredient="I-3660"/>
	<Ingredient qty="2.500" uom="Kg" recipe="P-50469" invFactor="0.3571" conversion="1.00000000" ingredient="I-3846"/>
	<Ingredient qty="0.500" uom="L" recipe="P-50469" invFactor="0.0714" conversion="1.00000000" ingredient="I-7061"/>
	<Ingredient qty="15.000" uom="g" recipe="P-50469" invFactor="2.1429" conversion="1.00000000" ingredient="P-18907"/>
	<Ingredient qty="80.000" uom="g" recipe="P-50469" invFactor="11.4286" conversion="0.00100000" ingredient="P-26020"/>
	<Ingredient qty="2.270" uom="Kg" recipe="P-50469" invFactor="0.3243" conversion="1.00000000" ingredient="P-38556"/>
	<Ingredient qty="100.000" uom="g" recipe="P-50469" invFactor="14.2857" conversion="1.00000000" ingredient="P-50429"/>
	<Ingredient qty="7.000" uom="Kg" recipe="P-50474" invFactor="0.9333" conversion="8.33333000" ingredient="I-4640"/>
	<Ingredient qty="2.000" uom="Kg" recipe="P-50474" invFactor="0.2667" conversion="2.20462000" ingredient="I-4815"/>
	<Ingredient qty="40.000" uom="ml" recipe="P-50474" invFactor="5.3333" conversion="0.00100000" ingredient="I-6006"/>
	<Ingredient qty="15.000" uom="g" recipe="P-50474" invFactor="2.0000" conversion="1.00000000" ingredient="I-6026"/>
	<Ingredient qty="1.000" uom="Kg" recipe="P-50966" invFactor="1.0000" conversion="2.20462000" ingredient="I-17159"/>
	<Ingredient qty="1.000" uom="Kg" recipe="P-51537" invFactor="1.5385" conversion="2.20462000" ingredient="I-4848"/>
	<Ingredient qty="15.000" uom="Kg" recipe="P-53126" invFactor="0.2143" conversion="1.00000000" ingredient="I-47399"/>
	<Ingredient qty="60.000" uom="g" recipe="P-53126" invFactor="0.8571" conversion="1.00000000" ingredient="P-18907"/>
	<Ingredient qty="60.000" uom="L" recipe="P-53126" invFactor="0.8571" conversion="1.00000000" ingredient="P-26622"/>
	<Ingredient qty="240.000" uom="g" recipe="P-54644" invFactor="15.0000" conversion="0.00100000" ingredient="I-2141"/>
	<Ingredient qty="2.000" uom="L" recipe="P-54644" invFactor="0.1250" conversion="1.00000000" ingredient="P-50464"/>
	<Ingredient qty="2.240" uom="Kg" recipe="P-54644" invFactor="0.1400" conversion="1.00000000" ingredient="P-50469"/>
	<Ingredient qty="2.400" uom="Kg" recipe="P-54644" invFactor="0.1500" conversion="1.00000000" ingredient="P-50474"/>
	<Ingredient qty="720.000" uom="g" recipe="P-54664" invFactor="97.8261" conversion="0.00100000" ingredient="I-14179"/>
	<Ingredient qty="1.040" uom="Kg" recipe="P-54664" invFactor="0.1413" conversion="1.00000000" ingredient="I-17667"/>
	<Ingredient qty="160.000" uom="g" recipe="P-54664" invFactor="21.7391" conversion="0.00100000" ingredient="I-2141"/>
	<Ingredient qty="2.400" uom="Kg" recipe="P-54664" invFactor="0.3261" conversion="1.00000000" ingredient="P-26216"/>
	<Ingredient qty="1.600" uom="L" recipe="P-54664" invFactor="0.2174" conversion="1.00000000" ingredient="P-26226"/>
	<Ingredient qty="480.000" uom="g" recipe="P-54664" invFactor="65.2174" conversion="0.00100000" ingredient="P-34123"/>
	<Ingredient qty="480.000" uom="g" recipe="P-54664" invFactor="65.2174" conversion="0.00220462" ingredient="P-58359"/>
	<Ingredient qty="480.000" uom="g" recipe="P-54664" invFactor="65.2174" conversion="0.00100000" ingredient="P-9767"/>
	<Ingredient qty="720.000" uom="g" recipe="P-54666" invFactor="116.5803" conversion="0.00100000" ingredient="I-14179"/>
	<Ingredient qty="160.000" uom="g" recipe="P-54666" invFactor="25.9067" conversion="0.00100000" ingredient="I-2141"/>
	<Ingredient qty="800.000" uom="g" recipe="P-54666" invFactor="129.5337" conversion="0.00100000" ingredient="I-41921"/>
	<Ingredient qty="2.400" uom="Kg" recipe="P-54666" invFactor="0.3886" conversion="1.00000000" ingredient="P-26216"/>
	<Ingredient qty="500.000" uom="g" recipe="P-54666" invFactor="80.9585" conversion="0.00100000" ingredient="P-34121"/>
	<Ingredient qty="1.600" uom="L" recipe="P-54666" invFactor="0.2591" conversion="1.00000000" ingredient="P-8196"/>
	<Ingredient qty="960.000" uom="g" recipe="P-54667" invFactor="60.0000" conversion="0.00100000" ingredient="I-14179"/>
	<Ingredient qty="240.000" uom="g" recipe="P-54667" invFactor="15.0000" conversion="0.00100000" ingredient="I-2141"/>
	<Ingredient qty="4.000" uom="Kg" recipe="P-54667" invFactor="0.2500" conversion="1.00000000" ingredient="P-26216"/>
	<Ingredient qty="2.000" uom="L" recipe="P-54667" invFactor="0.1250" conversion="1.00000000" ingredient="P-50433"/>
	<Ingredient qty="120.000" uom="g" recipe="P-54697" invFactor="20.0000" conversion="0.00220462" ingredient="I-6876"/>
	<Ingredient qty="1.000" uom="oz" recipe="P-55438" invFactor="0.1100" conversion="0.02954585" ingredient="I-3388"/>
	<Ingredient qty="4.540" uom="Kg" recipe="P-55438" invFactor="0.4994" conversion="1.00000000" ingredient="I-37842"/>
	<Ingredient qty="20.000" uom="L" recipe="P-55438" invFactor="2.2002" conversion="1.00000000" ingredient="I-5983"/>
	<Ingredient qty="1.000" uom="g" recipe="P-55438" invFactor="0.1100" conversion="1.00000000" ingredient="I-6026"/>
	<Ingredient qty="720.000" uom="g" recipe="P-56335" invFactor="45.0000" conversion="0.00100000" ingredient="I-14179"/>
	<Ingredient qty="80.000" uom="g" recipe="P-56335" invFactor="5.0000" conversion="0.00100000" ingredient="I-2141"/>
	<Ingredient qty="2.400" uom="Kg" recipe="P-56335" invFactor="0.1500" conversion="1.00000000" ingredient="I-37842"/>
	<Ingredient qty="1.000" uom="Kg" recipe="P-56335" invFactor="0.0625" conversion="1.00000000" ingredient="I-4008"/>
	<Ingredient qty="480.000" uom="g" recipe="P-56335" invFactor="30.0000" conversion="0.00220462" ingredient="I-4833"/>
	<Ingredient qty="1.600" uom="L" recipe="P-56335" invFactor="0.1000" conversion="1.00000000" ingredient="P-26226"/>
	<Ingredient qty="480.000" uom="g" recipe="P-56335" invFactor="30.0000" conversion="0.00100000" ingredient="P-34243"/>
	<Ingredient qty="480.000" uom="g" recipe="P-56335" invFactor="30.0000" conversion="0.00220462" ingredient="P-58359"/>
	<Ingredient qty="720.000" uom="g" recipe="P-56500" invFactor="150.0000" conversion="0.00100000" ingredient="I-14179"/>
	<Ingredient qty="80.000" uom="g" recipe="P-56500" invFactor="16.6667" conversion="0.00100000" ingredient="I-2141"/>
	<Ingredient qty="1.600" uom="L" recipe="P-56500" invFactor="0.3333" conversion="1.00000000" ingredient="P-53126"/>
	<Ingredient qty="2.400" uom="Kg" recipe="P-56500" invFactor="0.5000" conversion="1.00000000" ingredient="P-55438"/>
	<Ingredient qty="720.000" uom="g" recipe="P-56502" invFactor="125.0000" conversion="0.00100000" ingredient="I-14179"/>
	<Ingredient qty="500.000" uom="g" recipe="P-56502" invFactor="86.8056" conversion="0.00220462" ingredient="I-17593"/>
	<Ingredient qty="160.000" uom="g" recipe="P-56502" invFactor="27.7778" conversion="0.00100000" ingredient="I-2141"/>
	<Ingredient qty="2.400" uom="Kg" recipe="P-56502" invFactor="0.4167" conversion="1.00000000" ingredient="P-26216"/>
	<Ingredient qty="400.000" uom="g" recipe="P-56502" invFactor="69.4444" conversion="0.00100000" ingredient="P-50966"/>
	<Ingredient qty="1.600" uom="L" recipe="P-56502" invFactor="0.2778" conversion="1.00000000" ingredient="P-56503"/>
	<Ingredient qty="1.300" uom="Kg" recipe="P-56503" invFactor="0.0650" conversion="1.00000000" ingredient="I-2141"/>
	<Ingredient qty="13.000" uom="L" recipe="P-56503" invFactor="0.6500" conversion="1.00000000" ingredient="I-2217"/>
	<Ingredient qty="4.000" uom="lb" recipe="P-56503" invFactor="0.2000" conversion="453.59200000" ingredient="I-2697"/>
	<Ingredient qty="100.000" uom="g" recipe="P-56503" invFactor="5.0000" conversion="0.00100000" ingredient="I-6820"/>
	<Ingredient qty="30.000" uom="g" recipe="P-56503" invFactor="1.5000" conversion="1.00000000" ingredient="P-18907"/>
	<Ingredient qty="6.000" uom="L" recipe="P-56503" invFactor="0.3000" conversion="1.00000000" ingredient="P-32661"/>
	<Ingredient qty="200.000" uom="g" recipe="P-56503" invFactor="10.0000" conversion="0.00100000" ingredient="P-48489"/>
	<Ingredient qty="1.000" uom="Kg" recipe="P-57150" invFactor="1.1111" conversion="2.20462000" ingredient="I-4637"/>
	<Ingredient qty="454.000" uom="g" recipe="P-57294" invFactor="1.1762" conversion="0.00220462" ingredient="I-17593"/>
	<Ingredient qty="10.000" uom="lb" recipe="P-58359" invFactor="1.0000" conversion="1.00000000" ingredient="I-4731"/>
	<Ingredient qty="0.500" uom="Kg" recipe="P-61621" invFactor="0.0833" conversion="1.00000000" ingredient="I-14179"/>
	<Ingredient qty="0.100" uom="Kg" recipe="P-61621" invFactor="0.0167" conversion="1.00000000" ingredient="I-2141"/>
	<Ingredient qty="0.500" uom="Kg" recipe="P-61621" invFactor="0.0833" conversion="1.00000000" ingredient="I-2146"/>
	<Ingredient qty="2.000" uom="CT" recipe="P-61621" invFactor="0.3333" conversion="1.00000000" ingredient="I-2159"/>
	<Ingredient qty="0.600" uom="Kg" recipe="P-61621" invFactor="0.1000" conversion="2.20462000" ingredient="I-3408"/>
	<Ingredient qty="1.000" uom="L" recipe="P-61621" invFactor="0.1667" conversion="1.00000000" ingredient="P-26076"/>
	<Ingredient qty="2.250" uom="L" recipe="P-61621" invFactor="0.3750" conversion="1.00000000" ingredient="P-6989"/>
	<Ingredient qty="300.000" uom="g" recipe="P-61658" invFactor="75.0000" conversion="0.00100000" ingredient="I-14179"/>
	<Ingredient qty="100.000" uom="g" recipe="P-61658" invFactor="25.0000" conversion="0.00100000" ingredient="I-2141"/>
	<Ingredient qty="60.000" uom="ml" recipe="P-61658" invFactor="15.0000" conversion="1.00000000" ingredient="I-3368"/>
	<Ingredient qty="1.000" uom="Kg" recipe="P-61658" invFactor="0.2500" conversion="1.00000000" ingredient="P-26216"/>
	<Ingredient qty="1.500" uom="Kg" recipe="P-61658" invFactor="0.3750" conversion="1.00000000" ingredient="P-37780"/>
	<Ingredient qty="250.000" uom="g" recipe="P-61658" invFactor="62.5000" conversion="0.00100000" ingredient="P-46507"/>
	<Ingredient qty="1.000" uom="L" recipe="P-61658" invFactor="0.2500" conversion="1.00000000" ingredient="P-50464"/>
	<Ingredient qty="1.000" uom="Kg" recipe="P-65898" invFactor="1.0000" conversion="1000.00000000" ingredient="P-22247"/>
	<Ingredient qty="30.000" uom="g" recipe="P-6989" invFactor="0.4688" conversion="0.00100000" ingredient="I-2911"/>
	<Ingredient qty="150.000" uom="ml" recipe="P-6989" invFactor="2.3438" conversion="0.00100000" ingredient="I-3388"/>
	<Ingredient qty="30.000" uom="Kg" recipe="P-6989" invFactor="0.4688" conversion="1.00000000" ingredient="I-3846"/>
	<Ingredient qty="40.000" uom="L" recipe="P-6989" invFactor="0.6250" conversion="1.00000000" ingredient="P-26226"/>
	<Ingredient qty="2.000" uom="Kg" recipe="P-6989" invFactor="0.0313" conversion="1.00000000" ingredient="P-38556"/>
	<Ingredient qty="100.000" uom="ml" recipe="P-6989" invFactor="1.5625" conversion="0.00100000" ingredient="P-7444"/>
	<Ingredient qty="500.000" uom="ml" recipe="P-7139" invFactor="400.0000" conversion="0.03381406" ingredient="I-1813"/>
	<Ingredient qty="6.000" uom="g" recipe="P-7139" invFactor="4.8000" conversion="1.00000000" ingredient="I-3623"/>
	<Ingredient qty="1.000" uom="L" recipe="P-7139" invFactor="0.8000" conversion="1.00000000" ingredient="I-6006"/>
	<Ingredient qty="1.000" uom="L" recipe="P-7444" invFactor="0.2500" conversion="1.00000000" ingredient="I-3387"/>
	<Ingredient qty="5.000" uom="lb" recipe="P-7444" invFactor="1.2500" conversion="1.00000000" ingredient="I-4657"/>
	<Ingredient qty="2.000" uom="Kg" recipe="P-8196" invFactor="0.1053" conversion="1.00000000" ingredient="I-2141"/>
	<Ingredient qty="15.000" uom="L" recipe="P-8196" invFactor="0.7895" conversion="1.00000000" ingredient="I-2220"/>
	<Ingredient qty="5.000" uom="g" recipe="P-8196" invFactor="0.2632" conversion="1.00000000" ingredient="I-3638"/>
	<Ingredient qty="5.000" uom="g" recipe="P-8196" invFactor="0.2632" conversion="1.00000000" ingredient="I-3642"/>
	<Ingredient qty="15.000" uom="g" recipe="P-8196" invFactor="0.7895" conversion="1.00000000" ingredient="I-3646"/>
	<Ingredient qty="150.000" uom="g" recipe="P-8196" invFactor="7.8947" conversion="1.00000000" ingredient="I-6026"/>
	<Ingredient qty="750.000" uom="g" recipe="P-8196" invFactor="39.4737" conversion="0.00100000" ingredient="I-6820"/>
	<Ingredient qty="500.000" uom="g" recipe="P-8196" invFactor="26.3158" conversion="0.00100000" ingredient="P-26020"/>
	<Ingredient qty="2.000" uom="Kg" recipe="P-8196" invFactor="0.1053" conversion="1.00000000" ingredient="P-39167"/>
	<Ingredient qty="1.000" uom="Kg" recipe="P-9767" invFactor="1.0000" conversion="1.00000000" ingredient="P-18746"/>
	<Ingredient qty="1.000" uom="PTN" recipe="R-50540" invFactor="1.0000" conversion="1.00000000" ingredient="P-54644"/>
	<Ingredient qty="1.000" uom="PTN" recipe="R-50541" invFactor="1.0000" conversion="1.00000000" ingredient="P-54667"/>
	<Ingredient qty="1.000" uom="L" recipe="R-50819" invFactor="1.0000" conversion="1.00000000" ingredient="I-5983"/>
	<Ingredient qty="1.000" uom="CT" recipe="R-50896" invFactor="1.0000" conversion="1.00000000" ingredient="I-1120"/>
	<Ingredient qty="40.000" uom="g" recipe="R-50896" invFactor="1.0000" conversion="0.00220462" ingredient="I-17584"/>
	<Ingredient qty="20.000" uom="g" recipe="R-50896" invFactor="1.0000" conversion="0.00100000" ingredient="I-2119"/>
	<Ingredient qty="15.000" uom="g" recipe="R-50896" invFactor="1.0000" conversion="0.00100000" ingredient="P-35258"/>
	<Ingredient qty="10.000" uom="g" recipe="R-50896" invFactor="1.0000" conversion="0.00100000" ingredient="P-38637"/>
	<Ingredient qty="5.000" uom="g" recipe="R-50896" invFactor="1.0000" conversion="0.00100000" ingredient="P-57150"/>
	<Ingredient qty="5.000" uom="g" recipe="R-51303" invFactor="1.0000" conversion="0.00100000" ingredient="I-2141"/>
	<Ingredient qty="90.000" uom="ml" recipe="R-51303" invFactor="1.0000" conversion="0.00100000" ingredient="P-26226"/>
	<Ingredient qty="2.000" uom="g" recipe="R-51303" invFactor="1.0000" conversion="1.00000000" ingredient="P-47377"/>
	<Ingredient qty="360.000" uom="g" recipe="R-51303" invFactor="1.0000" conversion="0.00100000" ingredient="P-54664"/>
	<Ingredient qty="1.000" uom="each" recipe="R-56336" invFactor="1.0000" conversion="1.00000000" ingredient="P-56335"/>
	<Ingredient qty="360.000" uom="g" recipe="R-56504" invFactor="1.0000" conversion="0.00100000" ingredient="P-56502"/>
	<Ingredient qty="380.000" uom="g" recipe="R-56505" invFactor="1.0000" conversion="0.00100000" ingredient="P-54666"/>
	<Ingredient qty="400.000" uom="g" recipe="R-61435" invFactor="1.0000" conversion="0.00100000" ingredient="P-56500"/>
	<Ingredient qty="300.000" uom="g" recipe="R-61659" invFactor="1.0000" conversion="0.00100000" ingredient="P-61658"/>
	<Ingredient qty="1.000" uom="CT" recipe="R-61742" invFactor="1.0000" conversion="1.00000000" ingredient="I-1120"/>
	<Ingredient qty="20.000" uom="g" recipe="R-61742" invFactor="1.0000" conversion="0.00100000" ingredient="I-2141"/>
	<Ingredient qty="15.000" uom="g" recipe="R-61742" invFactor="1.0000" conversion="1.00000000" ingredient="I-2697"/>
	<Ingredient qty="2.000" uom="g" recipe="R-61742" invFactor="1.0000" conversion="0.00100000" ingredient="I-3624"/>
	<Ingredient qty="10.000" uom="g" recipe="R-61742" invFactor="1.0000" conversion="0.00220462" ingredient="I-4463"/>
	<Ingredient qty="20.000" uom="g" recipe="R-61742" invFactor="1.0000" conversion="0.00100000" ingredient="P-50966"/>
	<Ingredient qty="1.000" uom="each" recipe="R-61742" invFactor="1.0000" conversion="1.00000000" ingredient="P-54697"/>
	<Ingredient qty="50.000" uom="g" recipe="R-61742" invFactor="1.0000" conversion="1.00000000" ingredient="P-57294"/>
	<Ingredient qty="1.000" uom="CT" recipe="R-61743" invFactor="1.0000" conversion="1.00000000" ingredient="I-1120"/>
	<Ingredient qty="30.000" uom="g" recipe="R-61743" invFactor="1.0000" conversion="0.00100000" ingredient="I-14179"/>
	<Ingredient qty="30.000" uom="g" recipe="R-61743" invFactor="1.0000" conversion="0.00100000" ingredient="P-26068"/>
	<Ingredient qty="45.000" uom="ml" recipe="R-61743" invFactor="1.0000" conversion="0.00100000" ingredient="P-26076"/>
	<Ingredient qty="40.000" uom="g" recipe="R-61743" invFactor="1.0000" conversion="1.00000000" ingredient="P-49176"/>
	<Ingredient qty="3.000" uom="g" recipe="R-61743" invFactor="1.0000" conversion="0.00100000" ingredient="P-51537"/>
	<Ingredient qty="300.000" uom="g" recipe="R-61763" invFactor="1.0000" conversion="0.00100000" ingredient="P-61621"/>
	<Ingredient qty="1.000" uom="CT" recipe="R-67807" invFactor="1.0000" conversion="1.00000000" ingredient="I-1120"/>
	<Ingredient qty="20.000" uom="g" recipe="R-67807" invFactor="1.0000" conversion="0.00100000" ingredient="I-2119"/>
	<Ingredient qty="40.000" uom="g" recipe="R-67807" invFactor="1.0000" conversion="1.00000000" ingredient="I-65770"/>
	<Ingredient qty="15.000" uom="g" recipe="R-67807" invFactor="1.0000" conversion="0.00100000" ingredient="P-35258"/>
	<Ingredient qty="5.000" uom="g" recipe="R-67807" invFactor="1.0000" conversion="0.00100000" ingredient="P-57150"/>
	<Ingredient qty="10.000" uom="g" recipe="R-67807" invFactor="1.0000" conversion="0.00100000" ingredient="P-65898"/>
</Ingredients>
