﻿<?xml version="1.0" encoding="UTF-8" standalone="yes"?>
<ItemAllergens>
	<Item con_num="I-1120">
		<ItemAllergen allergenId="2">GLUTEN</ItemAllergen>
	</Item>
	<Item con_num="I-1120">
		<ItemAllergen allergenId="6">WHEAT</ItemAllergen>
	</Item>
	<Item con_num="I-2074">
		<ItemAllergen allergenId="1">MILK</ItemAllergen>
	</Item>
	<Item con_num="I-2119">
		<ItemAllergen allergenId="1">MILK</ItemAllergen>
	</Item>
	<Item con_num="I-2141">
		<ItemAllergen allergenId="1">MILK</ItemAllergen>
	</Item>
	<Item con_num="I-2146">
		<ItemAllergen allergenId="1">MILK</ItemAllergen>
	</Item>
	<Item con_num="I-2159">
		<ItemAllergen allergenId="5">EGGS</ItemAllergen>
	</Item>
	<Item con_num="I-2217">
		<ItemAllergen allergenId="1">MILK</ItemAllergen>
	</Item>
	<Item con_num="I-2220">
		<ItemAllergen allergenId="1">MILK</ItemAllergen>
	</Item>
	<Item con_num="I-2251">
		<ItemAllergen allergenId="1">MILK</ItemAllergen>
	</Item>
	<Item con_num="I-2697">
		<ItemAllergen allergenId="1">MILK</ItemAllergen>
	</Item>
	<Item con_num="I-3159">
		<ItemAllergen allergenId="11">SULPHITES</ItemAllergen>
	</Item>
	<Item con_num="I-3290">
		<ItemAllergen allergenId="2">GLUTEN</ItemAllergen>
	</Item>
	<Item con_num="I-3290">
		<ItemAllergen allergenId="6">WHEAT</ItemAllergen>
	</Item>
	<Item con_num="I-3291">
		<ItemAllergen allergenId="2">GLUTEN</ItemAllergen>
	</Item>
	<Item con_num="I-3291">
		<ItemAllergen allergenId="6">WHEAT</ItemAllergen>
	</Item>
	<Item con_num="I-3368">
		<ItemAllergen allergenId="11">SULPHITES</ItemAllergen>
	</Item>
	<Item con_num="I-3368">
		<ItemAllergen allergenId="13">MUSTARD</ItemAllergen>
	</Item>
	<Item con_num="I-3408">
		<ItemAllergen allergenId="2">GLUTEN</ItemAllergen>
	</Item>
	<Item con_num="I-3408">
		<ItemAllergen allergenId="6">WHEAT</ItemAllergen>
	</Item>
	<Item con_num="I-3416">
		<ItemAllergen allergenId="2">GLUTEN</ItemAllergen>
	</Item>
	<Item con_num="I-3416">
		<ItemAllergen allergenId="6">WHEAT</ItemAllergen>
	</Item>
	<Item con_num="I-4593">
		<ItemAllergen allergenId="42">NO KNOWN PRIORITY ALLERGENS</ItemAllergen>
	</Item>
	<Item con_num="I-7060">
		<ItemAllergen allergenId="11">SULPHITES</ItemAllergen>
	</Item>
	<Item con_num="I-8060">
		<ItemAllergen allergenId="1">MILK</ItemAllergen>
	</Item>
	<Item con_num="P-8196">
		<ItemAllergen allergenId="1">MILK</ItemAllergen>
	</Item>
	<Item con_num="I-14179">
		<ItemAllergen allergenId="1">MILK</ItemAllergen>
	</Item>
	<Item con_num="I-17593">
		<ItemAllergen allergenId="26">CRUSTACEAN (SHRIMP)</ItemAllergen>
	</Item>
	<Item con_num="P-26622">
		<ItemAllergen allergenId="6">WHEAT</ItemAllergen>
	</Item>
	<Item con_num="I-37842">
		<ItemAllergen allergenId="2">GLUTEN</ItemAllergen>
	</Item>
	<Item con_num="I-37842">
		<ItemAllergen allergenId="6">WHEAT</ItemAllergen>
	</Item>
	<Item con_num="R-50540">
		<ItemAllergen allergenId="1">MILK</ItemAllergen>
	</Item>
	<Item con_num="R-50540">
		<ItemAllergen allergenId="2">GLUTEN</ItemAllergen>
	</Item>
	<Item con_num="R-50540">
		<ItemAllergen allergenId="6">WHEAT</ItemAllergen>
	</Item>
	<Item con_num="R-50541">
		<ItemAllergen allergenId="1">MILK</ItemAllergen>
	</Item>
	<Item con_num="R-50541">
		<ItemAllergen allergenId="2">GLUTEN</ItemAllergen>
	</Item>
	<Item con_num="R-50541">
		<ItemAllergen allergenId="6">WHEAT</ItemAllergen>
	</Item>
	<Item con_num="R-50541">
		<ItemAllergen allergenId="11">SULPHITES</ItemAllergen>
	</Item>
	<Item con_num="R-50819">
		<ItemAllergen allergenId="1">MILK</ItemAllergen>
	</Item>
	<Item con_num="R-50819">
		<ItemAllergen allergenId="2">GLUTEN</ItemAllergen>
	</Item>
	<Item con_num="R-50819">
		<ItemAllergen allergenId="6">WHEAT</ItemAllergen>
	</Item>
	<Item con_num="R-50896">
		<ItemAllergen allergenId="1">MILK</ItemAllergen>
	</Item>
	<Item con_num="R-50896">
		<ItemAllergen allergenId="2">GLUTEN</ItemAllergen>
	</Item>
	<Item con_num="R-50896">
		<ItemAllergen allergenId="6">WHEAT</ItemAllergen>
	</Item>
	<Item con_num="R-50896">
		<ItemAllergen allergenId="11">SULPHITES</ItemAllergen>
	</Item>
	<Item con_num="R-50896">
		<ItemAllergen allergenId="21">FISH (SALMON)</ItemAllergen>
	</Item>
	<Item con_num="R-51303">
		<ItemAllergen allergenId="1">MILK</ItemAllergen>
	</Item>
	<Item con_num="R-51303">
		<ItemAllergen allergenId="2">GLUTEN</ItemAllergen>
	</Item>
	<Item con_num="R-51303">
		<ItemAllergen allergenId="6">WHEAT</ItemAllergen>
	</Item>
	<Item con_num="R-56504">
		<ItemAllergen allergenId="1">MILK</ItemAllergen>
	</Item>
	<Item con_num="R-56504">
		<ItemAllergen allergenId="2">GLUTEN</ItemAllergen>
	</Item>
	<Item con_num="R-56504">
		<ItemAllergen allergenId="6">WHEAT</ItemAllergen>
	</Item>
	<Item con_num="R-56505">
		<ItemAllergen allergenId="1">MILK</ItemAllergen>
	</Item>
	<Item con_num="R-56505">
		<ItemAllergen allergenId="2">GLUTEN</ItemAllergen>
	</Item>
	<Item con_num="R-56505">
		<ItemAllergen allergenId="6">WHEAT</ItemAllergen>
	</Item>
	<Item con_num="R-61435">
		<ItemAllergen allergenId="1">MILK</ItemAllergen>
	</Item>
	<Item con_num="R-61435">
		<ItemAllergen allergenId="2">GLUTEN</ItemAllergen>
	</Item>
	<Item con_num="R-61435">
		<ItemAllergen allergenId="6">WHEAT</ItemAllergen>
	</Item>
	<Item con_num="R-61659">
		<ItemAllergen allergenId="1">MILK</ItemAllergen>
	</Item>
	<Item con_num="R-61659">
		<ItemAllergen allergenId="2">GLUTEN</ItemAllergen>
	</Item>
	<Item con_num="R-61659">
		<ItemAllergen allergenId="6">WHEAT</ItemAllergen>
	</Item>
	<Item con_num="R-61659">
		<ItemAllergen allergenId="11">SULPHITES</ItemAllergen>
	</Item>
	<Item con_num="R-61659">
		<ItemAllergen allergenId="13">MUSTARD</ItemAllergen>
	</Item>
	<Item con_num="R-61742">
		<ItemAllergen allergenId="1">MILK</ItemAllergen>
	</Item>
	<Item con_num="R-61742">
		<ItemAllergen allergenId="2">GLUTEN</ItemAllergen>
	</Item>
	<Item con_num="R-61742">
		<ItemAllergen allergenId="6">WHEAT</ItemAllergen>
	</Item>
	<Item con_num="R-61742">
		<ItemAllergen allergenId="26">CRUSTACEAN (SHRIMP)</ItemAllergen>
	</Item>
	<Item con_num="R-61743">
		<ItemAllergen allergenId="1">MILK</ItemAllergen>
	</Item>
	<Item con_num="R-61743">
		<ItemAllergen allergenId="2">GLUTEN</ItemAllergen>
	</Item>
	<Item con_num="R-61743">
		<ItemAllergen allergenId="6">WHEAT</ItemAllergen>
	</Item>
	<Item con_num="R-61763">
		<ItemAllergen allergenId="1">MILK</ItemAllergen>
	</Item>
	<Item con_num="R-61763">
		<ItemAllergen allergenId="2">GLUTEN</ItemAllergen>
	</Item>
	<Item con_num="R-61763">
		<ItemAllergen allergenId="5">EGGS</ItemAllergen>
	</Item>
	<Item con_num="R-61763">
		<ItemAllergen allergenId="6">WHEAT</ItemAllergen>
	</Item>
</ItemAllergens>
