﻿<?xml version="1.0" encoding="UTF-8" standalone="yes"?>
<Preps>
	<Prep id="P-54644" active="Y" keyItem="N">
		<Description>BAKED|Moussaka</Description>
		<Barcode/>
		<Cost>3.5281</Cost>
		<PakQty>16.000</PakQty>
		<PakUOM>PTN</PakUOM>
		<Comments/>
		<InventoryGroup id=""/>
		<SalesCategory id=""/>
		<IncomeAccount id="" ref="" type="" locked=""/>
		<Location id=""/>
	</Prep>
	<Prep id="P-54667" active="Y" keyItem="N">
		<Description>BAKED|Pasta|Bolognese Penne</Description>
		<Barcode/>
		<Cost>2.4813</Cost>
		<PakQty>16.000</PakQty>
		<PakUOM>PTN</PakUOM>
		<Comments/>
		<InventoryGroup id=""/>
		<SalesCategory id=""/>
		<IncomeAccount id="" ref="" type="" locked=""/>
		<Location id=""/>
	</Prep>
	<Prep id="P-54666" active="Y" keyItem="N">
		<Description>BAKED|Pasta|Chicken Alfredo</Description>
		<Barcode/>
		<Cost>6.6930</Cost>
		<PakQty>6.176</PakQty>
		<PakUOM>Kg</PakUOM>
		<Comments/>
		<InventoryGroup id=""/>
		<SalesCategory id=""/>
		<IncomeAccount id="" ref="" type="" locked=""/>
		<Location id=""/>
	</Prep>
	<Prep id="P-54664" active="Y" keyItem="N">
		<Description>BAKED|Pasta|Chorizo Penne</Description>
		<Barcode/>
		<Cost>6.1045</Cost>
		<PakQty>7.360</PakQty>
		<PakUOM>Kg</PakUOM>
		<Comments/>
		<InventoryGroup id=""/>
		<SalesCategory id=""/>
		<IncomeAccount id="" ref="" type="" locked=""/>
		<Location id=""/>
	</Prep>
	<Prep id="P-56502" active="Y" keyItem="N">
		<Description>BAKED|Pasta|Shrimp Pesto</Description>
		<Barcode/>
		<Cost>8.5216</Cost>
		<PakQty>5.760</PakQty>
		<PakUOM>Kg</PakUOM>
		<Comments/>
		<InventoryGroup id=""/>
		<SalesCategory id=""/>
		<IncomeAccount id="" ref="" type="" locked=""/>
		<Location id=""/>
	</Prep>
	<Prep id="P-26068" active="Y" keyItem="Y">
		<Description>COOKED|Caramelized Onion</Description>
		<Barcode/>
		<Cost>2.5558</Cost>
		<PakQty>9.000</PakQty>
		<PakUOM>Kg</PakUOM>
		<Comments/>
		<InventoryGroup id="47">PREP</InventoryGroup>
		<SalesCategory id="2">Food</SalesCategory>
		<IncomeAccount id="14" ref="Gross Sales" type="I" locked="Y">Gross Sales</IncomeAccount>
		<Location id="500">OK - PROCESSED </Location>
	</Prep>
	<Prep id="P-26216" active="Y" keyItem="Y">
		<Description>COOKED|Pasta|Penne|WW</Description>
		<Barcode/>
		<Cost>2.7781</Cost>
		<PakQty>2.900</PakQty>
		<PakUOM>Kg</PakUOM>
		<Comments/>
		<InventoryGroup id="47">PREP</InventoryGroup>
		<SalesCategory id="2">Food</SalesCategory>
		<IncomeAccount id="14" ref="Gross Sales" type="I" locked="Y">Gross Sales</IncomeAccount>
		<Location id="500">OK - PROCESSED </Location>
	</Prep>
	<Prep id="P-34121" active="Y" keyItem="Y">
		<Description>COOKED|StirFryChicken</Description>
		<Barcode/>
		<Cost>15.6448</Cost>
		<PakQty>4.000</PakQty>
		<PakUOM>Kg</PakUOM>
		<Comments>April 19 (Fiscal 20)</Comments>
		<InventoryGroup id="47">PREP</InventoryGroup>
		<SalesCategory id="2">Food</SalesCategory>
		<IncomeAccount id="14" ref="Gross Sales" type="I" locked="Y">Gross Sales</IncomeAccount>
		<Location id="500">OK - PROCESSED </Location>
	</Prep>
	<Prep id="P-49176" active="Y" keyItem="Y">
		<Description>COOKED|Sweet Potato</Description>
		<Barcode/>
		<Cost>0.0035</Cost>
		<PakQty>800.000</PakQty>
		<PakUOM>g</PakUOM>
		<Comments/>
		<InventoryGroup id="47">PREP</InventoryGroup>
		<SalesCategory id="2">Food</SalesCategory>
		<IncomeAccount id="14" ref="Gross Sales" type="I" locked="Y">Gross Sales</IncomeAccount>
		<Location id="462">OK - STN - VEGETARIA</Location>
	</Prep>
	<Prep id="P-55438" active="Y" keyItem="Y">
		<Description>COOKED|WW Elbow Macaroni</Description>
		<Barcode/>
		<Cost>3.0202</Cost>
		<PakQty>9.090</PakQty>
		<PakUOM>Kg</PakUOM>
		<Comments/>
		<InventoryGroup id="47">PREP</InventoryGroup>
		<SalesCategory id="2">Food</SalesCategory>
		<IncomeAccount id="14" ref="Gross Sales" type="I" locked="Y">Gross Sales</IncomeAccount>
		<Location id="500">OK - PROCESSED </Location>
	</Prep>
	<Prep id="P-41094" active="Y" keyItem="N">
		<Description>DICED|Carrot|1/4&quot;</Description>
		<Barcode/>
		<Cost>1.9215</Cost>
		<PakQty>11.170</PakQty>
		<PakUOM>Kg</PakUOM>
		<Comments/>
		<InventoryGroup id=""/>
		<SalesCategory id=""/>
		<IncomeAccount id="" ref="" type="" locked=""/>
		<Location id=""/>
	</Prep>
	<Prep id="P-41095" active="Y" keyItem="N">
		<Description>DICED|Celery|1/4&quot;</Description>
		<Barcode/>
		<Cost>3.5242</Cost>
		<PakQty>13.608</PakQty>
		<PakUOM>Kg</PakUOM>
		<Comments/>
		<InventoryGroup id=""/>
		<SalesCategory id=""/>
		<IncomeAccount id="" ref="" type="" locked=""/>
		<Location id=""/>
	</Prep>
	<Prep id="P-50435" active="Y" keyItem="N">
		<Description>DICED|Pancetta 1/4&quot;</Description>
		<Barcode/>
		<Cost>25.3400</Cost>
		<PakQty>1.000</PakQty>
		<PakUOM>Kg</PakUOM>
		<Comments/>
		<InventoryGroup id=""/>
		<SalesCategory id=""/>
		<IncomeAccount id="" ref="" type="" locked=""/>
		<Location id=""/>
	</Prep>
	<Prep id="P-9767" active="Y" keyItem="N">
		<Description>DICED|Red Pepper|3/4</Description>
		<Barcode/>
		<Cost>8.0373</Cost>
		<PakQty>1.000</PakQty>
		<PakUOM>Kg</PakUOM>
		<Comments/>
		<InventoryGroup id=""/>
		<SalesCategory id=""/>
		<IncomeAccount id="" ref="" type="" locked=""/>
		<Location id=""/>
	</Prep>
	<Prep id="P-38556" active="Y" keyItem="N">
		<Description>DICED|Yellow Onion|1/4&quot;</Description>
		<Barcode/>
		<Cost>2.2461</Cost>
		<PakQty>11.400</PakQty>
		<PakUOM>Kg</PakUOM>
		<Comments/>
		<InventoryGroup id=""/>
		<SalesCategory id=""/>
		<IncomeAccount id="" ref="" type="" locked=""/>
		<Location id=""/>
	</Prep>
	<Prep id="P-39167" active="Y" keyItem="N">
		<Description>DICED|Yellow Onion|3/4&quot;</Description>
		<Barcode/>
		<Cost>2.3257</Cost>
		<PakQty>11.010</PakQty>
		<PakUOM>Kg</PakUOM>
		<Comments/>
		<InventoryGroup id=""/>
		<SalesCategory id=""/>
		<IncomeAccount id="" ref="" type="" locked=""/>
		<Location id=""/>
	</Prep>
	<Prep id="P-38637" active="Y" keyItem="N">
		<Description>DRAINED|Caper</Description>
		<Barcode/>
		<Cost>14.4417</Cost>
		<PakQty>1.200</PakQty>
		<PakUOM>Kg</PakUOM>
		<Comments/>
		<InventoryGroup id=""/>
		<SalesCategory id=""/>
		<IncomeAccount id="" ref="" type="" locked=""/>
		<Location id=""/>
	</Prep>
	<Prep id="P-50469" active="Y" keyItem="Y">
		<Description>FILLING|Moussaka Meat</Description>
		<Barcode/>
		<Cost>4.6166</Cost>
		<PakQty>7.000</PakQty>
		<PakUOM>Kg</PakUOM>
		<Comments/>
		<InventoryGroup id="47">PREP</InventoryGroup>
		<SalesCategory id="2">Food</SalesCategory>
		<IncomeAccount id="14" ref="Gross Sales" type="I" locked="Y">Gross Sales</IncomeAccount>
		<Location id="500">OK - PROCESSED </Location>
	</Prep>
	<Prep id="P-50474" active="Y" keyItem="N">
		<Description>FILLING|Moussaka Veg</Description>
		<Barcode/>
		<Cost>13.6627</Cost>
		<PakQty>7.500</PakQty>
		<PakUOM>Kg</PakUOM>
		<Comments/>
		<InventoryGroup id=""/>
		<SalesCategory id=""/>
		<IncomeAccount id="" ref="" type="" locked=""/>
		<Location id=""/>
	</Prep>
	<Prep id="P-65898" active="Y" keyItem="N">
		<Description>FRIED|Capers</Description>
		<Barcode/>
		<Cost>17.0000</Cost>
		<PakQty>1.000</PakQty>
		<PakUOM>Kg</PakUOM>
		<Comments/>
		<InventoryGroup id=""/>
		<SalesCategory id=""/>
		<IncomeAccount id="" ref="" type="" locked=""/>
		<Location id=""/>
	</Prep>
	<Prep id="P-47377" active="Y" keyItem="N">
		<Description>GARNISH|Parsley|Sprig</Description>
		<Barcode/>
		<Cost>0.0047</Cost>
		<PakQty>90.000</PakQty>
		<PakUOM>g</PakUOM>
		<Comments/>
		<InventoryGroup id=""/>
		<SalesCategory id=""/>
		<IncomeAccount id="" ref="" type="" locked=""/>
		<Location id=""/>
	</Prep>
	<Prep id="P-54697" active="Y" keyItem="Y">
		<Description>LEMON|Wedge 1/6</Description>
		<Barcode/>
		<Cost>0.1584</Cost>
		<PakQty>6.000</PakQty>
		<PakUOM>each</PakUOM>
		<Comments/>
		<InventoryGroup id="47">PREP</InventoryGroup>
		<SalesCategory id="2">Food</SalesCategory>
		<IncomeAccount id="14" ref="Gross Sales" type="I" locked="Y">Gross Sales</IncomeAccount>
		<Location id="501">OK - FOOD TRUCK</Location>
	</Prep>
	<Prep id="P-25993" active="Y" keyItem="N">
		<Description>MIX|Salt and Pepper - FT</Description>
		<Barcode/>
		<Cost>12.4571</Cost>
		<PakQty>7.000</PakQty>
		<PakUOM>Kg</PakUOM>
		<Comments/>
		<InventoryGroup id=""/>
		<SalesCategory id=""/>
		<IncomeAccount id="" ref="" type="" locked=""/>
		<Location id="501">OK - FOOD TRUCK</Location>
	</Prep>
	<Prep id="P-18907" active="Y" keyItem="N">
		<Description>MIX|Salt&amp;Pepper</Description>
		<Barcode/>
		<Cost>0.0086</Cost>
		<PakQty>1225.000</PakQty>
		<PakUOM>g</PakUOM>
		<Comments/>
		<InventoryGroup id=""/>
		<SalesCategory id=""/>
		<IncomeAccount id="" ref="" type="" locked=""/>
		<Location id=""/>
	</Prep>
	<Prep id="P-7139" active="Y" keyItem="N">
		<Description>OIL|Lemon</Description>
		<Barcode/>
		<Cost>11.4861</Cost>
		<PakQty>1.250</PakQty>
		<PakUOM>L</PakUOM>
		<Comments/>
		<InventoryGroup id=""/>
		<SalesCategory id=""/>
		<IncomeAccount id="" ref="" type="" locked=""/>
		<Location id=""/>
	</Prep>
	<Prep id="P-56500" active="Y" keyItem="Y">
		<Description>PASTA|Aged Chedder &amp; Mac</Description>
		<Barcode/>
		<Cost>5.8833</Cost>
		<PakQty>4.800</PakQty>
		<PakUOM>Kg</PakUOM>
		<Comments/>
		<InventoryGroup id="47">PREP</InventoryGroup>
		<SalesCategory id="2">Food</SalesCategory>
		<IncomeAccount id="14" ref="Gross Sales" type="I" locked="Y">Gross Sales</IncomeAccount>
		<Location id="501">OK - FOOD TRUCK</Location>
	</Prep>
	<Prep id="P-61621" active="Y" keyItem="Y">
		<Description>PASTA|Beef Lasagna</Description>
		<Barcode/>
		<Cost>6.0167</Cost>
		<PakQty>6.000</PakQty>
		<PakUOM>Kg</PakUOM>
		<Comments/>
		<InventoryGroup id="47">PREP</InventoryGroup>
		<SalesCategory id="2">Food</SalesCategory>
		<IncomeAccount id="14" ref="Gross Sales" type="I" locked="Y">Gross Sales</IncomeAccount>
		<Location id="500">OK - PROCESSED </Location>
	</Prep>
	<Prep id="P-61658" active="Y" keyItem="N">
		<Description>PASTA|Cauliflower Cheese</Description>
		<Barcode/>
		<Cost>7.2517</Cost>
		<PakQty>4.000</PakQty>
		<PakUOM>Kg</PakUOM>
		<Comments/>
		<InventoryGroup id=""/>
		<SalesCategory id=""/>
		<IncomeAccount id="" ref="" type="" locked=""/>
		<Location id=""/>
	</Prep>
	<Prep id="P-56335" active="Y" keyItem="N">
		<Description>PASTA|Chicken Macaroni</Description>
		<Barcode/>
		<Cost>3.1823</Cost>
		<PakQty>16.000</PakQty>
		<PakUOM>each</PakUOM>
		<Comments/>
		<InventoryGroup id=""/>
		<SalesCategory id=""/>
		<IncomeAccount id="" ref="" type="" locked=""/>
		<Location id=""/>
	</Prep>
	<Prep id="P-48489" active="Y" keyItem="Y">
		<Description>PREP|Garlic Confit</Description>
		<Barcode/>
		<Cost>19.9287</Cost>
		<PakQty>1.000</PakQty>
		<PakUOM>Kg</PakUOM>
		<Comments>January 19 (Fiscal 19)</Comments>
		<InventoryGroup id="47">PREP</InventoryGroup>
		<SalesCategory id="2">Food</SalesCategory>
		<IncomeAccount id="14" ref="Gross Sales" type="I" locked="Y">Gross Sales</IncomeAccount>
		<Location id="500">OK - PROCESSED </Location>
	</Prep>
	<Prep id="P-7444" active="Y" keyItem="Y">
		<Description>PREP|Garlic Puree</Description>
		<Barcode/>
		<Cost>7.9552</Cost>
		<PakQty>4.000</PakQty>
		<PakUOM>L</PakUOM>
		<Comments/>
		<InventoryGroup id="47">PREP</InventoryGroup>
		<SalesCategory id="2">Food</SalesCategory>
		<IncomeAccount id="14" ref="Gross Sales" type="I" locked="Y">Gross Sales</IncomeAccount>
		<Location id="500">OK - PROCESSED </Location>
	</Prep>
	<Prep id="P-26020" active="Y" keyItem="Y">
		<Description>PUREE|Garlic|Kg - FT</Description>
		<Barcode/>
		<Cost>12.2277</Cost>
		<PakQty>2.500</PakQty>
		<PakUOM>Kg</PakUOM>
		<Comments>2 weeks</Comments>
		<InventoryGroup id="47">PREP</InventoryGroup>
		<SalesCategory id="2">Food</SalesCategory>
		<IncomeAccount id="14" ref="Gross Sales" type="I" locked="Y">Gross Sales</IncomeAccount>
		<Location id="500">OK - PROCESSED </Location>
	</Prep>
	<Prep id="P-37780" active="Y" keyItem="N">
		<Description>ROASTED|Cauliflower </Description>
		<Barcode/>
		<Cost>9.2553</Cost>
		<PakQty>4.500</PakQty>
		<PakUOM>Kg</PakUOM>
		<Comments>July 2018 (Fiscal 19)</Comments>
		<InventoryGroup id=""/>
		<SalesCategory id=""/>
		<IncomeAccount id="" ref="" type="" locked=""/>
		<Location id=""/>
	</Prep>
	<Prep id="P-46507" active="Y" keyItem="Y">
		<Description>ROASTED|Cherry Tomatoes </Description>
		<Barcode/>
		<Cost>9.5249</Cost>
		<PakQty>0.900</PakQty>
		<PakUOM>Kg</PakUOM>
		<Comments>October 2018 (Fiscal 18)</Comments>
		<InventoryGroup id="16">FOOD - GROCERY</InventoryGroup>
		<SalesCategory id="2">Food</SalesCategory>
		<IncomeAccount id="14" ref="Gross Sales" type="I" locked="Y">Gross Sales</IncomeAccount>
		<Location id="457">OK - STN - GLOBAL</Location>
	</Prep>
	<Prep id="P-53126" active="Y" keyItem="Y">
		<Description>SAUCE|Aged Cheddar Cheese</Description>
		<Barcode/>
		<Cost>5.8821</Cost>
		<PakQty>70.000</PakQty>
		<PakUOM>L</PakUOM>
		<Comments/>
		<InventoryGroup id="47">PREP</InventoryGroup>
		<SalesCategory id="2">Food</SalesCategory>
		<IncomeAccount id="14" ref="Gross Sales" type="I" locked="Y">Gross Sales</IncomeAccount>
		<Location id="501">OK - FOOD TRUCK</Location>
	</Prep>
	<Prep id="P-8196" active="Y" keyItem="Y">
		<Description>SAUCE|Alfredo.</Description>
		<Barcode/>
		<Cost>4.5488</Cost>
		<PakQty>19.000</PakQty>
		<PakUOM>L</PakUOM>
		<Comments/>
		<InventoryGroup id="138">FEAST</InventoryGroup>
		<SalesCategory id="2">Food</SalesCategory>
		<IncomeAccount id="14" ref="Gross Sales" type="I" locked="Y">Gross Sales</IncomeAccount>
		<Location id="126">*PV 5 PROCESS FRIDGE</Location>
	</Prep>
	<Prep id="P-26622" active="Y" keyItem="Y">
		<Description>SAUCE|Bechamel.</Description>
		<Barcode/>
		<Cost>2.1062</Cost>
		<PakQty>13.000</PakQty>
		<PakUOM>L</PakUOM>
		<Comments/>
		<InventoryGroup id="47">PREP</InventoryGroup>
		<SalesCategory id="2">Food</SalesCategory>
		<IncomeAccount id="14" ref="Gross Sales" type="I" locked="Y">Gross Sales</IncomeAccount>
		<Location id="1">TP - 5. PROCESS PREP</Location>
	</Prep>
	<Prep id="P-50464" active="Y" keyItem="Y">
		<Description>SAUCE|Bechamel2021</Description>
		<Barcode/>
		<Cost>3.2421</Cost>
		<PakQty>4.250</PakQty>
		<PakUOM>L</PakUOM>
		<Comments/>
		<InventoryGroup id="47">PREP</InventoryGroup>
		<SalesCategory id="2">Food</SalesCategory>
		<IncomeAccount id="14" ref="Gross Sales" type="I" locked="Y">Gross Sales</IncomeAccount>
		<Location id="500">OK - PROCESSED </Location>
	</Prep>
	<Prep id="P-50433" active="Y" keyItem="N">
		<Description>SAUCE|Bolognese</Description>
		<Barcode/>
		<Cost>4.7539</Cost>
		<PakQty>40.000</PakQty>
		<PakUOM>L</PakUOM>
		<Comments/>
		<InventoryGroup id=""/>
		<SalesCategory id=""/>
		<IncomeAccount id="" ref="" type="" locked=""/>
		<Location id=""/>
	</Prep>
	<Prep id="P-6989" active="Y" keyItem="Y">
		<Description>SAUCE|Bolognese|2021</Description>
		<Barcode/>
		<Cost>5.5001</Cost>
		<PakQty>64.000</PakQty>
		<PakUOM>L</PakUOM>
		<Comments/>
		<InventoryGroup id="47">PREP</InventoryGroup>
		<SalesCategory id="2">Food</SalesCategory>
		<IncomeAccount id="14" ref="Gross Sales" type="I" locked="Y">Gross Sales</IncomeAccount>
		<Location id="449">OK - ARCHIVE</Location>
	</Prep>
	<Prep id="P-56503" active="Y" keyItem="Y">
		<Description>SAUCE|Pesto Alfredo</Description>
		<Barcode/>
		<Cost>7.3229</Cost>
		<PakQty>20.000</PakQty>
		<PakUOM>L</PakUOM>
		<Comments/>
		<InventoryGroup id="47">PREP</InventoryGroup>
		<SalesCategory id="2">Food</SalesCategory>
		<IncomeAccount id="14" ref="Gross Sales" type="I" locked="Y">Gross Sales</IncomeAccount>
		<Location id="500">OK - PROCESSED </Location>
	</Prep>
	<Prep id="P-26076" active="Y" keyItem="Y">
		<Description>SAUCE|Signature Cheese </Description>
		<Barcode/>
		<Cost>5.0595</Cost>
		<PakQty>5.000</PakQty>
		<PakUOM>L</PakUOM>
		<Comments/>
		<InventoryGroup id="299">ZDONT USE OK - PREP</InventoryGroup>
		<SalesCategory id="2">Food</SalesCategory>
		<IncomeAccount id="14" ref="Gross Sales" type="I" locked="Y">Gross Sales</IncomeAccount>
		<Location id="449">OK - ARCHIVE</Location>
	</Prep>
	<Prep id="P-26226" active="Y" keyItem="Y">
		<Description>SAUCE|Tomato|23</Description>
		<Barcode/>
		<Cost>2.8083</Cost>
		<PakQty>4.000</PakQty>
		<PakUOM>L</PakUOM>
		<Comments/>
		<InventoryGroup id="47">PREP</InventoryGroup>
		<SalesCategory id="2">Food</SalesCategory>
		<IncomeAccount id="14" ref="Gross Sales" type="I" locked="Y">Gross Sales</IncomeAccount>
		<Location id="500">OK - PROCESSED </Location>
	</Prep>
	<Prep id="P-34243" active="Y" keyItem="N">
		<Description>SLICED|1/8th&quot; Onion</Description>
		<Barcode/>
		<Cost>4.9909</Cost>
		<PakQty>11.010</PakQty>
		<PakUOM>Kg</PakUOM>
		<Comments/>
		<InventoryGroup id=""/>
		<SalesCategory id=""/>
		<IncomeAccount id="" ref="" type="" locked=""/>
		<Location id=""/>
	</Prep>
	<Prep id="P-58359" active="Y" keyItem="N">
		<Description>SLICED|Mushroom Foodservice</Description>
		<Barcode/>
		<Cost>1.2500</Cost>
		<PakQty>10.000</PakQty>
		<PakUOM>lb</PakUOM>
		<Comments/>
		<InventoryGroup id=""/>
		<SalesCategory id=""/>
		<IncomeAccount id="" ref="" type="" locked=""/>
		<Location id=""/>
	</Prep>
	<Prep id="P-34123" active="Y" keyItem="Y">
		<Description>SLICED|Onion 1/8&quot;</Description>
		<Barcode/>
		<Cost>4.9909</Cost>
		<PakQty>11.010</PakQty>
		<PakUOM>Kg</PakUOM>
		<Comments/>
		<InventoryGroup id="47">PREP</InventoryGroup>
		<SalesCategory id="2">Food</SalesCategory>
		<IncomeAccount id="14" ref="Gross Sales" type="I" locked="Y">Gross Sales</IncomeAccount>
		<Location id="500">OK - PROCESSED </Location>
	</Prep>
	<Prep id="P-35258" active="Y" keyItem="Y">
		<Description>SLICED|Red onion</Description>
		<Barcode/>
		<Cost>3.6422</Cost>
		<PakQty>11.010</PakQty>
		<PakUOM>Kg</PakUOM>
		<Comments/>
		<InventoryGroup id="47">PREP</InventoryGroup>
		<SalesCategory id="2">Food</SalesCategory>
		<IncomeAccount id="14" ref="Gross Sales" type="I" locked="Y">Gross Sales</IncomeAccount>
		<Location id="303">OK - PRODUCE COOLER</Location>
	</Prep>
	<Prep id="P-32673" active="Y" keyItem="N">
		<Description>STOCK|Beef from conc</Description>
		<Barcode/>
		<Cost>0.5410</Cost>
		<PakQty>32.000</PakQty>
		<PakUOM>L</PakUOM>
		<Comments/>
		<InventoryGroup id="299">ZDONT USE OK - PREP</InventoryGroup>
		<SalesCategory id="2">Food</SalesCategory>
		<IncomeAccount id="14" ref="Gross Sales" type="I" locked="Y">Gross Sales</IncomeAccount>
		<Location id="4">PREP</Location>
	</Prep>
	<Prep id="P-32661" active="Y" keyItem="N">
		<Description>STOCK|Veg from Conc.</Description>
		<Barcode/>
		<Cost>0.4776</Cost>
		<PakQty>31.100</PakQty>
		<PakUOM>L</PakUOM>
		<Comments/>
		<InventoryGroup id="299">ZDONT USE OK - PREP</InventoryGroup>
		<SalesCategory id="2">Food</SalesCategory>
		<IncomeAccount id="14" ref="Gross Sales" type="I" locked="Y">Gross Sales</IncomeAccount>
		<Location id="4">PREP</Location>
	</Prep>
	<Prep id="P-22247" active="Y" keyItem="N">
		<Description>YIELD|Capers Drained</Description>
		<Barcode/>
		<Cost>0.0170</Cost>
		<PakQty>1020.000</PakQty>
		<PakUOM>g</PakUOM>
		<Comments/>
		<InventoryGroup id=""/>
		<SalesCategory id=""/>
		<IncomeAccount id="" ref="" type="" locked=""/>
		<Location id=""/>
	</Prep>
	<Prep id="P-50966" active="Y" keyItem="N">
		<Description>YIELD|Cherry Tomato Cut</Description>
		<Barcode/>
		<Cost>8.1902</Cost>
		<PakQty>1.000</PakQty>
		<PakUOM>Kg</PakUOM>
		<Comments/>
		<InventoryGroup id=""/>
		<SalesCategory id=""/>
		<IncomeAccount id="" ref="" type="" locked=""/>
		<Location id=""/>
	</Prep>
	<Prep id="P-57150" active="Y" keyItem="N">
		<Description>YIELD|Dill Fresh BC</Description>
		<Barcode/>
		<Cost>38.3359</Cost>
		<PakQty>0.900</PakQty>
		<PakUOM>Kg</PakUOM>
		<Comments/>
		<InventoryGroup id=""/>
		<SalesCategory id=""/>
		<IncomeAccount id="" ref="" type="" locked=""/>
		<Location id=""/>
	</Prep>
	<Prep id="P-50429" active="Y" keyItem="Y">
		<Description>YIELD|Italian Parsley|Herb</Description>
		<Barcode/>
		<Cost>0.0047</Cost>
		<PakQty>450.000</PakQty>
		<PakUOM>g</PakUOM>
		<Comments/>
		<InventoryGroup id="47">PREP</InventoryGroup>
		<SalesCategory id="2">Food</SalesCategory>
		<IncomeAccount id="14" ref="Gross Sales" type="I" locked="Y">Gross Sales</IncomeAccount>
		<Location id="500">OK - PROCESSED </Location>
	</Prep>
	<Prep id="P-19175" active="Y" keyItem="Y">
		<Description>YIELD|Red Onion</Description>
		<Barcode/>
		<Cost>3.4719</Cost>
		<PakQty>1.600</PakQty>
		<PakUOM>Kg</PakUOM>
		<Comments>July 2018 (Fiscal 19)</Comments>
		<InventoryGroup id="47">PREP</InventoryGroup>
		<SalesCategory id="2">Food</SalesCategory>
		<IncomeAccount id="14" ref="Gross Sales" type="I" locked="Y">Gross Sales</IncomeAccount>
		<Location id="472">OK - STN - VEG PREP </Location>
	</Prep>
	<Prep id="P-18746" active="Y" keyItem="Y">
		<Description>YIELD|Red Pepper|Fresh</Description>
		<Barcode/>
		<Cost>8.0373</Cost>
		<PakQty>8.300</PakQty>
		<PakUOM>Kg</PakUOM>
		<Comments/>
		<InventoryGroup id="47">PREP</InventoryGroup>
		<SalesCategory id="2">Food</SalesCategory>
		<IncomeAccount id="14" ref="Gross Sales" type="I" locked="Y">Gross Sales</IncomeAccount>
		<Location id="500">OK - PROCESSED </Location>
	</Prep>
	<Prep id="P-51537" active="Y" keyItem="N">
		<Description>YIELD|Sage|Herb</Description>
		<Barcode/>
		<Cost>47.2806</Cost>
		<PakQty>0.650</PakQty>
		<PakUOM>Kg</PakUOM>
		<Comments/>
		<InventoryGroup id=""/>
		<SalesCategory id=""/>
		<IncomeAccount id="" ref="" type="" locked=""/>
		<Location id=""/>
	</Prep>
	<Prep id="P-57294" active="Y" keyItem="N">
		<Description>YIELD|Shrimp meat</Description>
		<Barcode/>
		<Cost>0.0307</Cost>
		<PakQty>386.000</PakQty>
		<PakUOM>g</PakUOM>
		<Comments/>
		<InventoryGroup id=""/>
		<SalesCategory id=""/>
		<IncomeAccount id="" ref="" type="" locked=""/>
		<Location id=""/>
	</Prep>
	<Prep id="P-24452" active="Y" keyItem="N">
		<Description>YIELD|Yellow Onion</Description>
		<Barcode/>
		<Cost>1.0056</Cost>
		<PakQty>0.900</PakQty>
		<PakUOM>lb</PakUOM>
		<Comments/>
		<InventoryGroup id=""/>
		<SalesCategory id=""/>
		<IncomeAccount id="" ref="" type="" locked=""/>
		<Location id=""/>
	</Prep>
</Preps>
