﻿<?xml version="1.0" encoding="UTF-8" standalone="yes"?>
<Prods>
	<Prod id="R-61742" active="Y" special="N">
		<Description>ALF|Flatbread|Shrimp Pesto</Description>
		<Barcode/>
		<Cost>3.8920</Cost>
		<Comments/>
		<SalesGroup id="367">OK - AL FORNO</SalesGroup>
		<SalesCategory id="2">Food</SalesCategory>
		<IncomeAccount id="14" ref="Gross Sales" type="I" locked="Y">Gross Sales</IncomeAccount>
		<TaxGroup id=""/>
		<Price>9.99</Price>
		<PLU num="33724">SHRIMP PESTO FLATBREAD</PLU>
	</Prod>
	<Prod id="R-50896" active="Y" special="N">
		<Description>ALF|Flatbread|Smoked Salmon</Description>
		<Barcode/>
		<Cost>3.3888</Cost>
		<Comments/>
		<SalesGroup id="367">OK - AL FORNO</SalesGroup>
		<SalesCategory id="2">Food</SalesCategory>
		<IncomeAccount id="14" ref="Gross Sales" type="I" locked="Y">Gross Sales</IncomeAccount>
		<TaxGroup id=""/>
		<Price>9.99</Price>
		<PLU num="32195">SALMON FLATBREAD</PLU>
	</Prod>
	<Prod id="R-61743" active="Y" special="N">
		<Description>ALF|Flatbread|Sweet Potato</Description>
		<Barcode/>
		<Cost>2.0214</Cost>
		<Comments/>
		<SalesGroup id="367">OK - AL FORNO</SalesGroup>
		<SalesCategory id="2">Food</SalesCategory>
		<IncomeAccount id="14" ref="Gross Sales" type="I" locked="Y">Gross Sales</IncomeAccount>
		<TaxGroup id=""/>
		<Price>7.99</Price>
		<PLU num="33726">SWEET POTATO ONION FLATBREAD</PLU>
	</Prod>
	<Prod id="R-67807" active="Y" special="N">
		<Description>ALF|Flatbread|Vegan Salmon</Description>
		<Barcode/>
		<Cost>3.1036</Cost>
		<Comments/>
		<SalesGroup id="367">OK - AL FORNO</SalesGroup>
		<SalesCategory id="2">Food</SalesCategory>
		<IncomeAccount id="14" ref="Gross Sales" type="I" locked="Y">Gross Sales</IncomeAccount>
		<TaxGroup id=""/>
		<Price>9.99</Price>
		<PLU num=""/>
	</Prod>
	<Prod id="R-50540" active="Y" special="N">
		<Description>ALF|Moussaka</Description>
		<Barcode/>
		<Cost>3.5281</Cost>
		<Comments/>
		<SalesGroup id="367">OK - AL FORNO</SalesGroup>
		<SalesCategory id="2">Food</SalesCategory>
		<IncomeAccount id="14" ref="Gross Sales" type="I" locked="Y">Gross Sales</IncomeAccount>
		<TaxGroup id=""/>
		<Price>8.99</Price>
		<PLU num="28888">Moussaka</PLU>
	</Prod>
	<Prod id="R-61763" active="Y" special="N">
		<Description>ALF|Pasta|Bolognese Lasagna</Description>
		<Barcode/>
		<Cost>1.8050</Cost>
		<Comments/>
		<SalesGroup id="367">OK - AL FORNO</SalesGroup>
		<SalesCategory id="2">Food</SalesCategory>
		<IncomeAccount id="14" ref="Gross Sales" type="I" locked="Y">Gross Sales</IncomeAccount>
		<TaxGroup id=""/>
		<Price>8.99</Price>
		<PLU num="33707"/>
	</Prod>
	<Prod id="R-50541" active="Y" special="N">
		<Description>ALF|Pasta|Bolognese Penne</Description>
		<Barcode/>
		<Cost>2.4813</Cost>
		<Comments/>
		<SalesGroup id="367">OK - AL FORNO</SalesGroup>
		<SalesCategory id="2">Food</SalesCategory>
		<IncomeAccount id="14" ref="Gross Sales" type="I" locked="Y">Gross Sales</IncomeAccount>
		<TaxGroup id=""/>
		<Price>8.99</Price>
		<PLU num="28886">PENNE BOLOGNESE</PLU>
	</Prod>
	<Prod id="R-61659" active="Y" special="N">
		<Description>ALF|Pasta|Cauliflower Cheese</Description>
		<Barcode/>
		<Cost>2.1755</Cost>
		<Comments/>
		<SalesGroup id="367">OK - AL FORNO</SalesGroup>
		<SalesCategory id="2">Food</SalesCategory>
		<IncomeAccount id="14" ref="Gross Sales" type="I" locked="Y">Gross Sales</IncomeAccount>
		<TaxGroup id=""/>
		<Price>8.99</Price>
		<PLU num="33708"/>
	</Prod>
	<Prod id="R-56505" active="Y" special="N">
		<Description>ALF|Pasta|Chicken Alfredo</Description>
		<Barcode/>
		<Cost>2.5433</Cost>
		<Comments/>
		<SalesGroup id="367">OK - AL FORNO</SalesGroup>
		<SalesCategory id="2">Food</SalesCategory>
		<IncomeAccount id="14" ref="Gross Sales" type="I" locked="Y">Gross Sales</IncomeAccount>
		<TaxGroup id=""/>
		<Price>8.99</Price>
		<PLU num="32194">CHICKEN ALFREDO</PLU>
	</Prod>
	<Prod id="R-56336" active="Y" special="N">
		<Description>ALF|Pasta|Chicken Macaroni</Description>
		<Barcode/>
		<Cost>3.2626</Cost>
		<Comments/>
		<SalesGroup id="367">OK - AL FORNO</SalesGroup>
		<SalesCategory id="2">Food</SalesCategory>
		<IncomeAccount id="14" ref="Gross Sales" type="I" locked="Y">Gross Sales</IncomeAccount>
		<TaxGroup id=""/>
		<Price>8.99</Price>
		<PLU num="31812">PASTA CHICKEN MACARONI</PLU>
	</Prod>
	<Prod id="R-51303" active="Y" special="N">
		<Description>ALF|Pasta|Chorizo Penne</Description>
		<Barcode/>
		<Cost>2.6410</Cost>
		<Comments/>
		<SalesGroup id="367">OK - AL FORNO</SalesGroup>
		<SalesCategory id="2">Food</SalesCategory>
		<IncomeAccount id="14" ref="Gross Sales" type="I" locked="Y">Gross Sales</IncomeAccount>
		<TaxGroup id=""/>
		<Price>9.99</Price>
		<PLU num="29170">CHORIZO AND PEPPER PENNE</PLU>
	</Prod>
	<Prod id="R-61435" active="Y" special="N">
		<Description>ALF|Pasta|Mac &amp; Cheese</Description>
		<Barcode/>
		<Cost>2.3533</Cost>
		<Comments/>
		<SalesGroup id="367">OK - AL FORNO</SalesGroup>
		<SalesCategory id="2">Food</SalesCategory>
		<IncomeAccount id="14" ref="Gross Sales" type="I" locked="Y">Gross Sales</IncomeAccount>
		<TaxGroup id=""/>
		<Price>8.99</Price>
		<PLU num="31976">MAC AND CHEESE AF</PLU>
	</Prod>
	<Prod id="R-50819" active="Y" special="N">
		<Description>ALF|Pasta|Penne Alfredo</Description>
		<Barcode/>
		<Cost>0</Cost>
		<Comments/>
		<SalesGroup id="367">OK - AL FORNO</SalesGroup>
		<SalesCategory id="2">Food</SalesCategory>
		<IncomeAccount id="14" ref="Gross Sales" type="I" locked="Y">Gross Sales</IncomeAccount>
		<TaxGroup id=""/>
		<Price>8.99</Price>
		<PLU num="28887"/>
	</Prod>
	<Prod id="R-56504" active="Y" special="N">
		<Description>ALF|Pasta|Shrimp Pesto</Description>
		<Barcode/>
		<Cost>3.0678</Cost>
		<Comments/>
		<SalesGroup id="367">OK - AL FORNO</SalesGroup>
		<SalesCategory id="2">Food</SalesCategory>
		<IncomeAccount id="14" ref="Gross Sales" type="I" locked="Y">Gross Sales</IncomeAccount>
		<TaxGroup id=""/>
		<Price>9.99</Price>
		<PLU num="31982">SHRIMP PESTO AF</PLU>
	</Prod>
</Prods>
