﻿<?xml version="1.0" encoding="UTF-8" standalone="yes"?>
<Recipes>
	<Recipe id="P-6989" image="">1. Heat up oil in large pot or tilt skillet, add onion and cook till soft and transparent, add garlic and oregano cook for 5 minutes, add in ground beef and break up in to small pieces as it cooks. Cook beef until almost all water is gone and meat is small brown crispy pieces.

2. Remove from and stir tomato sauce in to the cooked beef. Once combined, put in to apropriate container and cool fully.</Recipe>
	<Recipe id="P-7139" image="">***COOKS AND CHEFS, PLEASE READ THE ENTIRE RECIPE BEFORE BEGINNING- THIS IS A RECOMMENDED STEP WITH EVERY PRODUCT WE EVER PRODUCE- THANK YOU***

Johnny

Related Products this prep gets used in:

Method:

1. Gather all ingredients.
2. Mix the remaining ingredients.


-cool, store, label and rotated this item with older product correctly and diligently 

Portioning:

Utensils needed:
</Recipe>
	<Recipe id="P-7444" image="">***COOKS AND CHEFS, PLEASE READ THE ENTIRE RECIPE BEFORE BEGINNING- THIS IS A RECOMMENDED STEP WITH EVERY PRODUCT WE EVER PRODUCE- THANK YOU***
Johnny

Preps used in this Product recipe:

Allergens: (To be filled out by nutrition)
Method:
1.
2.
3.
-cool, store, label and rotated this item with older product correctly and diligently 

Portioning:

Utensils needed:
</Recipe>
	<Recipe id="P-8196" image="">***COOKS AND CHEFS, PLEASE READ THE ENTIRE RECIPE BEFORE BEGINNING- THIS IS A RECOMMENDED STEP WITH EVERY PRODUCT WE EVER PRODUCE- THANK YOU***
Related Products this prep gets used in:

Allergens: DAIRY
Method:

1. Assemble all ingredients.

2. Throw the milk into the steamer.

3. Sautee onions and garlic until soft. Add in spices and cook out for a few minutes. 

4. Add milk and keep heat on medium as to not burn.

5. Mix in the slury until a good saucy consistency.

6. Add cheese and check seasoning.

-cool, store, label and rotate this item with older product correctly and diligently.

Portioning:

Utensils needed:</Recipe>
	<Recipe id="P-9767" image="">***COOKS AND CHEFS, PLEASE READ THE ENTIRE RECIPE BEFORE BEGINNING- THIS IS A RECOMMENDED STEP WI Johnny
TH EVERY PRODUCT WE EVER PRODUCE- THANK YOU***

Related Products this prep gets used in:

Allergens: (to be filled out by nutrition)
Method:
1.
2.
3.
-cool, store, label and rotated this item with older product correctly and diligently 

Portioning:

Utensils needed:</Recipe>
	<Recipe id="P-18746" image="">***COOKS AND CHEFS, PLEASE READ THE ENTIRE RECIPE BEFORE BEGINNING- THIS IS A RECOMMENDED STEP WITH EVERY PRODUCT WE EVER PRODUCE- THANK YOU***

Johnny,

Related Products this prep gets used in:

Allergens: (to be filled out by nutrition)
Method:
1.Gather ingredients
2.wash and cut to size wanted
3.place in container, label and store

-cool, store, label and rotated this item with older product correctly and diligently 

Portioning:

Utensils needed:
</Recipe>
	<Recipe id="P-19175" image="">Allergen:

n/a

Icon:

vegan, vegetarian, made without gluten

Method:



</Recipe>
	<Recipe id="P-25993" image="">1) Combine and mix well

2) Place in appropriate sized container, lable and date.</Recipe>
	<Recipe id="P-26020" image="">1. Puree garlic in batches in robot coupe
2. Mix in garlic</Recipe>
	<Recipe id="P-26068" image="">PREP RECIPE
***COOKS AND CHEFS, PLEASE READ THE ENTIRE RECIPE BEFORE BEGINNING- THIS IS A RECOMMENDED STEP WITH EVERY PRODUCT WE PRODUCE- THANK YOU***

Related Products this prep is used in:

Allergens: (to be filled out by nutrition)
Method:
1. Over medium heat, heat oil

2. Add onions and salt, and stir to evenly incorporate in the oil.

3. Allow onions to continue to cook over medium-high heat until natural sugars begin to caramelize and onions begin to soften

4. Turn heat to medium low and continue to cook onions for 40 minutes. In a cycle of letting them brown, and scraping and stirring with a wooden spoon, until onions are a dark golden brown. Add a splash of water cold if the bottom browning is sticking too much.

Cool, label and store.
Rotate this item with older product.
Portioning:

Utensils needed:</Recipe>
	<Recipe id="P-26076" image="">1. Combine onion, bay leaf and cloves in cheese cloth, tie up tight.

2. Place milk and cheese cloth bundle in large sauce pot. Bring to a simmer, then turn off heat. Allow to infuse for 10 minutes

3. Remove cheese cloth bundle. Keep warm

4. Add butter to clean sauce rondeau. Melt butter until it starts generating bubbles, cook until bubbles stop and water is cooked out.

5. Take butter off heat and add flour, a little at a time until smooth and white roux forms.

6. Add milk while still off heat a little at a time being sure to incorporate, well, with whisk before adding more milk.

7. Add bechamel back into medium low heat until it simmers. Allow to simmer, stirring frequently with spatula (ensure to scrape bottom, the flour loves to stick to the bottom of the pan!) for 15-20  minutes.

8. Add salt &amp; pepper mix, parm, and mozzarella. Stir well until evenly incorporated.

9. Allow to cool in appropriate vessel. Label, date and refrigerate
</Recipe>
	<Recipe id="P-26216" image="">***COOKS AND CHEFS, PLEASE READ THE ENTIRE RECIPE BEFORE BEGINNING- THIS IS A RECOMMENDED STEP WITH EVERY PRODUCT WE EVER PRODUCE- THANK YOU***
Johnny

Related Products this prep gets used in:

Allergens: (to be filled out by nutrition)

Method:
1.place a strainer in the kettle. If you don&apos;t know what it looks like, ask someone. If you can&apos;t find it, ask a dishwasher. You will regret life if you do not do this step. Trust me.

2. Fill large pot or steam kettle with water at least 6x water to pasta ratio, turn heat to high and bring the water to a FULL boil.

3. Once water is boiling reduce heat and add pasta. Stir stir every few minutes to make sure pasta does not stick. Cook until pasta is al dente, soft but with a bit of a bite.
APPROX 7 MINUTES

4. Drain water and stir in lots of ice, stirring constantly to fully cool all pasta. Once fully cooled be sure to drain any excess water. Then add oil and stir 

5.Store the now cooled pasta: labeling and rotating this item with older product correctly and diligently 

Portioning:

Utensils needed:.
</Recipe>
	<Recipe id="P-26226" image="">1)  In large rondeau over medium-lowheat, add oil.  When oil is warm, add garlic and fry until garlic is golden brown.  Ensure to cook garlic until it is no longer bitter to taste.  Add chili flakes and fry for about 30 seconds - 1 minute more.

2)  Add crushed tomatoes and bring to a simmer.  Add seasoning and simmer 5 minutes more.  Take off heat.

3)  Add tomato sauce to appropriate vessel and puree with immersion blender until smooth.  Label, date, refrigerate. </Recipe>
	<Recipe id="P-26622" image="">
Saute the onion and garlic in the butter unitl softened and fragrant.

Add flour to make a roux.

Dilute the roux incrementally with milk stirring vigorously between additions unitl all of the milk is incorporated.

Season to taste. </Recipe>
	<Recipe id="P-32661" image="">1)  Bring water to a boil in large stock pot.  Add veg stock concentrate and stir well to combine.  Use immidiatly, or cool in appropriate container and label, date, refrigerate.</Recipe>
	<Recipe id="P-32673" image="">1)  In large stock pot, bring water to a boil.  Add concentrate and stir throughly.  Use immediately, or store in appropriate container and label, date, refrigerate.</Recipe>
	<Recipe id="P-34121" image=""/>
	<Recipe id="P-35258" image="">***COOKS AND CHEFS, PLEASE READ THE ENTIRE RECIPE BEFORE BEGINNING- THIS IS A RECOMMENDED STEP WITH EVERY PRODUCT WE EVER PRODUCE- THANK YOU***
Johnny

Related Products this prep gets used in:

Allergens: (to be filled out by nutrition)

Method:
1. Gather All Ingredients and tools
2. Using the robocoupe attachement to slice 1/8&quot;
3.  

-cool, store, label and rotated this item with older product correctly and diligently 

Portioning:

Utensils needed: insert, robocoupe
</Recipe>
	<Recipe id="P-37780" image="">***COOKS AND CHEFS, PLEASE READ THE ENTIRE RECIPE BEFORE BEGINNING- THIS IS A RECOMMENDED STEP WITH EVERY PRODUCT WE EVER PRODUCE- THANK YOU***
Amanda

Preps used in this Product recipe:

Allergens: (To be filled out by nutrition)
Method:

1. Preheat the oven to 450F.

2. Toss the cauliflower with the lemon oil, salt &amp; pepper until evenly coated.

3. On a parchment lined baking sheet place cauliflower in even layer with space betwee eac piece (don&apos;t crowd pan or veg will steam rather than roast) roast until golden and tender; Aprox. 20 minutes. Transfer to a hotel pan for service.

HOT HOLD/SERVE

*Cool, store, label and rotate this item with older product correctly and diligently
</Recipe>
	<Recipe id="P-38556" image="">1) Either by hand or using the Robocoupe 1/4&quot; dice attachment (if your not sure how to set up or properly use this machine please ask for assistance) dice onion to 1/4&quot; size.

2) Label, date, refrigerate.</Recipe>
	<Recipe id="P-41094" image="">1) Either by hand or using the Robocoupe 1/4&quot; dice attachment (if your not sure how to set up or properly use this machine please ask for assistance) dice carrots to 1/4&quot; size.

2) Label, date, refrigerate.</Recipe>
	<Recipe id="P-41095" image="">1) Either by hand or using the Robocoupe 1/4&quot; dice attachment (if your not sure how to set up or properly use this machine please ask for assistance) dice celery to 1/4&quot; size.

2) Label, date, refrigerate.</Recipe>
	<Recipe id="P-46507" image="">1) Cut cherry tomatoes in half, toss with oil and salt and pepper mix, roast in a hot oven 450F briefly 10 min or so, just to soften up and brown lightly</Recipe>
	<Recipe id="P-48489" image="">Allergen:

n/a

Icon:

n/a

Method:

Combine oil and garlic in a pot. Bring the garlic and oil to a boil over medium high heat and immediately turn heat off. Allow product to cool in oil.

Once cool strain and reserve garlic oil and confit garlic separately.

***Note***

This recipe only costs out the confit garlic portion of the recipe with the garlic flavoured oil becoming a *free* by-product.</Recipe>
	<Recipe id="P-49176" image="">PREP RECIPE
***COOKS AND CHEFS, PLEASE READ THE ENTIRE RECIPE BEFORE BEGINNING- THIS IS A RECOMMENDED STEP WITH EVERY PRODUCT WE PRODUCE- THANK YOU***

Method:
1. Preheat oven to 425F

2. Dice to 3/4&quot; and toss diced sweet potato in oil &amp; seasoning.

3. Cook 10-12 minutes until tender.

Cool, label and store.
Rotate this item with older product.
</Recipe>
	<Recipe id="P-50429" image="">***COOKS AND CHEFS, PLEASE READ THE ENTIRE RECIPE BEFORE BEGINNING- THIS IS A RECOMMENDED STEP WITH EVERY PRODUCT WE EVER PRODUCE- THANK YOU***
Amanda

Related Products this prep gets used in:

Allergens: (to be filled out by nutrition)
Method:

1.Remove the thickest parts of the stems (reserve for stock if necessary/possible)

2. using a sharp knife, lightly roll the parsley together in a bundle and slice through (chiffinade) continue this until parsley is fine. always use a slicing mottion rather than a chopping motion on soft herbs to prevent bruising.

3. Store in an apropriate size insert/cambro with a pice of paper towel at the bottom to wick away any moisture.

*Cool, store, label and rotated this item with older product correctly and diligently 






</Recipe>
	<Recipe id="P-50433" image="">1) Make beef stock from recipe.

2) In a tilt kettle set over medium heat, add the oil. Add the diced pancetta and cook for further 10 minutes, until the pancetta is golden and crisp.

3) Add the onion cook till translucent about 5 mintues, then add carrots and celery. Add half the salt and pepper mix and saute for 5 minutes.

4) Add the beef 1kg at a time, breaking up any lumps with a wooden spoon. Allowing the water and liquid from the meat to evaporate, and the meat to caramalize. Allow each batch to fully cook before adding more beef. Repeat until all meat is added and cooked.

5) Add the white wine in to tilt kettle to deglaze. With the wooden spoon, scrape all the brown bits from the bottom of the pan. Keep this process up until all brown is scraped up, and the wine should be mostly evaporated. Reduce heat to low.

6) Add the milk, tomatoes, beef broth and remaining salt and pepper. Turn up the heat to medium again and bring to boil, once boiling return to low heat and simmer for about 3 hours, stir every 20-30 mintues the consistency should be like oatmeal and be rich and creamy, no liquid should separate from the sauce when you push the sauce to the outside. Adjust seasoning to taste.

6) Place in containers, chill in blast chiller, label, date refrigerate.</Recipe>
	<Recipe id="P-50435" image="">1) Cut pancetta log in half length-wise, then cut in to 1/4&quot; slices. Then further chop the slices in to 1/4&quot; chunks.

2) Place in container, label, date, refrigerate.</Recipe>
	<Recipe id="P-50464" image="">***COOKS AND CHEFS, PLEASE READ THE ENTIRE RECIPE BEFORE BEGINNING- THIS IS A RECOMMENDED STEP WITH EVERY PRODUCT WE EVER PRODUCE- THANK YOU**

Related Products this prep gets used in:
Mac &amp; cheese

Method:

1) Set milk out to warm up while doing other steps.

2) In pot melt the butter over medium heat

3) Add the flour through fine mesh chinois while whisking melted butter to insure that no lumps are formed.

4) Stir until the mixture is smooth and with out lumps, this is the time to be more careful. Cook for 1 minute so the flour becomes tastier and absorbs the fats. The roux should be a nice golden colour.

5) Add warm milk to roux in a steady stream, whisking continuously. Simmer on low heat until it starts to thicken, but insure it does not come to a boil. Whisk in the salt and pepper mix, and nutmeg, taste for seasoning and adjust if needed. Set aside for recipe.

-cool, store, label and rotate this item with older product correctly and diligently.

Portioning:

Utensils needed:


</Recipe>
	<Recipe id="P-50469" image="">1) In large pan, brown the ground beef until the pink colour is gone. Add onion and saute until translucent, about 5 mintues, Add garlic and cook until fragrant, about 1 minute.

2) Add wine to the pan and allow to simmer and reduce a bit before adding cinnamon, all spice, parsley, tomato paste, and crushed tomatoes, and sugar.

3) Allow the sauce to simmer, uncovered, for approximately 15 minutes so that exess liquid can evaporate. It should be drier, chunkier sauce. Season to taste with salt and pepper.</Recipe>
	<Recipe id="P-50474" image="">1. Using a peeler, partially peel the eggplants, leaving strips about 1&quot; wide around the eggplant. Slice the eggplant into 1/2&quot; round slices.

2. Place the eggplant slices in a colander and salt them liberally. Cover them with an other heavy dish to weigh down the eggplant and help them purge more water. Place colander over large container or sink to drain off the water. Let sit for 1 hour.

3. If preping ahead of time you can let the purged, and rinsed eggplant dry in cooler over night.

4. Peel the potatoes, cut in to 1/4&quot; round slices, place in perferated steaming trays and steam for 7-10 mintues. They should not get too soft, just cooked enough so that they no longer crunch. 

5. Roast eggplant with oil on baking trays until cooked through. Cool and reserve for recipe.</Recipe>
	<Recipe id="R-50540" image="">1. Heat oven to 350 and bake for 20-30 minutes. Till hot all the way through, and bachemel deeply browned on top.

2. Once baked and hot, cut the baked moussaka in the hotel pan, in to 16 even pieces. Scoop out with spatulas, and place on plate. Serve.</Recipe>
	<Recipe id="R-50541" image="">1) Put 250g of pasta in a mixing bowl and add 125ml of the bolognese sauce, mix thoroughly, place in single serving dish.

2) Top with Parm, then cover with mozza.

3) In 350F oven bake for 10-20 minutes, until hot all the way through and cheese browned.</Recipe>
	<Recipe id="R-50819" image=""/>
	<Recipe id="R-50896" image="">1) Prebake flatbread first in deck oven for 4-5 minutes until bottom is crispy and edges of flatbread are golden brown before putting any toppings on.

2) After baking &amp; cooling lightly coat bottom of flatbread with cream cheese, smoked salmon, capers and sliced white onion.

3) When you get an order warm flatbread in deck oven for 1 minute.

4) Take it off from oven and garnish with fresh dill.

5) Cut into 4 even pieces and serve.

</Recipe>
	<Recipe id="P-50966" image="">Template to Cut + Paste into OC Preps:

***COOKS AND CHEFS, PLEASE READ THE ENTIRE RECIPE BEFORE BEGINNING- THIS IS A RECOMMENDED STEP WITH EVERY PRODUCT WE EVER PRODUCE- THANK YOU***
johnny

Related Products this prep gets used in:

Allergens: (to be filled out by nutrition)
Method:
1.Wash Tomato in cold water
2.Cut in half Lenght wise
3.Container label fridge
-cool, store, label and rotated this item with older product correctly and diligently 

Portioning:

Utensils needed:
knife, cutting board, storage container
</Recipe>
	<Recipe id="R-51303" image="">Method:
ladel 90 ml portion of sauce onto plate
top with portion of baked pasta
garnish with fresh parsley sprig and sprinkle of shredded parm
serve

</Recipe>
	<Recipe id="P-53126" image="">***COOKS AND CHEFS, PLEASE READ THE ENTIRE RECIPE BEFORE BEGINNING- THIS IS A RECOMMENDED STEP WITH EVERY PRODUCT WE EVER PRODUCE- THANK YOU***
Related Products this prep gets used in:

Allergens: 
Method:

1. Warm bechamel over medium heat, stirring often to ensure sauce doesn&apos;t scald on the bottom of the pot.

2. Have shredded cheese ready and add off the heat while stirring to melt.

3. Adjust seasoning.

-cool, store, label and rotate this item with older product correctly and diligently.

Portioning:

Utensils needed:
</Recipe>
	<Recipe id="P-54644" image="">1) In 2&quot; hotel pan, spread thin layer of 240g meat sauce, then layer 960g eggplant pieces on, then 480g cooked potato slices, seasoning veg with salt and pepper mix.

2) Then add a 1920g layer of the meat filling, sprinkle parm over meat.

3) Then a 960g layer of baked eggplant, topped with the 1.36L of bechemel,

4) Heat oven to 350 and bake for 20-30 minutes. Till hot all the way through, and bachemel deeply browned on top.</Recipe>
	<Recipe id="P-54664" image="C:\Users\okbrianb\Pictures\Pasta 16 pieces.bmp">***COOKS AND CHEFS, PLEASE READ THE ENTIRE RECIPE BEFORE BEGINNING- THIS IS A RECOMMENDED STEP WITH EVERY PRODUCT WE EVER PRODUCE- THANK YOU***
Related Products this prep gets used in:

Allergens: 
Method:

1. Cook off, and break up chorizo, sautee until fully cooked and browned. Remove cooked meat with slotted spoon and set asidet.

2. In the fat left by the chorizo, saute onions and peppers until fragrant. Add mushrooms until soft and most of the moisture has been cooked off.

3. Combine evenly with penne and tomato sauce.

4.  Place into 2&quot; hotel pan and top with the cheeses.

5. Cover with plastic wrap and a metal lid, steam with the thermometer in until internal temperature reachs 160F. 

6. Place in oven at 400F until cheese is golden brown. Cut in to 16 even pieces (2 x 8).

-cool, store, label and rotate this item with older product correctly and diligently.

Portioning:

Utensils needed:</Recipe>
	<Recipe id="P-54666" image="">***COOKS AND CHEFS, PLEASE READ THE ENTIRE RECIPE BEFORE BEGINNING- THIS IS A RECOMMENDED STEP WITH EVERY PRODUCT WE EVER PRODUCE- THANK YOU***
Related Products this prep gets used in:

Allergens: 
Method:

1. Warm up sauce.
 
2. Blanch broccoli.

3. Cook chicken.

4. Toss cooked pasta with sauce, broccoli, chicken and portion into a hotel pans. 

5. Cover with plastic wrap and a metal lid, steam with the thermometer in until internal temperature reachs 160F. 

6. Place in oven at 400F until cheese is golden brown. Cut in to 16 even pieces (2 x 8).

-cool, store, label and rotate this item with older product correctly and diligently.

Portioning:

Utensils needed:</Recipe>
	<Recipe id="P-54667" image="">***COOKS AND CHEFS, PLEASE READ THE ENTIRE RECIPE BEFORE BEGINNING- THIS IS A RECOMMENDED STEP WITH EVERY PRODUCT WE EVER PRODUCE- THANK YOU***
Related Products this prep gets used in:

Allergens: 
Method:

1. Mix cooked pasta with sauce evenly.

2. Place in full size hotel pans.

3. Cover with plastic wrap and a metal lid, steam with the thermometer in until internal temperature reachs 160F. 

4. Place in oven at 400F until cheese is golden brown. Cut in to 16 even pieces (2 x 8).

-cool, store, label and rotate this item with older product correctly and diligently.

Portioning:

Utensils needed:

</Recipe>
	<Recipe id="P-54697" image="">
PREP RECIPE

There are approx. 4 lemons per pound. a lemon is cut into 8 wedges, this recipe represents this.</Recipe>
	<Recipe id="P-56500" image="">***COOKS AND CHEFS, PLEASE READ THE ENTIRE RECIPE BEFORE BEGINNING- THIS IS A RECOMMENDED STEP WITH EVERY PRODUCT WE EVER PRODUCE- THANK YOU***
Related Products this prep gets used in:

Allergens: (to be filled out by nutrition)

Method:

1. Cook pasta to al dente. This is very important as the pasta will soak up the sauce and get very soft/ mushy if it is over cooked.

2. Drain pasta well and mix with sauce.

3. Adjust seasoning.

4. Top with mozzarella and parmesan and bake in a 350F oven for ??? minutes ensuring top is golden brown and pasta is hot..

5. Makes 16 portions (2 x 8).

-cool, store, label and rotate this item with older product correctly and diligently.

Portioning: 
</Recipe>
	<Recipe id="P-56502" image="">***COOKS AND CHEFS, PLEASE READ THE ENTIRE RECIPE BEFORE BEGINNING- THIS IS A RECOMMENDED STEP WITH EVERY PRODUCT WE EVER PRODUCE- THANK YOU***
Related Products this prep gets used in:

Allergens: 
Method:

1. Toss cooked pasta, shrimp &amp; grape tomatoes (cut in half) in cream sauce.

2. Put into hotel pans, top with mozzarella then parmesan.

3. Bake in 350F oven until hot through and cheese has browned.

4. Portion into 16 even portions. (2 x 8) 

-cool, store, label and rotate this item with older product correctly and diligently.

Portioning:

Utensils needed:
</Recipe>
	<Recipe id="P-57150" image="">***COOKS AND CHEFS, PLEASE READ THE ENTIRE RECIPE BEFORE BEGINNING- THIS IS A RECOMMENDED STEP WITH EVERY PRODUCT WE EVER PRODUCE- THANK YOU***
Amanda

Related Products this prep gets used in: 

Allergens: (to be filled out by nutrition)
Method:

1. Gather ingredents

2. Pick Dill fronds off the larger thick stems. Discard stems

3. Rough chop dill, Using caution not to bruise a delicate herb (use a slicing motion rather than pressing down)

*Cool, store, label and rotate this item with older product correctly and diligently </Recipe>
	<Recipe id="P-61621" image="">PREP RECIPE
***COOKS AND CHEFS, PLEASE READ THE ENTIRE RECIPE BEFORE BEGINNING- THIS IS A RECOMMENDED STEP WITH EVERY PRODUCT WE PRODUCE- THANK YOU***

Related Products this prep is used in:

Allergens: (to be filled out by nutrition)
Method:
1. gather all ingredients, and line up all the 2&quot; hotelpans you need for the number of lasagna you&apos;re making.

2. Combine ricotta and eggs and mix well.

3. build layers in this order

Bottom layer: Meat sauce 750ml
                     Noodles 8
                     Ricotta/egg mixture 500ml
                     Noodles 8
                     Meat sauce 750ml
                     Cheese sauce 500ml
                     noodle 8
                     Meat sauce 750ml
                     Cheese sauce 500ml
Top with:        mozza 500g and parm 100g
If prepairing ahead of time, leave off mozza/parm topper till you&apos;re baking them.

4. Bake at 300f for 45 minutes. Ensure noodles are cooked and internal temperature reaches 160f
Rotate this item with older product.</Recipe>
	<Recipe id="P-61658" image="">PREP RECIPE
***COOKS AND CHEFS, PLEASE READ THE ENTIRE RECIPE BEFORE BEGINNING- THIS IS A RECOMMENDED STEP WITH EVERY PRODUCT WE PRODUCE- THANK YOU***

Related Products this prep is used in:

Allergens: (to be filled out by nutrition)
Method:
1. Ensure roasted cauliflower is broken down into small pieces.

2. Mix all ingredients (including some of the mozzarella) together in a large mixing bowl reserving a bit of mozza for the top. Check for seasoning.

3. Top with mozza and parmesan. 

Rotate this item with older product.
Portioning:

Utensils needed:
</Recipe>
	<Recipe id="R-61742" image="">1) Lightly coat bottom of flat bread with pesto.

2) Evenly lay shrimp, tomatoes and parmesan. Sprinkle chili flakes.

3) Place on parchment lined flash pan and bake in deck oven for 4-5 minutes. Until bottom is crispy and edges of flatbread is golden brown.

4) Cut into 4 even pieces, garnish with arugula, squeeze fresh lemon and serve.</Recipe>
	<Recipe id="R-61743" image="">1.Pre-heat oven to 400F or grill

2. Lay flatbread in a cookie sheet, spread cheese sauce, caramelized onions &amp; roasted sweet potatoes.

3. Spread cheese over entire surface.

4. Bake 4-5 minutes or until fully cooked and side of flatbread is golden brown.

5. Take out of oven.

7. Garnish with chopped sage.

8. Cut into 4 even pieces and serve.</Recipe>
	<Recipe id="P-65898" image="">PREP RECIPE
***COOKS AND CHEFS, PLEASE READ THE ENTIRE RECIPE BEFORE BEGINNING- THIS IS A RECOMMENDED STEP WITH EVERY PRODUCT WE PRODUCE- THANK YOU***

Related Products this prep is used in:

Allergens: (to be filled out by nutrition)
Method:
1. Ensure capers are very dry.
2. Fry in 350 F deep fryer in baskets untl crispy.
3. Drain and cool on paper towel lined pan.

Label and store.
Rotate this item with older product.
</Recipe>
</Recipes>
