﻿<?xml version="1.0" encoding="UTF-8" standalone="yes"?>
<Ingredients>
	<Ingredient qty="225.000" uom="g" recipe="P-18907" invFactor="0.1837" conversion="0.00100000" ingredient="I-3643"/>
	<Ingredient qty="1000.000" uom="g" recipe="P-18907" invFactor="0.8163" conversion="1.00000000" ingredient="I-6026"/>
	<Ingredient qty="1.000" uom="Kg" recipe="P-25993" invFactor="0.0002" conversion="1000.00000000" ingredient="I-3642"/>
	<Ingredient qty="5.000" uom="Kg" recipe="P-25993" invFactor="0.0008" conversion="1000.00000000" ingredient="I-6026"/>
	<Ingredient qty="125.000" uom="ml" recipe="P-26044" invFactor="37.8788" conversion="0.03381406" ingredient="I-1813"/>
	<Ingredient qty="2.250" uom="Kg" recipe="P-26044" invFactor="0.6818" conversion="1.00000000" ingredient="I-2612"/>
	<Ingredient qty="10.000" uom="ml" recipe="P-26044" invFactor="3.0303" conversion="0.00200000" ingredient="I-3284"/>
	<Ingredient qty="250.000" uom="g" recipe="P-26044" invFactor="75.7576" conversion="0.00100000" ingredient="I-3660"/>
	<Ingredient qty="625.000" uom="ml" recipe="P-26044" invFactor="189.3939" conversion="0.00100000" ingredient="I-5983"/>
	<Ingredient qty="60.000" uom="g" recipe="P-26044" invFactor="18.1818" conversion="0.00100000" ingredient="I-6820"/>
	<Ingredient qty="1.000" uom="Kg" recipe="P-26055" invFactor="0.0012" conversion="1.00000000" ingredient="I-2156"/>
	<Ingredient qty="5.000" uom="g" recipe="P-26055" invFactor="0.0059" conversion="1.00000000" ingredient="P-18907"/>
	<Ingredient qty="1.000" uom="CT" recipe="P-26057" invFactor="1.0000" conversion="1.00000000" ingredient="I-2159"/>
	<Ingredient qty="2.000" uom="ml" recipe="P-26057" invFactor="2.0000" conversion="0.00100000" ingredient="I-3388"/>
	<Ingredient qty="0.250" uom="g" recipe="P-26057" invFactor="0.2500" conversion="1.00000000" ingredient="P-18907"/>
	<Ingredient qty="250.000" uom="ml" recipe="P-26058" invFactor="250.0000" conversion="0.03381406" ingredient="I-1813"/>
	<Ingredient qty="750.000" uom="ml" recipe="P-26058" invFactor="750.0000" conversion="0.00100000" ingredient="I-3388"/>
	<Ingredient qty="125.000" uom="ml" recipe="P-26063" invFactor="48.0769" conversion="0.03381406" ingredient="I-1813"/>
	<Ingredient qty="30.000" uom="ml" recipe="P-26063" invFactor="11.5385" conversion="0.00200000" ingredient="I-3284"/>
	<Ingredient qty="325.000" uom="g" recipe="P-26063" invFactor="125.0000" conversion="0.00100000" ingredient="I-3660"/>
	<Ingredient qty="1.800" uom="Kg" recipe="P-26063" invFactor="0.6923" conversion="2.20462000" ingredient="I-4531"/>
	<Ingredient qty="250.000" uom="ml" recipe="P-26063" invFactor="96.1538" conversion="0.00100000" ingredient="I-5983"/>
	<Ingredient qty="125.000" uom="ml" recipe="P-26063" invFactor="48.0769" conversion="0.00100000" ingredient="P-50495"/>
	<Ingredient qty="10.000" uom="g" recipe="P-26069" invFactor="0.6667" conversion="0.00220462" ingredient="I-4463"/>
	<Ingredient qty="0.100" uom="g" recipe="P-26069" invFactor="0.0067" conversion="1.00000000" ingredient="P-18907"/>
	<Ingredient qty="5.000" uom="ml" recipe="P-26069" invFactor="0.3333" conversion="0.00100000" ingredient="P-26058"/>
	<Ingredient qty="2.250" uom="Kg" recipe="P-26205" invFactor="2.0018" conversion="2.20462000" ingredient="I-4725"/>
	<Ingredient qty="100.000" uom="ml" recipe="P-26205" invFactor="88.9680" conversion="0.00100000" ingredient="I-6006"/>
	<Ingredient qty="5.000" uom="g" recipe="P-26205" invFactor="4.4484" conversion="1.00000000" ingredient="P-25993"/>
	<Ingredient qty="2.000" uom="Kg" recipe="P-28285" invFactor="0.4167" conversion="1.00000000" ingredient="I-3360"/>
	<Ingredient qty="2.800" uom="L" recipe="P-28285" invFactor="0.5833" conversion="1.00000000" ingredient="I-5983"/>
	<Ingredient qty="2.840" uom="L" recipe="P-32739" invFactor="0.9161" conversion="1.00000000" ingredient="I-3223"/>
	<Ingredient qty="20.000" uom="ml" recipe="P-32739" invFactor="6.4516" conversion="0.00200000" ingredient="I-3284"/>
	<Ingredient qty="250.000" uom="g" recipe="P-32739" invFactor="80.6452" conversion="0.00100000" ingredient="I-3660"/>
	<Ingredient qty="800.000" uom="g" recipe="P-34892" invFactor="200.0000" conversion="0.00100000" ingredient="I-14773"/>
	<Ingredient qty="3.000" uom="L" recipe="P-34892" invFactor="0.7500" conversion="1.00000000" ingredient="I-5983"/>
	<Ingredient qty="1.360" uom="Kg" recipe="P-34892" invFactor="0.3400" conversion="1000.00000000" ingredient="I-8060"/>
	<Ingredient qty="1.000" uom="CT" recipe="P-44587" invFactor="1.0000" conversion="1.00000000" ingredient="I-2159"/>
	<Ingredient qty="2.000" uom="ml" recipe="P-44587" invFactor="2.0000" conversion="0.00100000" ingredient="I-3386"/>
	<Ingredient qty="0.250" uom="g" recipe="P-44587" invFactor="0.2500" conversion="1.00000000" ingredient="P-18907"/>
	<Ingredient qty="5.000" uom="Kg" recipe="P-44592" invFactor="1.4286" conversion="1.00000000" ingredient="I-17667"/>
	<Ingredient qty="7.000" uom="CT" recipe="P-44913" invFactor="4.3750" conversion="1.00000000" ingredient="I-4472"/>
	<Ingredient qty="900.000" uom="g" recipe="P-44913" invFactor="562.5000" conversion="1.00000000" ingredient="I-4973"/>
	<Ingredient qty="45.000" uom="ml" recipe="P-44913" invFactor="28.1250" conversion="0.03381406" ingredient="I-6443"/>
	<Ingredient qty="5.000" uom="g" recipe="P-44913" invFactor="3.1250" conversion="1.00000000" ingredient="P-18907"/>
	<Ingredient qty="5.000" uom="Kg" recipe="P-46076" invFactor="2.8571" conversion="1.00000000" ingredient="I-27410"/>
	<Ingredient qty="454.000" uom="g" recipe="P-46862" invFactor="22.7000" conversion="1.00000000" ingredient="I-35791"/>
	<Ingredient qty="2.000" uom="Kg" recipe="P-50310" invFactor="0.4000" conversion="1.00000000" ingredient="I-3360"/>
	<Ingredient qty="400.000" uom="g" recipe="P-50310" invFactor="80.0000" conversion="0.00100000" ingredient="I-3471"/>
	<Ingredient qty="15.000" uom="g" recipe="P-50310" invFactor="3.0000" conversion="1.00000000" ingredient="I-3625"/>
	<Ingredient qty="5.000" uom="g" recipe="P-50310" invFactor="1.0000" conversion="1.00000000" ingredient="I-3638"/>
	<Ingredient qty="2.775" uom="L" recipe="P-50310" invFactor="0.5550" conversion="1.00000000" ingredient="I-5983"/>
	<Ingredient qty="500.000" uom="g" recipe="P-50310" invFactor="100.0000" conversion="0.00100000" ingredient="P-9714"/>
	<Ingredient qty="1.000" uom="Kg" recipe="P-50316" invFactor="0.8333" conversion="1.00000000" ingredient="I-2117"/>
	<Ingredient qty="250.000" uom="ml" recipe="P-50316" invFactor="208.3333" conversion="0.00100000" ingredient="I-2251"/>
	<Ingredient qty="60.000" uom="g" recipe="P-50316" invFactor="50.0000" conversion="0.00100000" ingredient="I-3661"/>
	<Ingredient qty="400.000" uom="ml" recipe="P-50317" invFactor="80.0000" conversion="0.03381406" ingredient="I-1813"/>
	<Ingredient qty="2.000" uom="Kg" recipe="P-50317" invFactor="0.4000" conversion="1.00000000" ingredient="I-3360"/>
	<Ingredient qty="200.000" uom="g" recipe="P-50317" invFactor="40.0000" conversion="1.00000000" ingredient="I-3587"/>
	<Ingredient qty="2.400" uom="L" recipe="P-50317" invFactor="0.4800" conversion="1.00000000" ingredient="I-5983"/>
	<Ingredient qty="150.000" uom="g" recipe="P-50337" invFactor="27.2727" conversion="0.00100000" ingredient="I-3660"/>
	<Ingredient qty="25.000" uom="g" recipe="P-50337" invFactor="4.5455" conversion="0.00220462" ingredient="I-4847"/>
	<Ingredient qty="5.000" uom="Kg" recipe="P-50337" invFactor="0.9091" conversion="1.00000000" ingredient="I-5012"/>
	<Ingredient qty="500.000" uom="ml" recipe="P-50337" invFactor="90.9091" conversion="0.00100000" ingredient="I-5983"/>
	<Ingredient qty="100.000" uom="ml" recipe="P-50337" invFactor="18.1818" conversion="0.00100000" ingredient="P-50495"/>
	<Ingredient qty="1000.000" uom="ml" recipe="P-50495" invFactor="500.0000" conversion="0.00100000" ingredient="I-5983"/>
	<Ingredient qty="1000.000" uom="g" recipe="P-50495" invFactor="500.0000" conversion="0.00100000" ingredient="I-6820"/>
	<Ingredient qty="500.000" uom="ml" recipe="P-50513" invFactor="83.3333" conversion="0.03381406" ingredient="I-1813"/>
	<Ingredient qty="60.000" uom="ml" recipe="P-50513" invFactor="10.0000" conversion="0.00200000" ingredient="I-3284"/>
	<Ingredient qty="650.000" uom="g" recipe="P-50513" invFactor="108.3333" conversion="0.00100000" ingredient="I-3660"/>
	<Ingredient qty="5.000" uom="Kg" recipe="P-50513" invFactor="0.8333" conversion="1.00000000" ingredient="I-5012"/>
	<Ingredient qty="375.000" uom="ml" recipe="P-50513" invFactor="62.5000" conversion="0.00100000" ingredient="I-5983"/>
	<Ingredient qty="70.000" uom="g" recipe="P-50513" invFactor="11.6667" conversion="0.00100000" ingredient="I-6820"/>
	<Ingredient qty="300.000" uom="g" recipe="P-50598" invFactor="136.3636" conversion="0.00220462" ingredient="I-1489"/>
	<Ingredient qty="15.000" uom="ml" recipe="P-50598" invFactor="6.8182" conversion="1.00000000" ingredient="I-20348"/>
	<Ingredient qty="1.000" uom="L" recipe="P-50598" invFactor="0.4545" conversion="1.00000000" ingredient="I-2217"/>
	<Ingredient qty="30.000" uom="g" recipe="P-50598" invFactor="13.6364" conversion="0.00100000" ingredient="I-3661"/>
	<Ingredient qty="1050.000" uom="g" recipe="P-50636" invFactor="1.6154" conversion="0.00555000" ingredient="I-4507"/>
	<Ingredient qty="125.000" uom="ml" recipe="P-50739" invFactor="50.0000" conversion="0.03381406" ingredient="I-1813"/>
	<Ingredient qty="2.500" uom="Kg" recipe="P-50739" invFactor="1.0000" conversion="1.00000000" ingredient="I-29389"/>
	<Ingredient qty="5.000" uom="g" recipe="P-50739" invFactor="2.0000" conversion="1.00000000" ingredient="I-2979"/>
	<Ingredient qty="30.000" uom="ml" recipe="P-50739" invFactor="12.0000" conversion="0.00200000" ingredient="I-3284"/>
	<Ingredient qty="325.000" uom="g" recipe="P-50739" invFactor="130.0000" conversion="0.00100000" ingredient="I-3660"/>
	<Ingredient qty="250.000" uom="ml" recipe="P-50739" invFactor="100.0000" conversion="0.00100000" ingredient="I-5983"/>
	<Ingredient qty="125.000" uom="ml" recipe="P-50739" invFactor="50.0000" conversion="0.00100000" ingredient="P-50495"/>
	<Ingredient qty="125.000" uom="ml" recipe="P-58949" invFactor="38.2497" conversion="0.03381406" ingredient="I-1813"/>
	<Ingredient qty="10.000" uom="ml" recipe="P-58949" invFactor="3.0600" conversion="0.00200000" ingredient="I-3284"/>
	<Ingredient qty="250.000" uom="g" recipe="P-58949" invFactor="76.4994" conversion="0.00100000" ingredient="I-3660"/>
	<Ingredient qty="2.250" uom="Kg" recipe="P-58949" invFactor="0.6885" conversion="1.00000000" ingredient="I-4907"/>
	<Ingredient qty="625.000" uom="ml" recipe="P-58949" invFactor="191.2485" conversion="0.00100000" ingredient="I-5983"/>
	<Ingredient qty="60.000" uom="g" recipe="P-58949" invFactor="18.3599" conversion="0.00100000" ingredient="I-6820"/>
	<Ingredient qty="22.700" uom="Kg" recipe="P-9713" invFactor="1.1762" conversion="2.20462000" ingredient="I-4589"/>
	<Ingredient qty="1.000" uom="Kg" recipe="P-9714" invFactor="1.0000" conversion="1.00000000" ingredient="P-9713"/>
	<Ingredient qty="240.000" uom="g" recipe="R-12345" invFactor="1.0000" conversion="0.00100000" ingredient="P-28285"/>
	<Ingredient qty="60.000" uom="ml" recipe="R-12345" invFactor="1.0000" conversion="0.00100000" ingredient="P-50598"/>
	<Ingredient qty="60.000" uom="ml" recipe="R-12345" invFactor="1.0000" conversion="0.00100000" ingredient="P-58949"/>
	<Ingredient qty="1.000" uom="ea" recipe="R-30406" invFactor="1.0000" conversion="1.00000000" ingredient="I-29688"/>
	<Ingredient qty="1.000" uom="CT" recipe="R-44024" invFactor="1.0000" conversion="1.00000000" ingredient="I-1152"/>
	<Ingredient qty="0.500" uom="g" recipe="R-44024" invFactor="1.0000" conversion="1.00000000" ingredient="P-18907"/>
	<Ingredient qty="125.000" uom="g" recipe="R-44024" invFactor="1.0000" conversion="1.00000000" ingredient="P-26055"/>
	<Ingredient qty="20.000" uom="g" recipe="R-44024" invFactor="1.0000" conversion="1.00000000" ingredient="P-26069"/>
	<Ingredient qty="15.000" uom="ml" recipe="R-44024" invFactor="1.0000" conversion="0.00100000" ingredient="P-34892"/>
	<Ingredient qty="65.000" uom="g" recipe="R-44024" invFactor="1.0000" conversion="0.00100000" ingredient="P-44592"/>
	<Ingredient qty="10.000" uom="ml" recipe="R-50311" invFactor="1.0000" conversion="0.00100000" ingredient="I-3388"/>
	<Ingredient qty="40.000" uom="ml" recipe="R-50311" invFactor="1.0000" conversion="0.00100000" ingredient="I-3670"/>
	<Ingredient qty="240.000" uom="ml" recipe="R-50311" invFactor="1.0000" conversion="0.00100000" ingredient="P-50310"/>
	<Ingredient qty="40.000" uom="ml" recipe="R-50311" invFactor="1.0000" conversion="0.00100000" ingredient="P-50316"/>
	<Ingredient qty="10.000" uom="ml" recipe="R-50320" invFactor="1.0000" conversion="0.00100000" ingredient="I-3388"/>
	<Ingredient qty="250.000" uom="ml" recipe="R-50320" invFactor="1.0000" conversion="0.00100000" ingredient="P-50317"/>
	<Ingredient qty="40.000" uom="ml" recipe="R-50320" invFactor="1.0000" conversion="0.00100000" ingredient="P-50598"/>
	<Ingredient qty="1.000" uom="slice" recipe="R-50368" invFactor="1.0000" conversion="1.00000000" ingredient="I-14181"/>
	<Ingredient qty="2.000" uom="slice" recipe="R-50368" invFactor="1.0000" conversion="1.00000000" ingredient="I-2310"/>
	<Ingredient qty="40.000" uom="ml" recipe="R-50368" invFactor="1.0000" conversion="0.00100000" ingredient="I-60772"/>
	<Ingredient qty="0.250" uom="g" recipe="R-50368" invFactor="1.0000" conversion="1.00000000" ingredient="P-18907"/>
	<Ingredient qty="1.000" uom="ea" recipe="R-50368" invFactor="1.0000" conversion="1.00000000" ingredient="P-26057"/>
	<Ingredient qty="10.000" uom="g" recipe="R-50368" invFactor="1.0000" conversion="1.00000000" ingredient="P-26069"/>
	<Ingredient qty="40.000" uom="g" recipe="R-50368" invFactor="1.0000" conversion="0.00100000" ingredient="P-46862"/>
	<Ingredient qty="1.000" uom="ea" recipe="R-50368" invFactor="1.0000" conversion="1.00000000" ingredient="R-30406"/>
	<Ingredient qty="2.000" uom="CT" recipe="R-50498" invFactor="1.0000" conversion="1.00000000" ingredient="I-2586"/>
	<Ingredient qty="60.000" uom="ml" recipe="R-50498" invFactor="1.0000" conversion="0.00100000" ingredient="P-32739"/>
	<Ingredient qty="100.000" uom="ml" recipe="R-50498" invFactor="1.0000" conversion="0.00100000" ingredient="P-50739"/>
	<Ingredient qty="2.000" uom="CT" recipe="R-50569" invFactor="1.0000" conversion="1.00000000" ingredient="I-2586"/>
	<Ingredient qty="40.000" uom="g" recipe="R-50569" invFactor="1.0000" conversion="1.00000000" ingredient="I-2899"/>
	<Ingredient qty="40.000" uom="ml" recipe="R-50569" invFactor="1.0000" conversion="0.00100000" ingredient="P-32739"/>
	<Ingredient qty="60.000" uom="g" recipe="R-50569" invFactor="1.0000" conversion="1.00000000" ingredient="P-50636"/>
	<Ingredient qty="2.000" uom="CT" recipe="R-50570" invFactor="1.0000" conversion="1.00000000" ingredient="I-2586"/>
	<Ingredient qty="40.000" uom="ml" recipe="R-50570" invFactor="1.0000" conversion="0.00100000" ingredient="P-32739"/>
	<Ingredient qty="65.000" uom="ml" recipe="R-50570" invFactor="1.0000" conversion="0.00100000" ingredient="P-50337"/>
	<Ingredient qty="2.000" uom="slice" recipe="R-51146" invFactor="1.0000" conversion="1.00000000" ingredient="I-17618"/>
	<Ingredient qty="2.000" uom="slice" recipe="R-51146" invFactor="1.0000" conversion="1.00000000" ingredient="I-2306"/>
	<Ingredient qty="2.000" uom="CT" recipe="R-51146" invFactor="1.0000" conversion="1.00000000" ingredient="I-2586"/>
	<Ingredient qty="5.000" uom="ml" recipe="R-51146" invFactor="1.0000" conversion="0.00100000" ingredient="I-3365"/>
	<Ingredient qty="20.000" uom="g" recipe="R-51146" invFactor="1.0000" conversion="0.00100000" ingredient="P-26205"/>
	<Ingredient qty="1.000" uom="CT" recipe="R-55155" invFactor="1.0000" conversion="1.00000000" ingredient="I-1254"/>
	<Ingredient qty="10.000" uom="g" recipe="R-55155" invFactor="1.0000" conversion="1.00000000" ingredient="P-26069"/>
	<Ingredient qty="1.000" uom="ea" recipe="R-55155" invFactor="1.0000" conversion="1.00000000" ingredient="P-44587"/>
	<Ingredient qty="30.000" uom="g" recipe="R-55155" invFactor="1.0000" conversion="0.00100000" ingredient="P-44913"/>
	<Ingredient qty="20.000" uom="g" recipe="R-55155" invFactor="1.0000" conversion="0.00100000" ingredient="P-46076"/>
	<Ingredient qty="40.000" uom="g" recipe="R-55155" invFactor="1.0000" conversion="0.00100000" ingredient="P-46862"/>
	<Ingredient qty="60.000" uom="ml" recipe="R-56489" invFactor="1.0000" conversion="0.00100000" ingredient="P-26063"/>
	<Ingredient qty="240.000" uom="g" recipe="R-56489" invFactor="1.0000" conversion="0.00100000" ingredient="P-28285"/>
	<Ingredient qty="60.000" uom="ml" recipe="R-56489" invFactor="1.0000" conversion="0.00100000" ingredient="P-50598"/>
	<Ingredient qty="60.000" uom="ml" recipe="R-64676" invFactor="1.0000" conversion="0.00100000" ingredient="P-26044"/>
	<Ingredient qty="240.000" uom="g" recipe="R-64676" invFactor="1.0000" conversion="0.00100000" ingredient="P-28285"/>
	<Ingredient qty="60.000" uom="ml" recipe="R-64676" invFactor="1.0000" conversion="0.00100000" ingredient="P-50598"/>
	<Ingredient qty="2.000" uom="slice" recipe="R-67745" invFactor="1.0000" conversion="1.00000000" ingredient="I-17618"/>
	<Ingredient qty="2.000" uom="CT" recipe="R-67745" invFactor="1.0000" conversion="1.00000000" ingredient="I-2586"/>
	<Ingredient qty="40.000" uom="g" recipe="R-67745" invFactor="1.0000" conversion="0.00100000" ingredient="P-26205"/>
	<Ingredient qty="240.000" uom="g" recipe="R-67817" invFactor="1.0000" conversion="0.00100000" ingredient="P-28285"/>
	<Ingredient qty="60.000" uom="ml" recipe="R-67817" invFactor="1.0000" conversion="0.00100000" ingredient="P-50513"/>
	<Ingredient qty="60.000" uom="ml" recipe="R-67817" invFactor="1.0000" conversion="0.00100000" ingredient="P-50598"/>
	<Ingredient qty="1.000" uom="CT" recipe="R-68023" invFactor="1.0000" conversion="1.00000000" ingredient="I-13302"/>
	<Ingredient qty="30.000" uom="ml" recipe="R-68698" invFactor="1.0000" conversion="0.00100000" ingredient="I-60772"/>
	<Ingredient qty="1.000" uom="ea" recipe="R-68698" invFactor="1.0000" conversion="1.00000000" ingredient="I-64877"/>
	<Ingredient qty="0.500" uom="each" recipe="R-68698" invFactor="1.0000" conversion="1.00000000" ingredient="I-68700"/>
	<Ingredient qty="1.000" uom="each" recipe="R-68698" invFactor="1.0000" conversion="1.00000000" ingredient="I-68718"/>
	<Ingredient qty="10.000" uom="g" recipe="R-68698" invFactor="1.0000" conversion="1.00000000" ingredient="P-26069"/>
	<Ingredient qty="30.000" uom="g" recipe="R-68698" invFactor="1.0000" conversion="0.00100000" ingredient="P-46862"/>
</Ingredients>
