﻿<?xml version="1.0" encoding="UTF-8" standalone="yes"?>
<ItemAllergens>
	<Item con_num="I-1152">
		<ItemAllergen allergenId="2">GLUTEN</ItemAllergen>
	</Item>
	<Item con_num="I-1152">
		<ItemAllergen allergenId="6">WHEAT</ItemAllergen>
	</Item>
	<Item con_num="I-1152">
		<ItemAllergen allergenId="10">SOY</ItemAllergen>
	</Item>
	<Item con_num="I-1489">
		<ItemAllergen allergenId="42">NO KNOWN PRIORITY ALLERGENS</ItemAllergen>
	</Item>
	<Item con_num="I-2117">
		<ItemAllergen allergenId="1">MILK</ItemAllergen>
	</Item>
	<Item con_num="I-2156">
		<ItemAllergen allergenId="5">EGGS</ItemAllergen>
	</Item>
	<Item con_num="I-2159">
		<ItemAllergen allergenId="5">EGGS</ItemAllergen>
	</Item>
	<Item con_num="I-2217">
		<ItemAllergen allergenId="1">MILK</ItemAllergen>
	</Item>
	<Item con_num="I-2251">
		<ItemAllergen allergenId="1">MILK</ItemAllergen>
	</Item>
	<Item con_num="I-2306">
		<ItemAllergen allergenId="13">MUSTARD</ItemAllergen>
	</Item>
	<Item con_num="I-2310">
		<ItemAllergen allergenId="13">MUSTARD</ItemAllergen>
	</Item>
	<Item con_num="I-2586">
		<ItemAllergen allergenId="1">MILK</ItemAllergen>
	</Item>
	<Item con_num="I-2586">
		<ItemAllergen allergenId="2">GLUTEN</ItemAllergen>
	</Item>
	<Item con_num="I-2586">
		<ItemAllergen allergenId="5">EGGS</ItemAllergen>
	</Item>
	<Item con_num="I-2586">
		<ItemAllergen allergenId="6">WHEAT</ItemAllergen>
	</Item>
	<Item con_num="I-2586">
		<ItemAllergen allergenId="10">SOY</ItemAllergen>
	</Item>
	<Item con_num="I-2899">
		<ItemAllergen allergenId="1">MILK</ItemAllergen>
	</Item>
	<Item con_num="I-2899">
		<ItemAllergen allergenId="10">SOY</ItemAllergen>
	</Item>
	<Item con_num="I-2899">
		<ItemAllergen allergenId="19">TREENUTS (HAZELNUTS)</ItemAllergen>
	</Item>
	<Item con_num="I-3223">
		<ItemAllergen allergenId="42">NO KNOWN PRIORITY ALLERGENS</ItemAllergen>
	</Item>
	<Item con_num="I-3360">
		<ItemAllergen allergenId="1">MILK</ItemAllergen>
	</Item>
	<Item con_num="I-3360">
		<ItemAllergen allergenId="2">GLUTEN</ItemAllergen>
	</Item>
	<Item con_num="I-3360">
		<ItemAllergen allergenId="5">EGGS</ItemAllergen>
	</Item>
	<Item con_num="I-3360">
		<ItemAllergen allergenId="6">WHEAT</ItemAllergen>
	</Item>
	<Item con_num="I-3360">
		<ItemAllergen allergenId="10">SOY</ItemAllergen>
	</Item>
	<Item con_num="I-3365">
		<ItemAllergen allergenId="13">MUSTARD</ItemAllergen>
	</Item>
	<Item con_num="I-3471">
		<ItemAllergen allergenId="42">NO KNOWN PRIORITY ALLERGENS</ItemAllergen>
	</Item>
	<Item con_num="I-8060">
		<ItemAllergen allergenId="1">MILK</ItemAllergen>
	</Item>
	<Item con_num="I-13302">
		<ItemAllergen allergenId="2">GLUTEN</ItemAllergen>
	</Item>
	<Item con_num="I-13302">
		<ItemAllergen allergenId="5">EGGS</ItemAllergen>
	</Item>
	<Item con_num="I-13302">
		<ItemAllergen allergenId="6">WHEAT</ItemAllergen>
	</Item>
	<Item con_num="I-13302">
		<ItemAllergen allergenId="10">SOY</ItemAllergen>
	</Item>
	<Item con_num="I-13302">
		<ItemAllergen allergenId="11">SULPHITES</ItemAllergen>
	</Item>
	<Item con_num="I-13302">
		<ItemAllergen allergenId="13">MUSTARD</ItemAllergen>
	</Item>
	<Item con_num="I-14181">
		<ItemAllergen allergenId="1">MILK</ItemAllergen>
	</Item>
	<Item con_num="I-14773">
		<ItemAllergen allergenId="1">MILK</ItemAllergen>
	</Item>
	<Item con_num="I-14773">
		<ItemAllergen allergenId="2">GLUTEN</ItemAllergen>
	</Item>
	<Item con_num="I-14773">
		<ItemAllergen allergenId="6">WHEAT</ItemAllergen>
	</Item>
	<Item con_num="I-17618">
		<ItemAllergen allergenId="1">MILK</ItemAllergen>
	</Item>
	<Item con_num="P-26055">
		<ItemAllergen allergenId="1">MILK</ItemAllergen>
	</Item>
	<Item con_num="I-27410">
		<ItemAllergen allergenId="42">NO KNOWN PRIORITY ALLERGENS</ItemAllergen>
	</Item>
	<Item con_num="I-29688">
		<ItemAllergen allergenId="1">MILK</ItemAllergen>
	</Item>
	<Item con_num="I-29688">
		<ItemAllergen allergenId="2">GLUTEN</ItemAllergen>
	</Item>
	<Item con_num="I-29688">
		<ItemAllergen allergenId="5">EGGS</ItemAllergen>
	</Item>
	<Item con_num="I-29688">
		<ItemAllergen allergenId="6">WHEAT</ItemAllergen>
	</Item>
	<Item con_num="I-29688">
		<ItemAllergen allergenId="10">SOY</ItemAllergen>
	</Item>
	<Item con_num="R-30406">
		<ItemAllergen allergenId="1">MILK</ItemAllergen>
	</Item>
	<Item con_num="R-30406">
		<ItemAllergen allergenId="2">GLUTEN</ItemAllergen>
	</Item>
	<Item con_num="R-30406">
		<ItemAllergen allergenId="5">EGGS</ItemAllergen>
	</Item>
	<Item con_num="R-30406">
		<ItemAllergen allergenId="6">WHEAT</ItemAllergen>
	</Item>
	<Item con_num="R-30406">
		<ItemAllergen allergenId="9">SESAME</ItemAllergen>
	</Item>
	<Item con_num="R-30406">
		<ItemAllergen allergenId="10">SOY</ItemAllergen>
	</Item>
	<Item con_num="R-44024">
		<ItemAllergen allergenId="1">MILK</ItemAllergen>
	</Item>
	<Item con_num="R-44024">
		<ItemAllergen allergenId="2">GLUTEN</ItemAllergen>
	</Item>
	<Item con_num="R-44024">
		<ItemAllergen allergenId="5">EGGS</ItemAllergen>
	</Item>
	<Item con_num="R-44024">
		<ItemAllergen allergenId="6">WHEAT</ItemAllergen>
	</Item>
	<Item con_num="R-44024">
		<ItemAllergen allergenId="10">SOY</ItemAllergen>
	</Item>
	<Item con_num="R-44024">
		<ItemAllergen allergenId="11">SULPHITES</ItemAllergen>
	</Item>
	<Item con_num="R-50311">
		<ItemAllergen allergenId="1">MILK</ItemAllergen>
	</Item>
	<Item con_num="R-50311">
		<ItemAllergen allergenId="2">GLUTEN</ItemAllergen>
	</Item>
	<Item con_num="R-50311">
		<ItemAllergen allergenId="5">EGGS</ItemAllergen>
	</Item>
	<Item con_num="R-50311">
		<ItemAllergen allergenId="6">WHEAT</ItemAllergen>
	</Item>
	<Item con_num="R-50311">
		<ItemAllergen allergenId="10">SOY</ItemAllergen>
	</Item>
	<Item con_num="R-50320">
		<ItemAllergen allergenId="1">MILK</ItemAllergen>
	</Item>
	<Item con_num="R-50320">
		<ItemAllergen allergenId="2">GLUTEN</ItemAllergen>
	</Item>
	<Item con_num="R-50320">
		<ItemAllergen allergenId="5">EGGS</ItemAllergen>
	</Item>
	<Item con_num="R-50320">
		<ItemAllergen allergenId="6">WHEAT</ItemAllergen>
	</Item>
	<Item con_num="R-50320">
		<ItemAllergen allergenId="10">SOY</ItemAllergen>
	</Item>
	<Item con_num="R-50368">
		<ItemAllergen allergenId="1">MILK</ItemAllergen>
	</Item>
	<Item con_num="R-50368">
		<ItemAllergen allergenId="2">GLUTEN</ItemAllergen>
	</Item>
	<Item con_num="R-50368">
		<ItemAllergen allergenId="5">EGGS</ItemAllergen>
	</Item>
	<Item con_num="R-50368">
		<ItemAllergen allergenId="6">WHEAT</ItemAllergen>
	</Item>
	<Item con_num="R-50368">
		<ItemAllergen allergenId="11">SULPHITES</ItemAllergen>
	</Item>
	<Item con_num="R-50368">
		<ItemAllergen allergenId="13">MUSTARD</ItemAllergen>
	</Item>
	<Item con_num="R-50498">
		<ItemAllergen allergenId="1">MILK</ItemAllergen>
	</Item>
	<Item con_num="R-50498">
		<ItemAllergen allergenId="2">GLUTEN</ItemAllergen>
	</Item>
	<Item con_num="R-50498">
		<ItemAllergen allergenId="5">EGGS</ItemAllergen>
	</Item>
	<Item con_num="R-50498">
		<ItemAllergen allergenId="6">WHEAT</ItemAllergen>
	</Item>
	<Item con_num="R-50498">
		<ItemAllergen allergenId="10">SOY</ItemAllergen>
	</Item>
	<Item con_num="R-50569">
		<ItemAllergen allergenId="1">MILK</ItemAllergen>
	</Item>
	<Item con_num="R-50569">
		<ItemAllergen allergenId="2">GLUTEN</ItemAllergen>
	</Item>
	<Item con_num="R-50569">
		<ItemAllergen allergenId="5">EGGS</ItemAllergen>
	</Item>
	<Item con_num="R-50569">
		<ItemAllergen allergenId="6">WHEAT</ItemAllergen>
	</Item>
	<Item con_num="R-50569">
		<ItemAllergen allergenId="10">SOY</ItemAllergen>
	</Item>
	<Item con_num="R-50569">
		<ItemAllergen allergenId="19">TREENUTS (HAZELNUTS)</ItemAllergen>
	</Item>
	<Item con_num="R-50570">
		<ItemAllergen allergenId="1">MILK</ItemAllergen>
	</Item>
	<Item con_num="R-50570">
		<ItemAllergen allergenId="2">GLUTEN</ItemAllergen>
	</Item>
	<Item con_num="R-50570">
		<ItemAllergen allergenId="5">EGGS</ItemAllergen>
	</Item>
	<Item con_num="R-50570">
		<ItemAllergen allergenId="6">WHEAT</ItemAllergen>
	</Item>
	<Item con_num="R-50570">
		<ItemAllergen allergenId="10">SOY</ItemAllergen>
	</Item>
	<Item con_num="R-51146">
		<ItemAllergen allergenId="1">MILK</ItemAllergen>
	</Item>
	<Item con_num="R-51146">
		<ItemAllergen allergenId="2">GLUTEN</ItemAllergen>
	</Item>
	<Item con_num="R-51146">
		<ItemAllergen allergenId="5">EGGS</ItemAllergen>
	</Item>
	<Item con_num="R-51146">
		<ItemAllergen allergenId="6">WHEAT</ItemAllergen>
	</Item>
	<Item con_num="R-51146">
		<ItemAllergen allergenId="10">SOY</ItemAllergen>
	</Item>
	<Item con_num="R-51146">
		<ItemAllergen allergenId="11">SULPHITES</ItemAllergen>
	</Item>
	<Item con_num="R-51146">
		<ItemAllergen allergenId="13">MUSTARD</ItemAllergen>
	</Item>
	<Item con_num="R-55155">
		<ItemAllergen allergenId="2">GLUTEN</ItemAllergen>
	</Item>
	<Item con_num="R-55155">
		<ItemAllergen allergenId="5">EGGS</ItemAllergen>
	</Item>
	<Item con_num="R-55155">
		<ItemAllergen allergenId="6">WHEAT</ItemAllergen>
	</Item>
	<Item con_num="R-56489">
		<ItemAllergen allergenId="1">MILK</ItemAllergen>
	</Item>
	<Item con_num="R-56489">
		<ItemAllergen allergenId="2">GLUTEN</ItemAllergen>
	</Item>
	<Item con_num="R-56489">
		<ItemAllergen allergenId="5">EGGS</ItemAllergen>
	</Item>
	<Item con_num="R-56489">
		<ItemAllergen allergenId="6">WHEAT</ItemAllergen>
	</Item>
	<Item con_num="R-56489">
		<ItemAllergen allergenId="10">SOY</ItemAllergen>
	</Item>
	<Item con_num="I-60772">
		<ItemAllergen allergenId="10">SOY</ItemAllergen>
	</Item>
	<Item con_num="I-60772">
		<ItemAllergen allergenId="11">SULPHITES</ItemAllergen>
	</Item>
	<Item con_num="R-64676">
		<ItemAllergen allergenId="1">MILK</ItemAllergen>
	</Item>
	<Item con_num="R-64676">
		<ItemAllergen allergenId="2">GLUTEN</ItemAllergen>
	</Item>
	<Item con_num="R-64676">
		<ItemAllergen allergenId="5">EGGS</ItemAllergen>
	</Item>
	<Item con_num="R-64676">
		<ItemAllergen allergenId="6">WHEAT</ItemAllergen>
	</Item>
	<Item con_num="R-64676">
		<ItemAllergen allergenId="10">SOY</ItemAllergen>
	</Item>
	<Item con_num="I-64877">
		<ItemAllergen allergenId="2">GLUTEN</ItemAllergen>
	</Item>
	<Item con_num="I-64877">
		<ItemAllergen allergenId="6">WHEAT</ItemAllergen>
	</Item>
	<Item con_num="I-64877">
		<ItemAllergen allergenId="11">SULPHITES</ItemAllergen>
	</Item>
</ItemAllergens>
