﻿<?xml version="1.0" encoding="UTF-8" standalone="yes"?>
<Preps>
	<Prep id="P-50310" active="Y" keyItem="Y">
		<Description>BATTER|Pancake|Carrot Cake</Description>
		<Barcode>0050310</Barcode>
		<Cost>2.1816</Cost>
		<PakQty>5.000</PakQty>
		<PakUOM>L</PakUOM>
		<Comments/>
		<InventoryGroup id="47">PREP</InventoryGroup>
		<SalesCategory id="2">Food</SalesCategory>
		<IncomeAccount id="14" ref="Gross Sales" type="I" locked="Y">Gross Sales</IncomeAccount>
		<Location id="500">OK - PROCESSED </Location>
	</Prep>
	<Prep id="P-50317" active="Y" keyItem="Y">
		<Description>BATTER|Pancake|Lemon Poppyseed</Description>
		<Barcode>0050317</Barcode>
		<Cost>2.5927</Cost>
		<PakQty>5.000</PakQty>
		<PakUOM>L</PakUOM>
		<Comments/>
		<InventoryGroup id="47">PREP</InventoryGroup>
		<SalesCategory id="2">Food</SalesCategory>
		<IncomeAccount id="14" ref="Gross Sales" type="I" locked="Y">Gross Sales</IncomeAccount>
		<Location id="500">OK - PROCESSED </Location>
	</Prep>
	<Prep id="P-28285" active="Y" keyItem="Y">
		<Description>BATTER|Pancakes</Description>
		<Barcode/>
		<Cost>1.6977</Cost>
		<PakQty>4.800</PakQty>
		<PakUOM>Kg</PakUOM>
		<Comments/>
		<InventoryGroup id="47">PREP</InventoryGroup>
		<SalesCategory id="2">Food</SalesCategory>
		<IncomeAccount id="14" ref="Gross Sales" type="I" locked="Y">Gross Sales</IncomeAccount>
		<Location id="500">OK - PROCESSED </Location>
	</Prep>
	<Prep id="P-50739" active="Y" keyItem="N">
		<Description>COMPOTE|Apple Cinnamon</Description>
		<Barcode/>
		<Cost>5.6142</Cost>
		<PakQty>2.500</PakQty>
		<PakUOM>L</PakUOM>
		<Comments>1 week</Comments>
		<InventoryGroup id="47">PREP</InventoryGroup>
		<SalesCategory id="2">Food</SalesCategory>
		<IncomeAccount id="14" ref="Gross Sales" type="I" locked="Y">Gross Sales</IncomeAccount>
		<Location id="500">OK - PROCESSED </Location>
	</Prep>
	<Prep id="P-26063" active="Y" keyItem="Y">
		<Description>COMPOTE|Blueberry</Description>
		<Barcode/>
		<Cost>5.5191</Cost>
		<PakQty>2.600</PakQty>
		<PakUOM>L</PakUOM>
		<Comments>1 week</Comments>
		<InventoryGroup id="47">PREP</InventoryGroup>
		<SalesCategory id="2">Food</SalesCategory>
		<IncomeAccount id="14" ref="Gross Sales" type="I" locked="Y">Gross Sales</IncomeAccount>
		<Location id="500">OK - PROCESSED </Location>
	</Prep>
	<Prep id="P-26044" active="Y" keyItem="Y">
		<Description>COMPOTE|Mixed Berry</Description>
		<Barcode/>
		<Cost>3.1282</Cost>
		<PakQty>3.300</PakQty>
		<PakUOM>L</PakUOM>
		<Comments/>
		<InventoryGroup id="47">PREP</InventoryGroup>
		<SalesCategory id="2">Food</SalesCategory>
		<IncomeAccount id="14" ref="Gross Sales" type="I" locked="Y">Gross Sales</IncomeAccount>
		<Location id="500">OK - PROCESSED </Location>
	</Prep>
	<Prep id="P-50513" active="Y" keyItem="Y">
		<Description>COMPOTE|Peach</Description>
		<Barcode/>
		<Cost>9.2270</Cost>
		<PakQty>6.000</PakQty>
		<PakUOM>L</PakUOM>
		<Comments>1 week</Comments>
		<InventoryGroup id="47">PREP</InventoryGroup>
		<SalesCategory id="2">Food</SalesCategory>
		<IncomeAccount id="14" ref="Gross Sales" type="I" locked="Y">Gross Sales</IncomeAccount>
		<Location id="500">OK - PROCESSED </Location>
	</Prep>
	<Prep id="P-50337" active="Y" keyItem="N">
		<Description>COMPOTE|Peach Rosemary</Description>
		<Barcode/>
		<Cost>8.9245</Cost>
		<PakQty>5.500</PakQty>
		<PakUOM>L</PakUOM>
		<Comments/>
		<InventoryGroup id=""/>
		<SalesCategory id=""/>
		<IncomeAccount id="" ref="" type="" locked=""/>
		<Location id=""/>
	</Prep>
	<Prep id="P-58949" active="Y" keyItem="Y">
		<Description>COMPOTE|Strawberry</Description>
		<Barcode/>
		<Cost>9.7436</Cost>
		<PakQty>3.268</PakQty>
		<PakUOM>L</PakUOM>
		<Comments/>
		<InventoryGroup id="47">PREP</InventoryGroup>
		<SalesCategory id="2">Food</SalesCategory>
		<IncomeAccount id="14" ref="Gross Sales" type="I" locked="Y">Gross Sales</IncomeAccount>
		<Location id="500">OK - PROCESSED </Location>
	</Prep>
	<Prep id="P-26058" active="Y" keyItem="Y">
		<Description>DRESSING|Citrus Oil</Description>
		<Barcode/>
		<Cost>3.7657</Cost>
		<PakQty>1.000</PakQty>
		<PakUOM>L</PakUOM>
		<Comments>1 week</Comments>
		<InventoryGroup id="47">PREP</InventoryGroup>
		<SalesCategory id="2">Food</SalesCategory>
		<IncomeAccount id="14" ref="Gross Sales" type="I" locked="Y">Gross Sales</IncomeAccount>
		<Location id="500">OK - PROCESSED </Location>
	</Prep>
	<Prep id="P-50316" active="Y" keyItem="Y">
		<Description>DRIZZLE|Cream Cheese</Description>
		<Barcode>0050316</Barcode>
		<Cost>8.7904</Cost>
		<PakQty>1.200</PakQty>
		<PakUOM>L</PakUOM>
		<Comments/>
		<InventoryGroup id="47">PREP</InventoryGroup>
		<SalesCategory id="2">Food</SalesCategory>
		<IncomeAccount id="14" ref="Gross Sales" type="I" locked="Y">Gross Sales</IncomeAccount>
		<Location id="500">OK - PROCESSED </Location>
	</Prep>
	<Prep id="P-26055" active="Y" keyItem="N">
		<Description>EGG|Scrambled</Description>
		<Barcode/>
		<Cost>0.0058</Cost>
		<PakQty>850.000</PakQty>
		<PakUOM>g</PakUOM>
		<Comments>20 minutes</Comments>
		<InventoryGroup id="299">ZDONT USE OK - PREP</InventoryGroup>
		<SalesCategory id="2">Food</SalesCategory>
		<IncomeAccount id="14" ref="Gross Sales" type="I" locked="Y">Gross Sales</IncomeAccount>
		<Location id="4">PREP</Location>
	</Prep>
	<Prep id="P-26057" active="Y" keyItem="N">
		<Description>FRIED|Sunny/Overeasy Egg</Description>
		<Barcode/>
		<Cost>0.3513</Cost>
		<PakQty>1.000</PakQty>
		<PakUOM>ea</PakUOM>
		<Comments>10 minutes</Comments>
		<InventoryGroup id="299">ZDONT USE OK - PREP</InventoryGroup>
		<SalesCategory id="2">Food</SalesCategory>
		<IncomeAccount id="14" ref="Gross Sales" type="I" locked="Y">Gross Sales</IncomeAccount>
		<Location id=""/>
	</Prep>
	<Prep id="P-44587" active="Y" keyItem="N">
		<Description>GRL|FRIED|Egg</Description>
		<Barcode/>
		<Cost>0.3520</Cost>
		<PakQty>1.000</PakQty>
		<PakUOM>ea</PakUOM>
		<Comments/>
		<InventoryGroup id=""/>
		<SalesCategory id=""/>
		<IncomeAccount id="" ref="" type="" locked=""/>
		<Location id=""/>
	</Prep>
	<Prep id="P-25993" active="Y" keyItem="N">
		<Description>MIX|Salt and Pepper - FT</Description>
		<Barcode/>
		<Cost>0.0081</Cost>
		<PakQty>6000.000</PakQty>
		<PakUOM>g</PakUOM>
		<Comments/>
		<InventoryGroup id=""/>
		<SalesCategory id=""/>
		<IncomeAccount id="" ref="" type="" locked=""/>
		<Location id="501">OK - FOOD TRUCK</Location>
	</Prep>
	<Prep id="P-18907" active="Y" keyItem="N">
		<Description>MIX|Salt&amp;Pepper</Description>
		<Barcode/>
		<Cost>0.0086</Cost>
		<PakQty>1225.000</PakQty>
		<PakUOM>g</PakUOM>
		<Comments/>
		<InventoryGroup id=""/>
		<SalesCategory id=""/>
		<IncomeAccount id="" ref="" type="" locked=""/>
		<Location id=""/>
	</Prep>
	<Prep id="P-46862" active="Y" keyItem="Y">
		<Description>PREP|Slice|Roma</Description>
		<Barcode/>
		<Cost>0.0704</Cost>
		<PakQty>20.000</PakQty>
		<PakUOM>slice</PakUOM>
		<Comments/>
		<InventoryGroup id="47">PREP</InventoryGroup>
		<SalesCategory id="2">Food</SalesCategory>
		<IncomeAccount id="14" ref="Gross Sales" type="I" locked="Y">Gross Sales</IncomeAccount>
		<Location id="500">OK - PROCESSED </Location>
	</Prep>
	<Prep id="P-26069" active="Y" keyItem="Y">
		<Description>SALAD|Citrus Scented Arugula</Description>
		<Barcode/>
		<Cost>0.0123</Cost>
		<PakQty>15.000</PakQty>
		<PakUOM>g</PakUOM>
		<Comments/>
		<InventoryGroup id="47">PREP</InventoryGroup>
		<SalesCategory id="2">Food</SalesCategory>
		<IncomeAccount id="14" ref="Gross Sales" type="I" locked="Y">Gross Sales</IncomeAccount>
		<Location id="459">OK - STN - GRILL</Location>
	</Prep>
	<Prep id="P-34892" active="Y" keyItem="Y">
		<Description>SAUCE|Hollandaise|GRL</Description>
		<Barcode/>
		<Cost>9.9648</Cost>
		<PakQty>4.000</PakQty>
		<PakUOM>L</PakUOM>
		<Comments>July 2018 (Fiscal 19)</Comments>
		<InventoryGroup id="47">PREP</InventoryGroup>
		<SalesCategory id="2">Food</SalesCategory>
		<IncomeAccount id="14" ref="Gross Sales" type="I" locked="Y">Gross Sales</IncomeAccount>
		<Location id="459">OK - STN - GRILL</Location>
	</Prep>
	<Prep id="P-26205" active="Y" keyItem="Y">
		<Description>SAUTEED|Mushroom</Description>
		<Barcode/>
		<Cost>13.5106</Cost>
		<PakQty>1.124</PakQty>
		<PakUOM>Kg</PakUOM>
		<Comments/>
		<InventoryGroup id="47">PREP</InventoryGroup>
		<SalesCategory id="2">Food</SalesCategory>
		<IncomeAccount id="14" ref="Gross Sales" type="I" locked="Y">Gross Sales</IncomeAccount>
		<Location id="459">OK - STN - GRILL</Location>
	</Prep>
	<Prep id="P-9714" active="Y" keyItem="N">
		<Description>SHREDDED|Carrot Jumbo</Description>
		<Barcode/>
		<Cost>2.2144</Cost>
		<PakQty>1.000</PakQty>
		<PakUOM>Kg</PakUOM>
		<Comments/>
		<InventoryGroup id=""/>
		<SalesCategory id=""/>
		<IncomeAccount id="" ref="" type="" locked=""/>
		<Location id=""/>
	</Prep>
	<Prep id="P-50495" active="Y" keyItem="N">
		<Description>SLURRY|Cornstarch</Description>
		<Barcode/>
		<Cost>1.7790</Cost>
		<PakQty>2.000</PakQty>
		<PakUOM>L</PakUOM>
		<Comments/>
		<InventoryGroup id=""/>
		<SalesCategory id=""/>
		<IncomeAccount id="" ref="" type="" locked=""/>
		<Location id=""/>
	</Prep>
	<Prep id="P-44913" active="Y" keyItem="Y">
		<Description>SMASHED|Chunky Avocado</Description>
		<Barcode/>
		<Cost>12.7021</Cost>
		<PakQty>1.600</PakQty>
		<PakUOM>Kg</PakUOM>
		<Comments>July 2018 (Fiscal)</Comments>
		<InventoryGroup id="47">PREP</InventoryGroup>
		<SalesCategory id="2">Food</SalesCategory>
		<IncomeAccount id="14" ref="Gross Sales" type="I" locked="Y">Gross Sales</IncomeAccount>
		<Location id="459">OK - STN - GRILL</Location>
	</Prep>
	<Prep id="P-50598" active="Y" keyItem="N">
		<Description>WHIPPED|Chantilly|Lemon</Description>
		<Barcode/>
		<Cost>5.0672</Cost>
		<PakQty>2.200</PakQty>
		<PakUOM>L</PakUOM>
		<Comments/>
		<InventoryGroup id=""/>
		<SalesCategory id=""/>
		<IncomeAccount id="" ref="" type="" locked=""/>
		<Location id=""/>
	</Prep>
	<Prep id="P-32739" active="Y" keyItem="Y">
		<Description>WHIPPED|CoconutCream</Description>
		<Barcode/>
		<Cost>4.6420</Cost>
		<PakQty>3.100</PakQty>
		<PakUOM>L</PakUOM>
		<Comments/>
		<InventoryGroup id="47">PREP</InventoryGroup>
		<SalesCategory id="2">Food</SalesCategory>
		<IncomeAccount id="14" ref="Gross Sales" type="I" locked="Y">Gross Sales</IncomeAccount>
		<Location id="500">OK - PROCESSED </Location>
	</Prep>
	<Prep id="P-46076" active="Y" keyItem="Y">
		<Description>YIELD|Bacon|COOKED</Description>
		<Barcode/>
		<Cost>34.2857</Cost>
		<PakQty>1.750</PakQty>
		<PakUOM>Kg</PakUOM>
		<Comments>September 19 (Fiscal 18)</Comments>
		<InventoryGroup id="47">PREP</InventoryGroup>
		<SalesCategory id="2">Food</SalesCategory>
		<IncomeAccount id="14" ref="Gross Sales" type="I" locked="Y">Gross Sales</IncomeAccount>
		<Location id="304">OK - MEAT COOLER</Location>
	</Prep>
	<Prep id="P-50636" active="Y" keyItem="N">
		<Description>YIELD|Banana|Peeled</Description>
		<Barcode/>
		<Cost>0.0084</Cost>
		<PakQty>650.000</PakQty>
		<PakUOM>g</PakUOM>
		<Comments/>
		<InventoryGroup id=""/>
		<SalesCategory id=""/>
		<IncomeAccount id="" ref="" type="" locked=""/>
		<Location id=""/>
	</Prep>
	<Prep id="P-9713" active="Y" keyItem="N">
		<Description>YIELD|Carrot Jumbo|Processed</Description>
		<Barcode/>
		<Cost>2.2144</Cost>
		<PakQty>19.300</PakQty>
		<PakUOM>Kg</PakUOM>
		<Comments/>
		<InventoryGroup id=""/>
		<SalesCategory id=""/>
		<IncomeAccount id="" ref="" type="" locked=""/>
		<Location id="303">OK - PRODUCE COOLER</Location>
	</Prep>
	<Prep id="P-44592" active="Y" keyItem="Y">
		<Description>YIELD|Chorizo Grind|GRL</Description>
		<Barcode/>
		<Cost>16.1514</Cost>
		<PakQty>3.500</PakQty>
		<PakUOM>Kg</PakUOM>
		<Comments/>
		<InventoryGroup id="47">PREP</InventoryGroup>
		<SalesCategory id="2">Food</SalesCategory>
		<IncomeAccount id="14" ref="Gross Sales" type="I" locked="Y">Gross Sales</IncomeAccount>
		<Location id="304">OK - MEAT COOLER</Location>
	</Prep>
</Preps>
