﻿<?xml version="1.0" encoding="UTF-8" standalone="yes"?>
<Prods>
	<Prod id="R-30406" active="Y" special="N">
		<Description>G&amp;G|Croissant|Multigrain|OK </Description>
		<Barcode/>
		<Cost>1.4580</Cost>
		<Comments>par baked</Comments>
		<SalesGroup id="363">OK - GRAB &amp; GO</SalesGroup>
		<SalesCategory id="2">Food</SalesCategory>
		<IncomeAccount id="14" ref="Gross Sales" type="I" locked="Y">Gross Sales</IncomeAccount>
		<TaxGroup id=""/>
		<Price>2.75</Price>
		<PLU num="20194">MULTIGRAIN CROISSANT</PLU>
	</Prod>
	<Prod id="R-55155" active="Y" special="N">
		<Description>GRL|Breakfast BLT</Description>
		<Barcode/>
		<Cost>2.1879</Cost>
		<Comments/>
		<SalesGroup id="330">OK - GRILL KITCHEN BREAKFAST</SalesGroup>
		<SalesCategory id="2">Food</SalesCategory>
		<IncomeAccount id="14" ref="Gross Sales" type="I" locked="Y">Gross Sales</IncomeAccount>
		<TaxGroup id=""/>
		<Price>0</Price>
		<PLU num="32306">BREAKFAST BLT</PLU>
	</Prod>
	<Prod id="R-44024" active="Y" special="N">
		<Description>GRL|Breakfast Wrap</Description>
		<Barcode/>
		<Cost>2.5888</Cost>
		<Comments>July 2018 (Fiscal 19)</Comments>
		<SalesGroup id="330">OK - GRILL KITCHEN BREAKFAST</SalesGroup>
		<SalesCategory id="2">Food</SalesCategory>
		<IncomeAccount id="14" ref="Gross Sales" type="I" locked="Y">Gross Sales</IncomeAccount>
		<TaxGroup id=""/>
		<Price>7.99</Price>
		<PLU num="32305">BREAKFAST WRAP</PLU>
	</Prod>
	<Prod id="R-50368" active="Y" special="N">
		<Description>GRL|BreakfastCroissant</Description>
		<Barcode/>
		<Cost>3.0179</Cost>
		<Comments>June 2018 (F19) - Grill</Comments>
		<SalesGroup id="330">OK - GRILL KITCHEN BREAKFAST</SalesGroup>
		<SalesCategory id="2">Food</SalesCategory>
		<IncomeAccount id="14" ref="Gross Sales" type="I" locked="Y">Gross Sales</IncomeAccount>
		<TaxGroup id=""/>
		<Price>8.99</Price>
		<PLU num="29157">BREAKFAST CROISSANT</PLU>
	</Prod>
	<Prod id="R-50498" active="Y" special="N">
		<Description>GRL|Crepe|Apple Cinnamon</Description>
		<Barcode/>
		<Cost>1.4401</Cost>
		<Comments/>
		<SalesGroup id="330">OK - GRILL KITCHEN BREAKFAST</SalesGroup>
		<SalesCategory id="2">Food</SalesCategory>
		<IncomeAccount id="14" ref="Gross Sales" type="I" locked="Y">Gross Sales</IncomeAccount>
		<TaxGroup id=""/>
		<Price>0</Price>
		<PLU num="29159">APPLE CINNAMON CREPE</PLU>
	</Prod>
	<Prod id="R-51146" active="Y" special="N">
		<Description>GRL|Crepe|Ham and Swiss</Description>
		<Barcode/>
		<Cost>1.9047</Cost>
		<Comments/>
		<SalesGroup id="362">OK - GRILL BRUNCH</SalesGroup>
		<SalesCategory id="2">Food</SalesCategory>
		<IncomeAccount id="14" ref="Gross Sales" type="I" locked="Y">Gross Sales</IncomeAccount>
		<TaxGroup id=""/>
		<Price>0</Price>
		<PLU num="29156">HAM AND SWISS CREPE</PLU>
	</Prod>
	<Prod id="R-67745" active="Y" special="N">
		<Description>GRL|Crepe|Mushroom Swiss</Description>
		<Barcode/>
		<Cost>1.6926</Cost>
		<Comments/>
		<SalesGroup id="362">OK - GRILL BRUNCH</SalesGroup>
		<SalesCategory id="2">Food</SalesCategory>
		<IncomeAccount id="14" ref="Gross Sales" type="I" locked="Y">Gross Sales</IncomeAccount>
		<TaxGroup id=""/>
		<Price>0</Price>
		<PLU num=""/>
	</Prod>
	<Prod id="R-50569" active="Y" special="N">
		<Description>GRL|Crepe|Nutella Banana</Description>
		<Barcode/>
		<Cost>1.5939</Cost>
		<Comments/>
		<SalesGroup id="330">OK - GRILL KITCHEN BREAKFAST</SalesGroup>
		<SalesCategory id="2">Food</SalesCategory>
		<IncomeAccount id="14" ref="Gross Sales" type="I" locked="Y">Gross Sales</IncomeAccount>
		<TaxGroup id=""/>
		<Price>0</Price>
		<PLU num="28451">BANANA NUTELLA CREPE</PLU>
	</Prod>
	<Prod id="R-50570" active="Y" special="N">
		<Description>GRL|Crepe|Rosemary Peach</Description>
		<Barcode/>
		<Cost>1.3660</Cost>
		<Comments/>
		<SalesGroup id="362">OK - GRILL BRUNCH</SalesGroup>
		<SalesCategory id="2">Food</SalesCategory>
		<IncomeAccount id="14" ref="Gross Sales" type="I" locked="Y">Gross Sales</IncomeAccount>
		<TaxGroup id=""/>
		<Price>0</Price>
		<PLU num="29154">PEACH ROSEMARY CREPE</PLU>
	</Prod>
	<Prod id="R-50311" active="Y" special="N">
		<Description>GRL|Pancake|Carrot Cake</Description>
		<Barcode/>
		<Cost>1.4999</Cost>
		<Comments/>
		<SalesGroup id="330">OK - GRILL KITCHEN BREAKFAST</SalesGroup>
		<SalesCategory id="2">Food</SalesCategory>
		<IncomeAccount id="14" ref="Gross Sales" type="I" locked="Y">Gross Sales</IncomeAccount>
		<TaxGroup id=""/>
		<Price>4.99</Price>
		<PLU num="29153">CARROT CAKE PANCAKE</PLU>
	</Prod>
	<Prod id="R-50320" active="Y" special="N">
		<Description>GRL|Pancake|Lemon Poppyseed</Description>
		<Barcode/>
		<Cost>0.8848</Cost>
		<Comments/>
		<SalesGroup id="330">OK - GRILL KITCHEN BREAKFAST</SalesGroup>
		<SalesCategory id="2">Food</SalesCategory>
		<IncomeAccount id="14" ref="Gross Sales" type="I" locked="Y">Gross Sales</IncomeAccount>
		<TaxGroup id=""/>
		<Price>4.99</Price>
		<PLU num="29158">LEMON POPPYSEED PANCAKE</PLU>
	</Prod>
	<Prod id="R-56489" active="Y" special="N">
		<Description>GRL|Pancakes|Blueberry</Description>
		<Barcode/>
		<Cost>1.0426</Cost>
		<Comments/>
		<SalesGroup id="330">OK - GRILL KITCHEN BREAKFAST</SalesGroup>
		<SalesCategory id="2">Food</SalesCategory>
		<IncomeAccount id="14" ref="Gross Sales" type="I" locked="Y">Gross Sales</IncomeAccount>
		<TaxGroup id=""/>
		<Price>0</Price>
		<PLU num="18966">BLUEBERRY PANCAKES</PLU>
	</Prod>
	<Prod id="R-64676" active="Y" special="N">
		<Description>GRL|Pancakes|Mixed Berry</Description>
		<Barcode/>
		<Cost>0.8992</Cost>
		<Comments/>
		<SalesGroup id="339">OK - GRILL KITCHEN BRUNCH</SalesGroup>
		<SalesCategory id="2">Food</SalesCategory>
		<IncomeAccount id="14" ref="Gross Sales" type="I" locked="Y">Gross Sales</IncomeAccount>
		<TaxGroup id=""/>
		<Price>0</Price>
		<PLU num="35774">MIXED BERRY PANCAKE</PLU>
	</Prod>
	<Prod id="R-67817" active="Y" special="N">
		<Description>GRL|Pancakes|Peach</Description>
		<Barcode/>
		<Cost>1.2651</Cost>
		<Comments/>
		<SalesGroup id="330">OK - GRILL KITCHEN BREAKFAST</SalesGroup>
		<SalesCategory id="2">Food</SalesCategory>
		<IncomeAccount id="14" ref="Gross Sales" type="I" locked="Y">Gross Sales</IncomeAccount>
		<TaxGroup id=""/>
		<Price>0</Price>
		<PLU num=""/>
	</Prod>
	<Prod id="R-12345" active="Y" special="N">
		<Description>GRL|Pancakes|Strawberry</Description>
		<Barcode/>
		<Cost>1.2961</Cost>
		<Comments/>
		<SalesGroup id="339">OK - GRILL KITCHEN BRUNCH</SalesGroup>
		<SalesCategory id="2">Food</SalesCategory>
		<IncomeAccount id="14" ref="Gross Sales" type="I" locked="Y">Gross Sales</IncomeAccount>
		<TaxGroup id=""/>
		<Price>0</Price>
		<PLU num=""/>
	</Prod>
	<Prod id="R-68698" active="Y" special="N">
		<Description>GRL|Vegan Breakfast Sandwich</Description>
		<Barcode/>
		<Cost>2.3885</Cost>
		<Comments/>
		<SalesGroup id="330">OK - GRILL KITCHEN BREAKFAST</SalesGroup>
		<SalesCategory id="2">Food</SalesCategory>
		<IncomeAccount id="14" ref="Gross Sales" type="I" locked="Y">Gross Sales</IncomeAccount>
		<TaxGroup id=""/>
		<Price>0</Price>
		<PLU num=""/>
	</Prod>
	<Prod id="R-68023" active="Y" special="N">
		<Description>SAMOSA|Breakfast</Description>
		<Barcode/>
		<Cost>1.4000</Cost>
		<Comments/>
		<SalesGroup id="333">OK - SIDES</SalesGroup>
		<SalesCategory id="2">Food</SalesCategory>
		<IncomeAccount id="14" ref="Gross Sales" type="I" locked="Y">Gross Sales</IncomeAccount>
		<TaxGroup id=""/>
		<Price>0</Price>
		<PLU num=""/>
	</Prod>
</Prods>
