﻿<?xml version="1.0" encoding="UTF-8" standalone="yes"?>
<Recipes>
	<Recipe id="P-9713" image="">Yield for peeled trimmed peeled carrots is approx 85%

22.7 kg = 50 lbs 
</Recipe>
	<Recipe id="P-9714" image="">***COOKS AND CHEFS, PLEASE READ THE ENTIRE RECIPE BEFORE BEGINNING- THIS IS A RECOMMENDED STEP WI Johnny
TH EVERY PRODUCT WE EVER PRODUCE- THANK YOU***

Related Products this prep gets used in:

Allergens: (to be filled out by nutrition)
Method:
1.
2.
3.
-cool, store, label and rotated this item with older product correctly and diligently 

Portioning:

Utensils needed:
</Recipe>
	<Recipe id="P-25993" image="">1) Combine and mix well

2) Place in appropriate sized container, lable and date.</Recipe>
	<Recipe id="P-26044" image="">1)  In a sauce pot, combine half of berry mix, lemon juice, vanilla extract, sugar and water.  Bring to a simmer.  Allow water to reduce slightly and sugar to dissolve.

2)  Combine corn starch and cold water to make a slurry.  Add to simmering compote to thicken.

3)  Add remaining berries and allow to heat through until no longer frozen.  Add more water if necessary if mixture is too stiff.

4)  Store in appropriate vessel.  Label, date, refrigerate.
</Recipe>
	<Recipe id="P-26055" image="">1. Put liquid egg in hotel pan and put in rationale oven on 100% steam for 10-15 minutes, or until the egg have cooked, but are still slightly creamy.

2. Add to vessel. Add fresh herbs, seasoning and serve.
</Recipe>
	<Recipe id="P-26057" image="">1. Pre heaet grill to 350F/medium heaet

2. Spread oil on grill and allow to get hot

3. Crack egg on oil, allow whites and yolk to set. Season with salt &amp; pepper for sunny side up egg

4. Gently flip over and cook for 15 - 30 seconds for over easy egg</Recipe>
	<Recipe id="P-26058" image="">***COOKS AND CHEFS, PLEASE READ THE ENTIRE RECIPE BEFORE BEGINNING- THIS IS A RECOMMENDED STEP WITH EVERY PRODUCT WE EVER PRODUCE- THANK YOU***
Related Products this prep gets used in:

Allergens: 
Method:

1. Combine lemon juice, salt and pepper in jug of vitamix

2. Slowly pour in canola oil to emulsify

3. Put in appropriate container, label, date and refrigerate

4.  Alternatively, fill up a squeeze bottle 1/3rd of the way with lemon juice, a pinch of salt and pepper, and the rest with romano oil.  Shake it.

-cool, store, label and rotate this item with older product correctly and diligently.

Portioning:

Utensils needed:</Recipe>
	<Recipe id="P-26063" image="">***COOKS AND CHEFS, PLEASE READ THE ENTIRE RECIPE BEFORE BEGINNING- THIS IS A RECOMMENDED STEP WITH EVERY PRODUCT WE EVER PRODUCE- THANK YOU***
Related Products this prep gets used in:

Allergens: 
Method:

1. Combine half of blueberries and all of the water, sugar, lemon juice, and vanilla extract. Bring to simmer at medium heat.

2. Once liquid begins to thicken, add the rest of the blueberries and heat until no longer frozen but still firm, about 5-8 minutes.  You want some texture in the compote.

3. Thicken with corn starch slurry.

-cool, store, label and rotate this item with older product correctly and diligently.

Portioning:

Utensils needed:</Recipe>
	<Recipe id="P-26069" image="">***COOKS AND CHEFS, PLEASE READ THE ENTIRE RECIPE BEFORE BEGINNING- THIS IS A RECOMMENDED STEP WITH EVERY PRODUCT WE EVER PRODUCE- THANK YOU***
Related Products this prep gets used in:

Allergens: 
Method:

1. In mixing bowl, combine arugula, citrus dressing, salt &amp; pepper mix.

2. Mix to lightly dress arugula.

3. ONLY MIX WHAT YOU NEED. THIS DOES NOT HOLD WELL.

-store, label and rotate this item with older product correctly and diligently.

Portioning:

Utensils needed:</Recipe>
	<Recipe id="P-26205" image="">1)  In a large saute pan or rondeau and working in batches, heat oil over medium high heat.  Add about 1/3 of the oil and allow to get hot.  Add an appropriate amount of mushrooms so as to not overcrowd the rondeau. Add some seasoning as the mushrooms are beginning to brown.  Taste for seasoning.

2)  Allow to cool on flat tray. Reserve for service or if using later, label, date, refrigerate.</Recipe>
	<Recipe id="P-28285" image="">1)  Combine pancake mix and water throughly.  Reserve for service.

Allergens:  

Gluten
Wheat
Gluten
Soy 
Dairy
Egg</Recipe>
	<Recipe id="R-30406" image="">- Pre-heat oven to 350
- bake 20-25 minutes</Recipe>
	<Recipe id="P-32739" image="">1)  Chill can of coconut milk in fridge for 24 hours.  Ensure to store upside down.

2)  Chill bowl of stand mixer in fridge for an hour, or stick lots of ice and cold water in it to chill.

3)  Open can of coconut milk and scoop out fat and discard coconut water.

4) Place the sugar in the mixing bowl of the standmixer

5)  Beat until fluffy and smooth with stand mixer with whisk attachment.  Add vanilla and whisk some more to incorporate.

6)  Store in appropriate container.  Label, date, refrigerate.</Recipe>
	<Recipe id="P-34892" image="">***COOKS AND CHEFS, PLEASE READ THE ENTIRE RECIPE BEFORE BEGINNING- THIS IS A RECOMMENDED STEP WITH EVERY PRODUCT WE EVER PRODUCE- THANK YOU***

Related Products this prep gets used in:

Allergens: (to be filled out by nutrition)
Method:
1. Scale out ingredients.

2. In a sauce pot combine water and buuter and bring to a simmer, Add powder and stir for a minute.

3. Place in container and hold for service in a WARM place.
 
Portioning:NA

Utensils needed:scale pot whisk bowl container</Recipe>
	<Recipe id="R-44024" image="">***COOKS AND CHEFS, PLEASE READ THE ENTIRE RECIPE BEFORE BEGINNING- THIS IS A RECOMMENDED STEP WITH EVERY PRODUCT WE EVER PRODUCE- THANK YOU***

Preps used in this Product recipe:

Allergens: (To be filled out by nutrition)
Method:

1. Place wrap on plate and put salad inside.

2. Add hot chorizo.

3. Eggs and sauce.

4. Wrap and serve.

Portioning:

Utensils needed:</Recipe>
	<Recipe id="P-44587" image="">***COOKS AND CHEFS, PLEASE READ THE ENTIRE RECIPE BEFORE BEGINNING- THIS IS A RECOMMENDED STEP WITH EVERY PRODUCT WE EVER PRODUCE- THANK YOU***

Johnny

Related Products this prep gets used in:

Allergens: (to be filled out by nutrition)
Method:
1.HEAT FLAT TOP AND HAVE FLAT SPATULA AND RESTING TRAY READY
2.LIGHTLY OIL FLATOP
3.CRACK EGG ONTO FLAT TOP
4.SEASON
5.COOK UNTIL WHITES FULLY CONGEALED 
-cool, store, label and rotated this item with older product correctly and diligently 

Portioning:1 egg

Utensils needed:

PROCESS:
</Recipe>
	<Recipe id="P-44592" image="">***COOKS AND CHEFS, PLEASE READ THE ENTIRE RECIPE BEFORE BEGINNING- THIS IS A RECOMMENDED STEP WITH EVERY PRODUCT WE EVER PRODUCE- THANK YOU***

Related Products this prep gets used in:

Allergens: (to be filled out by nutrition)
Method:
1. Gather ingredients
2. Bake on tray 190C 375F 20 minutes or till done
3. Strain fat then crumble
4. Place in container once cold, label and fridge 

-cool, store, label and rotated this item with older product correctly and diligently 

Portioning:NA

Utensils needed:Baking sheet collandier container 

</Recipe>
	<Recipe id="P-44913" image="">***COOKS AND CHEFS, PLEASE READ THE ENTIRE RECIPE BEFORE BEGINNING- THIS IS A RECOMMENDED STEP WITH EVERY PRODUCT WE EVER PRODUCE- THANK YOU***

Related Products this prep gets used in:

Allergens: (to be filled out by nutrition)
Method:
1. Gather all ingredients.

2. Remove peels and pits from avocados.

3. Put all ingredients in a bowl and mash them together until fully combined trying to keep the avocado as chunky as possile

-cool, store, label and rotated this item with older product correctly and diligently 

Portioning:

Utensils needed:</Recipe>
	<Recipe id="P-46076" image="">***COOKS AND CHEFS, PLEASE READ THE ENTIRE RECIPE BEFORE BEGINNING- THIS IS A RECOMMENDED STEP WITH EVERY PRODUCT WE EVER PRODUCE- THANK YOU***
Johnny

Preps used in this Product recipe:

Allergens: (To be filled out by nutrition)
Method:
1.
2.
3.
-cool, store, label and rotated this item with older product correctly and diligently 

Portioning:

Utensils needed:</Recipe>
	<Recipe id="P-46862" image="">***COOKS AND CHEFS, PLEASE READ THE ENTIRE RECIPE BEFORE BEGINNING- THIS IS A RECOMMENDED STEP WITH EVERY RECIPE WE EVER PRODUCE- THANK YOU***

Method:

1.Cut stem side top off wasting as little tomato as possible
2. Save tops for soup/sauce
3. Slice tomato slice 2mm thick
4.store in an insert with parchment paper lining, label and rotate with older product correctly and diligently 
</Recipe>
	<Recipe id="P-50310" image="">1) In a large mixing bowl, add all the ingredients and mix well.

2) Transfer to aproppriate container. Label, Date and store in the fridge.</Recipe>
	<Recipe id="R-50311" image="">1) In a flat top, add oil and 4oz for each pancake.

2) Cook about 2 minutes each side.

3) Served with maple syrup and cream cheese drizzle.</Recipe>
	<Recipe id="P-50316" image="">1) In a mixing machine, add the cream cheese in mix in a medium speed.

2) Add sugar and milk and wipped until smoth mixture.</Recipe>
	<Recipe id="P-50317" image="">1) In a mixing bowl, add all the ingredients and mixe well.

2) Transfer to apropriate container. Label, date and refrigerate.</Recipe>
	<Recipe id="R-50320" image="">1) In a flat top, add oil and 4oz for each pancake.

2) Cook about 2 minutes each side.

3) Topped with  lemon chantilly.</Recipe>
	<Recipe id="P-50337" image="">1) Finely chop rosemary

2) Mix all inredients in a rondeau

3) Simmer and cook until peach is soft.

5.Add in cornstarch slurry 1/3 at a time (checking consistency between additions, stop adding once correct consistency has been achieved)

6) Cool it down and lable, date, refrigerate.</Recipe>
	<Recipe id="R-50368" image="">1) Prepare egg.

2) Slice thick end of multigrain croissant open, spread mayo on bottom.

2) Toss arugula with citrus oil and salt and pepper, place in bun, top with egg, bacon and cheese, warm on flat top till cheese is melted.</Recipe>
	<Recipe id="P-50495" image="">Mixed in a cold water before used. </Recipe>
	<Recipe id="R-50498" image="">1) Warm up crepe on the flattop.

2) Spread apple compote.

3) Fold in triangles.Put it on a plate

4) Pipe whipped coconut over crepes.
</Recipe>
	<Recipe id="P-50513" image="">1. Combine 3/4 frozen peaches, sugar, lemon juice. Bring to simmer at medium heat.

2. Once liquid begins to thicken, add the rest of the peaches and heat until about 8-10 minutes.  Thicken with corn starch slurry. (Add the cornstarch slurry incrementally, allowing the compote time to thicken between additions, once the desired consistency achieved, stop adding) finish with vanilla extract.

3. Allow to cool, label, date and refrigerate or if using immediately, add to hot holding vessel.

</Recipe>
	<Recipe id="R-50569" image="">58 g = 1/2 of an average peeled banana. 

1) Warm up crepe on the flattop.

2) Slice banana in to 1/4&quot; slices and place evenly along the middle of the crepe.

3) Sprinkle chocolate chips over bananas.

4) Put whipped coconut cream over the chocolate chips.

5) Fold and serve</Recipe>
	<Recipe id="R-50570" image="">1) Warm up crepe on the flattop.

2) Peach compote evenly along the middle of the crepe.

3) Put whipped coconut cream on top of peach compote.

4) Fold and serve</Recipe>
	<Recipe id="P-50598" image="">***COOKS AND CHEFS, PLEASE READ THE ENTIRE RECIPE BEFORE BEGINNING- THIS IS A RECOMMENDED STEP WITH EVERY PRODUCT WE EVER PRODUCE- THANK YOU***
Related Products this prep gets used in:

Allergens: 
Method:

1. Put bowl of stand mixer in freezer for about 5 minutes to ensure it&apos;s cool.

2. Add whipping cream to bowl of stand mixer with whisk attachment. Once cream begins to thicken, add icing sugar and lemon zest. Continue to whip until stiff. DO NOT OVERMIX.

3. Transfer to appropriate vessel, label, date and refrigerate.

4. Can be held for 24 - 36 hours or until it begins to break.

-cool, store, label and rotate this item with older product correctly and diligently.

Portioning:

Utensils needed:


</Recipe>
	<Recipe id="P-50636" image="">***COOKS AND CHEFS, PLEASE READ THE ENTIRE RECIPE BEFORE BEGINNING- THIS IS A RECOMMENDED STEP WITH EVERY PRODUCT WE EVER PRODUCE- THANK YOU***
Chef Johnny

Related Products this prep gets used in:

Allergens

Method:

1. Gather all Tools and ingredients
2.
3.

-cool, store, label and rotated this item with older product correctly and diligently 


Portioning:

Utensils needed:
</Recipe>
	<Recipe id="P-50739" image="">PREP RECIPE
***COOKS AND CHEFS, PLEASE READ THE ENTIRE RECIPE BEFORE BEGINNING- THIS IS A RECOMMENDED STEP WITH EVERY PRODUCT WE EVER PRODUCE- THANK YOU***

Related Products this prep gets used in:

Allergens: (to be filled out by nutrition)
Method:
1. Combine half of apples and all of the water, sugar, lemon juice, and vanilla extract. Bring to simmer at medium heat.

2. Once liquid begins to thicken, add the rest of the apples and heat until about 8-10 minutes.  Thicken with corn starch slurry.

cool product, label it and store it, rotated this item with older product correctly and diligently
Portioning:

Utensils needed:</Recipe>
	<Recipe id="R-51146" image=""/>
	<Recipe id="R-55155" image="">***COOKS AND CHEFS, PLEASE READ THE ENTIRE RECIPE BEFORE BEGINNING- THIS IS A RECOMMENDED STEP WITH EVERY PRODUCT WE EVER PRODUCE- THANK YOU***

Preps used in this Product recipe:

Allergens: (To be filled out by nutrition)

Method:

1. Gather all ingredients and tools.
2. Build sandwich to spec.

-store, label and rotated this item with older product correctly and diligently 

Portioning:

Utensils needed:
</Recipe>
	<Recipe id="R-56489" image="">***COOKS AND CHEFS, PLEASE READ THE ENTIRE RECIPE BEFORE BEGINNING- THIS IS A RECOMMENDED STEP WITH EVERY PRODUCT WE EVER PRODUCE- THANK YOU***


Preps used in this Product recipe:

Allergens: (To be filled out by nutrition)
Method:
1. Make pancakes.

2. Top w compote then chantilly.

3. Serve.


Portioning:

Utensils needed:

</Recipe>
	<Recipe id="P-58949" image="">***COOKS AND CHEFS, PLEASE READ THE ENTIRE RECIPE BEFORE BEGINNING- THIS IS A RECOMMENDED STEP WITH EVERY PRODUCT WE EVER PRODUCE- THANK YOU***
Related Products this prep gets used in:

Allergens: 
Method:

1. Slice strawberries when they are partially frozen(rough is fine) and place in suitable sized pot.

2. Add remaining ingredients except slurry. Bring to a boil.

3. Add slurry to thicken and remove from heat.

-cool, store, label and rotate this item with older product correctly and diligently.

Portioning:

Utensils needed:
</Recipe>
</Recipes>
