ProdId,Description,SalesGroup,Weight (g),GHG Emission (g),N lost (g),Freshwater Withdrawals (ml),Stress-Weighted Water Use (ml),GHG Emission (g) / 100g,N lost (g) / 100g,Freshwater Withdrawals (ml) / 100g,Stress-Weighted Water Use (ml) / 100g
R-58255,GRL|Add Bacon|2 pcs.,OK - GRILL KITCHEN DAY,20,560.4,7.57,103187.1,3091833.9,2801.98,37.85,515935.5,15459169.5
R-45838,SAND|Add|Bacon,OK - SANDWICH KITCHEN,20,560.4,7.57,103187.1,3091833.9,2801.98,37.85,515935.5,15459169.5
R-60551,TRUCK|Pulled Pork|add on,OK - FOOD TRUCK(Food),90,1469.91,19.89,269921.61,8089576.81,1633.23,22.1,299912.9,8988418.68
R-44681,SAND|Add|Beef,OK - SANDWICH KITCHEN,40,2367.47,18.83,95842.09,3503391.7,5918.69,47.07,239605.22,8758479.24
R-44678,SAND|Add|Cheese,OK - SANDWICH KITCHEN,14,124.75,1.31,21830.2,1126483.42,891.04,9.33,155930,8046310.11
R-35815,SQR|Porchetta 130g,OK - SQUARE MEAL,130,1792.64,23.97,328253.76,9919977.01,1378.95,18.44,252502.89,7630751.55
R-56888,SQR|Korean Short Rib,OK - SQUARE MEAL,145,6595.24,52.51,267214.03,9778147.1,4548.44,36.22,184285.54,6743549.72
R-61778,ALF|Flatbread|4 Cheese,OK - AL FORNO,185,1229.95,11.94,212844.5,10662592.5,664.84,6.45,115051.08,5763563.51
R-32866,SQR|Pork Belly Bao,OK - SQUARE MEAL,66,692.8,9.35,124349.47,3747637.75,1049.69,14.17,188408.29,5678239.01
R-28337,SQR|Braised Brisket 115g,OK - SQUARE MEAL,175,6481.99,50.95,259323.79,9502740.31,3703.99,29.12,148185.03,5430137.32
R-30537,SQR|Smokie|SIde,OK - SQUARE MEAL,112,1101.13,14.87,202753.61,6075182.69,983.15,13.28,181030,5424270
R-61815,SIDE|Smkd Apple Veg Sausage,OK - SIDES,80,786.52,10.62,144824,4339416,983.15,13.28,181030,5424270
R-44680,SAND|Add|Ham,OK - SANDWICH KITCHEN,40,393.26,5.31,72412,2169708,983.15,13.28,181030,5424270
R-61799,SQR|Balinese Pork Chop,OK - SQUARE MEAL,180,1730.08,22.62,308085.6,9230287.89,961.16,12.57,171158.68,5127938.13
R-28338,SQR|Slow Roasted Ribs 170g,OK - SQUARE MEAL,230,2176.13,28.04,380029.49,11503968.87,946.14,12.19,165230.21,5001725.6
R-61697,CST|SAUCE|Thai Cashew,OK - CUSTOM KITCHEN,60,174.31,0.34,40017.31,2832134.27,290.51,0.56,66695.51,4720223.78
R-40736,DIM SUM|Beef Balls (3),OK - DIM SUM,150,4409.87,35.26,194970,7014421.5,2939.92,23.51,129980,4676281
R-50824,ALF|Flatbread|Pulled Pork,OK - AL FORNO,295,2145.02,26.9,375406.85,12771866.13,727.13,9.12,127256.56,4329446.15
R-50560,SQR|Pulled Pork Tostada,OK - SQUARE MEAL,236.75,1765.18,20.55,285060.22,9858537.75,745.59,8.68,120405.58,4164113.03
R-50669,GRL|GrilledCheese|Bacon Avoca,OK - GRILL KITCHEN DAY,280,1866.44,21.19,300743.21,11635136.79,666.59,7.57,107408.29,4155405.97
R-60569,TRUCK|GrilledCheese|Bacon Avo,OK - FOOD TRUCK(Food),280,1866.44,21.19,300743.21,11635136.79,666.59,7.57,107408.29,4155405.97
R-56883,SQR|Classic Hotdog,OK - SQUARE MEAL,233,5133.6,41.21,248633.61,8805932.32,2203.26,17.69,106709.7,3779370.11
R-61780,ALF|Flatbread|Apple & Pancetta,OK - AL FORNO,140,756.35,9.03,144989.75,5287946.25,540.25,6.45,103564.11,3777104.46
R-61338,TRUCK|Philly Cheese Steak,OK - FOOD TRUCK(Food),228,4134.03,33.75,214557.69,8448732.01,1813.17,14.8,94104.25,3705584.19
R-55163,SQR|Bacon Avo Blue Dog,OK - SQUARE MEAL,343,5743.07,48.61,351690.56,12628849.26,1674.37,14.17,102533.69,3681880.26
R-37055,SQR|Porchetta +1,OK - SQUARE MEAL,285,1984.42,26.13,334721.95,10443132.43,696.29,9.17,117446.3,3664256.99
R-56889,SQR|Korean Short Rib + 1,OK - SQUARE MEAL,290,6761.66,53.44,343782.09,10450468.42,2331.61,18.43,118545.55,3603609.8
R-57153,SQR|Pork Katsu,OK - SQUARE MEAL,180,1192.06,15.49,208822.58,6273389.34,662.26,8.6,116012.53,3485215.74
R-55165,SQR|Mac & Cheese Dog,OK - SQUARE MEAL,323,5421.81,43.85,295386.54,11160550.9,1678.58,13.58,91450.94,3455278.93
R-57405,GRL|GrilledCheese|Classic,OK - GRILL KITCHEN DAY,205,1036.98,9.77,146179.71,7018334.08,505.85,4.77,71307.18,3423577.57
R-50491,GRL|Sandwich|Reuben,OK - GRILL KITCHEN DAY,303,4391.25,35.79,260162.59,10306261.18,1449.26,11.81,85862.24,3401406.32
R-40749,SQR|Slow Roasted Ribs+1,OK - SQUARE MEAL,345,2317.56,28.73,382354.44,11602713.38,671.76,8.33,110827.38,3363105.33
R-52602,DIM SUM|Bun|BBQ Pork (1),OK - DIM SUM,40,227.08,2.95,44590,1341288,567.7,7.38,111475,3353220
R-56508,GRL|Sandwich|Cubano,OK - GRILL KITCHEN DAY,298,1621.71,19.15,296570.78,9991294.67,544.2,6.43,99520.39,3352783.39
R-50788,ALF|Flatbread|Caprese,OK - AL FORNO,233,1010.28,10.81,150946.15,7671605.24,433.6,4.64,64783.76,3292534.44
R-61435,ALF|Pasta|Mac & Cheese,OK - AL FORNO,400,1460.97,15.16,271012.13,13082462.67,365.24,3.79,67753.03,3270615.67
R-56501,SQR|Mac & Aged Cheddar,OK - SQUARE MEAL,400,1460.97,15.16,271012.13,13082462.67,365.24,3.79,67753.03,3270615.67
R-61498,ALF|Flatbread|Hawaii Five-0,OK - AL FORNO,200,970.67,11.83,178776.45,6444161.91,485.34,5.92,89388.23,3222080.95
R-44570,SQR|Perogy & Smokie,OK - SQUARE MEAL,455,2417.16,25.19,341802.6,14442947.07,531.24,5.54,75121.45,3174274.04
R-49029,DIM SUM|Dumplings (3),OK - DIM SUM,82.5,807.23,4.21,73891.88,2601253.51,978.46,5.11,89565.91,3153034.55
R-60550,TRUCK|Mac & Cheese,OK - FOOD TRUCK(Food),430,1525.43,15.77,281799.37,13438592.05,354.75,3.67,65534.74,3125253.97
R-44024,GRL|Burrito|Wrap,OK - GRILL KITCHEN BREAKFAST,265.5,1500.67,20.57,272577.37,8264251.89,565.23,7.75,102665.68,3112712.56
R-55117,VEG|Oats|BananaAlmond Overnite,OK - VEGETARIAN KITCHEN,330,645.5,1.67,171466.07,10264098.04,195.61,0.51,51959.42,3110332.74
R-38628,SQR|Braised Brisket+1,OK - SQUARE MEAL,329,6751.31,53.29,269032,10165734.82,2052.07,16.2,81772.65,3089889
R-28254,GRL|GrilledCheese|3 Cheese Tom,OK - GRILL KITCHEN DAY,295,1332.38,12.6,183067.09,9036452.73,451.65,4.27,62056.64,3063204.29
R-61763,ALF|Pasta|Bolognese Lasagna,OK - AL FORNO,300,2370.21,20.81,203220.55,9088686.22,790.07,6.94,67740.18,3029562.07
R-61622,SQR|PASTA|Beef Lasagna,OK - SQUARE MEAL,250,1975.18,17.34,169350.46,7573905.18,790.07,6.94,67740.18,3029562.07
R-56509,VEG|Quesadilla|Breakfast,OK - VEGETARIAN KITCHEN,400,1662.41,19.27,284033.1,11999151.22,415.6,4.82,71008.27,2999787.79
R-57569,SQR|Classic Hotdog veg,OK - SQUARE MEAL,193,958.56,12.3,192193.6,5788268.02,496.67,6.37,99582.18,2999102.7
R-60554,TRUCK|BBQ Pulled Pork Sand,OK - FOOD TRUCK(Food),418,2312.29,29.47,415013.87,12527372.32,553.18,7.05,99285.62,2996979.07
R-61742,ALF|Flatbread|Shrimp Pesto,OK - AL FORNO,177.5,1540.09,7.13,126079.13,5264930.75,867.66,4.02,71030.5,2966158.17
R-61800,SQR|Balinese Pork Chop +1,OK - SQUARE MEAL,325,1922.91,23.39,356677.28,9572978.41,591.67,7.2,109746.86,2945531.95
R-56959,VEG|Oats|Steel Cut|Strawberry,OK - VEGETARIAN KITCHEN,286,390.75,1.25,151477.39,8391958.7,136.63,0.44,52964.12,2934251.3
R-28252,GRL|Burger|Shacks,OK - GRILL KITCHEN DAY,412,4400.41,39.92,334482.02,12070323.69,1068.06,9.69,81184.96,2929690.22
R-50800,VEG|TOAST|Ricotta Butternut,OK- VEGETARIAN KITCHEN FEATURE,195,569.19,5.64,115637.1,5657460.76,291.89,2.89,59301.08,2901261.89
R-57570,SQR|Mac & Cheese Dog veg,OK - SQUARE MEAL,283,1246.78,14.93,238946.53,8142886.61,440.56,5.28,84433.4,2877345.15
R-29284,DIM SUM|Shrimp Ha Gow,OK - DIM SUM,26.98,283.12,1.08,20377.55,771738.4,1049.38,3.99,75528.34,2860409.2
R-57345,VEG|Oats|Steel Cut|Spicd Pmpkn,OK - VEGETARIAN KITCHEN,295,426.41,1.84,151037.55,8410061.47,144.55,0.63,51199.17,2850868.29
R-57338,SQR|Bangers & Mash,OK - SQUARE MEAL,405,2187.35,28.2,373153.27,11410565.02,540.09,6.96,92136.61,2817423.46
R-61688,ALF|Pasta|Spin Mush Lasagna,OK - AL FORNO,350,1256.76,12.63,196582.65,9637584.34,359.07,3.61,56166.47,2753595.53
R-50562,ALF|Flatbread|Italian,OK - AL FORNO,141,593.35,7.1,110036.64,3880488.16,420.81,5.03,78040.17,2752119.27
R-28281,GRL|Sandwich|Breakfast,OK - GRILL KITCHEN BREAKFAST,247.5,1146.95,14.28,210806.57,6802250.73,463.41,5.77,85174.37,2748384.2
R-56966,VEG|Oats|Steel Cut|Maple Apple,OK - VEGETARIAN KITCHEN,300,391.9,1.25,149106.32,8239370.99,130.63,0.42,49702.11,2746457
R-50007,GLB|Pasta|Beef Stroganoff,OK - GLOBAL KITCHEN,516,7903.68,62.8,369373.57,14135170.52,1531.72,12.17,71584.03,2739374.13
R-51311,SQR|Pulled Pork Tostada+1,OK - SQUARE MEAL,381.75,1979.77,21.31,312270.53,10154211.66,518.6,5.58,81799.75,2659911.35
R-56504,ALF|Pasta|Shrimp Pesto,OK - AL FORNO,360,1815.01,11.17,171162.19,9572564.62,504.17,3.1,47545.05,2659045.73
R-57567,SQR|Veg Avo Blue Dog,OK - SQUARE MEAL,288,1199.58,14.72,227354.71,7576151.91,416.52,5.11,78942.61,2630608.36
R-35270,GRL|Burger|Bacon Mush Swiss,OK - GRILL KITCHEN DAY,427,4348.99,38.26,322337.26,11232128.76,1018.5,8.96,75488.82,2630475.13
R-55155,GRL|Breakfast BLT,OK - GRILL KITCHEN BREAKFAST,245,1128.58,14.21,202275.53,6357990.7,460.65,5.8,82561.44,2595098.19
R-57226,SQR|Korean Short Rib +2,OK - SQUARE MEAL,435,6928.07,54.38,420350.16,11122789.75,1592.66,12.5,96632.22,2556963.16
R-57809,SQR|Perogy & Smokie +1,OK - SQUARE MEAL,590,2568.95,26.54,362078.38,14829372.99,435.42,4.5,61369.22,2513453.03
R-29283,DIM SUM|Shrimp & Pork Siu Mai,OK - DIM SUM,38.87,255.03,1.81,29103.19,974746.87,656.07,4.64,74869.19,2507577.72
R-61623,SQR|PASTA|Beef Lasagna +1,OK - SQUARE MEAL,362.75,2233.42,19.49,202643.8,9049477.7,615.69,5.37,55863.21,2494687.17
R-54174,GLB|Beef Rendang,OK - GLOBAL KITCHEN,379,6666.89,49.53,359861.58,9451967.02,1759.08,13.07,94950.29,2493922.7
R-57035,BRUNCH|Quiche|Ham&Cheese,OK - SQUARE MEAL,350,1416.71,16.24,240399.6,8728550.26,404.77,4.64,68685.6,2493871.56
R-56513,TRUCK|Folded Chicken Bacon csr,OK - FOOD TRUCK(Food),273,1660.79,27.05,229400.19,6805829.16,608.35,9.91,84029.37,2492977.68
R-37056,SQR|Porchetta +2,OK - SQUARE MEAL,440,2176.2,28.3,341190.15,10966287.85,494.59,6.43,77543.22,2492338.15
R-59715,SQR|Mac & Aged Cheddar +1,OK - SQUARE MEAL,552,1729.46,17.4,280618.38,13754013.6,313.31,3.15,50836.66,2491669.13
R-50494,ALF|Flatbread|Proscuitto,OK - AL FORNO,210,784.85,9.07,137582.41,5212081.38,373.74,4.32,65515.44,2481943.51
R-56115,SQR|Perogy (No Smokie),OK - SQUARE MEAL,343,1316.03,10.32,139048.99,8367764.38,383.68,3.01,40539.06,2439581.45
R-50323,GRL|Burger|Blue Cheese,OK - GRILL KITCHEN DAY,388,3932.81,32.74,240540.48,9452588.43,1013.61,8.44,61994.97,2436234.14
R-57340,SQR|Bangers & Mash+1,OK - SQUARE MEAL,485,2315.77,29.33,380651.11,11771096.81,477.48,6.05,78484.77,2427030.27
R-28250,GRL|Burger|Cheeseburger,OK - GRILL KITCHEN DAY,367,3828.18,31.78,229830.45,8900762.65,1043.1,8.66,62624.1,2425275.93
R-56711,FLX|Taco|Oceanwise|PRAWN,OK - FLEX KITCHEN,397,3755,13.49,253487.95,9595868.85,945.85,3.4,63850.87,2417095.42
R-47424,SQR|Tofu Sofrito Quesadilla,OK - SQUARE MEAL,310,1145.9,8.91,132169.88,7460070.72,369.65,2.87,42635.45,2406474.41
R-40750,SQR|Slow Roasted Ribs+2,OK - SQUARE MEAL,490,2483.4,29.67,386009.72,11757757.08,506.82,6.06,78777.5,2399542.26
R-57098,VEG|Kale Wh Bean Quesadilla,OK - VEGETARIAN KITCHEN,365,1316,10.25,150966.57,8564919.04,360.55,2.81,41360.7,2346553.15
R-48359,BRNCH|Eggs Benny|Spin &Feta,OK - SQUARE MEAL,335,1193.48,15.1,198785.28,7743410.82,356.26,4.51,59338.89,2311465.79
R-61683,SQR|Chorizo Dog,OK - SQUARE MEAL,253,1051,12.62,193043.52,5814198.29,415.41,4.99,76301.79,2298102.15
R-51146,GRL|Crepe|Ham and Swiss,OK - GRILL BRUNCH,497,1591.89,17.61,329106.64,11397097.79,320.3,3.54,66218.64,2293178.56
R-60319,VEG|Spin Mush Avo Quesadilla,OK- VEGETARIAN KITCHEN FEATURE,395,1435.88,11.19,164398.01,8942241.36,363.51,2.83,41619.75,2263858.56
R-38629,SQR|Braised Brisket+2,OK - SQUARE MEAL,480,7021.84,55.44,278623.38,10854508.66,1462.88,11.55,58046.54,2261355.97
R-61744,VEG|Toast|Charred Broccoli,OK- VEGETARIAN KITCHEN FEATURE,200.5,591.2,5.49,96948.53,4503201.13,294.86,2.74,48353.38,2245985.57
R-50368,GRL|BreakfastCroissant,OK - GRILL KITCHEN BREAKFAST,319.25,1179.32,14.24,203515.85,7163045.67,369.4,4.46,63748.11,2243710.43
R-28291,GRL|Grilled Tomato,OK - GRILL KITCHEN BREAKFAST,90,329.18,3.56,34659.29,2016403.25,365.76,3.95,38510.32,2240448.04
R-28396,SQR|Vegetarian Lasagna 250g,OK - SQUARE MEAL,252,721.14,7.38,115726.87,5636517.53,286.17,2.93,45923.36,2236713.31
R-37340,GRL|Egg Any Style,OK - GRILL KITCHEN BREAKFAST,50,223.45,3.67,37986.54,1117293.49,446.9,7.35,75973.07,2234586.99
R-55133,VEG|Spin Artichoke Quesadilla,OK - VEGETARIAN KITCHEN,390,1256.45,10.81,156795.64,8710315.61,322.17,2.77,40204.01,2233414.25
R-26808,BRUNCH|Quiche|3 Cheese,OK - SQUARE MEAL,308,980.22,9.86,158293.85,6841897.69,318.25,3.2,51394.11,2221395.41
R-54456,SQR|Po'Boy Prawn,OK - SQUARE MEAL,328,2322.06,11.29,217962.87,7268648.7,707.95,3.44,66452.1,2216051.48
R-61624,SQR|PASTA|Beef Lasagna +2,OK - SQUARE MEAL,475.5,2491.66,21.64,235937.14,10525050.22,524.01,4.55,49618.75,2213470.08
R-28249,GRL|Burger|Classic Beef,OK - GRILL KITCHEN DAY,353,3703.43,30.47,208000.25,7774279.23,1049.13,8.63,58923.58,2202345.4
R-28286,GRL|ScrambledEggs,OK - GRILL KITCHEN BREAKFAST,125,539.99,9,93076.89,2738412.11,431.99,7.2,74461.51,2190729.68
R-54296,GRL|Burger|Mexi Burger,OK - GRILL KITCHEN DAY,412,3846.7,32.04,231911.86,8973319.08,933.67,7.78,56289.29,2177990.07
R-56493,GRL|Sandwich|Tuna Melt,OK - GRILL KITCHEN FEATURES,203,744.78,8.62,161066.36,4371351.33,366.89,4.24,79343.03,2153375.01
R-56456,GRL|Sandwich|Monte Cristo,OK - GRILL KITCHEN DAY,268,1039.45,14.86,169423.56,5687145.64,387.86,5.55,63217.75,2122069.27
R-51196,BRUNCH|Quiche|Spinach & Feta,OK - SQUARE MEAL,351,1054.58,10.73,169602.22,7412312.28,300.45,3.06,48319.72,2111769.93
R-43880,SAND|Ham,OK - SANDWICH KITCHEN,310,1092.27,13.09,192478.7,6545771.04,352.34,4.22,62089.9,2111538.95
R-61801,SQR|Balinese Pork Chop +2,OK - SQUARE MEAL,470,2115.74,24.16,405268.96,9915668.93,450.16,5.14,86227.44,2109716.86
R-37093,GLB|Spaghetti & Meatballs,OK - GLOBAL KITCHEN,592,6650.01,53.68,335596.4,12421684.04,1123.31,9.07,56688.58,2098257.44
R-60558,TRUCK|Grl Cheese & Tom Soup|,OK - FOOD TRUCK(Food),661,2276.21,24.42,324784.15,13670010.57,344.36,3.69,49135.27,2068080.26
R-50555,VEG|Omelet|Spinach Goat Cheese,OK - VEGETARIAN KITCHEN,274,947.93,13.95,158855.17,5664878.96,345.96,5.09,57976.34,2067474.07
R-59716,SQR|Mac & Aged Cheddar +2,OK - SQUARE MEAL,705,2000.82,19.65,290311.72,14434231.01,283.8,2.79,41178.97,2047408.65
R-56696,VEG|Omelet|Mushroom Pesto,OK - VEGETARIAN KITCHEN,300,1093.72,14.91,170924.26,6141957.35,364.57,4.97,56974.75,2047319.12
R-48321,BRNCH|Egg's Benny|Blackstone,OK - SQUARE MEAL,382,1426.33,18.97,239419.01,7784077.7,373.39,4.97,62675.13,2037716.57
R-47422,SQR|Chicken Quesadilla,OK - SQUARE MEAL,365,1558.09,22.22,173287.21,7435311.82,426.87,6.09,47475.95,2037071.72
R-43367,BURRITO|Pork,OK - SANDWICH KITCHEN,460,1816.94,20.43,324297.05,9196661.2,394.99,4.44,70499.36,1999274.17
R-57582,SQR|Pork Katsu +1,OK - SQUARE MEAL,325,1377.56,16.08,276168.04,6484205.68,423.87,4.95,84974.77,1995140.03
R-51312,SQR|Pulled Pork Tostada+2,OK - SQUARE MEAL,526.75,2194.36,22.07,339480.85,10449885.58,416.59,4.19,64448.19,1983841.58
R-37083,SQR|Vegetable Lasagna+1,OK - SQUARE MEAL,364.75,979.38,9.52,149020.21,7112090.05,268.51,2.61,40855.44,1949853.34
R-50858,ALF|Flatbread|Greek,OK - AL FORNO,200,597.92,5.92,81940.35,3885241.4,298.96,2.96,40970.18,1942620.7
R-56460,GRL|Burger|Tokyo,OK - GRILL KITCHEN DAY,333,3537.47,28.12,183120.82,6394561.97,1062.3,8.44,54991.24,1920288.89
R-52601,DIM SUM|Wrap Sticky Rice (1),OK - DIM SUM,170,733.94,7.49,228956,3259496.67,431.73,4.41,134680,1917351
R-61781,ALF|Flatbread|Chick Artichoke,OK - AL FORNO,245,979.75,17.01,134541.03,4604559.2,399.9,6.94,54914.71,1879411.92
R-50896,ALF|Flatbread|Smoked Salmon,OK - AL FORNO,140,467.71,5.67,115897.92,2607336.89,334.08,4.05,82784.23,1862383.5
R-56505,ALF|Pasta|Chicken Alfredo,OK - AL FORNO,380,1086.45,13.58,166061.74,7067182.68,285.91,3.57,43700.46,1859784.92
R-57808,SQR|Perogy (no smokie) +1,OK - SQUARE MEAL,478,1467.82,11.66,159324.77,8754190.3,307.08,2.44,33331.54,1831420.57
R-56697,VEG|Omelet|Asparagus,OK - VEGETARIAN KITCHEN,261,848.72,13.01,143420.57,4779297.46,325.18,4.99,54950.41,1831148.45
R-51303,ALF|Pasta|Chorizo Penne,OK - AL FORNO,457,1204.14,14.12,210757.59,8321363.43,263.49,3.09,46117.64,1820867.27
R-37084,SQR|Vegetable Lasagna+2,OK - SQUARE MEAL,477.5,1237.62,11.67,182313.55,8587662.57,259.19,2.45,38180.85,1798463.37
R-61779,ALF|Flatbread|Mushroom Pesto,OK - AL FORNO,205,597.89,5.31,84931.5,3685929.23,291.65,2.59,41430,1798014.26
R-51585,SQR|Roasted Garlic Bread,OK - SQUARE MEAL,80,228.44,2.06,33041.63,1433826.3,285.55,2.58,41302.03,1792282.87
R-61434,SQR|Roasted Garlic Bread.,OK - SQUARE MEAL,80,228.44,2.06,33041.63,1433826.3,285.55,2.58,41302.03,1792282.87
R-35461,VEG|Tabouleh Bowl,OK - VEGETARIAN KITCHEN,450.5,652.11,3.41,158225.32,8063840.55,144.75,0.76,35122.16,1789975.7
R-45426,GLB|Massaman Curry|Beef,OK - GLOBAL KITCHEN,350,3904.86,28.37,245095.09,6085275.95,1115.67,8.11,70027.17,1738650.27
R-61686,GRL|Crepe|Orange Ricotta,OK - GRILL BRUNCH,545,1198.42,10.96,244989.6,9446675.7,219.89,2.01,44952.22,1733334.95
R-61782,ALF|Flatbread|Mushroom,OK - AL FORNO,212,720.77,5.41,84763.63,3671064.96,339.99,2.55,39982.84,1731634.41
R-61732,VEG|Quiche|Leek & Ricotta,OK - VEGETARIAN KITCHEN,345.5,919.05,9.33,141651.95,5977980.89,266.01,2.7,40999.12,1730240.53
R-40745,SQR|Pork Belly Bao+1,OK - SQUARE MEAL,236,826.51,10.54,164897.67,4053302.62,350.22,4.47,69871.9,1717501.11
R-56337,ALF|Flatbread|Mediterranean,OK - AL FORNO,145,313.7,3.17,56392.17,2459799.94,216.34,2.19,38891.15,1696413.75
R-58400,SQR|Po'Boy Prawn +1,OK - SQUARE MEAL,456.5,2488.19,12.61,245915.35,7712349.43,545.06,2.76,53869.74,1689452.25
R-48357,BRNCH|Eggs Benny|Smk Salmon,OK - SQUARE MEAL,266,936.68,12.7,175782.17,4488471.85,352.14,4.77,66083.52,1687395.31
R-28251,GRL|Chicken Burger|California,OK - GRILL KITCHEN DAY,419,1684.36,27.63,242750.48,7040273.87,402,6.6,57935.68,1680256.34
R-61755,ALF|Flatbread|Roasted Root Veg,OK - AL FORNO,200,400.76,3.86,69833.19,3323282.68,200.38,1.93,34916.6,1661641.34
R-57375,SQR|Mushroom Ravioli,OK - SQUARE MEAL,270,672.64,4.33,91163.47,4481525.61,249.13,1.61,33764.25,1659824.3
R-55166,SQR|Pasta Bar w Protien,OK - SQUARE MEAL,603,1929.09,25.9,295051.31,9912986.82,319.92,4.3,48930.57,1643944.75
R-50859,ALF|Flatbread|Bruschetta,OK - AL FORNO,215,454.13,4.59,75980.33,3520380.27,211.22,2.13,35339.69,1637386.17
R-26809,BRUNCH|Quiche|Western,OK - SQUARE MEAL,285.5,782.64,8.47,131535.19,4662799.81,274.13,2.97,46071.87,1633204.88
R-43375,BURRITO|Bowl|Pork,OK - SANDWICH KITCHEN,490,1719.99,18.52,335783.25,7959960.87,351.02,3.78,68527.19,1624481.81
R-60549,TRUCK|Feature Fish Taco|2pc,OK - FOOD TRUCK(Food),764.6,3254.33,18.19,412024.29,12346336.63,425.63,2.38,53887.56,1614744.49
R-45419,GLB|Dan Dan Noodle|Pork,OK - GLOBAL KITCHEN,400,1149.59,14.39,209562.99,6427821.37,287.4,3.6,52390.75,1606955.34
R-61733,VEG|Quiche|Asparagus,OK - VEGETARIAN KITCHEN,330.5,832.31,8.33,129005.71,5280530.96,251.83,2.52,39033.5,1597740.12
R-51195,GLB|Sweet & Sour Pork,OK - GLOBAL KITCHEN,450,1495.63,16.42,337488.68,7185864.74,332.36,3.65,74997.49,1596858.83
R-51313,SQR|Chayote Salad Tostadas,OK - SQUARE MEAL,155,380.23,3.48,61491.11,2431614.68,245.31,2.25,39671.68,1568783.67
R-50590,ALF|Flatbread|OK,OK - AL FORNO,165,375.9,3.81,58598.32,2586572.99,227.82,2.31,35514.13,1567620
R-51258,BRUNCH|Quiche|Denver,OK - SQUARE MEAL,285,711.46,7.08,112830.77,4465289.49,249.63,2.49,39589.74,1566768.29
R-61659,ALF|Pasta|Cauliflower Cheese,OK - AL FORNO,300,728.24,7.02,97831.47,4696257.53,242.75,2.34,32610.49,1565419.18
R-50662,GRL|Chicken Burger|Greek,OK - GRILL KITCHEN DAY,418,1453.43,23.08,189510.03,6535948.83,347.71,5.52,45337.33,1563624.16
R-57343,SQR|Veg Bangers & Mash,OK - SQUARE MEAL,305,964.76,11.93,151383.65,4765757.77,316.32,3.91,49633.98,1562543.53
R-36078,GLB|Beef Vindaloo,OK - GLOBAL KITCHEN,662,5755.09,45.55,382538.49,10144513.17,869.35,6.88,57785.27,1532403.79
R-48632,VEG|HuevosRancheros|2 serv,OK - VEGETARIAN KITCHEN,462,1138.91,13.49,193603,7029710.4,246.52,2.92,41905.41,1521582.33
R-48488,VEG|Huevos Rancheros,OK - VEGETARIAN KITCHEN,231,569.46,6.74,96801.5,3514855.2,246.52,2.92,41905.41,1521582.33
R-28374,SAND|Veg,OK - SANDWICH KITCHEN,249.57,575.94,6.29,100290.08,3770748.52,230.77,2.52,40184.59,1510876.88
R-61292,SQR|Mushroom Ravioli +1,OK - SQUARE MEAL,360,846.58,5.95,113644.37,5413170.88,235.16,1.65,31567.88,1503658.58
R-35655,GRL|Veg Burger|Portobello,OK- VEGETARIAN KITCHEN FEATURE,332,761.68,7.08,115860.65,4956987.34,229.42,2.13,34897.79,1493068.5
R-56511,VEG|Toast|Westcoast Avocado,OK - VEGETARIAN KITCHEN,165,263.91,2.56,55275.47,2405260.71,159.95,1.55,33500.28,1457733.75
R-60989,TRUCK|3 Bean Chili,OK - FOOD TRUCK(Food),475,1209.65,10.9,143565.27,6868309.07,254.66,2.29,30224.27,1445959.79
R-61792,SQR|STEW|Beef & Mushroom,OK - SQUARE MEAL,250,2276.82,18.93,98452.58,3583780.8,910.73,7.57,39381.03,1433512.32
R-57583,SQR|Pork Katsu +2,OK - SQUARE MEAL,470,1563.06,16.67,343513.5,6695022.02,332.57,3.55,73087.97,1424472.68
R-56924,GRL|Sandwich|Shrimp,OK - GRILL KITCHEN DAY,275,1197.51,5.56,108883.58,3881155.36,435.46,2.02,39594.03,1411329.2
R-56893,GLB|Short Rib Pappardelle,OK - GLOBAL KITCHEN,478,3268.7,26.96,186191.18,6744143.53,683.83,5.64,38952.13,1410908.69
R-61305,SQR|Mushroom Ravioli +2,OK - SQUARE MEAL,450,1020.51,7.57,136125.26,6344816.16,226.78,1.68,30250.06,1409959.15
R-58401,SQR|Po'Boy Prawn +2,OK - SQUARE MEAL,585,2654.31,13.93,273867.82,8156050.15,453.73,2.38,46815.01,1394196.62
R-61760,SQR|Corn Fritters,OK - SQUARE MEAL,375,956.87,13.24,156304.86,5213666.44,255.16,3.53,41681.3,1390311.05
R-61750,VEG|TOAST|Roasted Carrot,OK- VEGETARIAN KITCHEN FEATURE,193,186.55,1.78,52922.88,2665183.43,96.66,0.92,27421.18,1380924.04
R-35900,GLB|Bowl|Latino,OK - GLOBAL KITCHEN,400,468.44,2.77,115517.84,5483243.08,117.11,0.69,28879.46,1370810.77
R-61731,GRL|Crepe|Mixed Berry,OK - GRILL KITCHEN BREAKFAST,485,816.35,5.96,191853.4,6587743.46,168.32,1.23,39557.4,1358297.58
R-61766,SQR|Potato Croquette,OK - SQUARE MEAL,460,1123.97,13.5,154438.23,6180069.43,244.34,2.94,33573.53,1343493.35
R-57815,SQR|Tofu Sofrito Quesadilla +1,OK - SQUARE MEAL,650,1542.76,11.97,171885.72,8616138.47,237.35,1.84,26443.96,1325559.76
R-50501,GLB|Pasta|WestCoastSpaghetti,OK - GLOBAL KITCHEN,425.5,1605.18,7.71,146949.3,5584520.17,377.25,1.81,34535.68,1312460.67
R-61749,ALF|Flatbread|BBQ Chicken,OK - AL FORNO,245,1011.76,18.96,118173.96,3196504.98,412.96,7.74,48234.27,1304695.91
R-35341,VEG|Bowl|Polenta,OK - SIDES,325,869.63,7.8,74138.92,4232438.89,267.58,2.4,22811.98,1302288.89
R-56895,GLB|Brussel Sprout Pasta,OK - GLOBAL KITCHEN,417,789.21,4.89,113065.57,5379613.95,189.26,1.17,27114.05,1290075.29
R-57239,FLX|Taco|oceanwise|COD,OK - FLEX KITCHEN,342,674.67,6.8,175970.79,4398706.75,197.27,1.99,51453.45,1286171.53
R-30406,G&G|Croissant|Multigrain|OK,OK - GRAB & GO,120,182.7,1.78,50304,1538604.06,152.25,1.48,41920,1282170
R-43886,SAND|Falafel,OK - SANDWICH KITCHEN,300,663.05,6.61,100951.05,3803293.39,221.02,2.2,33650.35,1267764.41
R-43885,SAND|Roast Beef,OK - SANDWICH KITCHEN,300,595.19,6.37,100951.05,3803293.39,198.4,2.13,33650.35,1267764.41
R-58264,DIM SUM|Pork Gyoza (3),OK - DIM SUM,141.06,275.95,3.91,57490.54,1774734.15,195.63,2.77,40757.38,1258181.19
R-55131,GRL|Crepe|Blueberry,OK - GRILL KITCHEN BREAKFAST,485,768.66,5.87,179721.42,6099837.24,158.49,1.21,37055.96,1257698.36
R-57342,SQR|Veg Bangers & Mash+1,OK - SQUARE MEAL,385,1037.98,12.4,152596.98,4825506.57,269.61,3.22,39635.58,1253378.33
R-57034,BRUNCH|Quiche|Smoked Salmon,OK - SQUARE MEAL,366,947.9,10.36,176478.21,4502497.39,258.99,2.83,48218.09,1230190.57
R-57814,SQR|Chicken Quesadilla +1,OK - SQUARE MEAL,705,1954.94,25.28,213003.05,8591379.56,277.3,3.59,30213.2,1218635.4
R-43884,SAND|Turkey,OK - SANDWICH KITCHEN,320,595.19,6.37,100951.05,3803293.39,186,1.99,31547.2,1188529.14
R-56902,SQR|Vegan Lettuce Wrap,OK - SQUARE MEAL,400,640.3,3.99,81044.76,4682219.3,160.07,1,20261.19,1170554.85
R-37170,CST|Beef,OK - CUSTOM KITCHEN,599,4014.81,31.69,235656.7,6895479.58,670.25,5.29,39341.69,1151165.21
R-51202,GRL|Chicken Burger|Garden Veg,OK - GRILL KITCHEN DAY,337,1074.9,19.93,137306.94,3868702.7,318.96,5.91,40743.9,1147983.03
R-61758,ALF|Pasta|Tuna Casserole,OK - AL FORNO,303,606.56,6.94,145943.19,3453183.4,200.18,2.29,48166.07,1139664.49
R-28280,GRL|Breakfast Entree,OK - GRILL KITCHEN BREAKFAST,565,1612.39,26.61,208440.54,6374565.77,285.38,4.71,36892.13,1128241.69
R-55116,VEG|Breakfast Chilaquiles,OK - VEGETARIAN KITCHEN,520,1334.83,12.63,140961.28,5843663.16,256.7,2.43,27107.94,1123781.38
R-47416,SIDE|Salsa Guac Queso & Chips,OK - SQUARE MEAL,330,1141.88,6.67,51271.09,3695307.61,346.03,2.02,15536.69,1119790.19
R-61767,SQR|Potato Croquette + 1,OK - SQUARE MEAL,570,1219.95,15.2,158281.07,6272807.61,214.03,2.67,27768.61,1100492.56
R-60324,GRL|Veg Burger|Lentil,SPECIALS,448,778.68,6.78,115965.72,4899840.75,173.81,1.51,25885.21,1093714.47
R-61761,SQR|Corn Fritters + 1,OK - SQUARE MEAL,490,1098.29,13.93,158629.82,5312410.94,224.14,2.84,32373.43,1084165.5
R-61752,SQR|Cauliflower Po'Boy,OK - SQUARE MEAL,328,591.68,5.73,93970.8,3553091.31,180.39,1.75,28649.64,1083259.57
R-40746,SQR|Pork Belly Bao+2,OK - SQUARE MEAL,406,960.23,11.73,205445.88,4358967.49,236.51,2.89,50602.43,1073637.31
R-56451,VEG|FrenchToast|Corn Flake,OK - GRILL KITCHEN BREAKFAST,349.5,810.72,9.19,139274.43,3748359.01,231.97,2.63,39849.62,1072491.85
R-41084,SQR|Spicy Soy Salmon 100g,OK - SQUARE MEAL,115,744.48,10.18,224626.52,1232450.12,647.37,8.85,195327.41,1071695.76
R-42358,SQR|PaneerTikaMasala,OK - SQUARE MEAL,395,825.46,5.66,198267.45,4208146.48,208.98,1.43,50194.29,1065353.54
R-35714,GRL|Chicken Burger|Blackened,OK - GRILL KITCHEN DAY,377,1148.68,20.29,140544.46,3994328.91,304.69,5.38,37279.7,1059503.72
R-61679,SQR|Tofu Sofrito Quesadilla +2,OK - SQUARE MEAL,1065,2275.24,16.56,214990.62,11264899.65,213.64,1.56,20186.91,1057737.05
R-61793,SQR|STEW|Beef & Mushroom +1,OK - SQUARE MEAL,405,2463.47,20.34,107752.06,4263257.95,608.27,5.02,26605.45,1052656.29
R-61655,GRL|Salad|Caesar|SIDE,OK - GRILL KITCHEN DAY,145.5,288.05,2.23,33545.06,1517318.74,197.97,1.54,23055.02,1042830.75
R-50656,GRL|Veg Burger|Chickpea,OK - GRILL KITCHEN DAY,363,735.05,5.55,85547.15,3658411.84,202.49,1.53,23566.71,1007826.97
R-61680,SQR|Chicken Quesadilla +2,OK - SQUARE MEAL,1120,2687.42,29.88,256107.95,11240140.75,239.95,2.67,22866.78,1003583.99
R-53084,GRL|Veg Burger|Ultimate,OK - GRILL KITCHEN DAY,408,565.62,5.29,100827.15,4072751.31,138.63,1.3,24712.54,998223.37
R-57810,SQR|Vegan Lettuce Wrap +1,OK - SQUARE MEAL,545,806.71,4.92,157612.83,5354540.62,148.02,0.9,28919.79,982484.53
R-56637,VEG|French Toast|Eggnog,OK - SIDES,299.5,667.47,7.95,95256.84,2898020.99,222.86,2.66,31805.29,967619.69
R-56993,GLB|Jambalaya,OK - GLOBAL KITCHEN,322,1102.12,11.79,126838.34,3069280.49,342.27,3.66,39390.79,953192.7
R-61768,SQR|Potato Croquette + 2,OK - SQUARE MEAL,680,1315.94,16.89,162123.91,6365545.79,193.52,2.48,23841.75,936109.67
R-58716,VEG|Toast|Mushroom,OK - VEGETARIAN KITCHEN,162,237.58,2.5,40265.2,1509504.29,146.65,1.54,24855.06,931792.76
R-29391,GLB|Chicken Kung Pao,OK - GLOBAL KITCHEN,462,946.78,17.07,140691.02,4254393.95,204.93,3.69,30452.6,920864.49
R-51314,SQU|Chayote Salad Tostadas+1,OK - SQUARE MEAL,300,594.83,4.24,88701.43,2727288.6,198.28,1.42,29567.14,909096.2
R-56454,GRL|Chicken Burger|Maui,OK - GRILL KITCHEN DAY,432,1151.37,20.22,138245.11,3908875.88,266.52,4.68,32001.18,904832.4
R-57237,FLX|Taco|Oceanwise|seaweed,OK - FLEX KITCHEN,238,283.91,2.87,67862.11,2153129.31,119.29,1.21,28513.49,904676.17
R-50526,VEG|FrenchToast|PeachCompote,OK- VEGETARIAN KITCHEN FEATURE,359.5,771.65,9.04,105883.41,3227829.38,214.64,2.52,29452.96,897866.31
R-61762,SQR|Corn Fritters + 2,OK - SQUARE MEAL,605,1239.72,14.62,160954.77,5411155.45,204.91,2.42,26604.1,894405.86
R-50569,GRL|Crepe|Nutella Banana,OK - GRILL KITCHEN BREAKFAST,520,1205.53,5.84,152221.32,4630430.74,231.83,1.12,29273.33,890467.43
R-61794,SQR|STEW|Beef & Mushroom +2,OK - SQUARE MEAL,560,2650.12,21.76,117051.55,4942735.11,473.24,3.89,20902.06,882631.27
R-55168,SQR|Pasta Bar Plant Based,OK - SQUARE MEAL,659,884.74,8.36,135140.18,5805106.22,134.26,1.27,20506.86,880896.24
R-44362,GLB|Fried Cauliflower Bowl,OK - GLOBAL KITCHEN,515.5,814.9,4.94,99894.4,4521527.4,158.08,0.96,19378.16,877114.92
R-61753,SQR|Cauliflower Po'Boy +1,OK - SQUARE MEAL,456.5,757.8,7.05,121923.28,3996792.04,166,1.54,26708.28,875529.48
R-57811,SQR|Vegan Lettuce Wrap +2,OK - SQUARE MEAL,690,973.13,5.85,234180.89,6026861.95,141.03,0.85,33939.26,873458.26
R-43738,VEG|BOWL|Dobanjiang Noodle,OK - VEGETARIAN KITCHEN,349,490.1,5.91,91415.88,3040678.37,140.43,1.69,26193.66,871254.55
R-32195,SQR|Creamed Corn 170g,OK - SQUARE MEAL,170,488.69,2.96,14806.36,1473302.11,287.47,1.74,8709.62,866648.3
R-51828,CST|Fried Rice Friday|Meat,OK - CUSTOM KITCHEN,759,2041.35,18.35,387268.21,6554056.54,268.95,2.42,51023.48,863512.06
R-42369,SQR|Paneer TikaMasala+1,OK - SQUARE MEAL,570.5,982.63,7.22,217113.54,4917138.56,172.24,1.27,38056.71,861899.83
R-50401,VEG|Platter|Mezze,OK- VEGETARIAN KITCHEN FEATURE,550.5,672.92,5.19,105937.34,4693450.87,122.24,0.94,19243.84,852579.62
R-56835,GLB|Ginger Beef,OK - GLOBAL KITCHEN,390,1622.96,12.39,182246.79,3266545.54,416.14,3.18,46729.95,837575.78
R-56458,GRL|Sandwich|Crispy Fish,OK - GRILL KITCHEN DAY,375,1127.59,14.06,314723.44,3092757.63,300.69,3.75,83926.25,824735.36
R-12347,GRL|Veg Burger|Black Bean,OK - GRILL KITCHEN DAY,383,722.75,5.74,78323.28,3150440.63,188.71,1.5,20449.94,822569.37
R-56510,VEG|Toast|Southwest Avocado,OK - VEGETARIAN KITCHEN,197,258.67,2.36,47688.76,1609489.81,131.31,1.2,24207.49,816999.89
R-56688,VEG|Shakshuka,OK - VEGETARIAN KITCHEN,633,873.28,9.51,133412.44,5157373.62,137.96,1.5,21076.21,814750.95
R-60769,SALAD|Watermelon & Feta,OK - SQUARE MEAL,170,264.27,2.22,27693.44,1358155.5,155.45,1.31,16290.26,798915
R-60386,SQR|Kimchii Shrimp Congee,OK - DIM SUM,248,884.31,3.46,81959.54,1976765.53,356.58,1.4,33048.2,797082.88
R-54583,GRL|Chicken Burger|BBQ,OK - GRILL KITCHEN DAY,391,1136.22,19.56,122960.17,3100017.13,290.59,5,31447.61,792843.28
R-56822,SQR|Korean Spinach,OK - SQUARE MEAL,120,118.16,1.4,19611.67,950563.55,98.47,1.17,16343.06,792136.29
R-61110,VEG|Bowl|Spicy Tofu,OK- VEGETARIAN KITCHEN FEATURE,448,900.49,2.41,163760.12,3545236.69,201,0.54,36553.6,791347.48
R-27273,VEG|Toast|OK Avocado,OK - VEGETARIAN KITCHEN,225.1,250.18,2.02,41092.39,1775941.53,111.14,0.9,18255.17,788956.69
R-55834,DIM SUM|Bun|Vegetable (1),OK - DIM SUM,50,50.64,0.57,12512.5,394030,101.27,1.14,25025,788060
R-44499,DIM SUM|Egg Roll Veg (1),OK - DIM SUM,30,30.38,0.34,7507.5,236418,101.27,1.14,25025,788060
R-50351,GRL|Pancakes|Oatmeal Raisin,OK - GRILL KITCHEN BREAKFAST,315,412.02,2.13,165097.23,2456658.75,130.8,0.68,52411.82,779891.67
R-12345,GRL|Pancakes|Strawberry,OK - GRILL KITCHEN BRUNCH,360,425.11,2.39,60000.74,2800118.4,118.09,0.67,16666.87,777810.67
R-28324,SQR|Garlic Naan Bread,OK - SQUARE MEAL,125,138.44,1.3,29226.49,970712.85,110.76,1.04,23381.19,776570.28
R-61754,SQR|Cauliflower Po'Boy +2,OK - SQUARE MEAL,585,923.93,8.36,149875.75,4440492.76,157.94,1.43,25619.79,759058.6
R-42370,SQR|Paneer TikaMasala+2,OK - SQUARE MEAL,745,1139.03,8.78,235922.17,5624151.55,152.89,1.18,31667.41,754919.67
R-44931,TRUCK|Salmon Burger & Fries,OK - FOOD TRUCK(Food),408,980.13,11.72,245331.25,3054206.91,240.23,2.87,60130.21,748580.14
R-60979,TRUCK|Chips Salsa Queso|SIDE,OK - FOOD TRUCK(Food),390,876.46,6.67,69637.6,2914678.61,224.74,1.71,17855.8,747353.49
R-53342,VEG|Falafel Bowl,OK - VEGETARIAN KITCHEN,435.5,560.75,3.47,73542.96,3243665.2,128.76,0.8,16887.02,744814.05
R-56489,GRL|Pancakes|Blueberry,OK - GRILL KITCHEN BRUNCH,340,365.83,2.13,59795.68,2523952.01,107.6,0.63,17586.97,742338.83
R-56901,SALAD|Green Papaya,OK - SQUARE MEAL,207,165.38,1.19,23104.22,1520173.85,79.89,0.58,11161.46,734383.5
R-61773,SQR|Root Veg Pot Pie,OK - SQUARE MEAL,349,636.24,7.65,62221.72,2524917,182.3,2.19,17828.57,723471.92
R-52899,DIM SUM|Bun|Chicken (1),OK - DIM SUM,50,99.34,1.93,16125,361455,198.69,3.86,32250,722910
R-56488,GRL|Pancakes|Straw/Rhubarb,OK - GRILL KITCHEN BRUNCH,360,408.11,2.51,53764.61,2540683.29,113.37,0.7,14934.61,705745.36
R-57328,SQR|Sweet Potato Katsu,OK - SQUARE MEAL,265,392.84,4.59,60851.11,1848628.82,148.24,1.73,22962.68,697595.78
R-50440,SQU|Chayote Salad Tostadas+2,OK - SQUARE MEAL,445,809.42,5.01,115911.74,3022962.52,181.89,1.13,26047.58,679317.42
R-58351,VEG|Pasta|Harvest Squash,OK- VEGETARIAN KITCHEN FEATURE,727.5,894.18,5.62,107115.43,4925524.13,122.91,0.77,14723.77,677047.99
R-12346,GRL|Pancakes|Straw Chocolate,OK - GRILL KITCHEN BREAKFAST,460,563.66,2.9,95731.55,3079469.88,122.54,0.63,20811.21,669449.98
R-50466,GRL|Chicken Burger|Buffalo,OK - GRILL KITCHEN DAY,299,812.99,15.62,97465.28,1994902.22,271.9,5.23,32597.09,667191.39
R-57713,SQR|Ratatouille Spaghetti +2,OK - SQUARE MEAL,663,870.83,7.14,104553.35,4248125.95,131.35,1.08,15769.74,640742.98
R-57712,SQR|Ratatouille Spaghetti +1,OK - SQUARE MEAL,553,632.72,5.69,88028.64,3531176.18,114.42,1.03,15918.38,638549.04
R-33872,BURRITO|Veg,OK - SANDWICH KITCHEN,385,592.02,3.86,99362.38,2455347.2,153.77,1,25808.41,637752.52
R-56884,SQR|Ratatouille Spaghetti,OK - SQUARE MEAL,443,394.61,4.24,71503.94,2814226.41,89.08,0.96,16140.84,635265.56
R-44319,FLX|Side Quinoa Tabouleh Salad,OK - GLOBAL KITCHEN,105,129.85,0.74,16698.28,660871.65,123.67,0.71,15903.12,629401.57
R-36568,VEG|Pasta|Spinach Avocado,OK - VEGETARIAN KITCHEN,357.5,373.58,2.9,60386.07,2228473.04,104.5,0.81,16891.21,623349.1
R-61818,SIDE|Quinoa,OK - SIDES,120,110.64,0.67,46307.01,740746.4,92.2,0.56,38589.18,617288.66
R-32752,SQR|Greek Chicken Skewer,OK - SQUARE MEAL,166,678.37,13.44,56538.13,1022481.33,408.66,8.09,34059.12,615952.62
R-54202,VEG|Bibimbap Bowl,OK- VEGETARIAN KITCHEN FEATURE,572,835.37,6.99,185694.78,3419038.82,146.04,1.22,32464.12,597734.06
R-61774,SQR|Root Veg Pot Pie + 1,OK - SQUARE MEAL,494,858.67,8.65,64633.87,2907497.07,173.82,1.75,13083.78,588562.16
R-36666,VEG|Bowl|Five Alarm,OK- VEGETARIAN KITCHEN FEATURE,521,1024.87,9.3,231923.5,3060154.85,196.71,1.78,44515.07,587361.78
R-61739,GRL|Sandwich|Chicken Crunch,OK - GRILL KITCHEN DAY,298,643.51,12.3,84712.6,1714586.99,215.94,4.13,28427.05,575364.77
R-38518,SQR|Citrus Cous-Cous 170g,OK - SQUARE MEAL,170,141.07,1.2,31226.95,960763.03,82.99,0.7,18368.79,565154.73
R-43964,GRL|Chicken Burger|Thai Chili,OK - GRILL KITCHEN DAY,301,786.91,16.75,97200.99,1650084.94,261.43,5.56,32292.69,548201
R-57182,SQR|Fried Okra|SIDE,OK - SQUARE MEAL,120,121.13,1.81,20133.52,655256.22,100.95,1.51,16777.93,546046.85
R-43366,BURRITO|Chicken,OK - SANDWICH KITCHEN,460,1030.24,14.97,134254.16,2492310.39,223.97,3.26,29185.69,541806.6
R-35651,TRUCK|Tomato Soup,OK - FOOD TRUCK(Food),381,409.77,3.22,24040.94,2034873.78,107.55,0.85,6309.96,534087.61
R-57347,SQR|Thai Green Fish Curry,OK - SQUARE MEAL,314,1413.06,13.57,298554.27,1666894,450.02,4.32,95080.98,530857.96
R-55819,TRUCK|Fish & Chips|2pc,OK - FOOD TRUCK(Food),475.5,1140.4,12.31,252656.74,2524047.32,239.83,2.59,53134.96,530819.63
R-41085,SQR|Spicy Soy Salmon+1,OK - SQUARE MEAL,276.5,987.2,10.88,291742.02,1434963.58,357.03,3.93,105512.49,518974.17
R-45201,SQR|Vegan Pad Thai+1,OK - SQUARE MEAL,592,659.85,3.74,218652.46,3066191.08,111.46,0.63,36934.54,517937.68
R-61775,SQR|Root Veg Pot Pie + 2,OK - SQUARE MEAL,639,1081.1,9.66,67046.01,3290077.13,169.19,1.51,10492.33,514879.05
R-28323,SQR|Butter Chicken,OK - SQUARE MEAL,445,1514.59,27.08,229256.38,2289403.55,340.36,6.09,51518.29,514472.71
R-38664,SQR|Greek Chicken Skewer +1,OK - SQUARE MEAL,336,874.24,15.01,70901.84,1718510,260.19,4.47,21101.74,511461.32
R-57587,SQR|Mashed Potato,OK - SQUARE MEAL,150,197.08,1.18,4816.5,765086.89,131.39,0.79,3211,510057.93
R-29282,DIM SUM|Vegetable Gyoza (3),OK - DIM SUM,141.06,83.55,1.33,21829.91,716605.64,59.23,0.94,15476.11,508030.87
R-57329,SQR|Sweet Potato Katsu+1,OK - SQUARE MEAL,410,578.35,5.18,128196.56,2059445.16,141.06,1.26,31267.46,502303.7
R-45191,SQR|Thai Chicken Thigh +2,OK - SQUARE MEAL,384,388.23,1.83,157702.83,1914313.57,101.1,0.48,41068.44,498519.16
R-56827,GLB|Chickpea Vindaloo,OK - GLOBAL KITCHEN,712,781.09,5.23,189532.83,3502529.35,109.7,0.74,26619.78,491928.28
R-45190,SQR|Thai Chicken Thigh +1,OK - SQUARE MEAL,195.5,197.82,1.01,79151.35,957572.54,101.19,0.52,40486.63,489806.92
R-37050,SQR|Butter Chicken+1,OK - SQUARE MEAL,620.5,1671.77,28.64,248102.47,2998395.63,269.42,4.62,39984.28,483222.5
R-38665,SQR|Greek Chicken Skewer +2,OK - SQUARE MEAL,506,1070.12,16.58,85265.54,2414538.67,211.49,3.28,16850.9,477181.56
R-37051,SQR|Butter Chicken+2,OK - SQUARE MEAL,795,1828.16,30.2,266911.1,3705408.63,229.96,3.8,33573.72,466089.14
R-32886,VEG|Curried Chickpea Bowl,OK - VEGETARIAN KITCHEN,470.5,738.32,3.9,152204.28,2148052.51,156.92,0.83,32349.48,456546.76
R-61770,SQR|Chicken Pot Pie,OK - SQUARE MEAL,409,813.49,13.22,55403.17,1861386.4,198.9,3.23,13546.01,455106.73
R-57387,SQR|Chicken Piccata+2,OK - SQUARE MEAL,585,1530.86,33.07,154234.39,2635220.62,261.69,5.65,26364.85,450465.06
R-27275,VEG|Bowl|Black Bean Breakfast,OK - VEGETARIAN KITCHEN,422.1,710.34,5.85,73426.93,1892421.67,168.29,1.39,17395.63,448334.91
R-57386,SQR|Chicken Piccata+1,OK - SQUARE MEAL,425,1413.47,31.81,133441.58,1845561.49,332.58,7.49,31398.02,434249.76
R-37172,CST|Salmon,OK - CUSTOM KITCHEN,599,1029.48,11.15,261022.82,2585575.83,171.87,1.86,43576.43,431648.72
R-56837,SQR|Chicken Marbella,OK - SQUARE MEAL,160,676.81,11.9,46447.77,690242.88,423.01,7.44,29029.85,431401.8
R-58341,SIDE|Sunamono,OK - SQUARE MEAL,120,85.77,1,15786.96,513765.14,71.47,0.83,13155.8,428137.62
R-56885,SQR|Dahl & Cauliflower Rice,OK - SQUARE MEAL,438,522.23,4.22,58359.52,1855152.53,119.23,0.96,13324.09,423550.8
R-44866,GLB|Dan Dan Noodle|Tofu,OK - GLOBAL KITCHEN,400,481.41,3.4,52180.26,1692317.62,120.35,0.85,13045.07,423079.4
R-50524,SQR|Salad|Warm Carrot 150g,OK - SQUARE MEAL,150,93.69,1.31,10358.67,618555.24,62.46,0.88,6905.78,412370.16
R-57581,SQR|Sweet Potato Katsu+2,OK - SQUARE MEAL,555,763.85,5.77,195542.02,2270261.5,137.63,1.04,35232.8,409056.13
R-44350,SQR|Vegan Pad Thai 350g,OK - SQUARE MEAL,385,494.48,2.55,195548.24,1546017.23,128.44,0.66,50791.75,401562.92
R-57385,SQR|Chicken Piccata,OK - SQUARE MEAL,265,1296.09,30.56,112648.77,1055902.35,489.09,11.53,42508.97,398453.72
R-41795,BURRITO|Bowl|Veg,OK - SANDWICH KITCHEN,420,576.73,3.05,125844.22,1668067.8,137.32,0.73,29962.91,397159
R-51276,CST|Fried Rice Friday|No Meat,OK - CUSTOM KITCHEN,689,906.91,8.4,264473.05,2732288.11,131.63,1.22,38385.06,396558.51
R-45126,SQR|STEW|TomatoSpanish +2,OK - SQUARE MEAL,570,525.42,4.62,54262.63,2235823.38,92.18,0.81,9519.76,392249.72
R-57350,SQR|Thai Green Fish Curry+1,OK - SQUARE MEAL,474,1660.95,14.2,365191.29,1859126.7,350.41,3,77044.58,392220.82
R-56955,TRUCK|West Coast Chowder,OK - FOOD TRUCK(Food),361,758.12,11.6,165028.09,1402792.85,210.01,3.21,45714.15,388585.28
R-58657,SQR|Dahl & Cauliflower Rice+1,OK - SQUARE MEAL,548,656.96,5.61,128335.71,2126938.8,119.88,1.03,23418.92,388127.52
R-61771,SQR|Chicken Pot Pie + 1,OK - SQUARE MEAL,564,1041.45,14.42,57224.85,2171393.63,184.66,2.56,10146.25,384998.89
R-27405,VEG|Southwest Bowl,OK - VEGETARIAN KITCHEN,458.1,609.07,3.45,100172.68,1762946.54,132.96,0.75,21866.99,384838.8
R-57334,SQR|Tempe Marbella,OK - SQUARE MEAL,160,375.5,0.75,9276.58,604277.67,234.69,0.47,5797.86,377673.54
R-41086,SQR|Spicy Soy Salmon+2,OK - SQUARE MEAL,438,1229.92,11.58,358857.52,1637477.04,280.8,2.64,81930.94,373853.21
R-28363,SQR|Mashed Potato 170g,OK - SQUARE MEAL,170,208.15,1.58,3635.58,619941.21,122.44,0.93,2138.57,364671.3
R-57711,SQR|Chicken Cacciatore +2,OK - SQUARE MEAL,810,1947.32,38.42,184189.78,2945894.7,240.41,4.74,22739.48,363690.7
R-56866,SQR|Salmon Laksa +2,OK - SQUARE MEAL,735,1519.41,12.67,357395.64,2666809.78,206.72,1.72,48625.26,362831.26
R-42368,SQR|Tandoori Chicken Leg +2,OK - SQUARE MEAL,730,2118.92,39.95,301448.54,2628236.19,290.26,5.47,41294.32,360032.35
R-56865,SQRSalmon Laksa +1,OK - SQUARE MEAL,615,1426.96,11.48,344973.39,2200952.45,232.03,1.87,56093.23,357878.45
R-45125,SQR|STEW|Tomato Spanish+1,OK - SQUARE MEAL,410,408.04,3.36,33469.82,1446164.25,99.52,0.82,8163.37,352722.99
R-34024,SQR|Roast|Cauliflower|Wedge,OK - SQUARE MEAL,280,258.54,1.57,18274.17,985387.59,92.34,0.56,6526.49,351924.14
R-45203,SQR|Salmon Laksa,OK - SQUARE MEAL,495,1334.51,10.28,332551.14,1735095.12,269.6,2.08,67182.05,350524.27
R-59571,SQR|Warm Potato Salad,OK - SQUARE MEAL,150,215.4,1.52,8157.57,525511.11,143.6,1.01,5438.38,350340.74
R-57362,SIDE|Ginger Broccoli,OK - SQUARE MEAL,120,99.13,1.39,9057.55,417949.52,82.61,1.16,7547.96,348291.27
R-43372,BURRITO|Bowl|Chicken,OK - SANDWICH KITCHEN,490,985.74,13.42,158409.88,1702566.78,201.17,2.74,32328.55,347462.61
R-51309,SQR|Roast|Cauliflower|Wedge+1,OK - SQUARE MEAL,435,450.32,3.73,24742.37,1508543,103.52,0.86,5687.9,346791.5
R-61772,SQR|Chicken Pot Pie + 2,OK - SQUARE MEAL,719,1269.42,15.62,59046.53,2481400.85,176.55,2.17,8212.31,345118.35
R-51310,SQR|Roast|Cauliflower|Wedge+2,OK - SQUARE MEAL,590,642.11,5.89,31210.56,2031698.42,108.83,1,5289.93,344355.67
R-62022,SQR|Dahl & Cauliflower Rice+2,OK - SQUARE MEAL,703,844.4,7.34,198836.78,2413584.53,120.11,1.04,28284.04,343326.39
R-25415,VEG|King Oyster Mushroom Bowl,OK - VEGETARIAN KITCHEN,435,375.9,3.07,65254.24,1456382.05,86.41,0.71,15000.98,334800.47
R-58390,CST|SAUCE|Lemon Sesame,OK - CUSTOM KITCHEN,60,34.84,0.16,3359.22,199775.54,58.07,0.26,5598.7,332959.24
R-61808,SQR|STEW|Mushroom & Squash+2,OK - SQUARE MEAL,560,500.23,4.87,32789.89,1853648.76,89.33,0.87,5855.34,331008.71
R-51468,SQR|Tandoori Chicken Leg +1,OK - SQUARE MEAL,567.5,1894.38,38.41,279272.45,1871017.51,333.81,6.77,49211.01,329694.72
R-28301,CST|Veg Only,OK - CUSTOM KITCHEN,514,500.37,3.68,93094.7,1684214.58,97.35,0.72,18111.81,327668.21
R-57351,SQR|Thai Green Fish Curry+2,OK - SQUARE MEAL,629,1892.18,14.84,431957.41,2056202.87,300.82,2.36,68673.68,326900.3
R-61509,SIDE|Mexican Corn,OK - SIDES,500,323.08,2.52,34938.7,1602214.75,64.62,0.5,6987.74,320442.95
R-57710,SQR|Chicken Cacciatore +1,OK - SQUARE MEAL,700,1709.21,36.98,167665.08,2228944.93,244.17,5.28,23952.15,318420.71
R-50348,GRL|Pancakes|AppleOat,OK - GRILL KITCHEN BREAKFAST,375,394.9,1.28,44419.83,1156211.78,105.31,0.34,11845.29,308323.14
R-51467,SQR|Tandoori Chicken Leg 225g,OK - SQUARE MEAL,235,1455.17,36.41,123571.9,719719.72,619.22,15.5,52583.79,306263.71
R-35319,VEG|SOUP|Miso Dumpling,OK- VEGETARIAN KITCHEN FEATURE,643,356.98,3.24,61822.01,1960637.4,55.52,0.51,9614.62,304920.28
R-56491,GRL|Sandwich|Bahn Mi,OK - GRILL KITCHEN DAY,211,601.49,12.95,56167.74,634586.86,285.07,6.14,26619.78,300752.07
R-33532,GLB|Sweet Chili Chicken,OK - GLOBAL KITCHEN,420.5,852.76,14.92,205757.11,1220874.5,202.8,3.55,48931.54,290338.76
R-61807,SQR|STEW|Mushroom & Squash +1,OK - SQUARE MEAL,405,313.58,3.45,23490.41,1174171.6,77.43,0.85,5800.1,289918.91
R-45202,SQR|Vegan Pad Thai +2,OK - SQUARE MEAL,675,790.85,3.62,330234.85,1940964.7,117.16,0.54,48923.68,287550.33
R-37171,CST|Chicken,OK - CUSTOM KITCHEN,599,968.49,16.09,132440.53,1719661.85,161.69,2.69,22110.27,287088.79
R-57165,SQR|Cabbage & Apple|Side,OK - SQUARE MEAL,135,151.79,1.34,20275.78,386425.92,112.44,0.99,15019.1,286241.43
R-44975,SQR|Elotes 120g,OK - SQUARE MEAL,120,163.14,0.63,2434.97,339150.17,135.95,0.53,2029.14,282625.14
R-57332,SQR|Chicken Marbella+1,OK - SQUARE MEAL,315,908.04,12.55,113213.89,887319.05,288.27,3.98,35940.92,281688.59
R-37173,CST|Tofu,OK - CUSTOM KITCHEN,599,649.48,4.19,93655.7,1686968.58,108.43,0.7,15635.34,281630.81
R-35735,SQR|MushroomBao,OK - SQUARE MEAL,81.2,84.84,0.84,5704.43,228385.9,104.49,1.04,7025.16,281263.43
R-50700,GLB|Teriyaki Tofu Bowl,OK - GLOBAL KITCHEN,549,620.5,3.3,146655.46,1524618.04,113.02,0.6,26713.2,277708.21
R-35799,SQR|STEW|Tomato Spanish 350g,OK - SQUARE MEAL,250,290.66,2.11,12677.01,656505.11,116.26,0.84,5070.8,262602.04
R-61787,SIDE|Green Bean & Coconut,OK - SQUARE MEAL,210,307.96,1.45,9974.52,549850.58,146.65,0.69,4749.77,261833.61
R-54176,SQR|Chicken Cacciatore,OK - SQUARE MEAL,590,1471.11,35.53,151140.37,1511995.17,249.34,6.02,25617.01,256270.37
R-57333,SQR|Tempe Marbella+1,OK - SQUARE MEAL,315,606.73,1.39,76042.7,801353.84,192.61,0.44,24140.54,254398.04
R-60820,SIDES|Mashed Potato|VEGAN,OK - SIDES,150,145.74,0.77,5226.3,379753.32,97.16,0.51,3484.2,253168.88
R-61691,GLB|Tofu Jambalaya,OK - GLOBAL KITCHEN,322,256.43,2,48724.55,787345.06,79.64,0.62,15131.85,244517.1
R-35782,VEG|MIso Glazed Veg Bowl,OK- VEGETARIAN KITCHEN FEATURE,375,332.09,2.3,75253.11,871530.58,88.56,0.61,20067.5,232408.15
R-47340,SQR|Brown Rice 170g,OK - SQUARE MEAL,170,214.67,0.46,133524.46,394079.1,126.28,0.27,78543.8,231811.24
R-57331,SQR|Chicken Marbella+2,OK - SQUARE MEAL,470,1139.26,13.19,179980.01,1084395.22,242.4,2.81,38293.62,230722.39
R-45152,SQR|Salad|RoastedPineapple,OK - SQUARE MEAL,160,135.59,1.26,9061.13,350294.33,84.74,0.79,5663.21,218933.96
R-55609,SQR|Veg Fried Rice,OK - SQUARE MEAL,170,175.11,0.98,74436.86,364153.29,103.01,0.58,43786.39,214207.82
R-57084,SQR|Tempe Marbella+2,OK - SQUARE MEAL,470,837.95,2.04,142808.82,998430.01,178.29,0.43,30384.86,212431.92
R-46844,SQR|Mushroom Bao+1,OK - SQUARE MEAL,256.2,221.78,2.07,46448.67,542925.72,86.56,0.81,18129.85,211914.8
R-57052,SQR|Laksa Tofu +2,OK - SQUARE MEAL,795,1201.77,4.88,161893.94,1636230.45,151.17,0.61,20364.02,205815.15
R-46845,SQR|MushroomBao+2,OK - SQUARE MEAL,426.2,355.49,3.26,86996.88,848590.59,83.41,0.77,20412.22,199106.19
R-36043,SQR|AlooGobi 225g,OK - SQUARE MEAL,225,175.12,1.82,8428.24,445292.22,77.83,0.81,3745.88,197907.66
R-61809,SQR|STEW|Mushroom & Squash,OK - SQUARE MEAL,250,126.93,2.04,14190.92,494694.45,50.77,0.82,5676.37,197877.78
R-61748,Veg|Loaded Sweet Potato.,OK - VEGETARIAN KITCHEN,550,517.78,3.27,18181.06,1083616.03,94.14,0.6,3305.65,197021.1
R-56539,VEG|Hulk Bowl,OK- VEGETARIAN KITCHEN FEATURE,368,354.28,2.34,17518.34,715673.7,96.27,0.64,4760.42,194476.54
R-61625,SIDE|Coleslaw,SPECIALS,90,73.24,0.77,3990.97,168897.57,81.38,0.86,4434.41,187663.97
R-60515,SQR|Citrus Arugula Salad|Side,OK - SQUARE MEAL,30,38.14,0.17,1194.91,53141.84,127.14,0.56,3983.05,177139.48
R-35896,GLB|Bowl|Havana,OK - GLOBAL KITCHEN,420,1115.33,15.45,125353.03,737981.09,265.56,3.68,29845.96,175709.78
R-45153,SQR|Shoyu Chicken +2,OK - SQUARE MEAL,505,1214.27,24.02,214020.52,885562.92,240.45,4.76,42380.3,175358.99
R-57051,SQR|Laksa Tofu +1,OK - SQUARE MEAL,675,1109.32,3.68,149471.68,1170373.12,164.34,0.55,22143.95,173388.61
R-61805,SQR|Sweet & Spicy Tempe +2,OK - SQUARE MEAL,530,708.2,2.88,102872.43,918158.7,133.62,0.54,19409.89,173237.49
R-57279,SQR| Dirty Rice,OK - SQUARE MEAL,137,211.11,0.82,35771.44,232145.23,154.1,0.6,26110.54,169449.08
R-51306,SQR|Shoyu Tofu+2,OK - SQUARE MEAL,485,637.11,2.76,145336.6,821084.78,131.36,0.57,29966.31,169295.83
R-61784,SIDE|Turmeric Rice,OK - SQUARE MEAL,170,161.69,0.48,89929.17,285489.7,95.11,0.29,52899.51,167935.12
R-60388,SQR|Lemongrass Tofu Congee DS,OK - DIM SUM,248,243.79,1.59,44172.96,415672.89,98.3,0.64,17811.68,167610.04
R-59582,GLB|Bowl|Havana|Tofu,OK - GLOBAL KITCHEN,420,771.42,2.82,83983.13,683914.66,183.67,0.67,19995.98,162836.82
R-55245,SQR|Peri Peri Chicken,OK - SQUARE MEAL,500,1885.9,45.77,154331.56,788445.62,377.18,9.15,30866.31,157689.12
R-45151,SQR|Shoyu Chicken +1,OK - SQUARE MEAL,340,1039.13,23.16,142727.66,513374.42,305.63,6.81,41978.72,150992.48
R-45744,SQR|Rice And Beans 170g,OK - SQUARE MEAL,170,266.05,0.89,51985.66,252197.66,156.5,0.53,30579.8,148351.57
R-61804,SQR|Sweet & Spicy Tempe +1,OK - SQUARE MEAL,340,473.37,1.92,52920.59,500488.55,139.23,0.56,15564.88,147202.52
R-32869,SQR|Stirfried Mix Veg 170g,OK - SQUARE MEAL,170,92.33,1.4,6659.55,247176.45,54.31,0.82,3917.38,145397.91
R-61701,SQR|Peri Peri Chicken +1,OK - SQUARE MEAL,610,1981.89,47.46,158174.4,881183.8,324.9,7.78,25930.23,144456.36
R-51305,SQR|Shoyu Tofu+1,OK - SQUARE MEAL,320,461.6,1.9,73806.67,449283.5,144.25,0.6,23064.59,140401.09
R-61702,SQR|Peri Peri Chicken +2,OK - SQUARE MEAL,720,2077.87,49.15,162017.24,973921.97,288.59,6.83,22502.4,135266.94
R-28318,SQR|Seasonal Vegetable,OK - SQUARE MEAL,140,160.21,2.98,7477.68,179212.36,114.43,2.13,5341.2,128008.83
R-43922,SQR|Laksa Tofu,OK - SQUARE MEAL,555,1016.87,2.49,137049.43,704515.79,183.22,0.45,24693.59,126939.78
R-61693,CST|SAUCE|Thai Basil Lime,OK - CUSTOM KITCHEN,60,56.31,0.26,2066.64,75961.39,93.85,0.44,3444.39,126602.32
R-32750,GLB|Chicken Adobo,OK - GLOBAL KITCHEN,443,1452.09,31.93,210319.64,547345.41,327.79,7.21,47476.22,123554.27
R-58406,SQR| Shitake Congee,OK - DIM SUM,248,154.45,1.05,40796.59,306246.01,62.28,0.42,16450.24,123486.3
R-28355,SQR|House Roasted Chicken 200g,OK - SQUARE MEAL,200,1139.94,29.24,94896.68,241458.11,569.97,14.62,47448.34,120729.05
R-61696,CST|SAUCE|Gochujang,OK - CUSTOM KITCHEN,60,28.87,0.29,1060.09,57273.29,48.11,0.48,1766.82,95455.48
R-37081,SQR|House Roast Chicken+1,OK - SQUARE MEAL,355,1257.54,31.19,98876.52,338272.57,354.24,8.79,27852.54,95288.05
R-41093,SQR|Spicy Soy Tofu+2,OK - SQUARE MEAL,455,693.51,2.13,135463.27,428956.63,152.42,0.47,29772.15,94276.18
R-44779,TRUCK|Chick Wings|W/O Gluten,OK - FOOD TRUCK(Food),525.5,2067.3,47.62,154523.36,489532.15,393.4,9.06,29405.02,93155.5
R-37082,SQR|House Roast Chicken+2,OK - SQUARE MEAL,510,1375.14,33.14,102856.35,435087.04,269.64,6.5,20167.91,85311.18
R-45150,SQR|Shoyu Chicken 170g (1pc),OK - SQUARE MEAL,175,864,22.3,71434.86,141187.7,493.72,12.74,40819.92,80678.69
R-49260,SQR|TOFU|Thai Green Curry,OK - SQUARE MEAL,364,801.8,1.56,8316.91,286253.52,220.27,0.43,2284.86,78641.08
R-60819,SIDES|Minted Peas|VEGAN,OK - SIDES,80,73.22,0.47,1213.33,59748.8,91.52,0.59,1516.67,74686
R-41089,SQR|Spicy Soy Tofu+1,OK - SQUARE MEAL,326.5,508.42,1.67,68573.37,238099.1,155.72,0.51,21002.56,72924.69
R-49263,SQR|TOFU|Thai Green Curry+2,OK - SQUARE MEAL,654,1255.43,2.74,137057.76,476843.96,191.96,0.42,20956.84,72911.92
R-59573,CST|SAUCE|Kung Pao,OK - CUSTOM KITCHEN,60,64,0.28,934.17,40132.03,106.66,0.47,1556.95,66886.73
R-61692,CST|SAUCE|Green Thai Curry,OK - CUSTOM KITCHEN,60,234.52,0.13,885.57,35518.03,390.86,0.22,1475.94,59196.72
R-61803,SQR|Sweet & Spicy Tempe,OK - SQUARE MEAL,150,238.54,0.95,2968.75,82818.41,159.03,0.64,1979.16,55212.28
R-49262,SQR|TOFU|Thai Green Curry+1,OK - SQUARE MEAL,519,1059.6,2.21,70292.75,279778.25,204.16,0.43,13543.88,53907.18
R-50390,SQR|Shoyu Tofu 150g,OK - SQUARE MEAL,155,286.09,1.05,2276.75,77482.22,184.57,0.68,1468.87,49988.53
R-44682,SAND|Add|Add Turkey,OK - SANDWICH KITCHEN,60,309.38,7.85,24918,26405.63,515.64,13.09,41529.99,44009.38
R-45020,SQR|Thai Chicken Thighs,OK - SQUARE MEAL,505,1816.79,47.15,149734.01,200779.04,359.76,9.34,29650.3,39758.23
R-30954,GRL|Chicken Breast,OK - GRILL KITCHEN DAY,130,584.07,14.56,46211.19,47305.34,449.29,11.2,35547.07,36388.72
R-51942,CST|SAUCE|Green Onion Ginger,OK - CUSTOM KITCHEN,60,24.07,0.21,434.4,20419.06,40.11,0.36,724.01,34031.77
R-28288,GRL|TurkeyBreakfastSausage(2),OK - GRILL KITCHEN BREAKFAST,150,659.94,17.52,55545.01,50025.01,439.96,11.68,37030,33350
R-60552,TRUCK|BBQ Jackfruit|add on,OK - FOOD TRUCK(Food),90,92.58,0.45,1110.71,27091.05,102.87,0.5,1234.12,30101.17
R-45371,CST|SAUCE|Teriyaki,OK - CUSTOM KITCHEN,60,25.43,0.12,476.08,16825.08,42.39,0.21,793.46,28041.8
R-61695,CST|SAUCE|Spicy Korean BBQ,OK - CUSTOM KITCHEN,60,24.46,0.09,379.07,15228.41,40.77,0.14,631.78,25380.69
R-57089,SQR|Edamame Puree,OK - SQUARE MEAL,120,156.33,0.72,1166.45,27553.58,130.28,0.6,972.04,22961.32
R-61694,CST|SAUCE|Tamarind,OK - CUSTOM KITCHEN,60,60.32,0.17,573.14,13499.22,100.54,0.28,955.23,22498.7
R-55488,CST|SAUCE|Sweet Chili,OK - CUSTOM KITCHEN,60,48.47,0.11,574.11,13138.91,80.79,0.19,956.85,21898.18
R-41088,SQR|Spicy Soy Tofu 150g,OK - SQUARE MEAL,165,265.7,0.98,1457.87,35585.64,161.03,0.59,883.56,21567.05
R-28340,SQR|Baked Beans 140g,OK - SQUARE MEAL,140,209.62,0.61,658.94,28591.44,149.73,0.43,470.67,20422.46
R-32757,SQR|Lemon Roasted Potatoes,OK - SQUARE MEAL,170,127.48,0.92,1033.96,33901.84,74.99,0.54,608.21,19942.26
R-61698,CST|SAUCE|Curry Red,OK - CUSTOM KITCHEN,60,233.57,0.06,271.05,9153.79,389.28,0.1,451.74,15256.32
R-57402,CST|SAUCE|Yellow Curry,OK - CUSTOM KITCHEN,60,195.3,0.05,262.61,8589.46,325.49,0.08,437.68,14315.77
R-35772,GRL|PotatoWedges,OK - GRILL KITCHEN BREAKFAST,250.5,115.03,1.42,743.13,22270.27,45.92,0.57,296.66,8890.33
R-59717,SQR|Spicy Soy Green Beans.,OK - SQUARE MEAL,153,270,0.95,232.27,11718.7,176.47,0.62,151.81,7659.28
R-57565,SQR|Green Beans|Steamed,OK - SQUARE MEAL,140,247.78,0.83,7.78,73.24,176.98,0.59,5.56,52.31
R-44679,SAND|Add|Falafel,OK - SANDWICH KITCHEN,40,67.1,0.24,0,0,167.76,0.59,0,0
