ProdId,Description,SalesGroup,Weight (g),GHG Emission (g),N lost (g),Freshwater Withdrawals (L),Stress-Weighted Water Use (L),GHG Emission (g) / 100g,N lost (g) / 100g,Freshwater Withdrawals (L) / 100g,Stress-Weighted Water Use (L) / 100g
R-30406,G&G|Croissant|Multigrain|OK ,OK - GRAB & GO,120,182.7,1.776,50.3,1538.6,152.25,1.48,41.92,1282.17
R-30041,GRL|Bacon,OK - GRILL KITCHEN BREAKFAST,20,560.3955,7.5696,103.19,3091.83,2801.98,37.85,515.95,15459.15
R-28280,GRL|Breakfast Entree,OK - GRILL KITCHEN BREAKFAST,925.0000188,2929.114216,40.83257465,347.08,14440.18,316.66,4.41,37.52,1561.1
R-50368,GRL|BreakfastCroissant,OK - GRILL KITCHEN BREAKFAST,314.2500003,1172.654658,14.21082424,203.32,7154.18,373.16,4.52,64.7,2276.59
R-49805,GRL|Burrito|Lumberjack,OK - GRILL BRUNCH,398,1709.909643,24.20909619,307.72,9242.77,429.63,6.08,77.32,2322.3
R-50498,GRL|Crepe|Apple Cinnamon,OK - GRILL KITCHEN BREAKFAST,520,811.8561148,5.629725,162.91,4727.16,156.13,1.08,31.33,909.07
R-51146,GRL|Crepe|Ham and Swiss,OK - GRILL BRUNCH,497.0000008,1591.885141,17.61267615,329.11,11397.1,320.3,3.54,66.22,2293.18
R-50569,GRL|Crepe|Nutella Banana,OK - GRILL KITCHEN BREAKFAST,570,1479.230509,5.882538462,152.66,4633.95,259.51,1.03,26.78,812.97
R-50570,GRL|Crepe|Rosemary Peach,OK - GRILL BRUNCH,520,793.1648548,5.583181818,151.45,4618.45,152.53,1.07,29.12,888.16
R-37340,GRL|Egg Any Style,OK - GRILL KITCHEN BREAKFAST,50,223.1900885,3.67235424,37.99,1117.29,446.38,7.34,75.98,2234.58
R-28291,GRL|Grilled Tomato,OK - GRILL KITCHEN BREAKFAST,450,1645.903148,17.78309949,173.3,10082.02,365.76,3.95,38.51,2240.45
R-50311,GRL|Pancake|CarrotCake,OK - GRILL KITCHEN BREAKFAST,330,589.0237153,4.97745437,94.81,3998.84,178.49,1.51,28.73,1211.77
R-50320,GRL|Pancake|LemonPoppyseed,OK - GRILL KITCHEN BREAKFAST,300,357.5032182,2.129272727,61.03,3138.05,119.17,0.71,20.34,1046.02
R-50348,GRL|Pancakes|AppleOat,OK - GRILL KITCHEN BREAKFAST,375,401.9708748,1.349475,45.89,1285.8,107.19,0.36,12.24,342.88
R-50351,GRL|Pancakes|Oatmeal Raisin ,OK - GRILL KITCHEN BREAKFAST,315,412.02354,2.128575,165.1,2456.66,130.8,0.68,52.41,779.89
R-35772,GRL|PotatoWedges,OK - GRILL KITCHEN BREAKFAST,250,113.9865995,1.420512372,0.74,22.25,45.59,0.57,0.3,8.9
R-28281,GRL|Sandwich|Breakfast,OK - GRILL KITCHEN BREAKFAST,247.5000003,1146.428054,14.27702846,210.81,6802.24,463.2,5.77,85.18,2748.38
R-28286,GRL|Scrambled Eggs,OK - GRILL KITCHEN BREAKFAST,125,539.9854847,9.000911615,93.08,2738.41,431.99,7.2,74.46,2190.73
R-28288,GRL|TurkeyBreakfastSausage(2),OK - GRILL KITCHEN BREAKFAST,150.0000375,659.940165,17.52000438,55.55,50.03,439.96,11.68,37.03,33.35
R-35270,GRL|Burger|Bacon Mush Swiss,OK - GRILL KITCHEN DAY,427.0000003,4348.994598,38.26022858,322.34,11232.13,1018.5,8.96,75.49,2630.48
R-50323,GRL|Burger|Blue Cheese,OK - GRILL KITCHEN DAY,388,3932.81009,32.74315927,240.54,9452.59,1013.61,8.44,61.99,2436.23
R-50889,GRL|Burger|Canadian,OK - GRILL KITCHEN DAY,414.0000003,4356.755565,39.37410169,332.8,11989.22,1052.36,9.51,80.39,2895.95
R-28250,GRL|Burger|Cheeseburger,OK - GRILL KITCHEN DAY,367.0000003,3828.177054,31.77905766,229.83,8900.76,1043.1,8.66,62.62,2425.28
R-50822,GRL|Burger|ChickenStacker,OK - GRILL KITCHEN DAY,441,1805.189406,30.20566325,271.44,7734.79,409.34,6.85,61.55,1753.92
R-28249,GRL|Burger|Classic Beef ,OK - GRILL KITCHEN DAY,353,3703.431451,30.47285763,208,7774.28,1049.13,8.63,58.92,2202.35
R-28252,GRL|Burger|Shacks,OK - GRILL KITCHEN DAY,412.0000003,4400.411712,39.9247595,334.48,12070.32,1068.06,9.69,81.18,2929.69
R-35714,GRL|Chicken Burger|Blackened,OK - GRILL KITCHEN DAY,377.0000003,1148.682346,20.29243048,140.54,3994.33,304.69,5.38,37.28,1059.5
R-50466,GRL|Chicken Burger|Buffalo,OK - GRILL KITCHEN DAY,299,935.9495935,19.42712454,109.44,2001.16,313.03,6.5,36.6,669.28
R-28251,GRL|Chicken Burger|California,OK - GRILL KITCHEN DAY,424,1690.591289,27.6589485,242.95,7049.13,398.72,6.52,57.3,1662.53
R-35015,GRL|French Fries,OK - GRILL KITCHEN DAY,230,150.49935,1.4398,1.52,79.3,65.43,0.63,0.66,34.48
R-28254,GRL|GrilledCheese|3 Cheese Tom,OK - GRILL KITCHEN DAY,295.0000006,1332.375407,12.59715806,183.07,9036.45,451.65,4.27,62.06,3063.2
R-50415,GRL|GrilledCheese|Ched Mushro,OK - GRILL KITCHEN DAY,283.0000006,810.6695383,7.141571246,103.14,4622.4,286.46,2.52,36.45,1633.36
R-50546,GRL|GrilledCheese|Spicy Havart,OK - GRILL KITCHEN DAY,215,876.6610667,8.717127778,136.16,6492.28,407.75,4.05,63.33,3019.67
R-50798,GRL|GrilledCheese|Swiss Apple,OK - GRILL BRUNCH,216.0000008,684.9815519,6.42853982,108.49,4888.57,317.12,2.98,50.23,2263.23
R-47390,GRL|MeatballSub,OK - GRILL KITCHEN DAY,278,6552.18426,53.04374561,312.99,12127.76,2356.9,19.08,112.59,4362.5
R-50504,GRL|Philly Cheese Steak,OK - GRILL KITCHEN DAY,228.0000003,4134.02904,33.75387911,214.56,8448.73,1813.17,14.8,94.11,3705.58
R-35313,GRL|Salad|Caesar,OK - GRILL KITCHEN DAY,280.5,570.5087519,4.431244622,66.56,3015.57,203.39,1.58,23.73,1075.07
R-34864,GRL|Salad|Chef,OK - GRILL KITCHEN DAY,319.0000054,1261.792419,18.74070645,179.85,6262.26,395.55,5.87,56.38,1963.09
R-50574,GRL|Salad|Cobb,OK - GRILL BRUNCH,335,1399.225286,23.42920249,188.63,5444.15,417.68,6.99,56.31,1625.12
R-43677,GRL|Salad|SantaFe,OK - GRILL KITCHEN DAY,255,583.0951173,4.867489634,106.91,3509.65,228.66,1.91,41.93,1376.33
R-50496,GRL|SALAD|ShrimpLouis,OK - GRILL BRUNCH,376.0000034,1453.403822,8.977863426,112.53,4220.32,386.54,2.39,29.93,1122.43
R-43746,GRL|Salad|Signature,OK - GRILL KITCHEN DAY,320,334.4510259,2.431041807,56.07,3354.99,104.52,0.76,17.52,1048.43
R-50894,GRL|Salad|Signature|SIDE,OK - GRILL KITCHEN DAY,160,167.9256595,1.21136035,27.99,1675.95,104.95,0.76,17.49,1047.47
R-50491,GRL|Sandwich|Reuben,OK - GRILL KITCHEN DAY,318.0000006,4562.728085,37.29491875,275.32,11057.09,1434.82,11.73,86.58,3477.07
R-35014,GRL|Yam Fries,OK - GRILL KITCHEN DAY,171,86.53625918,1.063739796,0.56,16.68,50.61,0.62,0.33,9.75
R-50481,ALF|BakedChorizoPeppersPenne,OK - AL FORNO,502,1274.024096,14.991584,215.94,8157.55,253.79,2.99,43.02,1625.01
R-50533,ALF|Flatbread|ArtichokePesto,OK - AL FORNO,248,460.7719244,5.0973772,79.7,3577.02,185.8,2.06,32.14,1442.35
R-50562,ALF|Flatbread|Italian,OK - AL FORNO,141,593.3472374,7.096076752,110.04,3880.49,420.81,5.03,78.04,2752.12
R-50590,ALF|Flatbread|OK,OK - AL FORNO,165,375.9012938,3.808565625,58.6,2586.57,227.82,2.31,35.52,1567.62
R-50494,ALF|Flatbread|Proscuitto,OK - AL FORNO,210,784.8455618,9.070598264,137.58,5212.08,373.74,4.32,65.51,2481.94
R-50540,ALF|Moussaka,OK - AL FORNO,420,2739.363566,23.10628382,160.8,6697.52,652.23,5.5,38.29,1594.65
R-50541,ALF|Pasta|Bolognese Penne,OK - AL FORNO,450,2232.068488,19.57032974,228.42,9763.61,496.02,4.35,50.76,2169.69
R-50819,ALF|Pasta|Penne Alfredo,OK - AL FORNO,1000,0,0,1,1,0,0,0.1,0.1
R-50825,ALF|Sweet Potato,OK - AL FORNO,115,45.655,0.575,0.3,9,39.7,0.5,0.26,7.83
R-50454,GLB|Baby Shrimp Scampi,OK - GLOBAL KITCHEN ,437,2282.006334,8.66471797,173.42,6665.03,522.2,1.98,39.68,1525.18
R-36078,GLB|Beef Vindaloo,OK - GLOBAL KITCHEN ,662,5755.088909,45.54740242,382.54,10144.51,869.35,6.88,57.79,1532.4
R-32750,GLB|Chicken Adobo,OK - GLOBAL KITCHEN ,608,2560.374063,60.84480157,302.09,656.16,421.11,10.01,49.69,107.92
R-29391,GLB|Chicken Kung Pao,OK - GLOBAL KITCHEN ,462,946.7763844,17.06552901,140.69,4254.39,204.93,3.69,30.45,920.86
R-50422,GLB|Lamb Biryani,OK - GLOBAL KITCHEN ,385,5578.304461,30.42511433,221.9,782.55,1448.91,7.9,57.64,203.26
R-51193,GLB|MonggoGuisado,OK - GLOBAL KITCHEN ,388,481.7012373,1.87419188,144.99,562.57,124.15,0.48,37.37,144.99
R-50007,GLB|Pasta|Beef Stroganoff,OK - GLOBAL KITCHEN ,516,7903.681068,62.80283006,369.37,14135.17,1531.72,12.17,71.58,2739.37
R-50501,GLB|Pasta|WestCoastSpaghetti,OK - GLOBAL KITCHEN ,425.5,1605.177559,7.705652507,146.95,5584.52,377.25,1.81,34.54,1312.46
R-28260,GLB|Soup|Beef pho,OK - GLOBAL KITCHEN ,591.5920018,13344.62954,105.3781557,677.66,20010.22,2255.72,17.81,114.55,3382.44
R-35819,GLB|Soup|ChickenDumpling ,OK - GLOBAL KITCHEN ,715,1368.736873,28.31332751,220.36,1683.2,191.43,3.96,30.82,235.41
R-37093,GLB|Spaghetti & Meatballs,OK - GLOBAL KITCHEN ,592,6650.010883,53.68386461,335.6,12421.68,1123.31,9.07,56.69,2098.26
R-50694,GLB|Spaghetti Puttanesca,OK - GLOBAL KITCHEN ,396.5,488.7626485,3.728240379,77.75,3018.63,123.27,0.94,19.61,761.32
R-51195,GLB|Sweet & Sour Pork,OK - GLOBAL KITCHEN ,500,2075.135786,24.23398623,444,10376.83,415.03,4.85,88.8,2075.37
R-33532,GLB|Sweet Chili Chicken,OK - GLOBAL KITCHEN ,420.5,852.7615258,14.91638837,205.76,1220.87,202.8,3.55,48.93,290.34
R-50700,GLB|Teriyaki Tofu Bowl,OK - GLOBAL KITCHEN ,549,620.5044209,3.300599958,146.66,1524.62,113.02,0.6,26.71,277.71
R-50681,GLB|ThaiStirFry,OK - GLOBAL KITCHEN ,405,544.0083578,2.729628047,180.97,2856.49,134.32,0.67,44.68,705.31
R-51285,SQR|3BeanChili 300g,OK - SQUARE MEAL,300,516.6641334,3.688039945,42.3,1727.13,172.22,1.23,14.1,575.71
R-51201,SQR|BEEF|Skewer,OK - SQUARE MEAL,41,183.2120955,0.7168,4.04,138.13,446.86,1.75,9.85,336.9
R-51307,SQR|BEEF|Skewer+1,OK - SQUARE MEAL,161,340.588932,2.422930666,11.75,590.53,211.55,1.5,7.3,366.79
R-51308,SQR|BEEF|Skewer+2,OK - SQUARE MEAL,281,497.9657686,4.129061333,19.45,1042.93,177.21,1.47,6.92,371.15
R-47340,SQR|Brown Rice 170g,OK - SQUARE MEAL,170,214.672597,0.461989558,133.52,394.08,126.28,0.27,78.54,231.81
R-40743,SQR|Grill Farmer Sausage+1,OK - SQUARE MEAL,371.147,2430.295945,28.17762161,356.81,13092.49,654.81,7.59,96.14,3527.58
R-41128,SQR|Grill Farmer Sausage+2,OK - SQUARE MEAL,509.147,2758.671062,32.04488556,406.44,15226.72,541.82,6.29,79.83,2990.63
R-28309,SQR|Grilled Farmer Sausage,OK - SQUARE MEAL,175,1690.077144,22.67082612,305.56,9155.42,965.76,12.95,174.61,5231.67
R-28313,SQR|Perogies,OK - SQUARE MEAL,220,724.0762603,5.95251634,90.95,4899.42,329.13,2.71,41.34,2227.01
R-45152,SQR|Salad|RoastedPineapple ,OK - SQUARE MEAL,160,135.5880095,1.258640071,9.06,350.29,84.74,0.79,5.66,218.93
R-28318,SQR|Seasonal Vegetable,OK - SQUARE MEAL,140,160.2061617,2.984269945,7.48,179.21,114.43,2.13,5.34,128.01
R-45151,SQR|Shoyu Chicken +1,OK - SQUARE MEAL,510,1902.995853,45.45216087,214.16,654.54,373.14,8.91,41.99,128.34
R-45153,SQR|Shoyu Chicken +2,OK - SQUARE MEAL,675,2078.135578,46.31272255,285.45,1026.72,307.87,6.86,42.29,152.11
R-45150,SQR|Shoyu Chicken 340g (2 pc) ,OK - SQUARE MEAL,345,1727.86555,44.59184605,142.87,282.35,500.83,12.93,41.41,81.84
R-50390,SQR|Shoyu Tofu 150g,OK - SQUARE MEAL,155,286.087138,1.049957612,2.28,77.48,184.57,0.68,1.47,49.99
R-51305,SQR|Shoyu Tofu+1,OK - SQUARE MEAL,320,461.5973928,1.904527648,73.81,449.28,144.25,0.6,23.07,140.4
R-51306,SQR|Shoyu Tofu+2,OK - SQUARE MEAL,485,637.1076475,2.759097683,145.34,821.08,131.36,0.57,29.97,169.29
R-45200,SQR|STEW|Bo Kho Beef +2,OK - SQUARE MEAL,655,5281.638618,43.03415812,346.43,7776.09,806.36,6.57,52.89,1187.19
R-45019,SQR|STEW|BoKhoBeef 350g,OK - SQUARE MEAL,350,4910.492402,39.89263139,197.87,7199.63,1403,11.4,56.53,2057.04
R-45199,SQR|STEW|BoKhoBeef+1,OK - SQUARE MEAL,502.5,5096.06551,41.46339475,272.15,7487.86,1014.14,8.25,54.16,1490.12
R-45202,SQR|Vegan Pad Thai +2,OK - SQUARE MEAL,675,790.6909354,3.620893853,330.22,1940.43,117.14,0.54,48.92,287.47
R-44350,SQR|Vegan Pad Thai 350g,OK - SQUARE MEAL,385,494.3184154,2.551823331,195.53,1545.48,128.39,0.66,50.79,401.42
R-45201,SQR|Vegan Pad Thai+1,OK - SQUARE MEAL,530,642.1247239,3.092103371,262.64,1743.34,121.16,0.58,49.55,328.93
R-56901,SALAD|Green Papaya,OK - SQUARE MEAL,207,165.3780659,1.189303155,23.1,1520.17,79.89,0.57,11.16,734.38
R-51263,SQR|BeefCaldereta 350g,OK - SQUARE MEAL,360,6295.072563,50.47315122,265.76,9954.67,1748.63,14.02,73.82,2765.19
R-51583,SQR|BeefCaldereta+1,OK - SQUARE MEAL,495,6471.555833,50.87268201,333.16,10154.21,1307.39,10.28,67.31,2051.36
R-51315,SQR|BeefCaldereta+2,OK - SQUARE MEAL,630,6648.039103,51.27221281,400.57,10353.74,1055.24,8.14,63.58,1643.45
R-51313,SQR|Chayote Salad Tostadas,OK - SQUARE MEAL,149,373.5706279,3.361352395,61.34,2425.7,250.72,2.26,41.17,1627.99
R-45021,SQR|CoconutKale 100g,OK - SQUARE MEAL,100,226.3736813,0.750299343,3.18,140.94,226.37,0.75,3.18,140.94
R-44975,SQR|Elotes 120g,OK - SQUARE MEAL,120,163.1383396,0.631178779,2.43,339.15,135.95,0.53,2.03,282.62
R-28363,SQR|Mashed Potato 170g,OK - SQUARE MEAL,170,208.1533219,1.576444714,3.64,619.94,122.44,0.93,2.14,364.67
R-50560,SQR|Pulled Pork Tostada,OK - SQUARE MEAL,234,1767.566425,20.57999305,285.66,9892.58,755.37,8.79,122.08,4227.6
R-51311,SQR|Pulled Pork Tostada+1,OK - SQUARE MEAL,379,1982.160658,21.34169926,312.87,10188.26,523,5.63,82.55,2688.2
R-51312,SQR|Pulled Pork Tostada+2,OK - SQUARE MEAL,524,2196.75489,22.10340548,340.08,10483.93,419.23,4.22,64.9,2000.75
R-45744,SQR|Rice And Beans 170g,OK - SQUARE MEAL,170,266.0501259,0.892233649,51.99,252.2,156.5,0.52,30.58,148.35
R-34024,SQR|Roast|Cauliflower|Wedge,OK - SQUARE MEAL,280,258.5398278,1.567051726,18.27,985.39,92.34,0.56,6.52,351.92
R-51309,SQR|Roast|Cauliflower|Wedge+1,OK - SQUARE MEAL,435,450.3233768,3.730010904,24.74,1508.54,103.52,0.86,5.69,346.79
R-51310,SQR|Roast|Cauliflower|Wedge+2,OK - SQUARE MEAL,590,642.1069258,5.892970082,31.21,2031.7,108.83,1,5.29,344.36
R-45190,SQR|Thai Chicken Thigh +1,OK - SQUARE MEAL,195.5,197.8225797,1.012428377,79.15,957.57,101.19,0.52,40.49,489.81
R-45191,SQR|Thai Chicken Thigh +2,OK - SQUARE MEAL,384,388.2278626,1.832329954,157.7,1914.31,101.1,0.48,41.07,498.52
R-45020,SQR|Thai Chicken Thighs,OK - SQUARE MEAL,505,1816.78743,47.14815,149.73,200.78,359.76,9.34,29.65,39.76
R-49260,SQR|TOFU|Thai Green Curry ,OK - SQUARE MEAL,364,828.3751395,1.564774655,3.53,82.7,227.58,0.43,0.97,22.72
R-49262,SQR|TOFU|Thai Green Curry+1,OK - SQUARE MEAL,519,1059.599696,2.209501373,70.29,279.78,204.16,0.43,13.54,53.91
R-49263,SQR|TOFU|Thai Green Curry+2,OK - SQUARE MEAL,664,1278.196452,2.827052235,129.2,453.67,192.5,0.43,19.46,68.32
R-50450,SQR|VeganMenudo 325g,OK - SQUARE MEAL,343,410.5008407,2.72166542,9.73,314.19,119.68,0.79,2.84,91.6
R-51584,SQR|VeganMenudo+1,OK - SQUARE MEAL,483,593.3203609,3.134446216,81.07,525.29,122.84,0.65,16.78,108.76
R-51316,SQR|VeganMenudo+2,OK - SQUARE MEAL,623,776.1398811,3.547227012,152.42,736.39,124.58,0.57,24.47,118.2
R-51314,SQU|Chayote Salad Tostadas+1,OK - SQUARE MEAL,294,588.1648606,4.123058609,88.55,2721.37,200.06,1.4,30.12,925.64
R-50440,SQU|Chayote Salad Tostadas+2,OK - SQUARE MEAL,439,802.7590934,4.884764823,115.76,3017.05,182.86,1.11,26.37,687.26
R-36043,SQR|AlooGobi 225g,OK - SQUARE MEAL,225,175.1229216,1.819210278,8.43,445.29,77.83,0.81,3.75,197.91
R-28337,SQR|Braised Brisket 115g,OK - SQUARE MEAL,175,6481.989168,50.95107506,259.32,9502.74,3703.99,29.11,148.18,5430.14
R-38628,SQR|Braised Brisket+1,OK - SQUARE MEAL,329,6751.306839,53.28716136,269.03,10165.73,2052.07,16.2,81.77,3089.89
R-38629,SQR|Braised Brisket+2,OK - SQUARE MEAL,480,7021.838609,55.44352937,278.62,10854.51,1462.88,11.55,58.05,2261.36
R-28323,SQR|Butter Chicken,OK - SQUARE MEAL,445,1514.593336,27.07857888,229.26,2289.4,340.36,6.09,51.52,514.47
R-37050,SQR|Butter Chicken+1,OK - SQUARE MEAL,620.5,1671.765811,28.64107265,248.1,2998.4,269.42,4.62,39.98,483.22
R-37051,SQR|Butter Chicken+2,OK - SQUARE MEAL,795,1828.159962,30.19548105,266.91,3705.41,229.96,3.8,33.57,466.09
R-32868,SQR|Chicken Fried Rice 170g,OK - SQUARE MEAL,170,443.3229517,8.05265455,97.14,570.16,260.78,4.74,57.14,335.39
R-32195,SQR|Creamed Corn 170g,OK - SQUARE MEAL,170,488.6908171,2.962100972,14.81,1473.3,287.47,1.74,8.71,866.65
R-28324,SQR|Garlic Naan Bread,OK - SQUARE MEAL,125,138.4437042,1.297691891,29.23,970.71,110.75,1.04,23.38,776.57
R-55648,SQR|Mushroom Bao,OK - SQUARE MEAL,86.2,88.05830834,0.879314912,5.9,237.26,102.16,1.02,6.84,275.24
R-46844,SQR|Mushroom Bao+1,OK - SQUARE MEAL,241.2,213.6292554,1.946933965,45.86,521.12,88.57,0.81,19.01,216.05
R-46845,SQR|Mushroom Bao+2,OK - SQUARE MEAL,396.2,339.2002024,3.014553018,85.82,804.97,85.61,0.76,21.66,203.17
R-35735,SQR|MushroomBao,OK - SQUARE MEAL,86.2,88.05830834,0.879314912,5.9,237.26,102.16,1.02,6.84,275.24
R-42369,SQR|Paneer TikaMasala+1,OK - SQUARE MEAL,570.5,982.6322623,7.223249088,217.11,4917.14,172.24,1.27,38.06,861.9
R-42370,SQR|Paneer TikaMasala+2,OK - SQUARE MEAL,745,1139.026413,8.777657482,235.92,5624.15,152.89,1.18,31.67,754.92
R-42358,SQR|PaneerTikaMasala,OK - SQUARE MEAL,395,825.4597874,5.660755314,198.27,4208.15,208.98,1.43,50.19,1065.35
R-51267,SQR|PapayaAtchara 100g,OK - SQUARE MEAL,100,137.5340404,0.348561592,0.81,5.75,137.53,0.35,0.81,5.75
R-32866,SQR|Pork Belly Bao,OK - SQUARE MEAL,66,692.7974605,9.352237721,124.35,3747.64,1049.69,14.17,188.41,5678.24
R-40745,SQR|Pork Belly Bao+1,OK - SQUARE MEAL,221,818.3684075,10.41985677,164.31,4031.49,370.3,4.71,74.35,1824.2
R-40746,SQR|Pork Belly Bao+2,OK - SQUARE MEAL,376,943.9393546,11.48747583,204.27,4315.35,251.05,3.06,54.33,1147.7
R-38519,SQR|RoastPotatoSalad 150g,OK - SQUARE MEAL,150,215.4009523,1.519268851,8.16,525.51,143.6,1.01,5.44,350.34
R-28338,SQR|Slow Roasted Ribs 170g,OK - SQUARE MEAL,230,2176.127178,28.04021106,380.03,11503.97,946.14,12.19,165.23,5001.73
R-40749,SQR|Slow Roasted Ribs+1,OK - SQUARE MEAL,345,2317.555218,28.72854267,382.35,11602.71,671.76,8.33,110.83,3363.1
R-40750,SQR|Slow Roasted Ribs+2,OK - SQUARE MEAL,490,2483.395638,29.6736168,386.01,11757.76,506.82,6.06,78.78,2399.54
R-28343,SQR|SmokedCheddarMac&Chz ,OK - SQUARE MEAL,400,1770.262739,18.12577543,312.85,15201.8,442.57,4.53,78.21,3800.45
R-40751,SQR|SmokedCheddarMac+1,OK - SQUARE MEAL,535,2011.667202,19.23359938,304.78,15251.09,376.01,3.6,56.97,2850.67
R-40752,SQR|SmokedCheddarMac+2,OK - SQUARE MEAL,695,2363.713087,21.47428429,316.26,16250.5,340.1,3.09,45.51,2338.2
R-32869,SQR|Stirfried Mix Veg 170g,OK - SQUARE MEAL,170,92.32524852,1.398552188,6.66,247.18,54.31,0.82,3.92,145.4
R-28340,SQR|Baked Beans 140g,OK - SQUARE MEAL,140,209.6189384,0.606435638,0.66,28.59,149.73,0.43,0.47,20.42
R-51464,SQR|Beef Short Ribs 150g,OK - SQUARE MEAL,150,7332.540179,58.58369641,297.43,10882.59,4888.36,39.06,198.29,7255.06
R-51465,SQR|Beef Short Ribs+1,OK - SQUARE MEAL,285,7496.334505,59.9601012,305.21,11407.29,2630.29,21.04,107.09,4002.56
R-62506,SQR|Grilled Tofu,OK - SQUARE MEAL,145,279.4818618,1.361128884,18.9,587.71,192.75,0.94,13.03,405.32
R-57390,SQR|Grilled tofu +1,OK - SQUARE MEAL,340,523.5008619,1.936805963,70.64,468.22,153.97,0.57,20.78,137.71
R-57391,SQR|Grilled tofu +2,OK - SQUARE MEAL,470,664.9128709,2.667199827,137.01,814.93,141.47,0.57,29.15,173.39
R-35869,SQR|JamaicanCalaloo 125g,OK - SQUARE MEAL,125,119.277179,1.457450377,9.1,449.34,95.42,1.17,7.28,359.47
R-50406,SQR|Lentil&SquashStew 210g,OK - SQUARE MEAL,211,154.6558921,1.250254799,7.05,338.96,73.3,0.59,3.34,160.64
R-51461,SQR|Lentil&SquashStew+1,OK - SQUARE MEAL,346,340.8653304,2.987789485,15.13,523.05,98.52,0.86,4.37,151.17
R-51462,SQR|Lentil&SquashStew+2,OK - SQUARE MEAL,481,527.0747686,4.725324171,23.22,707.15,109.58,0.98,4.83,147.02
R-37055,SQR|Porchetta +1,OK - SQUARE MEAL,285,1984.420684,26.13387912,334.72,10443.13,696.29,9.17,117.45,3664.26
R-37056,SQR|Porchetta +2,OK - SQUARE MEAL,440,2176.204233,28.2968383,341.19,10966.29,494.59,6.43,77.54,2492.34
R-35815,SQR|Porchetta 130g,OK - SQUARE MEAL,130,1792.637135,23.97091995,328.25,9919.98,1378.95,18.44,252.5,7630.75
R-51463,SQR|Quinoa|Mediterranean 150g,OK - SQUARE MEAL,150,235.0993094,0.917123705,9.77,214.58,156.73,0.61,6.51,143.05
R-51319,SQR|Roasted|Squash 150g,OK - SQUARE MEAL,150,122.7831825,1.806674198,18.59,671.93,81.86,1.2,12.39,447.95
R-51280,SQR|RockfishBlackened 150g,OK - SQUARE MEAL,180,1332.592949,15.0945251,332.68,1790.73,740.33,8.39,184.82,994.85
R-51459,SQR|RockfishBlackened+1,OK - SQUARE MEAL,325,1534.475674,16.89320137,341.42,1989.13,472.15,5.2,105.05,612.04
R-51460,SQR|RockfishBlackened+2,OK - SQUARE MEAL,445,1730.619514,18.6319336,350.27,2190.21,388.9,4.19,78.71,492.18
R-41073,SQR|SambalSoyGreenBeans,OK - SQUARE MEAL,138,243.4556146,0.860100676,0.23,11.71,176.42,0.62,0.17,8.49
R-51279,SQR|SeafoodNewberg 210g,OK - SQUARE MEAL,210,1354.334349,10.62452162,203.46,3281.26,644.92,5.06,96.89,1562.5
R-51317,SQR|SeafoodNewberg+1,OK - SQUARE MEAL,360,1516.45208,11.48468874,278.4,3683.4,421.24,3.19,77.33,1023.17
R-51318,SQR|SeafoodNewberg+2,OK - SQUARE MEAL,510,1678.56981,12.34485586,353.34,4085.54,329.13,2.42,69.28,801.09
R-49499,"SQR|Seitan""Ribs"" 125g",OK - SQUARE MEAL,155,186.6226484,1.218983086,27.38,851.23,120.4,0.79,17.66,549.18
R-49500,"SQR|Seitan""Ribs""+1",OK - SQUARE MEAL,290,353.4562507,2.280075101,32.45,1099.18,121.88,0.79,11.19,379.03
R-49501,"SQR|Seitan""Ribs""+2",OK - SQUARE MEAL,425,520.289853,3.341167116,37.51,1347.13,122.42,0.79,8.83,316.97
R-59717,SQR|Spicy Soy Green Beans.,OK - SQUARE MEAL,153,270.0030984,0.94875752,0.23,11.72,176.47,0.62,0.15,7.66
R-41084,SQR|Spicy Soy Salmon 100g,OK - SQUARE MEAL,115,744.4803149,10.17786498,224.63,1232.45,647.37,8.85,195.33,1071.7
R-41085,SQR|Spicy Soy Salmon+1,OK - SQUARE MEAL,276.5,987.1981141,10.87749374,291.74,1434.96,357.03,3.93,105.51,518.97
R-41086,SQR|Spicy Soy Salmon+2,OK - SQUARE MEAL,438,1229.915913,11.5771225,358.86,1637.48,280.8,2.64,81.93,373.85
R-51320,SQR|Steamed|Broccoli 150g,OK - SQUARE MEAL,150,121.1688312,1.538961039,10.62,483.78,80.78,1.03,7.08,322.52
R-51466,SRQ|Beef Short Ribs+2,OK - SQUARE MEAL,420,7660.128831,61.33650599,312.99,11931.99,1823.84,14.6,74.52,2840.95
R-61655,GRL|Salad|Caesar|SIDE,OK - GRILL KITCHEN DAY,145.5,288.0482192,2.234758223,33.55,1517.32,197.97,1.54,23.06,1042.83
R-44968,"SQR |Tofu""Schnitzel"" 150g",OK - SQUARE MEAL,210,652.5095061,5.799240427,66.18,2241.47,310.72,2.76,31.51,1067.37
R-45136,SQR|3BeanChili+1,OK - SQUARE MEAL,455,901.0405471,7.463645949,81.98,3855.45,198.03,1.64,18.02,847.35
R-45138,SQR|3BeanChili+2 ,OK - SQUARE MEAL,605,1282.252251,11.18727423,121.65,5983.39,211.94,1.85,20.11,988.99
R-33891,SQR|Beets|Roasted 180g,OK - SQUARE MEAL,180,126.0123048,1.787247116,2.53,15.96,70.01,0.99,1.41,8.87
R-37077,SQR|CarvedRoastBeef +1,OK - SQUARE MEAL,330,8818.326477,70.9376659,355.48,13191.41,2672.22,21.5,107.72,3997.4
R-37078,SQR|CarvedRoastBeef +2,OK - SQUARE MEAL,475,8991.062922,73.00486109,360.5,13578.18,1892.86,15.37,75.89,2858.56
R-28362,SQR|CarvedRoastBeef 125g,OK - SQUARE MEAL,185,8645.590032,68.87047071,350.46,12804.63,4673.29,37.23,189.44,6921.42
R-38518,SQR|Citrus Cous-Cous 170g,OK - SQUARE MEAL,170,141.0738775,1.196145069,31.23,960.76,82.98,0.7,18.37,565.15
R-42351,SQR|CurriedSpaghettiSquash200g,OK - SQUARE MEAL,200,310.6341141,1.780792845,15.13,543.72,155.32,0.89,7.56,271.86
R-44963,SQR|Dijon&HerbSpaetzle 200g,OK - SQUARE MEAL,202,242.6780963,1.462053231,38.47,1244.25,120.14,0.72,19.04,615.97
R-38517,SQR|LemonRosemaryChicken 115g,OK - SQUARE MEAL,175,955.1748792,16.63849031,52.28,1581.11,545.81,9.51,29.87,903.49
R-38621,SQR|LemonRosemaryChicken+1,OK - SQUARE MEAL,310,1086.073138,18.4451742,69.26,2081.78,350.35,5.95,22.34,671.54
R-38633,SQR|LemonRosemaryChicken+2,OK - SQUARE MEAL,445,1216.971397,20.2518581,86.24,2582.45,273.48,4.55,19.38,580.33
R-33889,SQR|PorkSchnitzel 115g,OK - SQUARE MEAL,175.0000288,1249.767044,16.01049925,212.94,6663.97,714.15,9.15,121.68,3807.98
R-34112,SQR|PorkSchnitzel&Gravy +1,OK - SQUARE MEAL,335.0000288,1430.855476,17.9271987,233.82,7282.44,427.12,5.35,69.8,2173.86
R-34113,SQR|PorkSchnitzel&Gravy+2,OK - SQUARE MEAL,495.0000288,1611.943908,19.84389815,254.71,7900.91,325.65,4.01,51.46,1596.14
R-51585,SQR|Roasted Garlic Bread,OK - SQUARE MEAL,80,216.7233586,2.054997386,33.01,1433.55,270.9,2.57,41.26,1791.94
R-47302,SQR|Roasted Squash Penne,OK - SQUARE MEAL,300,500.4343586,4.802209763,78.59,3221.37,166.81,1.6,26.2,1073.79
R-37057,SQR|Roasted Squash Penne +1,OK - SQUARE MEAL,460,830.947398,7.682345387,93.69,4531.59,180.64,1.67,20.37,985.13
R-37058,SQR|Roasted Squash Penne +2,OK - SQUARE MEAL,620,1161.460437,10.56248101,108.79,5841.81,187.33,1.7,17.55,942.23
R-28393,SQR|RoastedSquashPenne,OK - SQUARE MEAL,300,500.4343586,4.802209763,78.59,3221.37,166.81,1.6,26.2,1073.79
R-51469,SQR|Salad|WarmCarrot,OK - SQUARE MEAL,150,93.69024041,1.313287115,10.36,618.56,62.46,0.88,6.91,412.37
R-35799,SQR|STEW|Tomato Spanish 350g,OK - SQUARE MEAL,250,290.6606321,2.108267085,12.68,656.51,116.26,0.84,5.07,262.6
R-45125,SQR|STEW|Tomato Spanish+1,OK - SQUARE MEAL,410,408.042691,3.362983177,33.47,1446.16,99.52,0.82,8.16,352.72
R-45126,SQR|STEW|TomatoSpanish +2,OK - SQUARE MEAL,570,525.42475,4.617699268,54.26,2235.82,92.18,0.81,9.52,392.25
R-51468,SQR|Tandoori Chicken Leg +1,OK - SQUARE MEAL,527.5,1832.258048,38.05715805,276.25,1762.27,347.35,7.21,52.37,334.08
R-42368,SQR|Tandoori Chicken Leg +2,OK - SQUARE MEAL,650,1994.670134,39.24024184,295.4,2410.75,306.87,6.04,45.45,370.88
R-51467,SQR|Tandoori Chicken Leg 225g,OK - SQUARE MEAL,405,1669.845961,36.87407425,257.1,1113.8,412.31,9.1,63.48,275.01
R-45164,"SQR|Tofu""Schnitzel""+1",OK - SQUARE MEAL,370,833.5979378,7.715939876,87.06,2859.94,225.3,2.09,23.53,772.96
R-45165,"SQR|Tofu""Schnitzel""+2",OK - SQUARE MEAL,535,1020.408018,9.739220394,108.21,3484.81,190.73,1.82,20.23,651.37
R-37083,SQR|Vegetable Lasagna+1,OK - SQUARE MEAL,414.75,1126.926138,11.14037328,173.64,8293.1,271.71,2.69,41.87,1999.54
R-37084,SQR|Vegetable Lasagna+2,OK - SQUARE MEAL,527.5,1379.311927,13.28525108,206.92,9768.53,261.48,2.52,39.23,1851.85
R-28396,SQR|Vegetarian Lasagna 250g,OK - SQUARE MEAL,302,874.5403488,8.995495474,140.36,6817.66,289.58,2.98,46.48,2257.5
R-28398,GRL|Potato|Roasted 150g,OK - GRILL KITCHEN BREAKFAST,150,66.17023999,0.811092675,0.43,12.72,44.11,0.54,0.29,8.48
R-50420,SQR|CajunTurkeyBreast 125g,OK - SQUARE MEAL,150,1159.126372,23.21822255,89.45,1202.44,772.75,15.48,59.63,801.63
R-51476,SQR|CajunTurkeyBreast+1,OK - SQUARE MEAL,295,1331.862816,25.28541774,94.47,1589.22,451.48,8.57,32.02,538.72
R-51478,SQR|CajunTurkeyBreast+2,OK - SQUARE MEAL,440,1504.599261,27.35261293,99.49,1975.99,341.95,6.22,22.61,449.09
R-37081,SQR|House Roast Chicken+1,OK - SQUARE MEAL,380,1474.219018,35.05336933,113.23,794.8,387.95,9.22,29.8,209.16
R-37082,SQR|House Roast Chicken+2,OK - SQUARE MEAL,535,1666.002567,37.21632851,119.7,1317.95,311.4,6.96,22.37,246.35
R-28355,SQR|House Roasted Chicken 200g,OK - SQUARE MEAL,225,1282.435469,32.89041016,106.76,271.64,569.97,14.62,47.45,120.73
R-35910,SQR|PASTA|SundriedTomato 250g,OK - SQUARE MEAL,266,430.5236134,3.305806057,70.63,2897.31,161.85,1.24,26.55,1089.21
R-51471,SQR|PASTA|SundriedTomato+1,OK - SQUARE MEAL,366,607.5450763,5.612277584,90.34,3690.9,166,1.53,24.68,1008.44
R-51472,SQR|PASTA|SundriedTomato+2,OK - SQUARE MEAL,466,784.5665392,7.918749111,110.05,4484.48,168.36,1.7,23.62,962.33
R-50727,SQR|Pork Loin|Dijon 125g,OK - SQUARE MEAL,185,1550.186842,19.68849824,271.97,8028.13,837.94,10.64,147.01,4339.53
R-51473,SQR|Pork Loin|Dijon+1,OK - SQUARE MEAL,330,1700.518761,20.92303371,275.7,8427.96,515.31,6.34,83.55,2553.93
R-51474,SQR|Pork Loin|Dijon+2,OK - SQUARE MEAL,475,1850.850679,22.15756919,279.43,8827.79,389.65,4.66,58.83,1858.48
R-32313,SQR|Potatoes|Roasted 150g,OK - SQUARE MEAL,150,66.17023999,0.811092675,0.43,12.72,44.11,0.54,0.29,8.48
R-51475,SQR|SAUCE|Apple 125ml,OK - SQUARE MEAL,125,56.573875,0.2716875,11.66,104.19,45.26,0.22,9.33,83.35
R-51295,SQR|TOFU|RoastedCajun 115g,OK - SQUARE MEAL,115,322.8028739,0.853570588,1.1,6.21,280.7,0.74,0.96,5.4
R-51480,SQR|TOFU|RoastedCajun+1,OK - SQUARE MEAL,260,495.5393185,2.920765779,6.12,392.98,190.59,1.12,2.35,151.15
R-51481,SQR|TOFU|RoastedCajun+2,OK - SQUARE MEAL,405,668.275763,4.987960969,11.14,779.76,165.01,1.23,2.75,192.53
R-32742,VEG|ApplePieOvernightOats,OK - VEGETARIAN KITCHEN,345,539.4171493,1.366375302,155.41,8793.6,156.35,0.4,45.05,2548.87
R-51020,VEG|BreakfastBiscuit,OK - VEGETARIAN KITCHEN,229,929.96584,4.4588,70.37,6144.26,406.1,1.95,30.73,2683.08
R-38586,VEG|EggsBenny,OK - SIDES,342.0000188,931.622339,11.6288903,146.11,5003.58,272.4,3.4,42.72,1463.04
R-41042,VEG|FrenchToast,OK - SIDES,334.7,770.2922219,9.126249285,138.46,5139.07,230.14,2.73,41.37,1535.43
R-48488,VEG|Huevos Rancheros,OK - VEGETARIAN KITCHEN,231,568.9354386,6.743012821,96.8,3514.85,246.29,2.92,41.9,1521.58
R-48632,VEG|HuevosRancheros|2 serv,OK - VEGETARIAN KITCHEN,462,1137.870877,13.48602564,193.6,7029.69,246.29,2.92,41.9,1521.58
R-43734,VEG|SavorySteelCutOats,OK - VEGETARIAN KITCHEN,445.0000054,604.8833541,8.199327787,105.29,3284.35,135.93,1.84,23.66,738.06
R-27273,VEG|Toast|OK Avocado,OK - VEGETARIAN KITCHEN,225.1,249.9177616,2.016123692,41.09,1775.94,111.03,0.9,18.25,788.96
R-50800,VEG|TOAST|Ricotta Butternut,OK- VEGETARIAN KITCHEN FEATURE,195,569.1903599,5.635913835,115.64,5657.46,291.89,2.89,59.3,2901.26
R-49250,GLB|Miso Glazed Eggplant &Tofu,OK - GLOBAL KITCHEN ,562,576.1619632,3.265097521,126.12,1441.36,102.52,0.58,22.44,256.47
R-28293,GRL|Crispy Chicken Strips,OK - GRILL KITCHEN DAY,352.5,1244.758114,30.44648571,98.86,331.61,353.12,8.64,28.05,94.07
R-35655,GRL|Veg Burger|Portobello,OK- VEGETARIAN KITCHEN FEATURE,327,765.0627925,7.016364502,115.44,4937.45,233.96,2.15,35.3,1509.92
R-44349,SQR|Chana Masala,OK - SQUARE MEAL,482,680.3805686,3.845099221,217.89,2548.54,141.16,0.8,45.21,528.74
R-27275,VEG|Bowl|Black Bean Breakfast,OK - VEGETARIAN KITCHEN,472.1,930.0314452,9.521492573,111.4,3009.68,197,2.02,23.6,637.51
R-43738,VEG|BOWL|Dobanjiang Noodle ,OK - VEGETARIAN KITCHEN,349,490.1029172,5.907947486,91.42,3040.68,140.43,1.69,26.19,871.26
R-35341,VEG|Bowl|Polenta,OK - SIDES,325,869.6326399,7.803961066,74.14,4232.44,267.58,2.4,22.81,1302.29
R-47435,VEG|ChanaMasala  ,OK - VEGETARIAN KITCHEN,482,680.3805686,3.845099221,217.89,2548.54,141.16,0.8,45.21,528.74
R-50375,VEG|CreamCheeseCucumberToast,OK - VEGETARIAN KITCHEN,201,468.8666279,4.952839832,82.48,3990.04,233.27,2.46,41.03,1985.09
R-32886,VEG|Curried Chickpea Bowl,OK - VEGETARIAN KITCHEN,470.5,738.3156019,3.898144321,152.2,2148.05,156.92,0.83,32.35,456.55
R-50526,VEG|FrenchToast|PeachCompote,OK- VEGETARIAN KITCHEN FEATURE,359.5,771.6451741,9.044177778,105.88,3227.83,214.64,2.52,29.45,897.87
R-27383,VEG|Incredibowl,OK - VEGETARIAN KITCHEN,335.1,273.0451179,1.49732721,78.86,3587.82,81.48,0.45,23.53,1070.67
R-25415,VEG|King Oyster Mushroom Bowl,OK - VEGETARIAN KITCHEN,435,375.9019983,3.069756305,65.25,1456.38,86.41,0.71,15,334.8
R-35515,VEG|LentilSloppy,OK- VEGETARIAN KITCHEN FEATURE,476,512.8636277,4.136722658,79.93,3371.82,107.74,0.87,16.79,708.37
R-35782,VEG|MIso Glazed Veg Bowl,OK- VEGETARIAN KITCHEN FEATURE,375,332.0943019,2.303472275,75.25,871.53,88.56,0.61,20.07,232.41
R-50556,VEG|Omelet|Mushroom Cheddar,OK - VEGETARIAN KITCHEN,266.097,970.9041747,13.27700876,149.07,5144.93,364.87,4.99,56.02,1933.48
R-50555,VEG|Omelet|Spinach Goat Cheese,OK - VEGETARIAN KITCHEN,274,947.9291041,13.94919342,158.86,5664.88,345.96,5.09,57.98,2067.47
R-50401,VEG|Platter|Mezze,OK- VEGETARIAN KITCHEN FEATURE,490.5,640.9820046,4.686670898,100.77,4506.77,130.68,0.96,20.54,918.81
R-50471,VEG|Porridge|Barley,OK - VEGETARIAN EVENTS,315,446.378805,0.66986,161.14,494.14,141.71,0.21,51.16,156.87
R-44604,VEG|RaspberryChiaBomb 160g,OK - VEGETARIAN KITCHEN,160,499.0880223,0.550872675,78.44,4969.91,311.93,0.34,49.02,3106.19
R-52812,VEG|Roast Vegetable Quesadilla,OK - VEGETARIAN KITCHEN,380,1306.148108,10.83230546,155.03,8653.53,343.72,2.85,40.8,2277.24
R-46913,VEG|Roasted Veg Quesadilla,OK - VEGETARIAN KITCHEN,380,1306.148108,10.83230546,155.03,8653.53,343.72,2.85,40.8,2277.24
R-35319,VEG|SOUP|Miso Dumpling ,OK- VEGETARIAN KITCHEN FEATURE,643,356.9760062,3.244150652,61.82,1960.64,55.52,0.5,9.61,304.92
R-27405,VEG|Southwest Bowl,OK - VEGETARIAN KITCHEN,458.1,609.0699498,3.454490035,100.17,1762.95,132.96,0.75,21.87,384.84
R-37091,VEG|Sweet&SourTofu,OK - VEGETARIAN KITCHEN,494,1060.010823,2.681914688,163.78,1184.13,214.58,0.54,33.15,239.7
R-35461,VEG|Tabouleh Bowl,OK - VEGETARIAN KITCHEN,450.5,652.1097165,3.41257863,158.23,8063.84,144.75,0.76,35.12,1789.98
R-50858,ALF|Flatbread|Greek,OK - AL FORNO,200,597.9188364,5.916699263,81.94,3885.24,298.96,2.96,40.97,1942.62
R-51942,CST|SAUCE|Green Onion Ginger,OK - CUSTOM KITCHEN,60,24.06717071,0.214110785,0.43,20.42,40.11,0.36,0.72,34.03
R-45371,CST|SAUCE|Teriyaki,OK - CUSTOM KITCHEN,60,25.43264179,0.123832047,0.48,16.83,42.39,0.21,0.8,28.05
R-52133,GRL|Chili Dog|SP,FEAST,240,671.8942642,6.440216322,114.72,4890.68,279.96,2.68,47.8,2037.78
R-53084,GRL|Veg Burger|Ultimate,OK - GRILL KITCHEN DAY,408,565.6152184,5.29054522,100.83,4072.75,138.63,1.3,24.71,998.22
R-42127,GRL|Veggie Chili Dog|SP,FEAST,240,632.3021642,6.116616322,113.05,4829.41,263.46,2.55,47.1,2012.25
R-52215,HS|Thunderbird Chili Dog,OK - SQUARE MEAL,358,8408.878572,68.02447921,428.68,16394.28,2348.85,19,119.74,4579.41
R-45374,SAUCE|Red Thai Curry Ptn,OK - CUSTOM KITCHEN,60,212.3349433,0.054627676,0.25,8.32,353.89,0.09,0.42,13.87
R-45373,SAUCE|Spicy Korean BBQ ptn,OK - CUSTOM KITCHEN,60,24.46060845,0.08616582,0.38,15.23,40.77,0.14,0.63,25.38
R-45370,SAUCE|Sweet Tamarind ptn,OK - CUSTOM KITCHEN,60,60.32352,0.1688745,0.57,13.5,100.54,0.28,0.95,22.5
R-53067,SQR|Burrito Sweet Potato|POP,OK - SQUARE MEAL,510,649.692185,3.741233914,137.69,1467.49,127.39,0.73,27,287.74
R-53089,SQR|Plant Based Enchiladas|POP,OK - SQUARE MEAL,532.0000054,570.9141012,3.800651673,86.8,4523.37,107.31,0.71,16.32,850.26
R-52217,SQR|Tbird Chili Pasta|4 way,OK - SQUARE MEAL,580.9999999,10220.87618,82.59815142,548.4,21696.47,1759.19,14.22,94.39,3734.33
R-52685,SQR|Thunderbird Chili Dog,OK - SQUARE MEAL,358,8408.878572,68.02447921,428.68,16394.28,2348.85,19,119.74,4579.41
