﻿<?xml version="1.0" encoding="UTF-8" standalone="yes"?>
<Accounts>
	<Account id="2001" ref="American Express" type="A" active="Y" locked="Y">American Express</Account>
	<Account id="1000" ref="Cash Deposit" type="A" active="Y" locked="Y">Cash Deposit</Account>
	<Account id="2004" ref="Debit Card" type="A" active="Y" locked="Y">Debit Card</Account>
	<Account id="2005" ref="Diners Club" type="A" active="Y" locked="Y">Diners Club</Account>
	<Account id="2002" ref="Master Card" type="A" active="Y" locked="Y">Master Card</Account>
	<Account id="2006" ref="Misc." type="A" active="Y" locked="Y">Misc.</Account>
	<Account id="2007" ref="Other Card 1" type="A" active="Y" locked="Y">Other Card 1</Account>
	<Account id="2008" ref="Other Card 2" type="A" active="Y" locked="Y">Other Card 2</Account>
	<Account id="2003" ref="Visa" type="A" active="Y" locked="Y">Visa</Account>
	<Account id="9" ref="658351" type="C" active="N" locked="Y">Cleaning Supplies</Account>
	<Account id="31" ref="Beer / Cider Btl" type="C" active="N" locked="N">Beer / Cider Btl</Account>
	<Account id="16" ref="Beverages" type="C" active="N" locked="Y">Beverages</Account>
	<Account id="52" ref="Do not use" type="C" active="N" locked="N">Do not use</Account>
	<Account id="5000" ref="Labour  " type="C" active="N" locked="Y">Labour  </Account>
	<Account id="32" ref="Liquor" type="C" active="N" locked="N">Liquor</Account>
	<Account id="22" ref="SC0070" type="C" active="Y" locked="N">COS-Food NoTax</Account>
	<Account id="50" ref="SC0070" type="C" active="Y" locked="N">COS-Merch NoTax</Account>
	<Account id="54" ref="SC0070" type="C" active="Y" locked="N">COS-Snacks|Bev NoTax</Account>
	<Account id="90" ref="SC0071" type="C" active="Y" locked="N">COSGeneral[GST][PST]</Account>
	<Account id="30" ref="SC0092" type="C" active="Y" locked="N">COS-Clean [GST][PST]</Account>
	<Account id="27" ref="SC0216" type="C" active="Y" locked="N">COS-Supp [GST][PST]</Account>
	<Account id="26" ref="SC0302" type="C" active="Y" locked="N">COS-TOContainer[GST]</Account>
	<Account id="34" ref="SC0305" type="C" active="Y" locked="N">COS-Beer [GST]</Account>
	<Account id="24" ref="SC0305" type="C" active="Y" locked="N">COS-Liquor[GST]</Account>
	<Account id="35" ref="SC0305" type="C" active="Y" locked="N">COS-Wine [GST]</Account>
	<Account id="20" ref="SC0305" type="C" active="Y" locked="Y">Liq,Wine,Beer</Account>
	<Account id="55" ref="SC0314" type="C" active="Y" locked="N">COS-Food [GST]</Account>
	<Account id="25" ref="SC0314" type="C" active="Y" locked="N">COS-Merch [GST]</Account>
	<Account id="23" ref="SC0314" type="C" active="Y" locked="N">COS-Snacks|Bev [GST]</Account>
	<Account id="93" ref="SC0314" type="C" active="Y" locked="N">COS-Supplies [GST]</Account>
	<Account id="8" ref="TESTING TESTING" type="C" active="N" locked="Y">Food</Account>
	<Account id="33" ref="Wine" type="C" active="N" locked="N">Wine</Account>
	<Account id="45" ref="490213" type="E" active="N" locked="N">DELIVERY </Account>
	<Account id="21" ref="490213" type="E" active="N" locked="Y">Delivery Charges</Account>
	<Account id="44" ref="6000,sc00876  TESTIN" type="E" active="N" locked="N">R&amp;M</Account>
	<Account id="95" ref="8% Tax - PST" type="E" active="N" locked="N">8% Tax - PST</Account>
	<Account id="13" ref="Accounting" type="E" active="N" locked="Y">Accounting</Account>
	<Account id="5" ref="Coupons" type="E" active="N" locked="Y">Coupons</Account>
	<Account id="18" ref="Courier" type="E" active="N" locked="Y">Courier</Account>
	<Account id="15" ref="Discounts-Employee" type="E" active="N" locked="Y">Discounts-Employee</Account>
	<Account id="4" ref="Discounts-Other" type="E" active="N" locked="Y">Discounts-Other</Account>
	<Account id="49" ref="do not use" type="E" active="Y" locked="N">Do not use</Account>
	<Account id="51" ref="do not use" type="E" active="N" locked="N">SNACK NO TAX</Account>
	<Account id="43" ref="GST" type="E" active="Y" locked="N">GST</Account>
	<Account id="10" ref="Money Short" type="E" active="N" locked="Y">Money Short</Account>
	<Account id="19" ref="Office Supplies" type="E" active="N" locked="Y">Office Supplies</Account>
	<Account id="7" ref="Paper Products" type="E" active="N" locked="Y">Paper Products</Account>
	<Account id="29" ref="PST" type="E" active="Y" locked="N">PST</Account>
	<Account id="58" ref="SC0025" type="E" active="N" locked="N">Equipment</Account>
	<Account id="59" ref="SC0026" type="E" active="N" locked="N">Furniture</Account>
	<Account id="60" ref="SC0035" type="E" active="N" locked="N">Major Reno</Account>
	<Account id="61" ref="SC0037" type="E" active="N" locked="N">Major Software</Account>
	<Account id="62" ref="SC0039" type="E" active="N" locked="N">Minor Reno</Account>
	<Account id="63" ref="SC0053" type="E" active="N" locked="N">Vehicles</Account>
	<Account id="64" ref="SC0060" type="E" active="Y" locked="N">Advert|Marketg [GST]</Account>
	<Account id="84" ref="SC0064" type="E" active="Y" locked="N">Bank Charges No Tax</Account>
	<Account id="86" ref="SC0067" type="E" active="Y" locked="N">ChemicalAcidGas[GST]</Account>
	<Account id="65" ref="SC0068" type="E" active="Y" locked="N">CommissionsNoTax</Account>
	<Account id="80" ref="SC0068" type="E" active="Y" locked="N">MusicRoyalties NoTax</Account>
	<Account id="66" ref="SC0069" type="E" active="Y" locked="N">Comp Suppl[GST][PST]</Account>
	<Account id="38" ref="SC0070" type="E" active="Y" locked="N">Btl Dep LiqKeg NoTax</Account>
	<Account id="36" ref="SC0070" type="E" active="Y" locked="N">Btl Dep No Tax</Account>
	<Account id="40" ref="SC0070" type="E" active="Y" locked="N">Container Dep NoTax</Account>
	<Account id="47" ref="SC0070" type="E" active="Y" locked="N">DELIVERY NO TAX</Account>
	<Account id="53" ref="SC0070" type="E" active="Y" locked="N">Ecoloy Fee NoTax</Account>
	<Account id="87" ref="SC0073" type="E" active="Y" locked="N">CustomsDutyTar NoTax</Account>
	<Account id="101" ref="SC0083" type="E" active="Y" locked="N">Backfill Labour[GST]</Account>
	<Account id="83" ref="SC0083" type="E" active="Y" locked="N">SalaryStaffHire[GST]</Account>
	<Account id="89" ref="SC0094" type="E" active="Y" locked="N">Legal Serv[GST][PST]</Account>
	<Account id="67" ref="SC0096" type="E" active="Y" locked="N">Maint Building [GST]</Account>
	<Account id="78" ref="SC0097" type="E" active="Y" locked="N">Maint Equip [GST]</Account>
	<Account id="68" ref="SC0099" type="E" active="Y" locked="N">Maint IT [GST]</Account>
	<Account id="69" ref="SC0100" type="E" active="Y" locked="N">MaintVehic[GST][PST]</Account>
	<Account id="88" ref="SC0102" type="E" active="Y" locked="N">MemberAssocFees[GST]</Account>
	<Account id="76" ref="SC0105" type="E" active="Y" locked="N">Offic|Supp[GST][PST]</Account>
	<Account id="70" ref="SC0109" type="E" active="Y" locked="N">Print|Copy[GST][PST]</Account>
	<Account id="71" ref="SC0114" type="E" active="Y" locked="N">RecruitServ|Adv[GST]</Account>
	<Account id="82" ref="SC0116" type="E" active="Y" locked="N">RentEqFurn[GST][PST]</Account>
	<Account id="72" ref="SC0118" type="E" active="Y" locked="N">RentVehic[GST][PST]</Account>
	<Account id="57" ref="SC0122" type="E" active="Y" locked="N">Mgmt Fee|Royal [GST]</Account>
	<Account id="73" ref="SC0125" type="E" active="Y" locked="N">SoftwarLic[GST][PST]</Account>
	<Account id="74" ref="SC0126" type="E" active="Y" locked="N">Sponsorship No Tax</Account>
	<Account id="100" ref="SC0127" type="E" active="Y" locked="N">ProfessConsult[GST]</Account>
	<Account id="81" ref="SC0130" type="E" active="Y" locked="N">Communica[GST][PST]</Account>
	<Account id="46" ref="SC0216" type="E" active="Y" locked="N">DELIVERY [GST][PST]</Account>
	<Account id="98" ref="SC0242" type="E" active="Y" locked="N">SC0242 GST REBATE</Account>
	<Account id="97" ref="SC0243" type="E" active="Y" locked="N">SC0243 GST INPUT TAX</Account>
	<Account id="75" ref="SC0303" type="E" active="Y" locked="N">Laundry Serv [GST]</Account>
	<Account id="42" ref="SC0314" type="E" active="Y" locked="N">Container Dep [GST]</Account>
	<Account id="48" ref="SC0314" type="E" active="Y" locked="N">DELIVERY [GST]</Account>
	<Account id="41" ref="SC0314" type="E" active="Y" locked="N">Ecology Fee [GST]</Account>
	<Account id="85" ref="SC0317" type="E" active="Y" locked="N">Sales&amp;Service Refund</Account>
	<Account id="17" ref="Smallwares" type="E" active="N" locked="Y">Smallwares</Account>
	<Account id="6" ref="Specials" type="E" active="N" locked="Y">Specials</Account>
	<Account id="1" ref="Tax 1" type="E" active="N" locked="Y">Tax 1</Account>
	<Account id="2" ref="Tax 2" type="E" active="N" locked="Y">Tax 2</Account>
	<Account id="3" ref="Tax 3" type="E" active="N" locked="Y">Tax 3</Account>
	<Account id="12" ref="Waste" type="E" active="Y" locked="Y">Waste</Account>
	<Account id="14" ref="Gross Sales" type="I" active="Y" locked="Y">Gross Sales</Account>
	<Account id="11" ref="Other Income" type="I" active="Y" locked="Y">Other Income</Account>
	<Account id="28" ref="GST" type="L" active="Y" locked="N">GST</Account>
	<Account id="1009" ref="Tax_1" type="L" active="N" locked="Y">Tax_1</Account>
	<Account id="1010" ref="Tax_2" type="L" active="N" locked="Y">Tax_2</Account>
	<Account id="1011" ref="Tax_3" type="L" active="N" locked="Y">Tax_3</Account>
</Accounts>
