﻿<?xml version="1.0" encoding="UTF-8" standalone="yes"?>
<Ingredients>
	<Ingredient qty="1.000" uom="CT" recipe="P-12954" invFactor="0.0013" conversion="1.00000000" ingredient="I-4598"/>
	<Ingredient qty="225.000" uom="g" recipe="P-18907" invFactor="0.1837" conversion="0.00100000" ingredient="I-3643"/>
	<Ingredient qty="1000.000" uom="g" recipe="P-18907" invFactor="0.8163" conversion="1.00000000" ingredient="I-6026"/>
	<Ingredient qty="10.000" uom="Kg" recipe="P-20239" invFactor="1.3514" conversion="4.00000000" ingredient="I-4698"/>
	<Ingredient qty="1.000" uom="lb" recipe="P-24452" invFactor="1.1111" conversion="1.00000000" ingredient="I-4381"/>
	<Ingredient qty="500.000" uom="g" recipe="P-24750" invFactor="1000.0000" conversion="1.00000000" ingredient="P-26514"/>
	<Ingredient qty="3.000" uom="leaf" recipe="P-25761" invFactor="1.3233" conversion="0.21476900" ingredient="I-3619"/>
	<Ingredient qty="10.000" uom="g" recipe="P-25761" invFactor="4.4111" conversion="1.00000000" ingredient="I-3649"/>
	<Ingredient qty="1.000" uom="Kg" recipe="P-25761" invFactor="0.4411" conversion="1.00000000" ingredient="I-3660"/>
	<Ingredient qty="2.000" uom="L" recipe="P-25761" invFactor="0.8822" conversion="1.00000000" ingredient="I-3698"/>
	<Ingredient qty="5.000" uom="g" recipe="P-25761" invFactor="2.2056" conversion="0.00220462" ingredient="I-4660"/>
	<Ingredient qty="2.267" uom="Kg" recipe="P-25761" invFactor="1.0000" conversion="2.20462000" ingredient="I-4757"/>
	<Ingredient qty="5.000" uom="g" recipe="P-25761" invFactor="2.2056" conversion="1.00000000" ingredient="I-6026"/>
	<Ingredient qty="2.000" uom="g" recipe="P-25761" invFactor="0.8822" conversion="1.00000000" ingredient="P-52036"/>
	<Ingredient qty="2.000" uom="Kg" recipe="P-25993" invFactor="0.2857" conversion="1000.00000000" ingredient="I-3642"/>
	<Ingredient qty="5.000" uom="Kg" recipe="P-25993" invFactor="0.7143" conversion="1000.00000000" ingredient="I-6026"/>
	<Ingredient qty="750.000" uom="ml" recipe="P-26020" invFactor="300.0000" conversion="0.00100000" ingredient="I-3388"/>
	<Ingredient qty="2.270" uom="Kg" recipe="P-26020" invFactor="0.9080" conversion="2.20462000" ingredient="I-4657"/>
	<Ingredient qty="15.000" uom="g" recipe="P-26048" invFactor="3.7500" conversion="0.00100000" ingredient="I-2911"/>
	<Ingredient qty="50.000" uom="ml" recipe="P-26048" invFactor="12.5000" conversion="1.00000000" ingredient="I-3370"/>
	<Ingredient qty="3.000" uom="L" recipe="P-26048" invFactor="0.7500" conversion="1.00000000" ingredient="I-3388"/>
	<Ingredient qty="1.000" uom="L" recipe="P-26048" invFactor="0.2500" conversion="1.00000000" ingredient="I-3692"/>
	<Ingredient qty="25.000" uom="ml" recipe="P-26048" invFactor="6.2500" conversion="0.00100000" ingredient="I-5983"/>
	<Ingredient qty="10.000" uom="g" recipe="P-26048" invFactor="2.5000" conversion="1.00000000" ingredient="P-18907"/>
	<Ingredient qty="30.000" uom="g" recipe="P-26048" invFactor="7.5000" conversion="0.00100000" ingredient="P-26020"/>
	<Ingredient qty="150.000" uom="ml" recipe="P-26068" invFactor="16.6667" conversion="0.00100000" ingredient="I-3388"/>
	<Ingredient qty="10.000" uom="Kg" recipe="P-26068" invFactor="1.1111" conversion="2.20462000" ingredient="P-24452"/>
	<Ingredient qty="40.000" uom="g" recipe="P-26068" invFactor="4.4444" conversion="1.00000000" ingredient="P-25993"/>
	<Ingredient qty="340.000" uom="ml" recipe="P-26134" invFactor="124.9082" conversion="0.00100000" ingredient="I-1820"/>
	<Ingredient qty="100.000" uom="ml" recipe="P-26134" invFactor="36.7377" conversion="1.00000000" ingredient="I-1821"/>
	<Ingredient qty="100.000" uom="g" recipe="P-26134" invFactor="36.7377" conversion="1.00000000" ingredient="I-2850"/>
	<Ingredient qty="4.500" uom="Kg" recipe="P-26134" invFactor="1.6532" conversion="1.00000000" ingredient="I-3851"/>
	<Ingredient qty="30.000" uom="g" recipe="P-26134" invFactor="11.0213" conversion="0.00220462" ingredient="I-4657"/>
	<Ingredient qty="225.000" uom="g" recipe="P-26134" invFactor="82.6598" conversion="0.00220462" ingredient="I-4745"/>
	<Ingredient qty="150.000" uom="g" recipe="P-26134" invFactor="55.1065" conversion="0.00220462" ingredient="I-4787"/>
	<Ingredient qty="2.000" uom="L" recipe="P-26134" invFactor="0.7348" conversion="1.00000000" ingredient="I-5983"/>
	<Ingredient qty="30.000" uom="g" recipe="P-26134" invFactor="11.0213" conversion="1.00000000" ingredient="P-18907"/>
	<Ingredient qty="2.260" uom="Kg" recipe="P-26143" invFactor="0.4982" conversion="2.20462000" ingredient="I-36672"/>
	<Ingredient qty="2.500" uom="L" recipe="P-26143" invFactor="0.5511" conversion="1.00000000" ingredient="I-5983"/>
	<Ingredient qty="2.250" uom="Kg" recipe="P-26205" invFactor="2.0018" conversion="2.20462000" ingredient="I-4725"/>
	<Ingredient qty="100.000" uom="ml" recipe="P-26205" invFactor="88.9680" conversion="0.00100000" ingredient="I-6006"/>
	<Ingredient qty="5.000" uom="g" recipe="P-26205" invFactor="4.4484" conversion="1.00000000" ingredient="P-25993"/>
	<Ingredient qty="1.000" uom="CT" recipe="P-26514" invFactor="0.0182" conversion="1.00000000" ingredient="I-4341"/>
	<Ingredient qty="1.000" uom="Kg" recipe="P-32747" invFactor="0.3333" conversion="1.00000000" ingredient="I-2157"/>
	<Ingredient qty="500.000" uom="ml" recipe="P-32747" invFactor="166.6667" conversion="0.00100000" ingredient="I-2217"/>
	<Ingredient qty="1.500" uom="L" recipe="P-32747" invFactor="0.5000" conversion="1.00000000" ingredient="I-2251"/>
	<Ingredient qty="10.000" uom="g" recipe="P-32747" invFactor="3.3333" conversion="1.00000000" ingredient="I-6026"/>
	<Ingredient qty="20.000" uom="Kg" recipe="P-33866" invFactor="1.2500" conversion="1.00000000" ingredient="I-19665"/>
	<Ingredient qty="700.000" uom="ml" recipe="P-33866" invFactor="43.7500" conversion="0.00100000" ingredient="I-3388"/>
	<Ingredient qty="165.000" uom="ml" recipe="P-33866" invFactor="10.3125" conversion="1.00000000" ingredient="I-3447"/>
	<Ingredient qty="56.000" uom="g" recipe="P-33866" invFactor="3.5000" conversion="1.00000000" ingredient="I-3640"/>
	<Ingredient qty="166.000" uom="g" recipe="P-33866" invFactor="10.3750" conversion="1.00000000" ingredient="P-18907"/>
	<Ingredient qty="110.000" uom="g" recipe="P-33866" invFactor="6.8750" conversion="0.00100000" ingredient="P-24750"/>
	<Ingredient qty="1.000" uom="Kg" recipe="P-33866" invFactor="0.0625" conversion="1.00000000" ingredient="P-26020"/>
	<Ingredient qty="3.000" uom="Kg" recipe="P-33866" invFactor="0.1875" conversion="1.00000000" ingredient="P-34123"/>
	<Ingredient qty="57.000" uom="g" recipe="P-34084" invFactor="2.8500" conversion="0.00100000" ingredient="I-27410"/>
	<Ingredient qty="11.550" uom="Kg" recipe="P-34123" invFactor="1.0490" conversion="2.20462000" ingredient="I-4745"/>
	<Ingredient qty="800.000" uom="g" recipe="P-34892" invFactor="177.7778" conversion="0.00100000" ingredient="I-14773"/>
	<Ingredient qty="3.000" uom="L" recipe="P-34892" invFactor="0.6667" conversion="1.00000000" ingredient="I-5983"/>
	<Ingredient qty="3.000" uom="lb" recipe="P-34892" invFactor="0.6667" conversion="453.59200000" ingredient="I-8060"/>
	<Ingredient qty="1.360" uom="Kg" recipe="P-35689" invFactor="0.4146" conversion="1000.00000000" ingredient="I-35682"/>
	<Ingredient qty="4.000" uom="L" recipe="P-35689" invFactor="1.2195" conversion="1.00000000" ingredient="I-5983"/>
	<Ingredient qty="2.000" uom="Kg" recipe="P-35691" invFactor="1.0000" conversion="1.00000000" ingredient="I-3379"/>
	<Ingredient qty="100.000" uom="g" recipe="P-35691" invFactor="50.0000" conversion="0.00100000" ingredient="I-3660"/>
	<Ingredient qty="30.000" uom="ml" recipe="P-35691" invFactor="15.0000" conversion="0.00100000" ingredient="I-5983"/>
	<Ingredient qty="1.000" uom="CT" recipe="P-37297" invFactor="1.0000" conversion="1.00000000" ingredient="I-2159"/>
	<Ingredient qty="454.000" uom="g" recipe="P-41407" invFactor="1.0318" conversion="0.00220462" ingredient="I-4617"/>
	<Ingredient qty="1.000" uom="Kg" recipe="P-44896" invFactor="2.0000" conversion="2.20462000" ingredient="I-4695"/>
	<Ingredient qty="3.000" uom="Kg" recipe="P-46546" invFactor="1.0345" conversion="1.00000000" ingredient="I-2122"/>
	<Ingredient qty="48.000" uom="CT" recipe="P-48933" invFactor="8.4211" conversion="1.00000000" ingredient="I-4375"/>
	<Ingredient qty="10.000" uom="Kg" recipe="P-50587" invFactor="1.1111" conversion="2.20462000" ingredient="I-4933"/>
	<Ingredient qty="454.000" uom="g" recipe="P-50676" invFactor="1.5133" conversion="0.00220462" ingredient="I-4919"/>
	<Ingredient qty="3.000" uom="Kg" recipe="P-50801" invFactor="1.0345" conversion="1.00000000" ingredient="I-3016"/>
	<Ingredient qty="1.000" uom="Kg" recipe="P-50837" invFactor="0.0013" conversion="2.20462000" ingredient="I-4792"/>
	<Ingredient qty="1.000" uom="Kg" recipe="P-50839" invFactor="0.0013" conversion="2.20462000" ingredient="I-4785"/>
	<Ingredient qty="20.000" uom="g" recipe="P-51508" invFactor="10.0000" conversion="1.00000000" ingredient="P-34084"/>
	<Ingredient qty="1.000" uom="Kg" recipe="P-52036" invFactor="0.0020" conversion="2.20462000" ingredient="I-4919"/>
	<Ingredient qty="30.000" uom="ml" recipe="P-53056" invFactor="2.3077" conversion="0.00100000" ingredient="I-3388"/>
	<Ingredient qty="2.000" uom="g" recipe="P-53056" invFactor="0.1538" conversion="1.00000000" ingredient="P-25993"/>
	<Ingredient qty="1200.000" uom="g" recipe="P-53056" invFactor="92.3077" conversion="0.00100000" ingredient="P-50587"/>
	<Ingredient qty="5.000" uom="g" recipe="P-53056" invFactor="0.3846" conversion="1.00000000" ingredient="P-50676"/>
	<Ingredient qty="12.000" uom="CT" recipe="P-53751" invFactor="5.2174" conversion="1.00000000" ingredient="I-4352"/>
	<Ingredient qty="5.000" uom="ml" recipe="P-55083" invFactor="0.1000" conversion="0.00100000" ingredient="I-3388"/>
	<Ingredient qty="65.000" uom="g" recipe="P-55083" invFactor="1.3000" conversion="0.00220462" ingredient="I-4775"/>
	<Ingredient qty="5.000" uom="g" recipe="P-55083" invFactor="0.1000" conversion="1.00000000" ingredient="P-18907"/>
	<Ingredient qty="70.000" uom="ml" recipe="P-56398" invFactor="25.4545" conversion="0.00100000" ingredient="I-22026"/>
	<Ingredient qty="7.000" uom="HEAD" recipe="P-56398" invFactor="2.5455" conversion="1.00000000" ingredient="I-4473"/>
	<Ingredient qty="2.000" uom="Kg" recipe="P-56398" invFactor="0.7273" conversion="1000.00000000" ingredient="I-4973"/>
	<Ingredient qty="45.000" uom="ml" recipe="P-56398" invFactor="16.3636" conversion="0.03381406" ingredient="I-6443"/>
	<Ingredient qty="40.000" uom="g" recipe="P-56398" invFactor="14.5455" conversion="0.00100000" ingredient="P-24750"/>
	<Ingredient qty="200.000" uom="g" recipe="P-56398" invFactor="72.7273" conversion="0.00100000" ingredient="P-50587"/>
	<Ingredient qty="25.000" uom="g" recipe="P-56398" invFactor="9.0909" conversion="0.00100000" ingredient="P-56811"/>
	<Ingredient qty="250.000" uom="g" recipe="P-56459" invFactor="125.0000" conversion="0.95015160" ingredient="I-3370"/>
	<Ingredient qty="750.000" uom="ml" recipe="P-56459" invFactor="375.0000" conversion="0.00100000" ingredient="I-3388"/>
	<Ingredient qty="250.000" uom="g" recipe="P-56459" invFactor="125.0000" conversion="0.00100000" ingredient="I-3660"/>
	<Ingredient qty="750.000" uom="ml" recipe="P-56459" invFactor="375.0000" conversion="0.00100000" ingredient="I-9382"/>
	<Ingredient qty="20.000" uom="g" recipe="P-56459" invFactor="10.0000" conversion="1.00000000" ingredient="P-18907"/>
	<Ingredient qty="4.540" uom="Kg" recipe="P-56811" invFactor="1.1350" conversion="2.20462000" ingredient="I-4787"/>
	<Ingredient qty="1.000" uom="Kg" recipe="P-61660" invFactor="0.0011" conversion="2.20462000" ingredient="I-4288"/>
	<Ingredient qty="1.000" uom="Kg" recipe="P-62016" invFactor="0.0017" conversion="1.00000000" ingredient="I-5022"/>
	<Ingredient qty="100.000" uom="g" recipe="P-62502" invFactor="1.1765" conversion="0.00220462" ingredient="I-58278"/>
	<Ingredient qty="3.000" uom="g" recipe="P-62502" invFactor="0.0353" conversion="1.00000000" ingredient="P-25993"/>
	<Ingredient qty="1.000" uom="Kg" recipe="P-67824" invFactor="0.2000" conversion="2.20462000" ingredient="I-11549"/>
	<Ingredient qty="1.000" uom="Kg" recipe="P-67824" invFactor="0.2000" conversion="2.20462000" ingredient="I-13050"/>
	<Ingredient qty="150.000" uom="ml" recipe="P-67824" invFactor="30.0000" conversion="0.00100000" ingredient="I-3389"/>
	<Ingredient qty="20.000" uom="g" recipe="P-67824" invFactor="4.0000" conversion="1.00000000" ingredient="I-3586"/>
	<Ingredient qty="1.000" uom="Kg" recipe="P-67824" invFactor="0.2000" conversion="1000.00000000" ingredient="P-12954"/>
	<Ingredient qty="1.000" uom="Kg" recipe="P-67824" invFactor="0.2000" conversion="1000.00000000" ingredient="P-55083"/>
	<Ingredient qty="1.000" uom="Kg" recipe="P-67824" invFactor="0.2000" conversion="1.00000000" ingredient="P-9851"/>
	<Ingredient qty="60.000" uom="ml" recipe="P-67991" invFactor="46.1538" conversion="0.03381406" ingredient="I-1813"/>
	<Ingredient qty="1.000" uom="Kg" recipe="P-67991" invFactor="0.7692" conversion="1.00000000" ingredient="I-2126"/>
	<Ingredient qty="300.000" uom="ml" recipe="P-67991" invFactor="230.7692" conversion="0.00100000" ingredient="I-5983"/>
	<Ingredient qty="1.000" uom="Kg" recipe="P-9738" invFactor="1.0000" conversion="1.00000000" ingredient="P-48933"/>
	<Ingredient qty="13.000" uom="lb" recipe="P-9851" invFactor="1.7370" conversion="1.00000000" ingredient="I-13050"/>
	<Ingredient qty="12.000" uom="lb" recipe="P-9851" invFactor="1.6034" conversion="1.00000000" ingredient="I-4521"/>
	<Ingredient qty="48.000" uom="BUNCH" recipe="P-9854" invFactor="2.5196" conversion="1.00000000" ingredient="I-4826"/>
	<Ingredient qty="1.000" uom="CT" recipe="R-26808" invFactor="1.0000" conversion="1.00000000" ingredient="I-1126"/>
	<Ingredient qty="15.000" uom="g" recipe="R-26808" invFactor="1.0000" conversion="0.00100000" ingredient="I-14177"/>
	<Ingredient qty="15.000" uom="g" recipe="R-26808" invFactor="1.0000" conversion="0.00100000" ingredient="I-14179"/>
	<Ingredient qty="0.500" uom="slice" recipe="R-26808" invFactor="1.0000" conversion="1.00000000" ingredient="I-17618"/>
	<Ingredient qty="1.000" uom="g" recipe="R-26808" invFactor="1.0000" conversion="1.00000000" ingredient="P-25993"/>
	<Ingredient qty="120.000" uom="ml" recipe="R-26808" invFactor="1.0000" conversion="0.00100000" ingredient="P-32747"/>
	<Ingredient qty="1.000" uom="CT" recipe="R-26809" invFactor="1.0000" conversion="1.00000000" ingredient="I-1126"/>
	<Ingredient qty="10.000" uom="g" recipe="R-26809" invFactor="1.0000" conversion="0.00100000" ingredient="I-11903"/>
	<Ingredient qty="20.000" uom="g" recipe="R-26809" invFactor="1.0000" conversion="0.05000000" ingredient="I-2310"/>
	<Ingredient qty="0.500" uom="g" recipe="R-26809" invFactor="1.0000" conversion="1.00000000" ingredient="P-25993"/>
	<Ingredient qty="100.000" uom="ml" recipe="R-26809" invFactor="1.0000" conversion="0.00100000" ingredient="P-32747"/>
	<Ingredient qty="5.000" uom="g" recipe="R-26809" invFactor="1.0000" conversion="1.00000000" ingredient="P-50837"/>
	<Ingredient qty="5.000" uom="g" recipe="R-26809" invFactor="1.0000" conversion="1.00000000" ingredient="P-50839"/>
	<Ingredient qty="5.000" uom="g" recipe="R-26809" invFactor="1.0000" conversion="0.00100000" ingredient="P-9738"/>
	<Ingredient qty="70.000" uom="g" recipe="R-43452" invFactor="1.0000" conversion="0.00100000" ingredient="P-33866"/>
	<Ingredient qty="70.000" uom="g" recipe="R-43453" invFactor="1.0000" conversion="0.00100000" ingredient="P-26134"/>
	<Ingredient qty="60.000" uom="g" recipe="R-43454" invFactor="1.0000" conversion="0.00100000" ingredient="I-2110"/>
	<Ingredient qty="20.000" uom="g" recipe="R-43455" invFactor="1.0000" conversion="0.00220462" ingredient="I-9371"/>
	<Ingredient qty="30.000" uom="g" recipe="R-43456" invFactor="1.0000" conversion="0.00100000" ingredient="P-56398"/>
	<Ingredient qty="0.500" uom="CT" recipe="R-48321" invFactor="1.0000" conversion="1.00000000" ingredient="I-1197"/>
	<Ingredient qty="30.000" uom="ml" recipe="R-48321" invFactor="1.0000" conversion="0.00100000" ingredient="P-34892"/>
	<Ingredient qty="1.000" uom="each" recipe="R-48321" invFactor="1.0000" conversion="1.00000000" ingredient="P-37297"/>
	<Ingredient qty="1.000" uom="slice" recipe="R-48321" invFactor="1.0000" conversion="1.00000000" ingredient="P-51508"/>
	<Ingredient qty="0.500" uom="PTN" recipe="R-48321" invFactor="1.0000" conversion="1.00000000" ingredient="P-53056"/>
	<Ingredient qty="15.000" uom="g" recipe="R-48357" invFactor="1.0000" conversion="0.00220462" ingredient="I-11101"/>
	<Ingredient qty="0.500" uom="CT" recipe="R-48357" invFactor="1.0000" conversion="1.00000000" ingredient="I-1197"/>
	<Ingredient qty="30.000" uom="ml" recipe="R-48357" invFactor="1.0000" conversion="0.00100000" ingredient="P-34892"/>
	<Ingredient qty="1.000" uom="each" recipe="R-48357" invFactor="1.0000" conversion="1.00000000" ingredient="P-37297"/>
	<Ingredient qty="1.000" uom="g" recipe="R-48357" invFactor="1.0000" conversion="1.00000000" ingredient="P-41407"/>
	<Ingredient qty="0.500" uom="CT" recipe="R-48359" invFactor="1.0000" conversion="1.00000000" ingredient="I-1197"/>
	<Ingredient qty="20.000" uom="g" recipe="R-48359" invFactor="1.0000" conversion="0.00100000" ingredient="I-2122"/>
	<Ingredient qty="30.000" uom="ml" recipe="R-48359" invFactor="1.0000" conversion="0.00100000" ingredient="P-34892"/>
	<Ingredient qty="1.000" uom="each" recipe="R-48359" invFactor="1.0000" conversion="1.00000000" ingredient="P-37297"/>
	<Ingredient qty="30.000" uom="g" recipe="R-48359" invFactor="1.0000" conversion="1.00000000" ingredient="P-62016"/>
	<Ingredient qty="1.000" uom="CT" recipe="R-51196" invFactor="1.0000" conversion="1.00000000" ingredient="I-1126"/>
	<Ingredient qty="15.000" uom="g" recipe="R-51196" invFactor="1.0000" conversion="0.00220462" ingredient="I-4488"/>
	<Ingredient qty="1.000" uom="g" recipe="R-51196" invFactor="1.0000" conversion="1.00000000" ingredient="P-25993"/>
	<Ingredient qty="20.000" uom="g" recipe="R-51196" invFactor="1.0000" conversion="0.00100000" ingredient="P-26068"/>
	<Ingredient qty="100.000" uom="ml" recipe="R-51196" invFactor="1.0000" conversion="0.00100000" ingredient="P-32747"/>
	<Ingredient qty="45.000" uom="g" recipe="R-51196" invFactor="1.0000" conversion="0.00100000" ingredient="P-46546"/>
	<Ingredient qty="20.000" uom="g" recipe="R-51196" invFactor="1.0000" conversion="0.00100000" ingredient="P-50587"/>
	<Ingredient qty="1.000" uom="CT" recipe="R-51258" invFactor="1.0000" conversion="1.00000000" ingredient="I-1126"/>
	<Ingredient qty="10.000" uom="g" recipe="R-51258" invFactor="1.0000" conversion="0.00100000" ingredient="I-11903"/>
	<Ingredient qty="20.000" uom="g" recipe="R-51258" invFactor="1.0000" conversion="0.05000000" ingredient="I-2310"/>
	<Ingredient qty="10.000" uom="g" recipe="R-51258" invFactor="1.0000" conversion="0.00100000" ingredient="P-26068"/>
	<Ingredient qty="5.000" uom="g" recipe="R-51258" invFactor="1.0000" conversion="0.00100000" ingredient="P-26205"/>
	<Ingredient qty="100.000" uom="ml" recipe="R-51258" invFactor="1.0000" conversion="0.00100000" ingredient="P-32747"/>
	<Ingredient qty="5.000" uom="g" recipe="R-51258" invFactor="1.0000" conversion="1.00000000" ingredient="P-50837"/>
	<Ingredient qty="5.000" uom="g" recipe="R-51258" invFactor="1.0000" conversion="1.00000000" ingredient="P-50839"/>
	<Ingredient qty="45.000" uom="g" recipe="R-57034" invFactor="1.0000" conversion="0.00220462" ingredient="I-11101"/>
	<Ingredient qty="1.000" uom="CT" recipe="R-57034" invFactor="1.0000" conversion="1.00000000" ingredient="I-1126"/>
	<Ingredient qty="1.000" uom="g" recipe="R-57034" invFactor="1.0000" conversion="1.00000000" ingredient="P-25993"/>
	<Ingredient qty="20.000" uom="g" recipe="R-57034" invFactor="1.0000" conversion="0.00100000" ingredient="P-26068"/>
	<Ingredient qty="120.000" uom="ml" recipe="R-57034" invFactor="1.0000" conversion="0.00100000" ingredient="P-32747"/>
	<Ingredient qty="30.000" uom="g" recipe="R-57034" invFactor="1.0000" conversion="0.00100000" ingredient="P-50587"/>
	<Ingredient qty="1.000" uom="CT" recipe="R-57035" invFactor="1.0000" conversion="1.00000000" ingredient="I-1126"/>
	<Ingredient qty="20.000" uom="g" recipe="R-57035" invFactor="1.0000" conversion="0.00100000" ingredient="I-14177"/>
	<Ingredient qty="60.000" uom="g" recipe="R-57035" invFactor="1.0000" conversion="0.05000000" ingredient="I-2310"/>
	<Ingredient qty="120.000" uom="ml" recipe="R-57035" invFactor="1.0000" conversion="0.00100000" ingredient="P-32747"/>
	<Ingredient qty="1.000" uom="CT" recipe="R-68142" invFactor="1.0000" conversion="1.00000000" ingredient="I-1126"/>
	<Ingredient qty="30.000" uom="g" recipe="R-68142" invFactor="1.0000" conversion="1.00000000" ingredient="I-65770"/>
	<Ingredient qty="1.000" uom="g" recipe="R-68142" invFactor="1.0000" conversion="1.00000000" ingredient="P-25993"/>
	<Ingredient qty="20.000" uom="g" recipe="R-68142" invFactor="1.0000" conversion="0.00100000" ingredient="P-26068"/>
	<Ingredient qty="120.000" uom="ml" recipe="R-68142" invFactor="1.0000" conversion="0.00100000" ingredient="P-32747"/>
	<Ingredient qty="20.000" uom="g" recipe="R-68206" invFactor="1.0000" conversion="0.00220462" ingredient="I-4463"/>
	<Ingredient qty="50.000" uom="g" recipe="R-68206" invFactor="1.0000" conversion="0.00100000" ingredient="P-26143"/>
	<Ingredient qty="5.000" uom="g" recipe="R-68206" invFactor="1.0000" conversion="0.00100000" ingredient="P-44896"/>
	<Ingredient qty="20.000" uom="g" recipe="R-68206" invFactor="1.0000" conversion="0.00100000" ingredient="P-46546"/>
	<Ingredient qty="10.000" uom="g" recipe="R-68206" invFactor="1.0000" conversion="0.00100000" ingredient="P-50801"/>
	<Ingredient qty="25.000" uom="ml" recipe="R-68206" invFactor="1.0000" conversion="0.00100000" ingredient="P-56459"/>
	<Ingredient qty="80.000" uom="g" recipe="R-68206" invFactor="1.0000" conversion="0.00100000" ingredient="P-67824"/>
	<Ingredient qty="0.500" uom="CT" recipe="R-68222" invFactor="1.0000" conversion="1.00000000" ingredient="I-1197"/>
	<Ingredient qty="15.000" uom="g" recipe="R-68222" invFactor="1.0000" conversion="1.00000000" ingredient="I-65770"/>
	<Ingredient qty="30.000" uom="ml" recipe="R-68222" invFactor="1.0000" conversion="0.00100000" ingredient="P-34892"/>
	<Ingredient qty="1.000" uom="each" recipe="R-68222" invFactor="1.0000" conversion="1.00000000" ingredient="P-37297"/>
	<Ingredient qty="1.000" uom="g" recipe="R-68222" invFactor="1.0000" conversion="1.00000000" ingredient="P-41407"/>
	<Ingredient qty="0.500" uom="CT" recipe="R-68235" invFactor="1.0000" conversion="1.00000000" ingredient="I-1197"/>
	<Ingredient qty="15.000" uom="g" recipe="R-68235" invFactor="1.0000" conversion="1.00000000" ingredient="I-65770"/>
	<Ingredient qty="30.000" uom="ml" recipe="R-68235" invFactor="1.0000" conversion="0.00100000" ingredient="P-34892"/>
	<Ingredient qty="1.000" uom="each" recipe="R-68235" invFactor="1.0000" conversion="1.00000000" ingredient="P-37297"/>
	<Ingredient qty="1.000" uom="g" recipe="R-68235" invFactor="1.0000" conversion="1.00000000" ingredient="P-41407"/>
	<Ingredient qty="30.000" uom="g" recipe="R-68709" invFactor="1.0000" conversion="0.00100000" ingredient="P-20239"/>
	<Ingredient qty="10.000" uom="g" recipe="R-68709" invFactor="1.0000" conversion="0.00100000" ingredient="P-25761"/>
	<Ingredient qty="30.000" uom="ml" recipe="R-68709" invFactor="1.0000" conversion="0.00100000" ingredient="P-26048"/>
	<Ingredient qty="20.000" uom="g" recipe="R-68709" invFactor="1.0000" conversion="0.00100000" ingredient="P-35689"/>
	<Ingredient qty="10.000" uom="g" recipe="R-68709" invFactor="1.0000" conversion="0.00100000" ingredient="P-35691"/>
	<Ingredient qty="15.000" uom="g" recipe="R-68709" invFactor="1.0000" conversion="0.00100000" ingredient="P-53751"/>
	<Ingredient qty="90.000" uom="g" recipe="R-68709" invFactor="1.0000" conversion="1.00000000" ingredient="P-61660"/>
	<Ingredient qty="50.000" uom="g" recipe="R-68709" invFactor="1.0000" conversion="1.00000000" ingredient="P-62502"/>
	<Ingredient qty="30.000" uom="ml" recipe="R-68709" invFactor="1.0000" conversion="0.00100000" ingredient="P-67991"/>
	<Ingredient qty="5.000" uom="g" recipe="R-68709" invFactor="1.0000" conversion="0.00100000" ingredient="P-9854"/>
</Ingredients>
