﻿<?xml version="1.0" encoding="UTF-8" standalone="yes"?>
<Preps>
	<Prep id="P-33866" active="Y" keyItem="Y">
		<Description>BATCH|Burrito Bar Chicken</Description>
		<Barcode/>
		<Cost>17.8730</Cost>
		<PakQty>16.000</PakQty>
		<PakUOM>Kg</PakUOM>
		<Comments/>
		<InventoryGroup id="47">PREP</InventoryGroup>
		<SalesCategory id="2">Food</SalesCategory>
		<IncomeAccount id="14" ref="Gross Sales" type="I" locked="Y">Gross Sales</IncomeAccount>
		<Location id="500">OK - PROCESSED </Location>
	</Prep>
	<Prep id="P-56398" active="Y" keyItem="Y">
		<Description>BATCH|Guacamole</Description>
		<Barcode/>
		<Cost>14.6772</Cost>
		<PakQty>2.750</PakQty>
		<PakUOM>Kg</PakUOM>
		<Comments/>
		<InventoryGroup id="47">PREP</InventoryGroup>
		<SalesCategory id="2">Food</SalesCategory>
		<IncomeAccount id="14" ref="Gross Sales" type="I" locked="Y">Gross Sales</IncomeAccount>
		<Location id="500">OK - PROCESSED </Location>
	</Prep>
	<Prep id="P-26134" active="Y" keyItem="Y">
		<Description>BATCH|Pibil Pulled Pork</Description>
		<Barcode/>
		<Cost>17.6004</Cost>
		<PakQty>2.722</PakQty>
		<PakUOM>Kg</PakUOM>
		<Comments/>
		<InventoryGroup id="47">PREP</InventoryGroup>
		<SalesCategory id="2">Food</SalesCategory>
		<IncomeAccount id="14" ref="Gross Sales" type="I" locked="Y">Gross Sales</IncomeAccount>
		<Location id="500">OK - PROCESSED </Location>
	</Prep>
	<Prep id="P-24750" active="Y" keyItem="N">
		<Description>CHOPPED|Cilantro</Description>
		<Barcode/>
		<Cost>20.3000</Cost>
		<PakQty>0.500</PakQty>
		<PakUOM>Kg</PakUOM>
		<Comments/>
		<InventoryGroup id=""/>
		<SalesCategory id=""/>
		<IncomeAccount id="" ref="" type="" locked=""/>
		<Location id=""/>
	</Prep>
	<Prep id="P-34084" active="Y" keyItem="Y">
		<Description>COOKED|Bacon</Description>
		<Barcode/>
		<Cost>0.0342</Cost>
		<PakQty>20.000</PakQty>
		<PakUOM>g</PakUOM>
		<Comments/>
		<InventoryGroup id="47">PREP</InventoryGroup>
		<SalesCategory id="2">Food</SalesCategory>
		<IncomeAccount id="14" ref="Gross Sales" type="I" locked="Y">Gross Sales</IncomeAccount>
		<Location id="501">OK - FOOD TRUCK</Location>
	</Prep>
	<Prep id="P-51508" active="Y" keyItem="N">
		<Description>COOKED|Bacon|(2) Slice</Description>
		<Barcode/>
		<Cost>0.3420</Cost>
		<PakQty>2.000</PakQty>
		<PakUOM>slice</PakUOM>
		<Comments/>
		<InventoryGroup id=""/>
		<SalesCategory id=""/>
		<IncomeAccount id="" ref="" type="" locked=""/>
		<Location id=""/>
	</Prep>
	<Prep id="P-26068" active="Y" keyItem="Y">
		<Description>COOKED|Caramelized Onion</Description>
		<Barcode/>
		<Cost>2.5558</Cost>
		<PakQty>9.000</PakQty>
		<PakUOM>Kg</PakUOM>
		<Comments/>
		<InventoryGroup id="47">PREP</InventoryGroup>
		<SalesCategory id="2">Food</SalesCategory>
		<IncomeAccount id="14" ref="Gross Sales" type="I" locked="Y">Gross Sales</IncomeAccount>
		<Location id="500">OK - PROCESSED </Location>
	</Prep>
	<Prep id="P-37297" active="Y" keyItem="N">
		<Description>COOKED|Poached Egg</Description>
		<Barcode/>
		<Cost>0.3476</Cost>
		<PakQty>1.000</PakQty>
		<PakUOM>each</PakUOM>
		<Comments/>
		<InventoryGroup id=""/>
		<SalesCategory id=""/>
		<IncomeAccount id="" ref="" type="" locked=""/>
		<Location id=""/>
	</Prep>
	<Prep id="P-26143" active="Y" keyItem="Y">
		<Description>COOKED|Rice|Brown Basmati</Description>
		<Barcode/>
		<Cost>2.1189</Cost>
		<PakQty>4.536</PakQty>
		<PakUOM>Kg</PakUOM>
		<Comments/>
		<InventoryGroup id="47">PREP</InventoryGroup>
		<SalesCategory id="2">Food</SalesCategory>
		<IncomeAccount id="14" ref="Gross Sales" type="I" locked="Y">Gross Sales</IncomeAccount>
		<Location id="461">OK - STN - SQUARE</Location>
	</Prep>
	<Prep id="P-35689" active="Y" keyItem="Y">
		<Description>COOKED|Sorghum</Description>
		<Barcode/>
		<Cost>2.4049</Cost>
		<PakQty>3.280</PakQty>
		<PakUOM>Kg</PakUOM>
		<Comments/>
		<InventoryGroup id="47">PREP</InventoryGroup>
		<SalesCategory id="2">Food</SalesCategory>
		<IncomeAccount id="14" ref="Gross Sales" type="I" locked="Y">Gross Sales</IncomeAccount>
		<Location id="500">OK - PROCESSED </Location>
	</Prep>
	<Prep id="P-46546" active="Y" keyItem="N">
		<Description>CRUMBLED|Feta</Description>
		<Barcode/>
		<Cost>15.5310</Cost>
		<PakQty>2.900</PakQty>
		<PakUOM>Kg</PakUOM>
		<Comments/>
		<InventoryGroup id=""/>
		<SalesCategory id=""/>
		<IncomeAccount id="" ref="" type="" locked=""/>
		<Location id=""/>
	</Prep>
	<Prep id="P-9738" active="Y" keyItem="N">
		<Description>DICED|Green Onion|1/4</Description>
		<Barcode/>
		<Cost>7.0349</Cost>
		<PakQty>1.000</PakQty>
		<PakUOM>Kg</PakUOM>
		<Comments/>
		<InventoryGroup id=""/>
		<SalesCategory id=""/>
		<IncomeAccount id="" ref="" type="" locked=""/>
		<Location id=""/>
	</Prep>
	<Prep id="P-50839" active="Y" keyItem="N">
		<Description>DICED|Green Pepper</Description>
		<Barcode/>
		<Cost>0.0048</Cost>
		<PakQty>800.000</PakQty>
		<PakUOM>g</PakUOM>
		<Comments/>
		<InventoryGroup id=""/>
		<SalesCategory id=""/>
		<IncomeAccount id="" ref="" type="" locked=""/>
		<Location id=""/>
	</Prep>
	<Prep id="P-50837" active="Y" keyItem="N">
		<Description>DICED|Red Pepper</Description>
		<Barcode/>
		<Cost>0.0083</Cost>
		<PakQty>800.000</PakQty>
		<PakUOM>g</PakUOM>
		<Comments/>
		<InventoryGroup id=""/>
		<SalesCategory id=""/>
		<IncomeAccount id="" ref="" type="" locked=""/>
		<Location id=""/>
	</Prep>
	<Prep id="P-56459" active="Y" keyItem="Y">
		<Description>DRESSING|Apple Cider</Description>
		<Barcode/>
		<Cost>3.2183</Cost>
		<PakQty>2.000</PakQty>
		<PakUOM>L</PakUOM>
		<Comments/>
		<InventoryGroup id="47">PREP</InventoryGroup>
		<SalesCategory id="2">Food</SalesCategory>
		<IncomeAccount id="14" ref="Gross Sales" type="I" locked="Y">Gross Sales</IncomeAccount>
		<Location id="500">OK - PROCESSED </Location>
	</Prep>
	<Prep id="P-26048" active="Y" keyItem="Y">
		<Description>DRESSING|Balsamic</Description>
		<Barcode/>
		<Cost>4.2704</Cost>
		<PakQty>4.000</PakQty>
		<PakUOM>L</PakUOM>
		<Comments/>
		<InventoryGroup id="47">PREP</InventoryGroup>
		<SalesCategory id="2">Food</SalesCategory>
		<IncomeAccount id="14" ref="Gross Sales" type="I" locked="Y">Gross Sales</IncomeAccount>
		<Location id="500">OK - PROCESSED </Location>
	</Prep>
	<Prep id="P-67991" active="Y" keyItem="N">
		<Description>DRIZZLE|Goat Cheese</Description>
		<Barcode/>
		<Cost>16.1569</Cost>
		<PakQty>1.300</PakQty>
		<PakUOM>L</PakUOM>
		<Comments/>
		<InventoryGroup id=""/>
		<SalesCategory id=""/>
		<IncomeAccount id="" ref="" type="" locked=""/>
		<Location id=""/>
	</Prep>
	<Prep id="P-53056" active="Y" keyItem="Y">
		<Description>GRILLED|Roma Tomato|V2</Description>
		<Barcode/>
		<Cost>2.2927</Cost>
		<PakQty>13.000</PakQty>
		<PakUOM>PTN</PakUOM>
		<Comments/>
		<InventoryGroup id="47">PREP</InventoryGroup>
		<SalesCategory id="2">Food</SalesCategory>
		<IncomeAccount id="14" ref="Gross Sales" type="I" locked="Y">Gross Sales</IncomeAccount>
		<Location id="151">TP - 5. PROCES FOOD</Location>
	</Prep>
	<Prep id="P-62502" active="Y" keyItem="N">
		<Description>GRILLED|Salmon</Description>
		<Barcode/>
		<Cost>0.0392</Cost>
		<PakQty>85.000</PakQty>
		<PakUOM>g</PakUOM>
		<Comments/>
		<InventoryGroup id=""/>
		<SalesCategory id=""/>
		<IncomeAccount id="" ref="" type="" locked=""/>
		<Location id=""/>
	</Prep>
	<Prep id="P-61660" active="Y" keyItem="N">
		<Description>JULIENNE|Beets</Description>
		<Barcode/>
		<Cost>0.0073</Cost>
		<PakQty>900.000</PakQty>
		<PakUOM>g</PakUOM>
		<Comments/>
		<InventoryGroup id=""/>
		<SalesCategory id=""/>
		<IncomeAccount id="" ref="" type="" locked=""/>
		<Location id=""/>
	</Prep>
	<Prep id="P-25993" active="Y" keyItem="N">
		<Description>MIX|Salt and Pepper - FT</Description>
		<Barcode/>
		<Cost>12.4571</Cost>
		<PakQty>7.000</PakQty>
		<PakUOM>Kg</PakUOM>
		<Comments/>
		<InventoryGroup id=""/>
		<SalesCategory id=""/>
		<IncomeAccount id="" ref="" type="" locked=""/>
		<Location id="501">OK - FOOD TRUCK</Location>
	</Prep>
	<Prep id="P-18907" active="Y" keyItem="N">
		<Description>MIX|Salt&amp;Pepper</Description>
		<Barcode/>
		<Cost>0.0086</Cost>
		<PakQty>1225.000</PakQty>
		<PakUOM>g</PakUOM>
		<Comments/>
		<InventoryGroup id=""/>
		<SalesCategory id=""/>
		<IncomeAccount id="" ref="" type="" locked=""/>
		<Location id=""/>
	</Prep>
	<Prep id="P-25761" active="Y" keyItem="Y">
		<Description>PICKLED|Red Onion</Description>
		<Barcode/>
		<Cost>3.6634</Cost>
		<PakQty>2.267</PakQty>
		<PakUOM>Kg</PakUOM>
		<Comments>4 Weeks</Comments>
		<InventoryGroup id="47">PREP</InventoryGroup>
		<SalesCategory id="2">Food</SalesCategory>
		<IncomeAccount id="14" ref="Gross Sales" type="I" locked="Y">Gross Sales</IncomeAccount>
		<Location id="500">OK - PROCESSED </Location>
	</Prep>
	<Prep id="P-26020" active="Y" keyItem="Y">
		<Description>PUREE|Garlic|Kg - FT</Description>
		<Barcode/>
		<Cost>12.2277</Cost>
		<PakQty>2.500</PakQty>
		<PakUOM>Kg</PakUOM>
		<Comments>2 weeks</Comments>
		<InventoryGroup id="47">PREP</InventoryGroup>
		<SalesCategory id="2">Food</SalesCategory>
		<IncomeAccount id="14" ref="Gross Sales" type="I" locked="Y">Gross Sales</IncomeAccount>
		<Location id="500">OK - PROCESSED </Location>
	</Prep>
	<Prep id="P-55083" active="Y" keyItem="N">
		<Description>ROASTED|Parsnip|</Description>
		<Barcode/>
		<Cost>0.0102</Cost>
		<PakQty>50.000</PakQty>
		<PakUOM>g</PakUOM>
		<Comments/>
		<InventoryGroup id=""/>
		<SalesCategory id=""/>
		<IncomeAccount id="" ref="" type="" locked=""/>
		<Location id=""/>
	</Prep>
	<Prep id="P-35691" active="Y" keyItem="Y">
		<Description>ROASTED|Pecans|Candied</Description>
		<Barcode/>
		<Cost>41.5409</Cost>
		<PakQty>2.000</PakQty>
		<PakUOM>Kg</PakUOM>
		<Comments/>
		<InventoryGroup id="47">PREP</InventoryGroup>
		<SalesCategory id="2">Food</SalesCategory>
		<IncomeAccount id="14" ref="Gross Sales" type="I" locked="Y">Gross Sales</IncomeAccount>
		<Location id="299">OK - STORES AISLE #1</Location>
	</Prep>
	<Prep id="P-50801" active="Y" keyItem="Y">
		<Description>ROASTED|Pumpkin Seeds</Description>
		<Barcode/>
		<Cost>14.3242</Cost>
		<PakQty>2.900</PakQty>
		<PakUOM>Kg</PakUOM>
		<Comments/>
		<InventoryGroup id="47">PREP</InventoryGroup>
		<SalesCategory id="2">Food</SalesCategory>
		<IncomeAccount id="14" ref="Gross Sales" type="I" locked="Y">Gross Sales</IncomeAccount>
		<Location id="462">OK - STN - VEGETARIA</Location>
	</Prep>
	<Prep id="P-67824" active="Y" keyItem="N">
		<Description>ROASTED|UBC Root Veg</Description>
		<Barcode/>
		<Cost>6.6779</Cost>
		<PakQty>5.000</PakQty>
		<PakUOM>Kg</PakUOM>
		<Comments/>
		<InventoryGroup id=""/>
		<SalesCategory id=""/>
		<IncomeAccount id="" ref="" type="" locked=""/>
		<Location id=""/>
	</Prep>
	<Prep id="P-34892" active="Y" keyItem="N">
		<Description>SaucelHollandaise </Description>
		<Barcode/>
		<Cost>9.0113</Cost>
		<PakQty>4.500</PakQty>
		<PakUOM>L</PakUOM>
		<Comments/>
		<InventoryGroup id=""/>
		<SalesCategory id=""/>
		<IncomeAccount id="" ref="" type="" locked=""/>
		<Location id="459">OK - STN - GRILL</Location>
	</Prep>
	<Prep id="P-26205" active="Y" keyItem="Y">
		<Description>SAUTEED|Mushroom</Description>
		<Barcode/>
		<Cost>13.5106</Cost>
		<PakQty>1.124</PakQty>
		<PakUOM>Kg</PakUOM>
		<Comments/>
		<InventoryGroup id="47">PREP</InventoryGroup>
		<SalesCategory id="2">Food</SalesCategory>
		<IncomeAccount id="14" ref="Gross Sales" type="I" locked="Y">Gross Sales</IncomeAccount>
		<Location id="459">OK - STN - GRILL</Location>
	</Prep>
	<Prep id="P-34123" active="Y" keyItem="Y">
		<Description>SLICED|Onion 1/8&quot;</Description>
		<Barcode/>
		<Cost>4.9909</Cost>
		<PakQty>11.010</PakQty>
		<PakUOM>Kg</PakUOM>
		<Comments/>
		<InventoryGroup id="47">PREP</InventoryGroup>
		<SalesCategory id="2">Food</SalesCategory>
		<IncomeAccount id="14" ref="Gross Sales" type="I" locked="Y">Gross Sales</IncomeAccount>
		<Location id="500">OK - PROCESSED </Location>
	</Prep>
	<Prep id="P-62016" active="Y" keyItem="N">
		<Description>SQUEEZED|Spinach|Frozen</Description>
		<Barcode/>
		<Cost>0.0061</Cost>
		<PakQty>600.000</PakQty>
		<PakUOM>g</PakUOM>
		<Comments/>
		<InventoryGroup id=""/>
		<SalesCategory id=""/>
		<IncomeAccount id="" ref="" type="" locked=""/>
		<Location id=""/>
	</Prep>
	<Prep id="P-9851" active="Y" keyItem="N">
		<Description>YIELD|Beets</Description>
		<Barcode/>
		<Cost>6.8447</Cost>
		<PakQty>7.484</PakQty>
		<PakUOM>Kg</PakUOM>
		<Comments>July 2018 (Fiscal 19)</Comments>
		<InventoryGroup id=""/>
		<SalesCategory id=""/>
		<IncomeAccount id="" ref="" type="" locked=""/>
		<Location id=""/>
	</Prep>
	<Prep id="P-12954" active="Y" keyItem="N">
		<Description>YIELD|Celery</Description>
		<Barcode/>
		<Cost>0.0022</Cost>
		<PakQty>750.000</PakQty>
		<PakUOM>g</PakUOM>
		<Comments/>
		<InventoryGroup id=""/>
		<SalesCategory id=""/>
		<IncomeAccount id="" ref="" type="" locked=""/>
		<Location id=""/>
	</Prep>
	<Prep id="P-41407" active="Y" keyItem="N">
		<Description>YIELD|Chives</Description>
		<Barcode/>
		<Cost>0.0627</Cost>
		<PakQty>440.000</PakQty>
		<PakUOM>g</PakUOM>
		<Comments/>
		<InventoryGroup id=""/>
		<SalesCategory id=""/>
		<IncomeAccount id="" ref="" type="" locked=""/>
		<Location id=""/>
	</Prep>
	<Prep id="P-26514" active="Y" keyItem="N">
		<Description>YIELD|Cilantro|Herb</Description>
		<Barcode/>
		<Cost>0.0203</Cost>
		<PakQty>55.000</PakQty>
		<PakUOM>g</PakUOM>
		<Comments/>
		<InventoryGroup id=""/>
		<SalesCategory id=""/>
		<IncomeAccount id="" ref="" type="" locked=""/>
		<Location id=""/>
	</Prep>
	<Prep id="P-53751" active="Y" keyItem="N">
		<Description>YIELD|Fennel Bulb</Description>
		<Barcode/>
		<Cost>11.3911</Cost>
		<PakQty>2.300</PakQty>
		<PakUOM>Kg</PakUOM>
		<Comments/>
		<InventoryGroup id=""/>
		<SalesCategory id=""/>
		<IncomeAccount id="" ref="" type="" locked=""/>
		<Location id=""/>
	</Prep>
	<Prep id="P-48933" active="Y" keyItem="N">
		<Description>YIELD|Green onion|Fresh</Description>
		<Barcode/>
		<Cost>7.0349</Cost>
		<PakQty>5.700</PakQty>
		<PakUOM>Kg</PakUOM>
		<Comments/>
		<InventoryGroup id=""/>
		<SalesCategory id=""/>
		<IncomeAccount id="" ref="" type="" locked=""/>
		<Location id="500">OK - PROCESSED </Location>
	</Prep>
	<Prep id="P-44896" active="Y" keyItem="N">
		<Description>YIELD|Herb|Parsley</Description>
		<Barcode/>
		<Cost>6.0332</Cost>
		<PakQty>0.500</PakQty>
		<PakUOM>Kg</PakUOM>
		<Comments>July 2018 (Fiscal 19)</Comments>
		<InventoryGroup id=""/>
		<SalesCategory id=""/>
		<IncomeAccount id="" ref="" type="" locked=""/>
		<Location id=""/>
	</Prep>
	<Prep id="P-52036" active="Y" keyItem="N">
		<Description>YIELD|Herb|Thyme</Description>
		<Barcode/>
		<Cost>0.0785</Cost>
		<PakQty>500.000</PakQty>
		<PakUOM>g</PakUOM>
		<Comments>July 2019 (Fiscal 19)</Comments>
		<InventoryGroup id=""/>
		<SalesCategory id=""/>
		<IncomeAccount id="" ref="" type="" locked=""/>
		<Location id=""/>
	</Prep>
	<Prep id="P-56811" active="Y" keyItem="N">
		<Description>YIELD|Jalapeno</Description>
		<Barcode/>
		<Cost>5.9679</Cost>
		<PakQty>4.000</PakQty>
		<PakUOM>Kg</PakUOM>
		<Comments/>
		<InventoryGroup id=""/>
		<SalesCategory id=""/>
		<IncomeAccount id="" ref="" type="" locked=""/>
		<Location id=""/>
	</Prep>
	<Prep id="P-20239" active="Y" keyItem="N">
		<Description>YIELD|Kale Processed</Description>
		<Barcode/>
		<Cost>9.8422</Cost>
		<PakQty>7.400</PakQty>
		<PakUOM>Kg</PakUOM>
		<Comments/>
		<InventoryGroup id=""/>
		<SalesCategory id=""/>
		<IncomeAccount id="" ref="" type="" locked=""/>
		<Location id=""/>
	</Prep>
	<Prep id="P-32747" active="Y" keyItem="N">
		<Description>YIELD|Quiche Custard|Batch</Description>
		<Barcode/>
		<Cost>4.0071</Cost>
		<PakQty>3.000</PakQty>
		<PakUOM>L</PakUOM>
		<Comments/>
		<InventoryGroup id=""/>
		<SalesCategory id=""/>
		<IncomeAccount id="" ref="" type="" locked=""/>
		<Location id=""/>
	</Prep>
	<Prep id="P-9854" active="Y" keyItem="N">
		<Description>YIELD|Radish</Description>
		<Barcode/>
		<Cost>1.5117</Cost>
		<PakQty>19.051</PakQty>
		<PakUOM>Kg</PakUOM>
		<Comments>July 2018 (Fiscal 19)</Comments>
		<InventoryGroup id=""/>
		<SalesCategory id=""/>
		<IncomeAccount id="" ref="" type="" locked=""/>
		<Location id=""/>
	</Prep>
	<Prep id="P-50676" active="Y" keyItem="N">
		<Description>YIELD|Thyme</Description>
		<Barcode/>
		<Cost>0.0594</Cost>
		<PakQty>300.000</PakQty>
		<PakUOM>g</PakUOM>
		<Comments/>
		<InventoryGroup id=""/>
		<SalesCategory id=""/>
		<IncomeAccount id="" ref="" type="" locked=""/>
		<Location id=""/>
	</Prep>
	<Prep id="P-50587" active="Y" keyItem="N">
		<Description>YIELD|Tomato Roma</Description>
		<Barcode/>
		<Cost>3.7430</Cost>
		<PakQty>9.000</PakQty>
		<PakUOM>Kg</PakUOM>
		<Comments/>
		<InventoryGroup id=""/>
		<SalesCategory id=""/>
		<IncomeAccount id="" ref="" type="" locked=""/>
		<Location id=""/>
	</Prep>
	<Prep id="P-24452" active="Y" keyItem="N">
		<Description>YIELD|Yellow Onion</Description>
		<Barcode/>
		<Cost>1.0056</Cost>
		<PakQty>0.900</PakQty>
		<PakUOM>lb</PakUOM>
		<Comments/>
		<InventoryGroup id=""/>
		<SalesCategory id=""/>
		<IncomeAccount id="" ref="" type="" locked=""/>
		<Location id=""/>
	</Prep>
</Preps>
