﻿<?xml version="1.0" encoding="UTF-8" standalone="yes"?>
<Prods>
	<Prod id="R-68709" active="Y" special="N">
		<Description>BOWL|Westcoast +1</Description>
		<Barcode/>
		<Cost>4.2137</Cost>
		<Comments/>
		<SalesGroup id="638">OK - FLEX KITCHEN</SalesGroup>
		<SalesCategory id="2">Food</SalesCategory>
		<IncomeAccount id="14" ref="Gross Sales" type="I" locked="Y">Gross Sales</IncomeAccount>
		<TaxGroup id=""/>
		<Price>0</Price>
		<PLU num=""/>
	</Prod>
	<Prod id="R-68206" active="Y" special="N">
		<Description>BOWL|Westcoast Winter</Description>
		<Barcode/>
		<Cost>1.5530</Cost>
		<Comments/>
		<SalesGroup id="333">OK - SIDES</SalesGroup>
		<SalesCategory id="2">Food</SalesCategory>
		<IncomeAccount id="14" ref="Gross Sales" type="I" locked="Y">Gross Sales</IncomeAccount>
		<TaxGroup id=""/>
		<Price>0</Price>
		<PLU num=""/>
	</Prod>
	<Prod id="R-68235" active="Y" special="N">
		<Description>BRNCH|Benny|Smk &apos;Salmon&apos;|VEG</Description>
		<Barcode/>
		<Cost>1.3725</Cost>
		<Comments/>
		<SalesGroup id="332">OK - SQUARE MEAL</SalesGroup>
		<SalesCategory id="2">Food</SalesCategory>
		<IncomeAccount id="14" ref="Gross Sales" type="I" locked="Y">Gross Sales</IncomeAccount>
		<TaxGroup id=""/>
		<Price>0</Price>
		<PLU num=""/>
	</Prod>
	<Prod id="R-68222" active="Y" special="N">
		<Description>BRNCH|Benny|Smk &apos;Salmon&apos;|Vegan</Description>
		<Barcode/>
		<Cost>1.3725</Cost>
		<Comments/>
		<SalesGroup id="332">OK - SQUARE MEAL</SalesGroup>
		<SalesCategory id="2">Food</SalesCategory>
		<IncomeAccount id="14" ref="Gross Sales" type="I" locked="Y">Gross Sales</IncomeAccount>
		<TaxGroup id=""/>
		<Price>0</Price>
		<PLU num=""/>
	</Prod>
	<Prod id="R-48321" active="Y" special="N">
		<Description>BRNCH|Egg&apos;s Benny|Blackstone</Description>
		<Barcode/>
		<Cost>2.2217</Cost>
		<Comments/>
		<SalesGroup id="332">OK - SQUARE MEAL</SalesGroup>
		<SalesCategory id="2">Food</SalesCategory>
		<IncomeAccount id="14" ref="Gross Sales" type="I" locked="Y">Gross Sales</IncomeAccount>
		<TaxGroup id=""/>
		<Price>0</Price>
		<PLU num="33006">BLACKSTONE BENNY</PLU>
	</Prod>
	<Prod id="R-48357" active="Y" special="N">
		<Description>BRNCH|Eggs Benny|Smk Salmon</Description>
		<Barcode/>
		<Cost>1.0730</Cost>
		<Comments/>
		<SalesGroup id="332">OK - SQUARE MEAL</SalesGroup>
		<SalesCategory id="2">Food</SalesCategory>
		<IncomeAccount id="14" ref="Gross Sales" type="I" locked="Y">Gross Sales</IncomeAccount>
		<TaxGroup id=""/>
		<Price>0</Price>
		<PLU num="33005">SMOKED SALMON BENNY</PLU>
	</Prod>
	<Prod id="R-48359" active="Y" special="N">
		<Description>BRNCH|Eggs Benny|Spin &amp;Feta</Description>
		<Barcode/>
		<Cost>1.2485</Cost>
		<Comments>January 19 (Fiscal 19)</Comments>
		<SalesGroup id="332">OK - SQUARE MEAL</SalesGroup>
		<SalesCategory id="2">Food</SalesCategory>
		<IncomeAccount id="14" ref="Gross Sales" type="I" locked="Y">Gross Sales</IncomeAccount>
		<TaxGroup id=""/>
		<Price>0</Price>
		<PLU num="33007">SPINACH BENNY</PLU>
	</Prod>
	<Prod id="R-26808" active="Y" special="N">
		<Description>BRUNCH|Quiche|3 Cheese</Description>
		<Barcode/>
		<Cost>1.3754</Cost>
		<Comments/>
		<SalesGroup id="332">OK - SQUARE MEAL</SalesGroup>
		<SalesCategory id="2">Food</SalesCategory>
		<IncomeAccount id="14" ref="Gross Sales" type="I" locked="Y">Gross Sales</IncomeAccount>
		<TaxGroup id=""/>
		<Price>0</Price>
		<PLU num="33019">THREE CHEESE QUICHE</PLU>
	</Prod>
	<Prod id="R-51258" active="Y" special="N">
		<Description>BRUNCH|Quiche|Denver</Description>
		<Barcode/>
		<Cost>1.6772</Cost>
		<Comments/>
		<SalesGroup id="332">OK - SQUARE MEAL</SalesGroup>
		<SalesCategory id="2">Food</SalesCategory>
		<IncomeAccount id="14" ref="Gross Sales" type="I" locked="Y">Gross Sales</IncomeAccount>
		<TaxGroup id=""/>
		<Price>0</Price>
		<PLU num="33018">DENVER QUICHE</PLU>
	</Prod>
	<Prod id="R-57035" active="Y" special="N">
		<Description>BRUNCH|Quiche|Ham&amp;Cheese</Description>
		<Barcode/>
		<Cost>2.0059</Cost>
		<Comments/>
		<SalesGroup id="332">OK - SQUARE MEAL</SalesGroup>
		<SalesCategory id="2">Food</SalesCategory>
		<IncomeAccount id="14" ref="Gross Sales" type="I" locked="Y">Gross Sales</IncomeAccount>
		<TaxGroup id=""/>
		<Price>0</Price>
		<PLU num="33052">HAM &amp; CHEESE QUICHE</PLU>
	</Prod>
	<Prod id="R-68142" active="Y" special="N">
		<Description>BRUNCH|Quiche|Smoked &apos;Salmon&apos;</Description>
		<Barcode/>
		<Cost>1.9584</Cost>
		<Comments/>
		<SalesGroup id="332">OK - SQUARE MEAL</SalesGroup>
		<SalesCategory id="2">Food</SalesCategory>
		<IncomeAccount id="14" ref="Gross Sales" type="I" locked="Y">Gross Sales</IncomeAccount>
		<TaxGroup id=""/>
		<Price>0</Price>
		<PLU num=""/>
	</Prod>
	<Prod id="R-57034" active="Y" special="N">
		<Description>BRUNCH|Quiche|Smoked Salmon</Description>
		<Barcode/>
		<Cost>1.7168</Cost>
		<Comments/>
		<SalesGroup id="332">OK - SQUARE MEAL</SalesGroup>
		<SalesCategory id="2">Food</SalesCategory>
		<IncomeAccount id="14" ref="Gross Sales" type="I" locked="Y">Gross Sales</IncomeAccount>
		<TaxGroup id=""/>
		<Price>0</Price>
		<PLU num="33054">SMOKED SALMON QUICHE</PLU>
	</Prod>
	<Prod id="R-51196" active="Y" special="N">
		<Description>BRUNCH|Quiche|Spinach &amp; Feta</Description>
		<Barcode/>
		<Cost>1.7726</Cost>
		<Comments/>
		<SalesGroup id="332">OK - SQUARE MEAL</SalesGroup>
		<SalesCategory id="2">Food</SalesCategory>
		<IncomeAccount id="14" ref="Gross Sales" type="I" locked="Y">Gross Sales</IncomeAccount>
		<TaxGroup id=""/>
		<Price>0</Price>
		<PLU num="33053">SPINACH &amp; FETA QUICHE</PLU>
	</Prod>
	<Prod id="R-26809" active="Y" special="N">
		<Description>BRUNCH|Quiche|Western</Description>
		<Barcode/>
		<Cost>7.8478</Cost>
		<Comments/>
		<SalesGroup id="332">OK - SQUARE MEAL</SalesGroup>
		<SalesCategory id="2">Food</SalesCategory>
		<IncomeAccount id="14" ref="Gross Sales" type="I" locked="Y">Gross Sales</IncomeAccount>
		<TaxGroup id=""/>
		<Price>0</Price>
		<PLU num="33017">WESTERN QUICHE</PLU>
	</Prod>
	<Prod id="R-43454" active="Y" special="N">
		<Description>BURR|Add|Cheese</Description>
		<Barcode/>
		<Cost>1.0253</Cost>
		<Comments/>
		<SalesGroup id="331">OK - SANDWICH KITCHEN</SalesGroup>
		<SalesCategory id="2">Food</SalesCategory>
		<IncomeAccount id="14" ref="Gross Sales" type="I" locked="Y">Gross Sales</IncomeAccount>
		<TaxGroup id=""/>
		<Price>1.19</Price>
		<PLU num="25354">BURRITO ADD CHEESE</PLU>
	</Prod>
	<Prod id="R-43452" active="Y" special="N">
		<Description>BURR|Add|Chicken</Description>
		<Barcode/>
		<Cost>1.4473</Cost>
		<Comments/>
		<SalesGroup id="331">OK - SANDWICH KITCHEN</SalesGroup>
		<SalesCategory id="2">Food</SalesCategory>
		<IncomeAccount id="14" ref="Gross Sales" type="I" locked="Y">Gross Sales</IncomeAccount>
		<TaxGroup id=""/>
		<Price>3.99</Price>
		<PLU num="25352">BURRITO ADD CHICKEN</PLU>
	</Prod>
	<Prod id="R-43456" active="Y" special="N">
		<Description>BURR|Add|EXTRA GUAC</Description>
		<Barcode/>
		<Cost>0.4403</Cost>
		<Comments/>
		<SalesGroup id="331">OK - SANDWICH KITCHEN</SalesGroup>
		<SalesCategory id="2">Food</SalesCategory>
		<IncomeAccount id="14" ref="Gross Sales" type="I" locked="Y">Gross Sales</IncomeAccount>
		<TaxGroup id=""/>
		<Price>1.99</Price>
		<PLU num="25356">BURRITO GUAC</PLU>
	</Prod>
	<Prod id="R-43455" active="Y" special="N">
		<Description>BURR|Add|EXTRA SAUCE</Description>
		<Barcode/>
		<Cost>0.2031</Cost>
		<Comments/>
		<SalesGroup id="331">OK - SANDWICH KITCHEN</SalesGroup>
		<SalesCategory id="2">Food</SalesCategory>
		<IncomeAccount id="14" ref="Gross Sales" type="I" locked="Y">Gross Sales</IncomeAccount>
		<TaxGroup id=""/>
		<Price>1.29</Price>
		<PLU num="25355">BURRITO EXTRA SAUCE</PLU>
	</Prod>
	<Prod id="R-43453" active="Y" special="N">
		<Description>BURR|Add|Pork</Description>
		<Barcode/>
		<Cost>1.2320</Cost>
		<Comments/>
		<SalesGroup id="331">OK - SANDWICH KITCHEN</SalesGroup>
		<SalesCategory id="2">Food</SalesCategory>
		<IncomeAccount id="14" ref="Gross Sales" type="I" locked="Y">Gross Sales</IncomeAccount>
		<TaxGroup id=""/>
		<Price>3.99</Price>
		<PLU num="25353">BURRITO ADD PORK</PLU>
	</Prod>
</Prods>
