﻿<?xml version="1.0" encoding="UTF-8" standalone="yes"?>
<Recipes>
	<Recipe id="P-9738" image="">
***COOKS AND CHEFS, PLEASE READ THE ENTIRE RECIPE BEFORE BEGINNING- THIS IS A RECOMMENDED STEP WI Johnny
TH EVERY PRODUCT WE EVER PRODUCE- THANK YOU***

Related Products this prep gets used in:

Allergens: (to be filled out by nutrition)
Method:
1.
2.
3.
-cool, store, label and rotated this item with older product correctly and diligently 

Portioning:

Utensils needed:
</Recipe>
	<Recipe id="P-9851" image="">***COOKS AND CHEFS, PLEASE READ THE ENTIRE RECIPE BEFORE BEGINNING- THIS IS A RECOMMENDED STEP WI Johnny
TH EVERY PRODUCT WE EVER PRODUCE- THANK YOU***

Related Products this prep gets used in:

Allergens: (to be filled out by nutrition)
Method:
1.
2.
3.
-cool, store, label and rotated this item with older product correctly and diligently 

Portioning:

Utensils needed:</Recipe>
	<Recipe id="P-9854" image="">***COOKS AND CHEFS, PLEASE READ THE ENTIRE RECIPE BEFORE BEGINNING- THIS IS A RECOMMENDED STEP WITH EVERY PRODUCT WE EVER PRODUCE- THANK YOU***
Johnny

Products related to this Prep recipe:

Allergens: (To be filled out by nutrition)
Method:
1.
2.
3.
-cool, store, label and rotated this item with older product correctly and diligently 

Portioning:

Utensils needed:
</Recipe>
	<Recipe id="P-24750" image=""/>
	<Recipe id="P-25761" image="">***COOKS AND CHEFS, PLEASE READ THE ENTIRE RECIPE BEFORE BEGINNING- THIS IS A RECOMMENDED STEP WITH EVERY PRODUCT WE EVER PRODUCE- THANK YOU***

Related Products this prep gets used in:

Method:
1. Gather all ingredients.
2. Slice onions with food processor slicing blade.
3. Bring all other ingredients to a simmer and combine with onion


-cool, store, label and rotated this item with older product correctly and diligently 

Portioning: kettle, cambros, food processer

Utensils needed:
</Recipe>
	<Recipe id="P-25993" image="">1) Combine and mix well

2) Place in appropriate sized container, lable and date.</Recipe>
	<Recipe id="P-26020" image="">1. Puree garlic in batches in robot coupe
2. Mix in garlic</Recipe>
	<Recipe id="P-26048" image="">PREP RECIPE
***COOKS AND CHEFS, PLEASE READ THE ENTIRE RECIPE BEFORE BEGINNING- THIS IS A RECOMMENDED STEP WITH EVERY PRODUCT WE PRODUCE- THANK YOU***

Related Products this prep is used in:

Allergens: (to be filled out by nutrition)
Mustard
Sulphite

Method:
1. Combine balsamic vinegar,  dijon, garlic, oregano, salt &amp; pepper.

2. Begin blending with immersion blender till smooth add oil slowly and blend till emulsion.

Cool, label and store.
Rotate this item with older product.
Portioning:

Utensils needed:</Recipe>
	<Recipe id="P-26068" image="">PREP RECIPE
***COOKS AND CHEFS, PLEASE READ THE ENTIRE RECIPE BEFORE BEGINNING- THIS IS A RECOMMENDED STEP WITH EVERY PRODUCT WE PRODUCE- THANK YOU***

Related Products this prep is used in:

Allergens: (to be filled out by nutrition)
Method:
1. Over medium heat, heat oil

2. Add onions and salt, and stir to evenly incorporate in the oil.

3. Allow onions to continue to cook over medium-high heat until natural sugars begin to caramelize and onions begin to soften

4. Turn heat to medium low and continue to cook onions for 40 minutes. In a cycle of letting them brown, and scraping and stirring with a wooden spoon, until onions are a dark golden brown. Add a splash of water cold if the bottom browning is sticking too much.

Cool, label and store.
Rotate this item with older product.
Portioning:

Utensils needed:</Recipe>
	<Recipe id="P-26134" image="">***COOKS AND CHEFS, PLEASE READ THE ENTIRE RECIPE BEFORE BEGINNING- THIS IS A RECOMMENDED STEP WITH EVERY PRODUCT WE EVER PRODUCE- THANK YOU***
Related Products this prep gets used in:

Allergens: 
Method:

1. Preheat oven to 320F

2. Combine achiote paste, orange and pineapple juice.

3.  Slice each butt in half, and season pork with salt and pepper.  Make sure to get in all the cracks.

4. Place pork in braising dish with onions and jalapenos. cover with achiote marinade and add water until it comes halfway up the shoulder. Bring to simmer on french top before putting it in the oven.

5. Cover pork and braise in oven for about 3.5 hours, or until pork pulls easily apart

6. Remove meat and pull apart or shred with forks, removing large pieces of fat. Add back some of braising liquid in pork to keep moist

-cool, store, label and rotate this item with older product correctly and diligently.

Portioning:</Recipe>
	<Recipe id="P-26143" image="">***COOKS AND CHEFS, PLEASE READ THE ENTIRE RECIPE BEFORE BEGINNING- THIS IS A RECOMMENDED STEP WITH EVERY PRODUCT WE EVER PRODUCE- THANK YOU***
Related Products this prep gets used in:

Allergens: 
Method:

1. In medium depth hotel pan, rinse rice under cold water until it runs clear while agitating by hand. Add water, 1:1 with rice.

2. Put in steamer for 40 minutes.

3. Stir to fluff and loosen grains.

4. Hold for service.

-cool, store, label and rotate this item with older product correctly and diligently.

Portioning:

Utensils needed:</Recipe>
	<Recipe id="P-26205" image="">1)  In a large saute pan or rondeau and working in batches, heat oil over medium high heat.  Add about 1/3 of the oil and allow to get hot.  Add an appropriate amount of mushrooms so as to not overcrowd the rondeau. Add some seasoning as the mushrooms are beginning to brown.  Taste for seasoning.

2)  Allow to cool on flat tray. Reserve for service or if using later, label, date, refrigerate.</Recipe>
	<Recipe id="P-26514" image="">***COOKS AND CHEFS, PLEASE READ THE ENTIRE RECIPE BEFORE BEGINNING- THIS IS A RECOMMENDED STEP WITH EVERY PRODUCT WE EVER PRODUCE- THANK YOU***
Johnny

Related Products this prep gets used in:

Allergens: (to be filled out by nutrition)

Method:
1. Gather All Ingredients and tools
2. Cut stem off
3. Pick leaves off

-cool, store, label and rotated this item with older product correctly and diligently 

Portioning:

Utensils needed: Cutting board, knife, insert
</Recipe>
	<Recipe id="R-26808" image="">***COOKS AND CHEFS, PLEASE READ THE ENTIRE RECIPE BEFORE BEGINNING- THIS IS A RECOMMENDED STEP WITH EVERY PRODUCT WE EVER PRODUCE- THANK YOU***

Related Products this prep gets used in:

Allergens: (to be filled out by nutrition)
Method:
1. Preheat oven to 350 degrees. 

2. Dock the bottom of the pastry (to allow air to escape so it doesn&apos;t bubble) Bake the crust for about 5-10 minutes.

3.  Remove from the oven and allow to cool. The crust will be golden. but not not too dark. (as it will bake again with custard/filling

4. Prepare the egg custard mixture by adding the eggs to a large measuring cup. Add the heavy cream, then add the milk, salt and pepper.

5. Blend with a hand mixer to ensure the egg and cream mixture is completely homogenous (mixed thouroughly)

6. Spread the desired fillings on the bottom of the pie crust. Pour the egg mixture on top (leave a 1/2 cm of head space at the top of the quiche as the eggs will souffle and expand) Bake at 350 degrees for about 20-25 minutes (check after 15 mins)  The quiche will be slightly wobbly in just the center.(this allows for carry over cooking and will set up within a few minutes of exiting the oven)

7.  Allow to cool for about 20 minutes to room temperature. Quiche can be served warm, cold, or room temperature.

*Cool, store, label and rotate this item with older product correctly and diligently </Recipe>
	<Recipe id="R-26809" image="">***COOKS AND CHEFS, PLEASE READ THE ENTIRE RECIPE BEFORE BEGINNING- THIS IS A RECOMMENDED STEP WITH EVERY PRODUCT WE EVER PRODUCE- THANK YOU***

Related Products this prep gets used in:

Allergens: (to be filled out by nutrition)
Method:
1. Preheat oven to 350 degrees. 

2. Dock the bottom of the pastry (to allow air to escape so it doesn&apos;t bubble) Bake the crust for about 5-10 minutes.

3.  Remove from the oven and allow to cool. The crust will be golden. but not not too dark. (as it will bake again with custard/filling

4. Prepare the egg custard mixture by adding the eggs to a large measuring cup. Add the heavy cream, then add the milk, salt and pepper.

5. Blend with a hand mixer to ensure the egg and cream mixture is completely homogenous (mixed thouroughly)

6. Spread the desired fillings on the bottom of the pie crust. Pour the egg mixture on top (leave a 1/2 cm of head space at the top of the quiche as the eggs will souffle and expand) Bake at 350 degrees for about 20-25 minutes (check after 15 mins)  The quiche will be slightly wobbly in just the center.(this allows for carry over cooking and will set up within a few minutes of exiting the oven)

7.  Allow to cool for about 20 minutes to room temperature. Quiche can be served warm, cold, or room temperature.

*Cool, store, label and rotate this item with older product correctly and diligently 
</Recipe>
	<Recipe id="P-32747" image="">***COOKS AND CHEFS, PLEASE READ THE ENTIRE RECIPE BEFORE BEGINNING- THIS IS A RECOMMENDED STEP WITH EVERY PRODUCT WE EVER PRODUCE- THANK YOU***
Related Products this prep gets used in:

Allergens: 
Method:

1. ***This is a neutral base for any number of quiche flavourings.

2. Whisk together the eggs, milk, cream, and salt until frothy

-cool, store, label and rotate this item with older product correctly and diligently.

Portioning:

Utensils needed:
</Recipe>
	<Recipe id="P-33866" image="">***COOKS AND CHEFS, PLEASE READ THE ENTIRE RECIPE BEFORE BEGINNING- THIS IS A RECOMMENDED STEP WITH EVERY PRODUCT WE EVER PRODUCE- THANK YOU***
Related Products this prep gets used in:

Allergens: 
Method:

1. Mix all ingredients together and allow to marinade for 24 hours.

2. In a large rondo or tilt skillet add oil and when warm add chciken in batches ( do not overcrowd). This will allow a nice sear on the chicken.

3. Cook fully and hot hold for service.

-store, label and rotate this item with older product correctly and diligently.

Portioning:

Utensils needed:</Recipe>
	<Recipe id="P-34084" image="">1)  Tray bacon on baking sheets and place in oven preheated to 350*F.  Cook until bacon is fully cooked and slightly crispy, about 15 minutes.

57g = approx 2 slices of raw bacon

</Recipe>
	<Recipe id="P-35689" image="">1)  Rinse sorghum grain VERY THROUGHLY!!! in china cap strainer and water.  You can make this easy by putting the strainer in a large soup pot and running the water over the sorghum until the water runs clear from the pot.

2)  Add water to rinsed sorghum and bring to a rapid simmer over medium high heat.  Stir every once in a while to make sure it isn&apos;t sticking to the pot.

3)  When the water comes to a rapid simmer, cover with aluminium and turn to very low heat.  Sorghum will take about 30-40 minutes to cook.  When Sorghum is finished it will have a pleasant, chewy consistency.

4)  Rinse under cold water until cool and store in appropriate vessel.  Label, Date, Refrigerate.</Recipe>
	<Recipe id="P-35691" image="">***COOKS AND CHEFS, PLEASE READ THE ENTIRE RECIPE BEFORE BEGINNING- THIS IS A RECOMMENDED STEP WITH EVERY PRODUCT WE EVER PRODUCE- THANK YOU***

Related Products this prep gets used in:

Allergens: (to be filled out by nutrition)
Method:

1. wet nuts
2. toss in sweet stuff
3. roast&apos;m golden brown

-cool, store, label and rotated this item with older product correctly and diligently 

Portioning:

Utensils needed:
</Recipe>
	<Recipe id="P-37297" image="">1)  Spray egg poacher cup with pan spray.  Place egg in egg poacher cup.  Steam for 7 minutes until cooked.

Allergens:

Soy, Egg</Recipe>
	<Recipe id="P-41407" image="">***COOKS AND CHEFS, PLEASE READ THE ENTIRE RECIPE BEFORE BEGINNING- THIS IS A RECOMMENDED STEP WITH EVERY PRODUCT WE EVER PRODUCE- THANK YOU***
Amanda

Related Products this prep gets used in:

Allergens: (to be filled out by nutrition)
Method:

1. Trim ends/tips of chives and discard any blemished chives.

2.Using a sharp chef knife mince chives. use a rocking/slicing motion to prevent bruising.

3. Store in an apropriate sized container with a piece of paper towel at the bottom to wick away any moisture.

*Cool, store, label and rotated this item with older product correctly and diligently 

</Recipe>
	<Recipe id="P-46546" image="">***COOKS AND CHEFS, PLEASE READ THE ENTIRE RECIPE BEFORE BEGINNING- THIS IS A RECOMMENDED STEP WI Johnny
TH EVERY PRODUCT WE EVER PRODUCE- THANK YOU***

Related Products this prep gets used in:

Allergens: (to be filled out by nutrition)
Method:
1. Drain the cheese
2. Crumble with your hands into small piece
3.
-cool, store, label and rotated this item with older product correctly and diligently 

Portioning:

Utensils needed:
</Recipe>
	<Recipe id="R-48321" image="">Allergen:

egg, sulphites, milk, wheat, gluten

Icon:

n/a

Method:

Cook Eggs, Hollandaise,

Place English muffins on plate, top with bacon, sliced tomato, add an egg and top with hollandaise.



</Recipe>
	<Recipe id="R-48357" image="">Allergen:

egg, sulphites, milk, wheat, gluten, fish (salmon)

Icon:

oceanwise

Method:

Cook Eggs, Hollandaise, 

Place English muffins on plate, top with smoked salmon, add an egg and top with hollandaise.



</Recipe>
	<Recipe id="R-48359" image="">Allergen:

egg, sulphites, milk, wheat, gluten

Icon:

vegetarian

Method:

Cook Eggs, Hollandaise, 

Place English muffins on plate, top with sauteed spinach feta, add an egg and top with hollandaise.


</Recipe>
	<Recipe id="P-48933" image="">***COOKS AND CHEFS, PLEASE READ THE ENTIRE RECIPE BEFORE BEGINNING- THIS IS A RECOMMENDED STEP WITH EVERY PRODUCT WE EVER PRODUCE- THANK YOU***

Johnny

Related Products this prep gets used in:

Allergens: (to be filled out by nutrition)

Method:
1. Gather All Ingredients and tools
2. Trim the ends and/or rotten pieces
3. 
 
-cool, store, label and rotated this item with older product correctly and diligently 

Portioning:

Utensils needed:Cutting board, knife, insert
</Recipe>
	<Recipe id="P-50587" image="">***COOKS AND CHEFS, PLEASE READ THE ENTIRE RECIPE BEFORE BEGINNING- THIS IS A RECOMMENDED STEP WITH EVERY PRODUCT WE EVER PRODUCE- THANK YOU***
Amanda

Related Products this prep gets used in:

Allergens: (to be filled out by nutrition)

Method:

1. Gather all ingredients and tools

2. core out stem 

3. Quarter tomato, remove soft flesh and seeds, reserve for other uses.

4. Small Dice tomatoes for recipes.

*Cool, store, label and rotate this item with older product correctly and diligently </Recipe>
	<Recipe id="P-50676" image="">***COOKS AND CHEFS, PLEASE READ THE ENTIRE RECIPE BEFORE BEGINNING- THIS IS A RECOMMENDED STEP WITH EVERY PRODUCT WE EVER PRODUCE- THANK YOU***
Amanda

Related Products this prep gets used in:

Allergens: (to be filled out by nutrition)
Method:

1.Remove leaves from the thickest parts of the stems. discard stems.

2. Using a sharp knife, lightly roll the thyme together in a pile and slice through; continue this until thyme is finely chopped. always use a slicing mottion rather than a chopping motion on soft herbs to prevent bruising.

3. Store in an apropriate size insert/cambro with a pice of paper towel at the bottom to wick away any moisture.

*Cool, store, label and rotated this item with older product correctly and diligently 


</Recipe>
	<Recipe id="P-50801" image="">1.In a 350F pre-heated oven.
2. Lay flat pumpkin seeds on a sheet pan.
3.Roast pumkin seeds for 5-8minutes or until turns a bit brown but not burnt.
4. Take it off from oven.
5. Let it cool and transfer to a dry container.
6. Store in a dry place until needed.</Recipe>
	<Recipe id="R-51196" image="">***COOKS AND CHEFS, PLEASE READ THE ENTIRE RECIPE BEFORE BEGINNING- THIS IS A RECOMMENDED STEP WITH EVERY PRODUCT WE EVER PRODUCE- THANK YOU***
Amanda

Related Products this prep gets used in:

Allergens: (to be filled out by nutrition)
Method:


1. Preheat oven to 350 degrees. 

2. Dock the bottom of the pastry (to allow air to escape so it doesn&apos;t bubble) Bake the crust for about 5-10 minutes.

3.  Remove from the oven and allow to cool. The crust will be golden. but not not too dark. (as it will bake again with custard/filling

4. Prepare the egg custard mixture by adding the eggs to a large measuring cup. Add the heavy cream, then add the milk, salt and pepper.

5. Blend with a hand mixer to ensure the egg and cream mixture is completely homogenous (mixed thouroughly)

6. Spread the desired fillings on the bottom of the pie crust. Pour the egg mixture on top (leave a 1/2 cm of head space at the top of the quiche as the eggs will souffle and expand) Bake at 350 degrees for about 20-25 minutes (check after 15 mins)  The quiche will be slightly wobbly in just the center.(this allows for carry over cooking and will set up within a few minutes of exiting the oven)

7.  Allow to cool for about 20 minutes to room temperature. Quiche can be served warm, cold, or room temperature.


*Cool, store, label and rotate this item with older product correctly and diligently </Recipe>
	<Recipe id="R-51258" image="">***COOKS AND CHEFS, PLEASE READ THE ENTIRE RECIPE BEFORE BEGINNING- THIS IS A RECOMMENDED STEP WITH EVERY PRODUCT WE EVER PRODUCE- THANK YOU***

Related Products this prep gets used in:

Allergens: (to be filled out by nutrition)
Method:
1. Preheat oven to 350 degrees. 

2. Dock the bottom of the pastry (to allow air to escape so it doesn&apos;t bubble) Bake the crust for about 5-10 minutes.

3.  Remove from the oven and allow to cool. The crust will be golden. but not not too dark. (as it will bake again with custard/filling

4. Prepare the egg custard mixture by adding the eggs to a large measuring cup. Add the heavy cream, then add the milk, salt and pepper.

5. Blend with a hand mixer to ensure the egg and cream mixture is completely homogenous (mixed thouroughly)

6. Spread the desired fillings on the bottom of the pie crust. Pour the egg mixture on top (leave a 1/2 cm of head space at the top of the quiche as the eggs will souffle and expand) Bake at 350 degrees for about 20-25 minutes (check after 15 mins)  The quiche will be slightly wobbly in just the center.(this allows for carry over cooking and will set up within a few minutes of exiting the oven)

7.  Allow to cool for about 20 minutes to room temperature. Quiche can be served warm, cold, or room temperature.

*Cool, store, label and rotate this item with older product correctly and diligently </Recipe>
	<Recipe id="P-53056" image="">average roma tomato weighs approx 90g

this recipe makes 26 x 1/2 tomatoes

1 portion = 2 tomato 1/2&apos;s or 1 whole tomato</Recipe>
	<Recipe id="P-55083" image="">1. Peel and diced parsnip.
2. Combine the rest of ingredient in mixing bowl.
3. Roast.</Recipe>
	<Recipe id="P-56398" image="">
***COOKS AND CHEFS, PLEASE READ THE ENTIRE RECIPE BEFORE BEGINNING- THIS IS A RECOMMENDED STEP WITH EVERY PRODUCT WE EVER PRODUCE- THANK YOU***

Related Products this prep gets used in:

Allergens: 
Method:

1.Small dice jalapenos and tomatoes. Mince cilantro.

2. In a bowl combine all ingredents. Mix well keeping chunks visible in the mixture. Check for seasoning.

3. Ready to use or store in apropriate size cambro with serano wrap directly contacting the surface of the guac as well as a lid on the container (to stop oxidization)

LABEL/DATE/REFRIGERATE</Recipe>
	<Recipe id="P-56459" image="">***COOKS AND CHEFS, PLEASE READ THE ENTIRE RECIPE BEFORE BEGINNING- THIS IS A RECOMMENDED STEP WITH EVERY PRODUCT WE EVER PRODUCE- THANK YOU***
Related Products this prep gets used in:

Allergens: 
Method:

1. Add all ingredients, except oil in a cambro.

2. Using immersion blender blend all ingredients well. Slowly add oil in a steady stream while blending.

3. Adjust seasoning.

-Store, label and rotate this item with older product correctly and diligently.

Portioning:

Utensils needed:
</Recipe>
	<Recipe id="R-57034" image="">***COOKS AND CHEFS, PLEASE READ THE ENTIRE RECIPE BEFORE BEGINNING- THIS IS A RECOMMENDED STEP WITH EVERY PRODUCT WE EVER PRODUCE- THANK YOU***

Related Products this prep gets used in:

Allergens: (to be filled out by nutrition)
Method:
1. Preheat oven to 350 degrees. 

2. Dock the bottom of the pastry (to allow air to escape so it doesn&apos;t bubble) Bake the crust for about 5-10 minutes.

3.  Remove from the oven and allow to cool. The crust will be golden. but not not too dark. (as it will bake again with custard/filling

4. Prepare the egg custard mixture by adding the eggs to a large measuring cup. Add the heavy cream, then add the milk, salt and pepper.

5. Blend with a hand mixer to ensure the egg and cream mixture is completely homogenous (mixed thouroughly)

6. Spread the desired fillings on the bottom of the pie crust. Pour the egg mixture on top (leave a 1/2 cm of head space at the top of the quiche as the eggs will souffle and expand) Bake at 350 degrees for about 20-25 minutes (check after 15 mins)  The quiche will be slightly wobbly in just the center.(this allows for carry over cooking and will set up within a few minutes of exiting the oven)

7.  Allow to cool for about 20 minutes to room temperature. Quiche can be served warm, cold, or room temperature.

*Cool, store, label and rotate this item with older product correctly and diligently </Recipe>
	<Recipe id="R-57035" image="">***COOKS AND CHEFS, PLEASE READ THE ENTIRE RECIPE BEFORE BEGINNING- THIS IS A RECOMMENDED STEP WITH EVERY PRODUCT WE EVER PRODUCE- THANK YOU***

Related Products this prep gets used in:

Allergens: (to be filled out by nutrition)
Method:
1. Preheat oven to 350 degrees. 

2. Dock the bottom of the pastry (to allow air to escape so it doesn&apos;t bubble) Bake the crust for about 5-10 minutes.

3.  Remove from the oven and allow to cool. The crust will be golden. but not not too dark. (as it will bake again with custard/filling

4. Prepare the egg custard mixture by adding the eggs to a large measuring cup. Add the heavy cream, then add the milk, salt and pepper.

5. Blend with a hand mixer to ensure the egg and cream mixture is completely homogenous (mixed thouroughly)

6. Spread the desired fillings on the bottom of the pie crust. Pour the egg mixture on top (leave a 1/2 cm of head space at the top of the quiche as the eggs will souffle and expand) Bake at 350 degrees for about 20-25 minutes (check after 15 mins)  The quiche will be slightly wobbly in just the center.(this allows for carry over cooking and will set up within a few minutes of exiting the oven)

7.  Allow to cool for about 20 minutes to room temperature. Quiche can be served warm, cold, or room temperature.

*Cool, store, label and rotate this item with older product correctly and diligently </Recipe>
	<Recipe id="P-61660" image="">PREP RECIPE
***COOKS AND CHEFS, PLEASE READ THE ENTIRE RECIPE BEFORE BEGINNING- THIS IS A RECOMMENDED STEP WITH EVERY PRODUCT WE PRODUCE- THANK YOU***

Related Products this prep is used in:

Allergens: (to be filled out by nutrition)
Method: 
1. Peel beets.
2. Using mandoline, julienne beets.
3. Rinse in cold water until water runs clear so beets don&apos;t bleed into other foods.

Label and store.
Rotate this item with older product.
Portioning:

Utensils needed:
</Recipe>
	<Recipe id="P-62016" image="">completely thaw block of frozen spinach

in small batches, squeeze out excess water from spinach

place squeezed spinach in perforated pan or basket strainer to allow any excess water to drip away

place in appropriate container 

label, date, refrigerate
</Recipe>
	<Recipe id="P-62502" image="">PREP RECIPE
***COOKS AND CHEFS, PLEASE READ THE ENTIRE RECIPE BEFORE BEGINNING- THIS IS A RECOMMENDED STEP WITH EVERY PRODUCT WE PRODUCE- THANK YOU***

Related Products this prep is used in:

Allergens: (to be filled out by nutrition)
Method:
1. Season salmon with S&amp;P.
2. Make cross hatch grill marks on the presentation side of salmon (top).
3. Finish in oven until medium well.

Cool, label and store.
Rotate this item with older product.
Portioning:

Utensils needed:
</Recipe>
	<Recipe id="P-67824" image="">PREP RECIPE
***COOKS AND CHEFS, PLEASE READ THE ENTIRE RECIPE BEFORE BEGINNING- THIS IS A RECOMMENDED STEP WITH EVERY PRODUCT WE PRODUCE- THANK YOU***

Related Products this prep is used in:

Allergens: (to be filled out by nutrition)
Method:
1. Toss each vegetable SEPERATELY in olive oil, caraway seeds and seasoning.
2. Roast at 425F on seperate full sized baking sheets until just cooked and slightly coloured.
3. Once cooled mix together, label and store.

Rotate this item with older product.
</Recipe>
	<Recipe id="P-67991" image="">PREP RECIPE
***COOKS AND CHEFS, PLEASE READ THE ENTIRE RECIPE BEFORE BEGINNING- THIS IS A RECOMMENDED STEP WITH EVERY PRODUCT WE PRODUCE- THANK YOU***

Related Products this prep is used in:

Allergens: (to be filled out by nutrition)
Method:
1. Mix all ingredients in robot coupe until smooth.
2. You will need to scrape down the sides 1-2 times w/ a spatula.

Label and store.
Rotate this item with older product.
</Recipe>
</Recipes>
