﻿<?xml version="1.0" encoding="UTF-8" standalone="yes"?>
<Conversions>
	<Conversion id="" multiplier="1.00000000">
		<ConvertFrom qty="1.0000" uom="XXX"/>
		<ConvertTo qty="1.0000" uom="L"/>
	</Conversion>
	<Conversion id="" multiplier="0.87719298">
		<ConvertFrom qty="1.0000" uom="1.14L"/>
		<ConvertTo qty="1.1400" uom="L"/>
	</Conversion>
	<Conversion id="" multiplier="0.66666667">
		<ConvertFrom qty="1.0000" uom="1.5L"/>
		<ConvertTo qty="1.5000" uom="L"/>
	</Conversion>
	<Conversion id="" multiplier="0.57142857">
		<ConvertFrom qty="1.0000" uom="1.75 L"/>
		<ConvertTo qty="1.7500" uom="L"/>
	</Conversion>
	<Conversion id="" multiplier="0.50000000">
		<ConvertFrom qty="1.0000" uom="2L"/>
		<ConvertTo qty="2.0000" uom="L"/>
	</Conversion>
	<Conversion id="" multiplier="0.25000000">
		<ConvertFrom qty="1.0000" uom="4L"/>
		<ConvertTo qty="4.0000" uom="L"/>
	</Conversion>
	<Conversion id="" multiplier="0.08333333">
		<ConvertFrom qty="1.0000" uom="FOOT"/>
		<ConvertTo qty="12.0000" uom="INCH"/>
	</Conversion>
	<Conversion id="" multiplier="0.06250000">
		<ConvertFrom qty="1.0000" uom="16L"/>
		<ConvertTo qty="16.0000" uom="L"/>
	</Conversion>
	<Conversion id="" multiplier="0.05917160">
		<ConvertFrom qty="1.0000" uom="1/2LTR"/>
		<ConvertTo qty="16.9000" uom="fl oz"/>
	</Conversion>
	<Conversion id="" multiplier="0.03937008">
		<ConvertFrom qty="1.0000" uom="750ML"/>
		<ConvertTo qty="25.4000" uom="fl oz"/>
	</Conversion>
	<Conversion id="" multiplier="0.03333333">
		<ConvertFrom qty="1.0000" uom="KEG 30L"/>
		<ConvertTo qty="30.0000" uom="L"/>
	</Conversion>
	<Conversion id="" multiplier="0.02597403">
		<ConvertFrom qty="1.0000" uom="1140ml"/>
		<ConvertTo qty="38.5000" uom="fl oz"/>
	</Conversion>
	<Conversion id="" multiplier="0.02500000">
		<ConvertFrom qty="1.0000" uom="full in"/>
		<ConvertTo qty="40.0000" uom="PTN"/>
	</Conversion>
	<Conversion id="" multiplier="0.02000000">
		<ConvertFrom qty="1.0000" uom="KEG 50L"/>
		<ConvertTo qty="50.0000" uom="L"/>
	</Conversion>
	<Conversion id="" multiplier="0.01706485">
		<ConvertFrom qty="1.0000" uom="KEG 59L"/>
		<ConvertTo qty="58.6000" uom="L"/>
	</Conversion>
	<Conversion id="" multiplier="0.01666667">
		<ConvertFrom qty="1.0000" uom="HOUR"/>
		<ConvertTo qty="60.0000" uom="MINUTE"/>
	</Conversion>
	<Conversion id="" multiplier="0.00200000">
		<ConvertFrom qty="1.0000" uom="500ML"/>
		<ConvertTo qty="500.0000" uom="ml"/>
	</Conversion>
	<Conversion id="" multiplier="0.00153846">
		<ConvertFrom qty="1.0000" uom="650ML"/>
		<ConvertTo qty="650.0000" uom="ml"/>
	</Conversion>
	<Conversion id="" multiplier="0.00151515">
		<ConvertFrom qty="1.0000" uom="660ML"/>
		<ConvertTo qty="660.0000" uom="ml"/>
	</Conversion>
	<Conversion id="" multiplier="0.00142857">
		<ConvertFrom qty="1.0000" uom="700ML"/>
		<ConvertTo qty="700.0000" uom="ml"/>
	</Conversion>
	<Conversion id="" multiplier="0.00140845">
		<ConvertFrom qty="1.0000" uom="710ml"/>
		<ConvertTo qty="710.0000" uom="ml"/>
	</Conversion>
	<Conversion id="" multiplier="0.00133333">
		<ConvertFrom qty="1.0000" uom="750ML"/>
		<ConvertTo qty="750.0000" uom="ml"/>
	</Conversion>
	<Conversion id="" multiplier="0.00059172">
		<ConvertFrom qty="1.0000" uom="keg50L"/>
		<ConvertTo qty="1690.0000" uom="fl oz"/>
	</Conversion>
	<Conversion id="" multiplier="0.00050403">
		<ConvertFrom qty="1.0000" uom="keg59L"/>
		<ConvertTo qty="1984.0000" uom="fl oz"/>
	</Conversion>
	<Conversion id="" multiplier="2.00000000">
		<ConvertFrom qty="2.0000" uom="cup"/>
		<ConvertTo qty="1.0000" uom="pt"/>
	</Conversion>
	<Conversion id="" multiplier="2.00000000">
		<ConvertFrom qty="2.0000" uom="pt"/>
		<ConvertTo qty="1.0000" uom="qt"/>
	</Conversion>
	<Conversion id="" multiplier="2.00000000">
		<ConvertFrom qty="2.0000" uom="Tbsp"/>
		<ConvertTo qty="1.0000" uom="fl oz"/>
	</Conversion>
	<Conversion id="" multiplier="3.00000000">
		<ConvertFrom qty="3.0000" uom="tsp"/>
		<ConvertTo qty="1.0000" uom="Tbsp"/>
	</Conversion>
	<Conversion id="" multiplier="4.00000000">
		<ConvertFrom qty="4.0000" uom="qt"/>
		<ConvertTo qty="1.0000" uom="gal"/>
	</Conversion>
	<Conversion id="" multiplier="8.00000000">
		<ConvertFrom qty="8.0000" uom="fl oz"/>
		<ConvertTo qty="1.0000" uom="cup"/>
	</Conversion>
	<Conversion id="" multiplier="16.00000000">
		<ConvertFrom qty="16.0000" uom="oz"/>
		<ConvertTo qty="1.0000" uom="lb"/>
	</Conversion>
	<Conversion id="" multiplier="28.34950000">
		<ConvertFrom qty="28.3495" uom="g"/>
		<ConvertTo qty="1.0000" uom="oz"/>
	</Conversion>
	<Conversion id="" multiplier="29.57350000">
		<ConvertFrom qty="29.5735" uom="ml"/>
		<ConvertTo qty="1.0000" uom="fl oz"/>
	</Conversion>
	<Conversion id="" multiplier="35.21126761">
		<ConvertFrom qty="100.0000" uom="fl oz"/>
		<ConvertTo qty="2.8400" uom="L"/>
	</Conversion>
	<Conversion id="" multiplier="1000.00000000">
		<ConvertFrom qty="1000.0000" uom="g"/>
		<ConvertTo qty="1.0000" uom="Kg"/>
	</Conversion>
	<Conversion id="" multiplier="1000.00000000">
		<ConvertFrom qty="1000.0000" uom="mg"/>
		<ConvertTo qty="1.0000" uom="g"/>
	</Conversion>
	<Conversion id="" multiplier="1000.00000000">
		<ConvertFrom qty="1000.0000" uom="ml"/>
		<ConvertTo qty="1.0000" uom="L"/>
	</Conversion>
	<Conversion id="I-1813" multiplier="0.03278689">
		<ConvertFrom qty="1.0000" uom="fl oz"/>
		<ConvertTo qty="30.5000" uom="g"/>
	</Conversion>
	<Conversion id="I-1813" multiplier="0.00409836">
		<ConvertFrom qty="1.0000" uom="cup"/>
		<ConvertTo qty="244.0000" uom="g"/>
	</Conversion>
	<Conversion id="I-2217" multiplier="0.06666667">
		<ConvertFrom qty="1.0000" uom="Tbsp"/>
		<ConvertTo qty="15.0000" uom="g"/>
	</Conversion>
	<Conversion id="I-2254" multiplier="0.06666667">
		<ConvertFrom qty="1.0000" uom="Tbsp"/>
		<ConvertTo qty="15.0000" uom="g"/>
	</Conversion>
	<Conversion id="I-2254" multiplier="0.00413223">
		<ConvertFrom qty="1.0000" uom="cup"/>
		<ConvertTo qty="242.0000" uom="g"/>
	</Conversion>
	<Conversion id="I-3141" multiplier="1.40845070">
		<ConvertFrom qty="1.4085" uom="ml"/>
		<ConvertTo qty="1.0000" uom="g"/>
	</Conversion>
	<Conversion id="I-3149" multiplier="0.00416667">
		<ConvertFrom qty="1.0000" uom="cup"/>
		<ConvertTo qty="240.0000" uom="g"/>
	</Conversion>
	<Conversion id="I-3387" multiplier="1.00000000">
		<ConvertFrom qty="1.0000" uom="L"/>
		<ConvertTo qty="1.0000" uom="Kg"/>
	</Conversion>
	<Conversion id="I-3387" multiplier="0.22222222">
		<ConvertFrom qty="1.0000" uom="tsp"/>
		<ConvertTo qty="4.5000" uom="g"/>
	</Conversion>
	<Conversion id="I-3387" multiplier="0.07142857">
		<ConvertFrom qty="1.0000" uom="Tbsp"/>
		<ConvertTo qty="14.0000" uom="g"/>
	</Conversion>
	<Conversion id="I-3387" multiplier="0.00458716">
		<ConvertFrom qty="1.0000" uom="cup"/>
		<ConvertTo qty="218.0000" uom="g"/>
	</Conversion>
	<Conversion id="I-3388" multiplier="0.22222222">
		<ConvertFrom qty="1.0000" uom="tsp"/>
		<ConvertTo qty="4.5000" uom="g"/>
	</Conversion>
	<Conversion id="I-3388" multiplier="0.07142857">
		<ConvertFrom qty="1.0000" uom="Tbsp"/>
		<ConvertTo qty="14.0000" uom="g"/>
	</Conversion>
	<Conversion id="I-3388" multiplier="0.00458716">
		<ConvertFrom qty="1.0000" uom="cup"/>
		<ConvertTo qty="218.0000" uom="g"/>
	</Conversion>
	<Conversion id="I-3389" multiplier="0.22222222">
		<ConvertFrom qty="1.0000" uom="tsp"/>
		<ConvertTo qty="4.5000" uom="g"/>
	</Conversion>
	<Conversion id="I-3389" multiplier="0.07407407">
		<ConvertFrom qty="1.0000" uom="Tbsp"/>
		<ConvertTo qty="13.5000" uom="g"/>
	</Conversion>
	<Conversion id="I-3389" multiplier="0.00462963">
		<ConvertFrom qty="1.0000" uom="cup"/>
		<ConvertTo qty="216.0000" uom="g"/>
	</Conversion>
	<Conversion id="I-3619" multiplier="4.65616546">
		<ConvertFrom qty="1.0000" uom="leaf"/>
		<ConvertTo qty="0.2148" uom="g"/>
	</Conversion>
	<Conversion id="I-3623" multiplier="0.55555556">
		<ConvertFrom qty="1.0000" uom="tsp"/>
		<ConvertTo qty="1.8000" uom="g"/>
	</Conversion>
	<Conversion id="I-3623" multiplier="0.18867925">
		<ConvertFrom qty="1.0000" uom="Tbsp"/>
		<ConvertTo qty="5.3000" uom="g"/>
	</Conversion>
	<Conversion id="I-3628" multiplier="0.47619048">
		<ConvertFrom qty="1.0000" uom="tsp"/>
		<ConvertTo qty="2.1000" uom="g"/>
	</Conversion>
	<Conversion id="I-3628" multiplier="0.15384615">
		<ConvertFrom qty="1.0000" uom="Tbsp"/>
		<ConvertTo qty="6.5000" uom="g"/>
	</Conversion>
	<Conversion id="I-3630" multiplier="0.16666667">
		<ConvertFrom qty="1.0000" uom="Tbsp"/>
		<ConvertTo qty="6.0000" uom="g"/>
	</Conversion>
	<Conversion id="I-3638" multiplier="0.45454545">
		<ConvertFrom qty="1.0000" uom="tsp"/>
		<ConvertTo qty="2.2000" uom="g"/>
	</Conversion>
	<Conversion id="I-3638" multiplier="0.14285714">
		<ConvertFrom qty="1.0000" uom="Tbsp"/>
		<ConvertTo qty="7.0000" uom="g"/>
	</Conversion>
	<Conversion id="I-3643" multiplier="0.14492754">
		<ConvertFrom qty="1.0000" uom="Tbsp"/>
		<ConvertTo qty="6.9000" uom="g"/>
	</Conversion>
	<Conversion id="I-3649" multiplier="0.34482759">
		<ConvertFrom qty="1.0000" uom="tsp"/>
		<ConvertTo qty="2.9000" uom="g"/>
	</Conversion>
	<Conversion id="I-4341" multiplier="0.06250000">
		<ConvertFrom qty="0.2500" uom="cup"/>
		<ConvertTo qty="4.0000" uom="g"/>
	</Conversion>
	<Conversion id="I-4341" multiplier="0.35714286">
		<ConvertFrom qty="1.0000" uom="CT"/>
		<ConvertTo qty="2.8000" uom="oz"/>
	</Conversion>
	<Conversion id="I-4375" multiplier="0.06666667">
		<ConvertFrom qty="1.0000" uom="CT"/>
		<ConvertTo qty="15.0000" uom="g"/>
	</Conversion>
	<Conversion id="I-4472" multiplier="0.00735294">
		<ConvertFrom qty="1.0000" uom="CT"/>
		<ConvertTo qty="136.0000" uom="g"/>
	</Conversion>
	<Conversion id="I-4473" multiplier="0.00735294">
		<ConvertFrom qty="1.0000" uom="HEAD"/>
		<ConvertTo qty="136.0000" uom="g"/>
	</Conversion>
	<Conversion id="I-4574" multiplier="0.00909091">
		<ConvertFrom qty="1.0000" uom="cup"/>
		<ConvertTo qty="110.0000" uom="g"/>
	</Conversion>
	<Conversion id="I-4598" multiplier="0.00125000">
		<ConvertFrom qty="1.0000" uom="CT"/>
		<ConvertTo qty="800.0000" uom="g"/>
	</Conversion>
	<Conversion id="I-4599" multiplier="0.13333333">
		<ConvertFrom qty="1.0000" uom="Tbsp"/>
		<ConvertTo qty="7.5000" uom="g"/>
	</Conversion>
	<Conversion id="I-4599" multiplier="0.00220264">
		<ConvertFrom qty="1.0000" uom="HEAD"/>
		<ConvertTo qty="454.0000" uom="g"/>
	</Conversion>
	<Conversion id="I-4679" multiplier="0.06666667">
		<ConvertFrom qty="1.0000" uom="BUNCH"/>
		<ConvertTo qty="15.0000" uom="g"/>
	</Conversion>
	<Conversion id="I-4712" multiplier="0.01492537">
		<ConvertFrom qty="1.0000" uom="CT"/>
		<ConvertTo qty="67.0000" uom="g"/>
	</Conversion>
	<Conversion id="I-4745" multiplier="0.00666667">
		<ConvertFrom qty="1.0000" uom="ea"/>
		<ConvertTo qty="150.0000" uom="g"/>
	</Conversion>
	<Conversion id="I-4826" multiplier="0.00250000">
		<ConvertFrom qty="1.0000" uom="BUNCH"/>
		<ConvertTo qty="400.0000" uom="g"/>
	</Conversion>
	<Conversion id="I-5977" multiplier="0.38461538">
		<ConvertFrom qty="1.0000" uom="tsp"/>
		<ConvertTo qty="2.6000" uom="g"/>
	</Conversion>
	<Conversion id="I-5977" multiplier="0.14285714">
		<ConvertFrom qty="1.0000" uom="piece"/>
		<ConvertTo qty="7.0000" uom="g"/>
	</Conversion>
	<Conversion id="I-5977" multiplier="0.12820513">
		<ConvertFrom qty="1.0000" uom="Tbsp"/>
		<ConvertTo qty="7.8000" uom="g"/>
	</Conversion>
	<Conversion id="I-5983" multiplier="0.03378378">
		<ConvertFrom qty="1.0000" uom="fl oz"/>
		<ConvertTo qty="29.6000" uom="g"/>
	</Conversion>
	<Conversion id="I-5983" multiplier="0.00100000">
		<ConvertFrom qty="1.0000" uom="L"/>
		<ConvertTo qty="1000.0000" uom="g"/>
	</Conversion>
	<Conversion id="I-6443" multiplier="0.03246753">
		<ConvertFrom qty="1.0000" uom="fl oz"/>
		<ConvertTo qty="30.8000" uom="g"/>
	</Conversion>
	<Conversion id="I-6443" multiplier="0.00406504">
		<ConvertFrom qty="1.0000" uom="cup"/>
		<ConvertTo qty="246.0000" uom="g"/>
	</Conversion>
	<Conversion id="I-7710" multiplier="0.00027533">
		<ConvertFrom qty="1.0000" uom="CT"/>
		<ConvertTo qty="3632.0000" uom="g"/>
	</Conversion>
	<Conversion id="I-8058" multiplier="0.00408163">
		<ConvertFrom qty="1.0000" uom="cup"/>
		<ConvertTo qty="245.0000" uom="g"/>
	</Conversion>
	<Conversion id="I-8060" multiplier="0.07042254">
		<ConvertFrom qty="1.0000" uom="Tbsp"/>
		<ConvertTo qty="14.2000" uom="g"/>
	</Conversion>
	<Conversion id="I-8060" multiplier="0.00440529">
		<ConvertFrom qty="1.0000" uom="cup"/>
		<ConvertTo qty="227.0000" uom="g"/>
	</Conversion>
	<Conversion id="I-14181" multiplier="0.07142857">
		<ConvertFrom qty="1.0000" uom="slice"/>
		<ConvertTo qty="14.0000" uom="g"/>
	</Conversion>
	<Conversion id="I-22026" multiplier="0.21276596">
		<ConvertFrom qty="1.0000" uom="tsp"/>
		<ConvertTo qty="4.7000" uom="g"/>
	</Conversion>
	<Conversion id="I-22026" multiplier="0.00106383">
		<ConvertFrom qty="1.0000" uom="L"/>
		<ConvertTo qty="940.0000" uom="g"/>
	</Conversion>
	<Conversion id="I-45114" multiplier="0.03333333">
		<ConvertFrom qty="0.5000" uom="fl oz"/>
		<ConvertTo qty="15.0000" uom="g"/>
	</Conversion>
</Conversions>
