﻿<?xml version="1.0" encoding="UTF-8" standalone="yes"?>
<Ingredients>
	<Ingredient qty="1.000" uom="CT" recipe="P-12954" invFactor="0.0013" conversion="1.00000000" ingredient="I-4598"/>
	<Ingredient qty="5.000" uom="g" recipe="P-14161" invFactor="0.5000" conversion="1.00000000" ingredient="I-3619"/>
	<Ingredient qty="10.000" uom="g" recipe="P-14161" invFactor="1.0000" conversion="1.00000000" ingredient="I-3649"/>
	<Ingredient qty="5.000" uom="Kg" recipe="P-14161" invFactor="0.5000" conversion="1.00000000" ingredient="I-3992"/>
	<Ingredient qty="907.184" uom="g" recipe="P-14161" invFactor="90.7184" conversion="0.00220462" ingredient="I-4589"/>
	<Ingredient qty="1.000" uom="HEAD" recipe="P-14161" invFactor="0.1000" conversion="1.00000000" ingredient="I-4599"/>
	<Ingredient qty="907.184" uom="g" recipe="P-14161" invFactor="90.7184" conversion="0.00220462" ingredient="I-4742"/>
	<Ingredient qty="56.699" uom="g" recipe="P-14161" invFactor="5.6699" conversion="0.00220462" ingredient="I-4919"/>
	<Ingredient qty="12.000" uom="L" recipe="P-14161" invFactor="1.2000" conversion="1.00000000" ingredient="I-5983"/>
	<Ingredient qty="225.000" uom="g" recipe="P-18907" invFactor="0.1837" conversion="0.00100000" ingredient="I-3643"/>
	<Ingredient qty="1000.000" uom="g" recipe="P-18907" invFactor="0.8163" conversion="1.00000000" ingredient="I-6026"/>
	<Ingredient qty="1.000" uom="lb" recipe="P-24452" invFactor="1.1111" conversion="1.00000000" ingredient="I-4381"/>
	<Ingredient qty="500.000" uom="g" recipe="P-24750" invFactor="1000.0000" conversion="1.00000000" ingredient="P-26514"/>
	<Ingredient qty="750.000" uom="ml" recipe="P-26020" invFactor="300.0000" conversion="0.00100000" ingredient="I-3388"/>
	<Ingredient qty="2.270" uom="Kg" recipe="P-26020" invFactor="0.9080" conversion="2.20462000" ingredient="I-4657"/>
	<Ingredient qty="1.100" uom="Kg" recipe="P-26021" invFactor="0.3333" conversion="35.27399000" ingredient="I-11185"/>
	<Ingredient qty="2.200" uom="L" recipe="P-26021" invFactor="0.6667" conversion="1.00000000" ingredient="I-5983"/>
	<Ingredient qty="125.000" uom="ml" recipe="P-26077" invFactor="55.1146" conversion="0.03381406" ingredient="I-1813"/>
	<Ingredient qty="4.000" uom="lb" recipe="P-26077" invFactor="1.7637" conversion="453.59200000" ingredient="I-8060"/>
	<Ingredient qty="45.000" uom="g" recipe="P-26077" invFactor="19.8413" conversion="1.00000000" ingredient="P-18907"/>
	<Ingredient qty="335.000" uom="g" recipe="P-26077" invFactor="147.7072" conversion="0.00100000" ingredient="P-26020"/>
	<Ingredient qty="60.000" uom="g" recipe="P-26077" invFactor="26.4550" conversion="0.00100000" ingredient="P-44896"/>
	<Ingredient qty="50.000" uom="g" recipe="P-26100" invFactor="0.8772" conversion="0.00220462" ingredient="I-11215"/>
	<Ingredient qty="250.000" uom="g" recipe="P-26100" invFactor="4.3860" conversion="0.00220462" ingredient="I-11218"/>
	<Ingredient qty="20.000" uom="lb" recipe="P-26100" invFactor="0.3509" conversion="1.00000000" ingredient="I-17150"/>
	<Ingredient qty="150.000" uom="g" recipe="P-26100" invFactor="2.6316" conversion="0.03527399" ingredient="I-3312"/>
	<Ingredient qty="50.000" uom="Kg" recipe="P-26100" invFactor="0.8772" conversion="1.00000000" ingredient="I-34065"/>
	<Ingredient qty="6.000" uom="piece" recipe="P-26100" invFactor="0.1053" conversion="1.00000000" ingredient="I-5977"/>
	<Ingredient qty="65.000" uom="L" recipe="P-26100" invFactor="1.1404" conversion="1.00000000" ingredient="I-5983"/>
	<Ingredient qty="1.000" uom="lb" recipe="P-26100" invFactor="0.0175" conversion="1.00000000" ingredient="I-9685"/>
	<Ingredient qty="4.000" uom="L" recipe="P-26381" invFactor="1.0000" conversion="1.00000000" ingredient="I-3388"/>
	<Ingredient qty="115.000" uom="g" recipe="P-26381" invFactor="28.7500" conversion="1.00000000" ingredient="I-3623"/>
	<Ingredient qty="907.000" uom="g" recipe="P-26381" invFactor="226.7500" conversion="0.00220462" ingredient="I-4657"/>
	<Ingredient qty="50.000" uom="ea" recipe="P-26393" invFactor="55.1268" conversion="1.00000000" ingredient="I-15358"/>
	<Ingredient qty="98.000" uom="g" recipe="P-26393" invFactor="108.0485" conversion="1.00000000" ingredient="I-51440"/>
	<Ingredient qty="25.000" uom="g" recipe="P-26393" invFactor="27.5634" conversion="1.00000000" ingredient="I-6026"/>
	<Ingredient qty="1.000" uom="CT" recipe="P-26514" invFactor="0.0182" conversion="1.00000000" ingredient="I-4341"/>
	<Ingredient qty="50.000" uom="g" recipe="P-31111" invFactor="2.5000" conversion="0.00100000" ingredient="I-17932"/>
	<Ingredient qty="1.300" uom="Kg" recipe="P-31111" invFactor="0.0650" conversion="1.00000000" ingredient="I-3431"/>
	<Ingredient qty="20.000" uom="L" recipe="P-31111" invFactor="1.0000" conversion="1.00000000" ingredient="I-5983"/>
	<Ingredient qty="1.000" uom="Kg" recipe="P-31111" invFactor="0.0500" conversion="1.00000000" ingredient="I-7388"/>
	<Ingredient qty="946.000" uom="ml" recipe="P-32661" invFactor="30.4180" conversion="1.00000000" ingredient="I-3141"/>
	<Ingredient qty="31.000" uom="L" recipe="P-32661" invFactor="0.9968" conversion="1.00000000" ingredient="I-5983"/>
	<Ingredient qty="57.000" uom="g" recipe="P-34084" invFactor="2.8500" conversion="0.00100000" ingredient="I-27410"/>
	<Ingredient qty="75.000" uom="ml" recipe="P-35268" invFactor="15.0000" conversion="0.00100000" ingredient="I-3388"/>
	<Ingredient qty="1.000" uom="g" recipe="P-35268" invFactor="0.2000" conversion="1.00000000" ingredient="I-3619"/>
	<Ingredient qty="100.000" uom="g" recipe="P-35268" invFactor="20.0000" conversion="1.00000000" ingredient="I-37477"/>
	<Ingredient qty="35.000" uom="g" recipe="P-35268" invFactor="7.0000" conversion="0.00220462" ingredient="I-4657"/>
	<Ingredient qty="95.000" uom="g" recipe="P-35268" invFactor="19.0000" conversion="0.00220462" ingredient="I-4787"/>
	<Ingredient qty="350.000" uom="g" recipe="P-35268" invFactor="70.0000" conversion="0.00220462" ingredient="I-4933"/>
	<Ingredient qty="2.750" uom="L" recipe="P-35268" invFactor="0.5500" conversion="1.00000000" ingredient="I-5983"/>
	<Ingredient qty="20.000" uom="g" recipe="P-35268" invFactor="4.0000" conversion="1.00000000" ingredient="P-18907"/>
	<Ingredient qty="100.000" uom="g" recipe="P-35268" invFactor="20.0000" conversion="0.00100000" ingredient="P-39167"/>
	<Ingredient qty="5.000" uom="g" recipe="P-35318" invFactor="0.5000" conversion="1.00000000" ingredient="I-11181"/>
	<Ingredient qty="50.000" uom="g" recipe="P-35318" invFactor="5.0000" conversion="0.00100000" ingredient="I-17932"/>
	<Ingredient qty="650.000" uom="g" recipe="P-35318" invFactor="65.0000" conversion="0.00100000" ingredient="I-3431"/>
	<Ingredient qty="75.000" uom="g" recipe="P-35318" invFactor="7.5000" conversion="0.00220462" ingredient="I-4657"/>
	<Ingredient qty="75.000" uom="g" recipe="P-35318" invFactor="7.5000" conversion="0.00220462" ingredient="I-4660"/>
	<Ingredient qty="250.000" uom="ml" recipe="P-35318" invFactor="25.0000" conversion="0.00100000" ingredient="I-47774"/>
	<Ingredient qty="10.000" uom="L" recipe="P-35318" invFactor="1.0000" conversion="1.00000000" ingredient="I-5983"/>
	<Ingredient qty="500.000" uom="g" recipe="P-35318" invFactor="50.0000" conversion="0.00100000" ingredient="I-7388"/>
	<Ingredient qty="200.000" uom="ml" recipe="P-35648" invFactor="25.0000" conversion="0.00100000" ingredient="I-3389"/>
	<Ingredient qty="5.000" uom="L" recipe="P-35648" invFactor="0.6250" conversion="1.00000000" ingredient="I-3677"/>
	<Ingredient qty="50.000" uom="g" recipe="P-35648" invFactor="6.2500" conversion="0.00220462" ingredient="I-4508"/>
	<Ingredient qty="500.000" uom="g" recipe="P-35648" invFactor="62.5000" conversion="0.00220462" ingredient="I-4589"/>
	<Ingredient qty="300.000" uom="g" recipe="P-35648" invFactor="37.5000" conversion="0.00220462" ingredient="I-4703"/>
	<Ingredient qty="500.000" uom="g" recipe="P-35648" invFactor="62.5000" conversion="0.00220462" ingredient="I-4745"/>
	<Ingredient qty="70.000" uom="g" recipe="P-35648" invFactor="8.7500" conversion="0.00220462" ingredient="I-4787"/>
	<Ingredient qty="150.000" uom="g" recipe="P-35648" invFactor="18.7500" conversion="0.00220462" ingredient="I-4919"/>
	<Ingredient qty="50.000" uom="g" recipe="P-35648" invFactor="6.2500" conversion="1.00000000" ingredient="P-18907"/>
	<Ingredient qty="1.000" uom="L" recipe="P-35648" invFactor="0.1250" conversion="1.00000000" ingredient="P-53277"/>
	<Ingredient qty="250.000" uom="g" recipe="P-35648" invFactor="31.2500" conversion="0.00100000" ingredient="P-9722"/>
	<Ingredient qty="150.000" uom="g" recipe="P-35818" invFactor="3.7500" conversion="1.00000000" ingredient="I-11181"/>
	<Ingredient qty="20.000" uom="Kg" recipe="P-35818" invFactor="0.5000" conversion="1.00000000" ingredient="I-3992"/>
	<Ingredient qty="1.000" uom="Kg" recipe="P-35818" invFactor="0.0250" conversion="2.20462000" ingredient="I-4657"/>
	<Ingredient qty="1.000" uom="Kg" recipe="P-35818" invFactor="0.0250" conversion="2.20462000" ingredient="I-4660"/>
	<Ingredient qty="5.000" uom="Kg" recipe="P-35818" invFactor="0.1250" conversion="2.20462000" ingredient="I-4745"/>
	<Ingredient qty="40.000" uom="L" recipe="P-35818" invFactor="1.0000" conversion="1.00000000" ingredient="I-5983"/>
	<Ingredient qty="1.000" uom="CT" recipe="P-39057" invFactor="0.0067" conversion="1.00000000" ingredient="I-4375"/>
	<Ingredient qty="11.550" uom="Kg" recipe="P-39167" invFactor="1.0490" conversion="2.20462000" ingredient="P-24452"/>
	<Ingredient qty="11.400" uom="Kg" recipe="P-41094" invFactor="1.0206" conversion="2.20462000" ingredient="I-4589"/>
	<Ingredient qty="23.000" uom="Kg" recipe="P-41095" invFactor="1.6902" conversion="1.25000000" ingredient="I-4598"/>
	<Ingredient qty="250.000" uom="ml" recipe="P-43680" invFactor="1.2500" conversion="0.00100000" ingredient="I-3388"/>
	<Ingredient qty="500.000" uom="g" recipe="P-43680" invFactor="2.5000" conversion="0.00100000" ingredient="P-26020"/>
	<Ingredient qty="4.000" uom="L" recipe="P-43707" invFactor="1.1429" conversion="1.00000000" ingredient="I-2217"/>
	<Ingredient qty="240.000" uom="ml" recipe="P-43707" invFactor="68.5714" conversion="0.00100000" ingredient="I-8058"/>
	<Ingredient qty="2.270" uom="Kg" recipe="P-43718" invFactor="0.6053" conversion="1000.00000000" ingredient="I-3099"/>
	<Ingredient qty="5.000" uom="L" recipe="P-43718" invFactor="1.3333" conversion="1.00000000" ingredient="I-5983"/>
	<Ingredient qty="50.000" uom="ml" recipe="P-44505" invFactor="1.0000" conversion="0.01431308" ingredient="I-3630"/>
	<Ingredient qty="20.000" uom="L" recipe="P-44505" invFactor="0.4000" conversion="1.00000000" ingredient="I-3677"/>
	<Ingredient qty="2.500" uom="Kg" recipe="P-44505" invFactor="0.0500" conversion="2.20462000" ingredient="I-4742"/>
	<Ingredient qty="5.000" uom="Kg" recipe="P-44505" invFactor="0.1000" conversion="1.00000000" ingredient="I-4978"/>
	<Ingredient qty="30.000" uom="L" recipe="P-44505" invFactor="0.6000" conversion="1.00000000" ingredient="P-14161"/>
	<Ingredient qty="8.000" uom="Kg" recipe="P-44505" invFactor="0.1600" conversion="1.00000000" ingredient="P-48606"/>
	<Ingredient qty="75.000" uom="ml" recipe="P-44505" invFactor="1.5000" conversion="0.00100000" ingredient="P-7444"/>
	<Ingredient qty="3.500" uom="Kg" recipe="P-44505" invFactor="0.0700" conversion="1.00000000" ingredient="P-7635"/>
	<Ingredient qty="5.000" uom="ml" recipe="P-44506" invFactor="1.2500" conversion="0.03381406" ingredient="I-1813"/>
	<Ingredient qty="1.000" uom="CT" recipe="P-44506" invFactor="0.2500" conversion="1.00000000" ingredient="I-4472"/>
	<Ingredient qty="90.000" uom="g" recipe="P-44510" invFactor="1.8000" conversion="0.01259785" ingredient="I-4341"/>
	<Ingredient qty="1.000" uom="CT" recipe="P-44585" invFactor="0.1250" conversion="1.00000000" ingredient="I-4712"/>
	<Ingredient qty="1.000" uom="Kg" recipe="P-44896" invFactor="2.0000" conversion="2.20462000" ingredient="I-4695"/>
	<Ingredient qty="450.000" uom="g" recipe="P-45009" invFactor="27.2727" conversion="0.00220462" ingredient="I-35336"/>
	<Ingredient qty="1.200" uom="L" recipe="P-45009" invFactor="0.0727" conversion="35.21126761" ingredient="I-45114"/>
	<Ingredient qty="15.000" uom="L" recipe="P-45009" invFactor="0.9091" conversion="1.00000000" ingredient="P-26100"/>
	<Ingredient qty="225.000" uom="g" recipe="P-45009" invFactor="13.6364" conversion="0.00100000" ingredient="P-45010"/>
	<Ingredient qty="1.000" uom="L" recipe="P-45010" invFactor="0.5000" conversion="1.00000000" ingredient="P-26100"/>
	<Ingredient qty="2.000" uom="g" recipe="P-46570" invFactor="0.1333" conversion="1.00000000" ingredient="I-11181"/>
	<Ingredient qty="600.000" uom="g" recipe="P-46570" invFactor="40.0000" conversion="0.00220462" ingredient="I-13228"/>
	<Ingredient qty="1.000" uom="L" recipe="P-46570" invFactor="0.0667" conversion="1.00000000" ingredient="I-2217"/>
	<Ingredient qty="20.000" uom="g" recipe="P-46570" invFactor="1.3333" conversion="0.03527399" ingredient="I-3627"/>
	<Ingredient qty="1.000" uom="g" recipe="P-46570" invFactor="0.0667" conversion="1.00000000" ingredient="I-3628"/>
	<Ingredient qty="5.000" uom="g" recipe="P-46570" invFactor="0.3333" conversion="1.00000000" ingredient="I-3638"/>
	<Ingredient qty="10.000" uom="g" recipe="P-46570" invFactor="0.6667" conversion="0.00220462" ingredient="I-4919"/>
	<Ingredient qty="75.000" uom="ml" recipe="P-46570" invFactor="5.0000" conversion="0.03381406" ingredient="I-6443"/>
	<Ingredient qty="2.000" uom="CT" recipe="P-46570" invFactor="0.1333" conversion="1.00000000" ingredient="I-7710"/>
	<Ingredient qty="20.000" uom="g" recipe="P-46570" invFactor="1.3333" conversion="1.00000000" ingredient="P-18907"/>
	<Ingredient qty="80.000" uom="g" recipe="P-46570" invFactor="5.3333" conversion="0.00100000" ingredient="P-26020"/>
	<Ingredient qty="15.000" uom="L" recipe="P-46570" invFactor="1.0000" conversion="1.00000000" ingredient="P-32661"/>
	<Ingredient qty="500.000" uom="g" recipe="P-46570" invFactor="33.3333" conversion="0.00100000" ingredient="P-39167"/>
	<Ingredient qty="15.000" uom="ml" recipe="P-46572" invFactor="10.0000" conversion="0.03381406" ingredient="I-1813"/>
	<Ingredient qty="40.000" uom="g" recipe="P-46572" invFactor="26.6667" conversion="0.00220462" ingredient="I-4848"/>
	<Ingredient qty="1.300" uom="Kg" recipe="P-46572" invFactor="0.8667" conversion="1000.00000000" ingredient="I-8060"/>
	<Ingredient qty="2.000" uom="Kg" recipe="P-48606" invFactor="1.4286" conversion="1.00000000" ingredient="I-19665"/>
	<Ingredient qty="10.000" uom="g" recipe="P-50480" invFactor="0.5000" conversion="0.00100000" ingredient="I-11172"/>
	<Ingredient qty="5.000" uom="g" recipe="P-50480" invFactor="0.2500" conversion="1.00000000" ingredient="I-3619"/>
	<Ingredient qty="10.000" uom="Kg" recipe="P-50480" invFactor="0.5000" conversion="1.00000000" ingredient="I-3992"/>
	<Ingredient qty="900.000" uom="g" recipe="P-50480" invFactor="45.0000" conversion="0.00220462" ingredient="I-4589"/>
	<Ingredient qty="1.800" uom="Kg" recipe="P-50480" invFactor="0.0900" conversion="2.20462000" ingredient="I-4745"/>
	<Ingredient qty="30.000" uom="g" recipe="P-50480" invFactor="1.5000" conversion="0.00220462" ingredient="I-4919"/>
	<Ingredient qty="25.000" uom="L" recipe="P-50480" invFactor="1.2500" conversion="1.00000000" ingredient="I-5983"/>
	<Ingredient qty="900.000" uom="g" recipe="P-50480" invFactor="45.0000" conversion="1.00000000" ingredient="P-12954"/>
	<Ingredient qty="200.000" uom="g" recipe="P-50500" invFactor="1.0526" conversion="0.00220462" ingredient="I-4508"/>
	<Ingredient qty="10.000" uom="Kg" recipe="P-50587" invFactor="1.1111" conversion="2.20462000" ingredient="I-4933"/>
	<Ingredient qty="5.000" uom="Kg" recipe="P-50651" invFactor="1.0000" conversion="2.20462000" ingredient="I-4491"/>
	<Ingredient qty="1.000" uom="lb" recipe="P-50781" invFactor="0.0050" conversion="1.00000000" ingredient="I-4918"/>
	<Ingredient qty="1.000" uom="CT" recipe="P-50809" invFactor="0.0556" conversion="1.00000000" ingredient="I-13004"/>
	<Ingredient qty="60.000" uom="lb" recipe="P-51523" invFactor="2.7523" conversion="1.00000000" ingredient="I-4495"/>
	<Ingredient qty="30.000" uom="g" recipe="P-51578" invFactor="15.0000" conversion="0.00100000" ingredient="I-12176"/>
	<Ingredient qty="1000.000" uom="g" recipe="P-51578" invFactor="500.0000" conversion="1.00000000" ingredient="I-35793"/>
	<Ingredient qty="3.000" uom="L" recipe="P-51578" invFactor="1.5000" conversion="1.00000000" ingredient="I-5983"/>
	<Ingredient qty="11.450" uom="Kg" recipe="P-51582" invFactor="1.0905" conversion="2.20462000" ingredient="I-4589"/>
	<Ingredient qty="300.000" uom="ml" recipe="P-53277" invFactor="29.1262" conversion="1.00000000" ingredient="I-3141"/>
	<Ingredient qty="10.000" uom="L" recipe="P-53277" invFactor="0.9709" conversion="1.00000000" ingredient="I-5983"/>
	<Ingredient qty="2.000" uom="Kg" recipe="P-53277" invFactor="0.1942" conversion="1.00000000" ingredient="P-57227"/>
	<Ingredient qty="70.000" uom="ml" recipe="P-56398" invFactor="25.4545" conversion="0.00100000" ingredient="I-22026"/>
	<Ingredient qty="7.000" uom="HEAD" recipe="P-56398" invFactor="2.5455" conversion="1.00000000" ingredient="I-4473"/>
	<Ingredient qty="2.000" uom="Kg" recipe="P-56398" invFactor="0.7273" conversion="1000.00000000" ingredient="I-4973"/>
	<Ingredient qty="45.000" uom="ml" recipe="P-56398" invFactor="16.3636" conversion="0.03381406" ingredient="I-6443"/>
	<Ingredient qty="40.000" uom="g" recipe="P-56398" invFactor="14.5455" conversion="0.00100000" ingredient="P-24750"/>
	<Ingredient qty="200.000" uom="g" recipe="P-56398" invFactor="72.7273" conversion="0.00100000" ingredient="P-50587"/>
	<Ingredient qty="25.000" uom="g" recipe="P-56398" invFactor="9.0909" conversion="0.00100000" ingredient="P-56811"/>
	<Ingredient qty="4.540" uom="Kg" recipe="P-56811" invFactor="1.1350" conversion="2.20462000" ingredient="I-4787"/>
	<Ingredient qty="2.000" uom="Kg" recipe="P-57227" invFactor="0.5000" conversion="1.00000000" ingredient="P-39167"/>
	<Ingredient qty="1.000" uom="Kg" recipe="P-57227" invFactor="0.2500" conversion="1.00000000" ingredient="P-41094"/>
	<Ingredient qty="1.000" uom="Kg" recipe="P-57227" invFactor="0.2500" conversion="1.00000000" ingredient="P-41095"/>
	<Ingredient qty="1.000" uom="Kg" recipe="P-62008" invFactor="0.0011" conversion="35.27399000" ingredient="I-8340"/>
	<Ingredient qty="1.000" uom="L" recipe="P-7444" invFactor="0.2500" conversion="1.00000000" ingredient="I-3387"/>
	<Ingredient qty="5.000" uom="lb" recipe="P-7444" invFactor="1.2500" conversion="1.00000000" ingredient="I-4657"/>
	<Ingredient qty="2.840" uom="L" recipe="P-7635" invFactor="1.6322" conversion="1.00000000" ingredient="I-3149"/>
	<Ingredient qty="36.000" uom="CT" recipe="P-9722" invFactor="0.7273" conversion="1.00000000" ingredient="I-4598"/>
	<Ingredient qty="48.000" uom="BUNCH" recipe="P-9854" invFactor="2.5196" conversion="1.00000000" ingredient="I-4826"/>
	<Ingredient qty="30.000" uom="g" recipe="R-28260" invFactor="1.0000" conversion="0.00100000" ingredient="I-17671"/>
	<Ingredient qty="15.000" uom="g" recipe="R-28260" invFactor="1.0000" conversion="0.00220462" ingredient="I-4509"/>
	<Ingredient qty="120.000" uom="g" recipe="R-28260" invFactor="1.0000" conversion="0.00100000" ingredient="P-43718"/>
	<Ingredient qty="1.000" uom="piece" recipe="R-28260" invFactor="1.0000" conversion="1.00000000" ingredient="P-44585"/>
	<Ingredient qty="140.000" uom="ml" recipe="R-28260" invFactor="1.0000" conversion="0.00100000" ingredient="P-45009"/>
	<Ingredient qty="3.000" uom="g" recipe="R-28260" invFactor="1.0000" conversion="1.00000000" ingredient="P-50781"/>
	<Ingredient qty="10.000" uom="g" recipe="R-28260" invFactor="1.0000" conversion="0.00100000" ingredient="P-51582"/>
	<Ingredient qty="10.000" uom="g" recipe="R-28260" invFactor="1.0000" conversion="1.00000000" ingredient="P-62008"/>
	<Ingredient qty="8.000" uom="fl oz" recipe="R-31955" invFactor="1.0000" conversion="0.02840000" ingredient="I-29356"/>
	<Ingredient qty="8.000" uom="fl oz" recipe="R-31955" invFactor="1.0000" conversion="0.02840000" ingredient="I-29357"/>
	<Ingredient qty="15.000" uom="g" recipe="R-35269" invFactor="1.0000" conversion="0.00093884" ingredient="I-2254"/>
	<Ingredient qty="0.250" uom="CT" recipe="R-35269" invFactor="1.0000" conversion="1.00000000" ingredient="I-4472"/>
	<Ingredient qty="15.000" uom="g" recipe="R-35269" invFactor="1.0000" conversion="0.01492537" ingredient="I-4712"/>
	<Ingredient qty="100.000" uom="g" recipe="R-35269" invFactor="1.0000" conversion="0.00100000" ingredient="P-26021"/>
	<Ingredient qty="40.000" uom="g" recipe="R-35269" invFactor="1.0000" conversion="0.00100000" ingredient="P-26393"/>
	<Ingredient qty="500.000" uom="ml" recipe="R-35269" invFactor="1.0000" conversion="0.00100000" ingredient="P-35268"/>
	<Ingredient qty="90.000" uom="g" recipe="R-35319" invFactor="1.0000" conversion="0.00220462" ingredient="I-19295"/>
	<Ingredient qty="10.000" uom="g" recipe="R-35319" invFactor="1.0000" conversion="0.00220462" ingredient="I-4509"/>
	<Ingredient qty="4.000" uom="ea" recipe="R-35319" invFactor="1.0000" conversion="1.00000000" ingredient="I-8374"/>
	<Ingredient qty="5.000" uom="ml" recipe="R-35319" invFactor="1.0000" conversion="0.00100000" ingredient="P-26381"/>
	<Ingredient qty="250.000" uom="ml" recipe="R-35319" invFactor="1.0000" conversion="0.00100000" ingredient="P-35318"/>
	<Ingredient qty="3.000" uom="g" recipe="R-35319" invFactor="1.0000" conversion="1.00000000" ingredient="P-39057"/>
	<Ingredient qty="30.000" uom="g" recipe="R-35319" invFactor="1.0000" conversion="0.00100000" ingredient="P-51523"/>
	<Ingredient qty="5.000" uom="g" recipe="R-35319" invFactor="1.0000" conversion="1.00000000" ingredient="P-62008"/>
	<Ingredient qty="5.000" uom="g" recipe="R-35319" invFactor="1.0000" conversion="0.00100000" ingredient="P-9854"/>
	<Ingredient qty="360.000" uom="ml" recipe="R-35651" invFactor="1.0000" conversion="0.00100000" ingredient="P-35648"/>
	<Ingredient qty="20.000" uom="ml" recipe="R-35651" invFactor="1.0000" conversion="0.00100000" ingredient="P-43707"/>
	<Ingredient qty="1.000" uom="g" recipe="R-35651" invFactor="1.0000" conversion="1.00000000" ingredient="P-50500"/>
	<Ingredient qty="4.000" uom="each" recipe="R-35819" invFactor="1.0000" conversion="1.00000000" ingredient="I-29665"/>
	<Ingredient qty="20.000" uom="g" recipe="R-35819" invFactor="1.0000" conversion="0.00220462" ingredient="I-4509"/>
	<Ingredient qty="10.000" uom="ml" recipe="R-35819" invFactor="1.0000" conversion="0.00100000" ingredient="P-26381"/>
	<Ingredient qty="355.000" uom="ml" recipe="R-35819" invFactor="1.0000" conversion="0.00100000" ingredient="P-35818"/>
	<Ingredient qty="5.000" uom="g" recipe="R-35819" invFactor="1.0000" conversion="1.00000000" ingredient="P-39057"/>
	<Ingredient qty="40.000" uom="g" recipe="R-35819" invFactor="1.0000" conversion="0.00100000" ingredient="P-51523"/>
	<Ingredient qty="125.000" uom="g" recipe="R-35819" invFactor="1.0000" conversion="0.00100000" ingredient="P-51578"/>
	<Ingredient qty="0.454" uom="L" recipe="R-37630" invFactor="1.0000" conversion="1.00000000" ingredient="P-31111"/>
	<Ingredient qty="5.000" uom="ml" recipe="R-44511" invFactor="1.0000" conversion="0.03381406" ingredient="I-6443"/>
	<Ingredient qty="40.000" uom="g" recipe="R-44511" invFactor="1.0000" conversion="0.00100000" ingredient="P-26393"/>
	<Ingredient qty="320.000" uom="ml" recipe="R-44511" invFactor="1.0000" conversion="0.00100000" ingredient="P-44505"/>
	<Ingredient qty="0.500" uom="each" recipe="R-44511" invFactor="1.0000" conversion="1.00000000" ingredient="P-44506"/>
	<Ingredient qty="3.000" uom="g" recipe="R-44511" invFactor="1.0000" conversion="1.00000000" ingredient="P-44510"/>
	<Ingredient qty="1.000" uom="g" recipe="R-46574" invFactor="1.0000" conversion="0.00220462" ingredient="I-4617"/>
	<Ingredient qty="15.000" uom="ml" recipe="R-46574" invFactor="1.0000" conversion="0.00100000" ingredient="P-43707"/>
	<Ingredient qty="8.000" uom="fl oz" recipe="R-46574" invFactor="1.0000" conversion="0.02840000" ingredient="P-46570"/>
	<Ingredient qty="5.000" uom="ml" recipe="R-46574" invFactor="1.0000" conversion="0.00100000" ingredient="P-46572"/>
	<Ingredient qty="1.000" uom="ea" recipe="R-47565" invFactor="1.0000" conversion="1.00000000" ingredient="R-35269"/>
	<Ingredient qty="60.000" uom="g" recipe="R-50482" invFactor="1.0000" conversion="0.00220462" ingredient="I-17594"/>
	<Ingredient qty="20.000" uom="g" recipe="R-50482" invFactor="1.0000" conversion="0.00220462" ingredient="I-43562"/>
	<Ingredient qty="20.000" uom="g" recipe="R-50482" invFactor="1.0000" conversion="0.00220462" ingredient="I-4574"/>
	<Ingredient qty="5.000" uom="g" recipe="R-50482" invFactor="1.0000" conversion="0.06666667" ingredient="I-4679"/>
	<Ingredient qty="7.000" uom="ea" recipe="R-50482" invFactor="1.0000" conversion="1.00000000" ingredient="I-47530"/>
	<Ingredient qty="5.000" uom="g" recipe="R-50482" invFactor="1.0000" conversion="1.00000000" ingredient="P-43680"/>
	<Ingredient qty="250.000" uom="ml" recipe="R-50482" invFactor="1.0000" conversion="0.00100000" ingredient="P-50480"/>
	<Ingredient qty="50.000" uom="g" recipe="R-50482" invFactor="1.0000" conversion="0.00100000" ingredient="P-50651"/>
	<Ingredient qty="1.000" uom="ea" recipe="R-60558" invFactor="1.0000" conversion="1.00000000" ingredient="R-35651"/>
	<Ingredient qty="1.000" uom="ea" recipe="R-60558" invFactor="1.0000" conversion="1.00000000" ingredient="R-60569"/>
	<Ingredient qty="2.000" uom="slice" recipe="R-60569" invFactor="1.0000" conversion="1.00000000" ingredient="I-14181"/>
	<Ingredient qty="2.000" uom="slice" recipe="R-60569" invFactor="1.0000" conversion="1.00000000" ingredient="I-17617"/>
	<Ingredient qty="45.000" uom="g" recipe="R-60569" invFactor="1.0000" conversion="0.00100000" ingredient="P-26077"/>
	<Ingredient qty="30.000" uom="g" recipe="R-60569" invFactor="1.0000" conversion="1.00000000" ingredient="P-34084"/>
	<Ingredient qty="2.000" uom="slice" recipe="R-60569" invFactor="1.0000" conversion="1.00000000" ingredient="P-50809"/>
	<Ingredient qty="45.000" uom="g" recipe="R-60569" invFactor="1.0000" conversion="0.00100000" ingredient="P-56398"/>
</Ingredients>
