﻿<?xml version="1.0" encoding="UTF-8" standalone="yes"?>
<ItemAllergens>
	<Item con_num="I-2217">
		<ItemAllergen allergenId="1">MILK</ItemAllergen>
	</Item>
	<Item con_num="I-2254">
		<ItemAllergen allergenId="1">MILK</ItemAllergen>
	</Item>
	<Item con_num="I-3431">
		<ItemAllergen allergenId="10">SOY</ItemAllergen>
	</Item>
	<Item con_num="I-7388">
		<ItemAllergen allergenId="10">SOY</ItemAllergen>
	</Item>
	<Item con_num="I-8058">
		<ItemAllergen allergenId="1">MILK</ItemAllergen>
	</Item>
	<Item con_num="I-8060">
		<ItemAllergen allergenId="1">MILK</ItemAllergen>
	</Item>
	<Item con_num="I-8374">
		<ItemAllergen allergenId="2">GLUTEN</ItemAllergen>
	</Item>
	<Item con_num="I-8374">
		<ItemAllergen allergenId="6">WHEAT</ItemAllergen>
	</Item>
	<Item con_num="I-8374">
		<ItemAllergen allergenId="9">SESAME</ItemAllergen>
	</Item>
	<Item con_num="I-9685">
		<ItemAllergen allergenId="42">NO KNOWN PRIORITY ALLERGENS</ItemAllergen>
	</Item>
	<Item con_num="I-13004">
		<ItemAllergen allergenId="2">GLUTEN</ItemAllergen>
	</Item>
	<Item con_num="I-13004">
		<ItemAllergen allergenId="6">WHEAT</ItemAllergen>
	</Item>
	<Item con_num="I-13004">
		<ItemAllergen allergenId="10">SOY</ItemAllergen>
	</Item>
	<Item con_num="I-14181">
		<ItemAllergen allergenId="1">MILK</ItemAllergen>
	</Item>
	<Item con_num="I-15358">
		<ItemAllergen allergenId="42">NO KNOWN PRIORITY ALLERGENS</ItemAllergen>
	</Item>
	<Item con_num="I-17617">
		<ItemAllergen allergenId="1">MILK</ItemAllergen>
	</Item>
	<Item con_num="I-17932">
		<ItemAllergen allergenId="42">NO KNOWN PRIORITY ALLERGENS</ItemAllergen>
	</Item>
	<Item con_num="I-27410">
		<ItemAllergen allergenId="42">NO KNOWN PRIORITY ALLERGENS</ItemAllergen>
	</Item>
	<Item con_num="R-28260">
		<ItemAllergen allergenId="37">FISH (ANCHOVY)</ItemAllergen>
	</Item>
	<Item con_num="I-29665">
		<ItemAllergen allergenId="2">GLUTEN</ItemAllergen>
	</Item>
	<Item con_num="I-29665">
		<ItemAllergen allergenId="5">EGGS</ItemAllergen>
	</Item>
	<Item con_num="I-29665">
		<ItemAllergen allergenId="6">WHEAT</ItemAllergen>
	</Item>
	<Item con_num="I-29665">
		<ItemAllergen allergenId="9">SESAME</ItemAllergen>
	</Item>
	<Item con_num="I-29665">
		<ItemAllergen allergenId="10">SOY</ItemAllergen>
	</Item>
	<Item con_num="I-29665">
		<ItemAllergen allergenId="36">SHELLFISH (OYSTER)</ItemAllergen>
	</Item>
	<Item con_num="I-34065">
		<ItemAllergen allergenId="42">NO KNOWN PRIORITY ALLERGENS</ItemAllergen>
	</Item>
	<Item con_num="R-35269">
		<ItemAllergen allergenId="1">MILK</ItemAllergen>
	</Item>
	<Item con_num="R-35269">
		<ItemAllergen allergenId="2">GLUTEN</ItemAllergen>
	</Item>
	<Item con_num="R-35269">
		<ItemAllergen allergenId="6">WHEAT</ItemAllergen>
	</Item>
	<Item con_num="R-35269">
		<ItemAllergen allergenId="10">SOY</ItemAllergen>
	</Item>
	<Item con_num="P-35318">
		<ItemAllergen allergenId="10">SOY</ItemAllergen>
	</Item>
	<Item con_num="R-35319">
		<ItemAllergen allergenId="2">GLUTEN</ItemAllergen>
	</Item>
	<Item con_num="R-35319">
		<ItemAllergen allergenId="6">WHEAT</ItemAllergen>
	</Item>
	<Item con_num="R-35319">
		<ItemAllergen allergenId="9">SESAME</ItemAllergen>
	</Item>
	<Item con_num="R-35319">
		<ItemAllergen allergenId="10">SOY</ItemAllergen>
	</Item>
	<Item con_num="R-35319">
		<ItemAllergen allergenId="11">SULPHITES</ItemAllergen>
	</Item>
	<Item con_num="R-35651">
		<ItemAllergen allergenId="1">MILK</ItemAllergen>
	</Item>
	<Item con_num="I-35793">
		<ItemAllergen allergenId="42">NO KNOWN PRIORITY ALLERGENS</ItemAllergen>
	</Item>
	<Item con_num="R-35819">
		<ItemAllergen allergenId="2">GLUTEN</ItemAllergen>
	</Item>
	<Item con_num="R-35819">
		<ItemAllergen allergenId="5">EGGS</ItemAllergen>
	</Item>
	<Item con_num="R-35819">
		<ItemAllergen allergenId="6">WHEAT</ItemAllergen>
	</Item>
	<Item con_num="R-35819">
		<ItemAllergen allergenId="9">SESAME</ItemAllergen>
	</Item>
	<Item con_num="R-35819">
		<ItemAllergen allergenId="36">SHELLFISH (OYSTER)</ItemAllergen>
	</Item>
	<Item con_num="R-44511">
		<ItemAllergen allergenId="42">NO KNOWN PRIORITY ALLERGENS</ItemAllergen>
	</Item>
	<Item con_num="I-47774">
		<ItemAllergen allergenId="10">SOY</ItemAllergen>
	</Item>
	<Item con_num="I-47774">
		<ItemAllergen allergenId="11">SULPHITES</ItemAllergen>
	</Item>
	<Item con_num="R-60569">
		<ItemAllergen allergenId="1">MILK</ItemAllergen>
	</Item>
	<Item con_num="R-60569">
		<ItemAllergen allergenId="2">GLUTEN</ItemAllergen>
	</Item>
	<Item con_num="R-60569">
		<ItemAllergen allergenId="6">WHEAT</ItemAllergen>
	</Item>
	<Item con_num="R-60569">
		<ItemAllergen allergenId="10">SOY</ItemAllergen>
	</Item>
	<Item con_num="R-60569">
		<ItemAllergen allergenId="11">SULPHITES</ItemAllergen>
	</Item>
</ItemAllergens>
