﻿<?xml version="1.0" encoding="UTF-8" standalone="yes"?>
<Preps>
	<Prep id="P-26393" active="Y" keyItem="Y">
		<Description>BATCH|Crisp Tortilla Strips|OK</Description>
		<Barcode/>
		<Cost>3.3572</Cost>
		<PakQty>0.907</PakQty>
		<PakUOM>Kg</PakUOM>
		<Comments/>
		<InventoryGroup id="47">PREP</InventoryGroup>
		<SalesCategory id="2">Food</SalesCategory>
		<IncomeAccount id="14" ref="Gross Sales" type="I" locked="Y">Gross Sales</IncomeAccount>
		<Location id="462">OK - STN - VEGETARIA</Location>
	</Prep>
	<Prep id="P-56398" active="Y" keyItem="Y">
		<Description>BATCH|Guacamole</Description>
		<Barcode/>
		<Cost>14.6772</Cost>
		<PakQty>2.750</PakQty>
		<PakUOM>Kg</PakUOM>
		<Comments/>
		<InventoryGroup id="47">PREP</InventoryGroup>
		<SalesCategory id="2">Food</SalesCategory>
		<IncomeAccount id="14" ref="Gross Sales" type="I" locked="Y">Gross Sales</IncomeAccount>
		<Location id="500">OK - PROCESSED </Location>
	</Prep>
	<Prep id="P-35648" active="Y" keyItem="Y">
		<Description>BATCH|Tomato Bisque</Description>
		<Barcode/>
		<Cost>4.3472</Cost>
		<PakQty>8.000</PakQty>
		<PakUOM>L</PakUOM>
		<Comments/>
		<InventoryGroup id="47">PREP</InventoryGroup>
		<SalesCategory id="2">Food</SalesCategory>
		<IncomeAccount id="14" ref="Gross Sales" type="I" locked="Y">Gross Sales</IncomeAccount>
		<Location id="501">OK - FOOD TRUCK</Location>
	</Prep>
	<Prep id="P-50651" active="Y" keyItem="Y">
		<Description>BLANCHED|Bok Choy</Description>
		<Barcode/>
		<Cost>1.3845</Cost>
		<PakQty>5.000</PakQty>
		<PakUOM>Kg</PakUOM>
		<Comments/>
		<InventoryGroup id="47">PREP</InventoryGroup>
		<SalesCategory id="2">Food</SalesCategory>
		<IncomeAccount id="14" ref="Gross Sales" type="I" locked="Y">Gross Sales</IncomeAccount>
		<Location id="472">OK - STN - VEG PREP </Location>
	</Prep>
	<Prep id="P-35818" active="Y" keyItem="Y">
		<Description>BROTH|Chicken Dumpling </Description>
		<Barcode/>
		<Cost>2.2215</Cost>
		<PakQty>40.000</PakQty>
		<PakUOM>L</PakUOM>
		<Comments/>
		<InventoryGroup id="47">PREP</InventoryGroup>
		<SalesCategory id="2">Food</SalesCategory>
		<IncomeAccount id="14" ref="Gross Sales" type="I" locked="Y">Gross Sales</IncomeAccount>
		<Location id="457">OK - STN - GLOBAL</Location>
	</Prep>
	<Prep id="P-26100" active="Y" keyItem="Y">
		<Description>BROTH|Pho</Description>
		<Barcode/>
		<Cost>4.0462</Cost>
		<PakQty>57.000</PakQty>
		<PakUOM>L</PakUOM>
		<Comments>5 days</Comments>
		<InventoryGroup id="47">PREP</InventoryGroup>
		<SalesCategory id="2">Food</SalesCategory>
		<IncomeAccount id="14" ref="Gross Sales" type="I" locked="Y">Gross Sales</IncomeAccount>
		<Location id="500">OK - PROCESSED </Location>
	</Prep>
	<Prep id="P-35318" active="Y" keyItem="Y">
		<Description>BROTH|Vegetarian Miso</Description>
		<Barcode/>
		<Cost>1.5146</Cost>
		<PakQty>10.000</PakQty>
		<PakUOM>L</PakUOM>
		<Comments/>
		<InventoryGroup id="47">PREP</InventoryGroup>
		<SalesCategory id="2">Food</SalesCategory>
		<IncomeAccount id="14" ref="Gross Sales" type="I" locked="Y">Gross Sales</IncomeAccount>
		<Location id="500">OK - PROCESSED </Location>
	</Prep>
	<Prep id="P-26077" active="Y" keyItem="Y">
		<Description>BUTTER|Garlic|Good</Description>
		<Barcode/>
		<Cost>14.1091</Cost>
		<PakQty>2.268</PakQty>
		<PakUOM>Kg</PakUOM>
		<Comments>2 weeks</Comments>
		<InventoryGroup id="47">PREP</InventoryGroup>
		<SalesCategory id="2">Food</SalesCategory>
		<IncomeAccount id="14" ref="Gross Sales" type="I" locked="Y">Gross Sales</IncomeAccount>
		<Location id="500">OK - PROCESSED </Location>
	</Prep>
	<Prep id="P-50500" active="Y" keyItem="N">
		<Description>CHIFFONADE|Basil</Description>
		<Barcode/>
		<Cost>0.0354</Cost>
		<PakQty>190.000</PakQty>
		<PakUOM>g</PakUOM>
		<Comments/>
		<InventoryGroup id=""/>
		<SalesCategory id=""/>
		<IncomeAccount id="" ref="" type="" locked=""/>
		<Location id="457">OK - STN - GLOBAL</Location>
	</Prep>
	<Prep id="P-24750" active="Y" keyItem="N">
		<Description>CHOPPED|Cilantro</Description>
		<Barcode/>
		<Cost>20.3000</Cost>
		<PakQty>0.500</PakQty>
		<PakUOM>Kg</PakUOM>
		<Comments/>
		<InventoryGroup id=""/>
		<SalesCategory id=""/>
		<IncomeAccount id="" ref="" type="" locked=""/>
		<Location id=""/>
	</Prep>
	<Prep id="P-34084" active="Y" keyItem="Y">
		<Description>COOKED|Bacon</Description>
		<Barcode/>
		<Cost>0.0342</Cost>
		<PakQty>20.000</PakQty>
		<PakUOM>g</PakUOM>
		<Comments/>
		<InventoryGroup id="47">PREP</InventoryGroup>
		<SalesCategory id="2">Food</SalesCategory>
		<IncomeAccount id="14" ref="Gross Sales" type="I" locked="Y">Gross Sales</IncomeAccount>
		<Location id="501">OK - FOOD TRUCK</Location>
	</Prep>
	<Prep id="P-51578" active="Y" keyItem="N">
		<Description>COOKED|Rice Noodle|Lai Fen</Description>
		<Barcode/>
		<Cost>1.6814</Cost>
		<PakQty>2.000</PakQty>
		<PakUOM>Kg</PakUOM>
		<Comments/>
		<InventoryGroup id=""/>
		<SalesCategory id=""/>
		<IncomeAccount id="" ref="" type="" locked=""/>
		<Location id=""/>
	</Prep>
	<Prep id="P-41094" active="Y" keyItem="N">
		<Description>DICED|Carrot|1/4&quot;</Description>
		<Barcode/>
		<Cost>1.9215</Cost>
		<PakQty>11.170</PakQty>
		<PakUOM>Kg</PakUOM>
		<Comments/>
		<InventoryGroup id=""/>
		<SalesCategory id=""/>
		<IncomeAccount id="" ref="" type="" locked=""/>
		<Location id=""/>
	</Prep>
	<Prep id="P-41095" active="Y" keyItem="N">
		<Description>DICED|Celery|1/4&quot;</Description>
		<Barcode/>
		<Cost>3.5242</Cost>
		<PakQty>13.608</PakQty>
		<PakUOM>Kg</PakUOM>
		<Comments/>
		<InventoryGroup id=""/>
		<SalesCategory id=""/>
		<IncomeAccount id="" ref="" type="" locked=""/>
		<Location id=""/>
	</Prep>
	<Prep id="P-39167" active="Y" keyItem="N">
		<Description>DICED|Yellow Onion|3/4&quot;</Description>
		<Barcode/>
		<Cost>2.3257</Cost>
		<PakQty>11.010</PakQty>
		<PakUOM>Kg</PakUOM>
		<Comments/>
		<InventoryGroup id=""/>
		<SalesCategory id=""/>
		<IncomeAccount id="" ref="" type="" locked=""/>
		<Location id=""/>
	</Prep>
	<Prep id="P-7635" active="Y" keyItem="N">
		<Description>DRAINED|Turtle Black Beans</Description>
		<Barcode/>
		<Cost>4.2951</Cost>
		<PakQty>1.740</PakQty>
		<PakUOM>Kg</PakUOM>
		<Comments>July 2018 (Fiscal 19)</Comments>
		<InventoryGroup id=""/>
		<SalesCategory id=""/>
		<IncomeAccount id="" ref="" type="" locked=""/>
		<Location id=""/>
	</Prep>
	<Prep id="P-45010" active="Y" keyItem="N">
		<Description>FAT|Beef from Pho Broth</Description>
		<Barcode/>
		<Cost>2.0231</Cost>
		<PakQty>2.000</PakQty>
		<PakUOM>Kg</PakUOM>
		<Comments/>
		<InventoryGroup id=""/>
		<SalesCategory id=""/>
		<IncomeAccount id="" ref="" type="" locked=""/>
		<Location id=""/>
	</Prep>
	<Prep id="P-43680" active="Y" keyItem="Y">
		<Description>FRIED|Crispy Garlic</Description>
		<Barcode/>
		<Cost>0.0348</Cost>
		<PakQty>200.000</PakQty>
		<PakUOM>g</PakUOM>
		<Comments/>
		<InventoryGroup id="47">PREP</InventoryGroup>
		<SalesCategory id="2">Food</SalesCategory>
		<IncomeAccount id="14" ref="Gross Sales" type="I" locked="Y">Gross Sales</IncomeAccount>
		<Location id="457">OK - STN - GLOBAL</Location>
	</Prep>
	<Prep id="P-51582" active="Y" keyItem="Y">
		<Description>JULIENNE|Carrot</Description>
		<Barcode/>
		<Cost>2.0531</Cost>
		<PakQty>10.500</PakQty>
		<PakUOM>Kg</PakUOM>
		<Comments/>
		<InventoryGroup id="47">PREP</InventoryGroup>
		<SalesCategory id="2">Food</SalesCategory>
		<IncomeAccount id="14" ref="Gross Sales" type="I" locked="Y">Gross Sales</IncomeAccount>
		<Location id="500">OK - PROCESSED </Location>
	</Prep>
	<Prep id="P-18907" active="Y" keyItem="N">
		<Description>MIX|Salt&amp;Pepper</Description>
		<Barcode/>
		<Cost>0.0086</Cost>
		<PakQty>1225.000</PakQty>
		<PakUOM>g</PakUOM>
		<Comments/>
		<InventoryGroup id=""/>
		<SalesCategory id=""/>
		<IncomeAccount id="" ref="" type="" locked=""/>
		<Location id=""/>
	</Prep>
	<Prep id="P-26381" active="Y" keyItem="Y">
		<Description>OIL|Garlic Chili</Description>
		<Barcode/>
		<Cost>6.8098</Cost>
		<PakQty>4.000</PakQty>
		<PakUOM>L</PakUOM>
		<Comments>2 weeks</Comments>
		<InventoryGroup id="47">PREP</InventoryGroup>
		<SalesCategory id="2">Food</SalesCategory>
		<IncomeAccount id="14" ref="Gross Sales" type="I" locked="Y">Gross Sales</IncomeAccount>
		<Location id="500">OK - PROCESSED </Location>
	</Prep>
	<Prep id="P-9722" active="Y" keyItem="N">
		<Description>PREP Celery Processed</Description>
		<Barcode/>
		<Cost>1.2132</Cost>
		<PakQty>49.500</PakQty>
		<PakUOM>lb</PakUOM>
		<Comments/>
		<InventoryGroup id=""/>
		<SalesCategory id=""/>
		<IncomeAccount id="" ref="" type="" locked=""/>
		<Location id="456">OK - STN - CUSTOM</Location>
	</Prep>
	<Prep id="P-7444" active="Y" keyItem="Y">
		<Description>PREP|Garlic Puree</Description>
		<Barcode/>
		<Cost>7.9552</Cost>
		<PakQty>4.000</PakQty>
		<PakUOM>L</PakUOM>
		<Comments/>
		<InventoryGroup id="47">PREP</InventoryGroup>
		<SalesCategory id="2">Food</SalesCategory>
		<IncomeAccount id="14" ref="Gross Sales" type="I" locked="Y">Gross Sales</IncomeAccount>
		<Location id="500">OK - PROCESSED </Location>
	</Prep>
	<Prep id="P-44585" active="Y" keyItem="N">
		<Description>PREP|Lime|WEDGE</Description>
		<Barcode/>
		<Cost>0.0854</Cost>
		<PakQty>8.000</PakQty>
		<PakUOM>piece</PakUOM>
		<Comments/>
		<InventoryGroup id=""/>
		<SalesCategory id=""/>
		<IncomeAccount id="" ref="" type="" locked=""/>
		<Location id=""/>
	</Prep>
	<Prep id="P-57227" active="Y" keyItem="N">
		<Description>PREP|Mirepoix</Description>
		<Barcode/>
		<Cost>2.5243</Cost>
		<PakQty>4.000</PakQty>
		<PakUOM>Kg</PakUOM>
		<Comments/>
		<InventoryGroup id=""/>
		<SalesCategory id=""/>
		<IncomeAccount id="" ref="" type="" locked=""/>
		<Location id=""/>
	</Prep>
	<Prep id="P-14161" active="Y" keyItem="Y">
		<Description>PREP|Stock|Chicken</Description>
		<Barcode/>
		<Cost>1.8828</Cost>
		<PakQty>10.000</PakQty>
		<PakUOM>L</PakUOM>
		<Comments/>
		<InventoryGroup id="47">PREP</InventoryGroup>
		<SalesCategory id="2">Food</SalesCategory>
		<IncomeAccount id="14" ref="Gross Sales" type="I" locked="Y">Gross Sales</IncomeAccount>
		<Location id="126">*PV 5 PROCESS FRIDGE</Location>
	</Prep>
	<Prep id="P-53277" active="Y" keyItem="N">
		<Description>PREP|Veg Stock</Description>
		<Barcode/>
		<Cost>0.9474</Cost>
		<PakQty>10.300</PakQty>
		<PakUOM>L</PakUOM>
		<Comments/>
		<InventoryGroup id=""/>
		<SalesCategory id=""/>
		<IncomeAccount id="" ref="" type="" locked=""/>
		<Location id=""/>
	</Prep>
	<Prep id="P-26020" active="Y" keyItem="Y">
		<Description>PUREE|Garlic|Kg - FT</Description>
		<Barcode/>
		<Cost>12.2277</Cost>
		<PakQty>2.500</PakQty>
		<PakUOM>Kg</PakUOM>
		<Comments>2 weeks</Comments>
		<InventoryGroup id="47">PREP</InventoryGroup>
		<SalesCategory id="2">Food</SalesCategory>
		<IncomeAccount id="14" ref="Gross Sales" type="I" locked="Y">Gross Sales</IncomeAccount>
		<Location id="500">OK - PROCESSED </Location>
	</Prep>
	<Prep id="P-43707" active="Y" keyItem="Y">
		<Description>SAUCE|Creme Fraiche</Description>
		<Barcode/>
		<Cost>6.3564</Cost>
		<PakQty>3.500</PakQty>
		<PakUOM>L</PakUOM>
		<Comments/>
		<InventoryGroup id="47">PREP</InventoryGroup>
		<SalesCategory id="2">Food</SalesCategory>
		<IncomeAccount id="14" ref="Gross Sales" type="I" locked="Y">Gross Sales</IncomeAccount>
		<Location id="501">OK - FOOD TRUCK</Location>
	</Prep>
	<Prep id="P-44506" active="Y" keyItem="N">
		<Description>SLICED|Avocado|Quarter</Description>
		<Barcode/>
		<Cost>0.3179</Cost>
		<PakQty>4.000</PakQty>
		<PakUOM>each</PakUOM>
		<Comments/>
		<InventoryGroup id=""/>
		<SalesCategory id=""/>
		<IncomeAccount id="" ref="" type="" locked=""/>
		<Location id=""/>
	</Prep>
	<Prep id="P-39057" active="Y" keyItem="Y">
		<Description>SLICED|Green Onion v1</Description>
		<Barcode/>
		<Cost>0.0056</Cost>
		<PakQty>150.000</PakQty>
		<PakUOM>g</PakUOM>
		<Comments/>
		<InventoryGroup id="47">PREP</InventoryGroup>
		<SalesCategory id="2">Food</SalesCategory>
		<IncomeAccount id="14" ref="Gross Sales" type="I" locked="Y">Gross Sales</IncomeAccount>
		<Location id="500">OK - PROCESSED </Location>
	</Prep>
	<Prep id="P-45009" active="Y" keyItem="N">
		<Description>SOUP|Beef Pho</Description>
		<Barcode/>
		<Cost>4.7119</Cost>
		<PakQty>16.500</PakQty>
		<PakUOM>L</PakUOM>
		<Comments/>
		<InventoryGroup id="47">PREP</InventoryGroup>
		<SalesCategory id="2">Food</SalesCategory>
		<IncomeAccount id="14" ref="Gross Sales" type="I" locked="Y">Gross Sales</IncomeAccount>
		<Location id="500">OK - PROCESSED </Location>
	</Prep>
	<Prep id="P-31111" active="Y" keyItem="Y">
		<Description>SOUP|Miso</Description>
		<Barcode/>
		<Cost>0.9594</Cost>
		<PakQty>20.000</PakQty>
		<PakUOM>L</PakUOM>
		<Comments/>
		<InventoryGroup id="47">PREP</InventoryGroup>
		<SalesCategory id="2">Food</SalesCategory>
		<IncomeAccount id="14" ref="Gross Sales" type="I" locked="Y">Gross Sales</IncomeAccount>
		<Location id="500">OK - PROCESSED </Location>
	</Prep>
	<Prep id="P-44505" active="Y" keyItem="Y">
		<Description>SOUP|Tortillia|CAL</Description>
		<Barcode/>
		<Cost>6.5663</Cost>
		<PakQty>50.000</PakQty>
		<PakUOM>L</PakUOM>
		<Comments/>
		<InventoryGroup id="47">PREP</InventoryGroup>
		<SalesCategory id="2">Food</SalesCategory>
		<IncomeAccount id="14" ref="Gross Sales" type="I" locked="Y">Gross Sales</IncomeAccount>
		<Location id="126">*PV 5 PROCESS FRIDGE</Location>
	</Prep>
	<Prep id="P-26021" active="Y" keyItem="Y">
		<Description>STEAMED|Quinoa</Description>
		<Barcode/>
		<Cost>2.2129</Cost>
		<PakQty>3.300</PakQty>
		<PakUOM>Kg</PakUOM>
		<Comments>4 days</Comments>
		<InventoryGroup id="47">PREP</InventoryGroup>
		<SalesCategory id="2">Food</SalesCategory>
		<IncomeAccount id="14" ref="Gross Sales" type="I" locked="Y">Gross Sales</IncomeAccount>
		<Location id="500">OK - PROCESSED </Location>
	</Prep>
	<Prep id="P-50480" active="Y" keyItem="Y">
		<Description>STOCK|Chicken</Description>
		<Barcode/>
		<Cost>1.4854</Cost>
		<PakQty>20.000</PakQty>
		<PakUOM>L</PakUOM>
		<Comments>5 days</Comments>
		<InventoryGroup id="47">PREP</InventoryGroup>
		<SalesCategory id="2">Food</SalesCategory>
		<IncomeAccount id="14" ref="Gross Sales" type="I" locked="Y">Gross Sales</IncomeAccount>
		<Location id="500">OK - PROCESSED </Location>
	</Prep>
	<Prep id="P-32661" active="Y" keyItem="N">
		<Description>STOCK|Veg from Conc.</Description>
		<Barcode/>
		<Cost>0.4776</Cost>
		<PakQty>31.100</PakQty>
		<PakUOM>L</PakUOM>
		<Comments/>
		<InventoryGroup id="299">ZDONT USE OK - PREP</InventoryGroup>
		<SalesCategory id="2">Food</SalesCategory>
		<IncomeAccount id="14" ref="Gross Sales" type="I" locked="Y">Gross Sales</IncomeAccount>
		<Location id="4">PREP</Location>
	</Prep>
	<Prep id="P-46572" active="Y" keyItem="N">
		<Description>VEG|Sage Brown Butter</Description>
		<Barcode/>
		<Cost>13.5260</Cost>
		<PakQty>1.500</PakQty>
		<PakUOM>L</PakUOM>
		<Comments/>
		<InventoryGroup id=""/>
		<SalesCategory id=""/>
		<IncomeAccount id="" ref="" type="" locked=""/>
		<Location id=""/>
	</Prep>
	<Prep id="P-46570" active="Y" keyItem="N">
		<Description>VEG|SOUP| Pumpkin </Description>
		<Barcode/>
		<Cost>4.0534</Cost>
		<PakQty>15.000</PakQty>
		<PakUOM>L</PakUOM>
		<Comments/>
		<InventoryGroup id=""/>
		<SalesCategory id=""/>
		<IncomeAccount id="" ref="" type="" locked=""/>
		<Location id=""/>
	</Prep>
	<Prep id="P-35268" active="Y" keyItem="Y">
		<Description>VEG|Tortilla Soup Base</Description>
		<Barcode/>
		<Cost>0.9046</Cost>
		<PakQty>5.000</PakQty>
		<PakUOM>L</PakUOM>
		<Comments/>
		<InventoryGroup id="47">PREP</InventoryGroup>
		<SalesCategory id="2">Food</SalesCategory>
		<IncomeAccount id="14" ref="Gross Sales" type="I" locked="Y">Gross Sales</IncomeAccount>
		<Location id="449">OK - ARCHIVE</Location>
	</Prep>
	<Prep id="P-51523" active="Y" keyItem="N">
		<Description>YIELD|Bak Choy</Description>
		<Barcode/>
		<Cost>2.0917</Cost>
		<PakQty>21.800</PakQty>
		<PakUOM>Kg</PakUOM>
		<Comments/>
		<InventoryGroup id=""/>
		<SalesCategory id=""/>
		<IncomeAccount id="" ref="" type="" locked=""/>
		<Location id=""/>
	</Prep>
	<Prep id="P-12954" active="Y" keyItem="N">
		<Description>YIELD|Celery</Description>
		<Barcode/>
		<Cost>0.0022</Cost>
		<PakQty>750.000</PakQty>
		<PakUOM>g</PakUOM>
		<Comments/>
		<InventoryGroup id=""/>
		<SalesCategory id=""/>
		<IncomeAccount id="" ref="" type="" locked=""/>
		<Location id=""/>
	</Prep>
	<Prep id="P-48606" active="Y" keyItem="Y">
		<Description>YIELD|Chicken Thigh|Stirfry</Description>
		<Barcode/>
		<Cost>17.8429</Cost>
		<PakQty>1.400</PakQty>
		<PakUOM>Kg</PakUOM>
		<Comments/>
		<InventoryGroup id="47">PREP</InventoryGroup>
		<SalesCategory id="2">Food</SalesCategory>
		<IncomeAccount id="14" ref="Gross Sales" type="I" locked="Y">Gross Sales</IncomeAccount>
		<Location id="123">*PV 2. MEAT FRIDGE</Location>
	</Prep>
	<Prep id="P-44510" active="Y" keyItem="N">
		<Description>YIELD|Cilantro|Bunch</Description>
		<Barcode/>
		<Cost>0.0253</Cost>
		<PakQty>50.000</PakQty>
		<PakUOM>g</PakUOM>
		<Comments/>
		<InventoryGroup id=""/>
		<SalesCategory id=""/>
		<IncomeAccount id="" ref="" type="" locked=""/>
		<Location id=""/>
	</Prep>
	<Prep id="P-26514" active="Y" keyItem="N">
		<Description>YIELD|Cilantro|Herb</Description>
		<Barcode/>
		<Cost>0.0203</Cost>
		<PakQty>55.000</PakQty>
		<PakUOM>g</PakUOM>
		<Comments/>
		<InventoryGroup id=""/>
		<SalesCategory id=""/>
		<IncomeAccount id="" ref="" type="" locked=""/>
		<Location id=""/>
	</Prep>
	<Prep id="P-50809" active="Y" keyItem="N">
		<Description>YIELD|Country Loaf|Slice</Description>
		<Barcode/>
		<Cost>0.1578</Cost>
		<PakQty>18.000</PakQty>
		<PakUOM>slice</PakUOM>
		<Comments/>
		<InventoryGroup id=""/>
		<SalesCategory id=""/>
		<IncomeAccount id="" ref="" type="" locked=""/>
		<Location id=""/>
	</Prep>
	<Prep id="P-44896" active="Y" keyItem="N">
		<Description>YIELD|Herb|Parsley</Description>
		<Barcode/>
		<Cost>6.0332</Cost>
		<PakQty>0.500</PakQty>
		<PakUOM>Kg</PakUOM>
		<Comments>July 2018 (Fiscal 19)</Comments>
		<InventoryGroup id=""/>
		<SalesCategory id=""/>
		<IncomeAccount id="" ref="" type="" locked=""/>
		<Location id=""/>
	</Prep>
	<Prep id="P-56811" active="Y" keyItem="N">
		<Description>YIELD|Jalapeno</Description>
		<Barcode/>
		<Cost>5.9679</Cost>
		<PakQty>4.000</PakQty>
		<PakUOM>Kg</PakUOM>
		<Comments/>
		<InventoryGroup id=""/>
		<SalesCategory id=""/>
		<IncomeAccount id="" ref="" type="" locked=""/>
		<Location id=""/>
	</Prep>
	<Prep id="P-43718" active="Y" keyItem="Y">
		<Description>YIELD|Pasta|Med Rice Stick</Description>
		<Barcode/>
		<Cost>2.3608</Cost>
		<PakQty>3.750</PakQty>
		<PakUOM>Kg</PakUOM>
		<Comments/>
		<InventoryGroup id="47">PREP</InventoryGroup>
		<SalesCategory id="2">Food</SalesCategory>
		<IncomeAccount id="14" ref="Gross Sales" type="I" locked="Y">Gross Sales</IncomeAccount>
		<Location id="500">OK - PROCESSED </Location>
	</Prep>
	<Prep id="P-9854" active="Y" keyItem="N">
		<Description>YIELD|Radish</Description>
		<Barcode/>
		<Cost>1.5117</Cost>
		<PakQty>19.051</PakQty>
		<PakUOM>Kg</PakUOM>
		<Comments>July 2018 (Fiscal 19)</Comments>
		<InventoryGroup id=""/>
		<SalesCategory id=""/>
		<IncomeAccount id="" ref="" type="" locked=""/>
		<Location id=""/>
	</Prep>
	<Prep id="P-62008" active="Y" keyItem="N">
		<Description>YIELD|Shimeji Mushroom</Description>
		<Barcode/>
		<Cost>0.0278</Cost>
		<PakQty>900.000</PakQty>
		<PakUOM>g</PakUOM>
		<Comments/>
		<InventoryGroup id=""/>
		<SalesCategory id=""/>
		<IncomeAccount id="" ref="" type="" locked=""/>
		<Location id=""/>
	</Prep>
	<Prep id="P-50781" active="Y" keyItem="N">
		<Description>YIELD|Thai Basil</Description>
		<Barcode/>
		<Cost>0.0855</Cost>
		<PakQty>200.000</PakQty>
		<PakUOM>g</PakUOM>
		<Comments/>
		<InventoryGroup id=""/>
		<SalesCategory id=""/>
		<IncomeAccount id="" ref="" type="" locked=""/>
		<Location id=""/>
	</Prep>
	<Prep id="P-50587" active="Y" keyItem="N">
		<Description>YIELD|Tomato Roma</Description>
		<Barcode/>
		<Cost>3.7430</Cost>
		<PakQty>9.000</PakQty>
		<PakUOM>Kg</PakUOM>
		<Comments/>
		<InventoryGroup id=""/>
		<SalesCategory id=""/>
		<IncomeAccount id="" ref="" type="" locked=""/>
		<Location id=""/>
	</Prep>
	<Prep id="P-24452" active="Y" keyItem="N">
		<Description>YIELD|Yellow Onion</Description>
		<Barcode/>
		<Cost>1.0056</Cost>
		<PakQty>0.900</PakQty>
		<PakUOM>lb</PakUOM>
		<Comments/>
		<InventoryGroup id=""/>
		<SalesCategory id=""/>
		<IncomeAccount id="" ref="" type="" locked=""/>
		<Location id=""/>
	</Prep>
</Preps>
