﻿<?xml version="1.0" encoding="UTF-8" standalone="yes"?>
<Prods>
	<Prod id="R-44511" active="Y" special="N">
		<Description>FLX|CAL|Soup|Tortilla Chicken</Description>
		<Barcode/>
		<Cost>2.5110</Cost>
		<Comments>May 2018 (F19)</Comments>
		<SalesGroup id="638">OK - FLEX KITCHEN</SalesGroup>
		<SalesCategory id="2">Food</SalesCategory>
		<IncomeAccount id="14" ref="Gross Sales" type="I" locked="Y">Gross Sales</IncomeAccount>
		<TaxGroup id=""/>
		<Price>6.99</Price>
		<PLU num="32868">CHICKEN TORTILLA SOUP</PLU>
	</Prod>
	<Prod id="R-28260" active="Y" special="N">
		<Description>GLB|Soup|Beef Pho</Description>
		<Barcode/>
		<Cost>2.2592</Cost>
		<Comments/>
		<SalesGroup id="328">OK - GLOBAL KITCHEN </SalesGroup>
		<SalesCategory id="2">Food</SalesCategory>
		<IncomeAccount id="14" ref="Gross Sales" type="I" locked="Y">Gross Sales</IncomeAccount>
		<TaxGroup id=""/>
		<Price>9.99</Price>
		<PLU num="18964">BEEF PHO</PLU>
	</Prod>
	<Prod id="R-35819" active="Y" special="N">
		<Description>GLB|Soup|ChickenDumpling </Description>
		<Barcode/>
		<Cost>2.0034</Cost>
		<Comments/>
		<SalesGroup id="328">OK - GLOBAL KITCHEN </SalesGroup>
		<SalesCategory id="2">Food</SalesCategory>
		<IncomeAccount id="14" ref="Gross Sales" type="I" locked="Y">Gross Sales</IncomeAccount>
		<TaxGroup id=""/>
		<Price>8.99</Price>
		<PLU num="22595 ">CHICKEN DUMPLING SOUP</PLU>
	</Prod>
	<Prod id="R-50482" active="Y" special="N">
		<Description>GLB|SOUP|Wor wonton</Description>
		<Barcode/>
		<Cost>5.3006</Cost>
		<Comments/>
		<SalesGroup id="334">OK - SOUP </SalesGroup>
		<SalesCategory id="2">Food</SalesCategory>
		<IncomeAccount id="14" ref="Gross Sales" type="I" locked="Y">Gross Sales</IncomeAccount>
		<TaxGroup id=""/>
		<Price>99.99</Price>
		<PLU num=""/>
	</Prod>
	<Prod id="R-31955" active="Y" special="N">
		<Description>SIDE|Soup|16oz</Description>
		<Barcode/>
		<Cost>1.4618</Cost>
		<Comments/>
		<SalesGroup id="334">OK - SOUP </SalesGroup>
		<SalesCategory id="2">Food</SalesCategory>
		<IncomeAccount id="14" ref="Gross Sales" type="I" locked="Y">Gross Sales</IncomeAccount>
		<TaxGroup id=""/>
		<Price>5.05</Price>
		<PLU num="14896">RS - SOUP 16OZ</PLU>
	</Prod>
	<Prod id="R-37630" active="Y" special="N">
		<Description>SIDE|Soup|Miso</Description>
		<Barcode/>
		<Cost>0.4356</Cost>
		<Comments/>
		<SalesGroup id="334">OK - SOUP </SalesGroup>
		<SalesCategory id="2">Food</SalesCategory>
		<IncomeAccount id="14" ref="Gross Sales" type="I" locked="Y">Gross Sales</IncomeAccount>
		<TaxGroup id=""/>
		<Price>3.99</Price>
		<PLU num="23082">MISO SOUP</PLU>
	</Prod>
	<Prod id="R-47565" active="Y" special="N">
		<Description>SOUP|Tortilla </Description>
		<Barcode/>
		<Cost>1.5135</Cost>
		<Comments/>
		<SalesGroup id="543">OK- VEGETARIAN KITCHEN FEATURE</SalesGroup>
		<SalesCategory id="2">Food</SalesCategory>
		<IncomeAccount id="14" ref="Gross Sales" type="I" locked="Y">Gross Sales</IncomeAccount>
		<TaxGroup id=""/>
		<Price>5.99</Price>
		<PLU num="27294">Tortilla Soup</PLU>
	</Prod>
	<Prod id="R-60569" active="Y" special="N">
		<Description>TRUCK|GrilledCheese|Bacon Avo</Description>
		<Barcode/>
		<Cost>3.9334</Cost>
		<Comments>May 2019</Comments>
		<SalesGroup id="652">OK - FOOD TRUCK(Food)</SalesGroup>
		<SalesCategory id="2">Food</SalesCategory>
		<IncomeAccount id="14" ref="Gross Sales" type="I" locked="Y">Gross Sales</IncomeAccount>
		<TaxGroup id=""/>
		<Price>9.99</Price>
		<PLU num="32950">OKFT - BACON AVOCADO GRILLED C</PLU>
	</Prod>
	<Prod id="R-60558" active="Y" special="N">
		<Description>TRUCK|Grl Cheese &amp; Tom Soup|</Description>
		<Barcode/>
		<Cost>5.6609</Cost>
		<Comments/>
		<SalesGroup id="652">OK - FOOD TRUCK(Food)</SalesGroup>
		<SalesCategory id="2">Food</SalesCategory>
		<IncomeAccount id="14" ref="Gross Sales" type="I" locked="Y">Gross Sales</IncomeAccount>
		<TaxGroup id=""/>
		<Price>13.49</Price>
		<PLU num="32952">OKFT - GRILLED CHEESE &amp; TOMATO</PLU>
	</Prod>
	<Prod id="R-35651" active="Y" special="N">
		<Description>TRUCK|Tomato Soup</Description>
		<Barcode/>
		<Cost>1.7275</Cost>
		<Comments/>
		<SalesGroup id="652">OK - FOOD TRUCK(Food)</SalesGroup>
		<SalesCategory id="2">Food</SalesCategory>
		<IncomeAccount id="14" ref="Gross Sales" type="I" locked="Y">Gross Sales</IncomeAccount>
		<TaxGroup id=""/>
		<Price>4.99</Price>
		<PLU num="32951">OKFT - TOMATO &amp; BASIL SOUP</PLU>
	</Prod>
	<Prod id="R-35319" active="Y" special="N">
		<Description>VEG|SOUP|Miso Dumpling </Description>
		<Barcode/>
		<Cost>5.3960</Cost>
		<Comments/>
		<SalesGroup id="543">OK- VEGETARIAN KITCHEN FEATURE</SalesGroup>
		<SalesCategory id="2">Food</SalesCategory>
		<IncomeAccount id="14" ref="Gross Sales" type="I" locked="Y">Gross Sales</IncomeAccount>
		<TaxGroup id=""/>
		<Price>0</Price>
		<PLU num="24218">MISO DUMPLING SOUP</PLU>
	</Prod>
	<Prod id="R-35269" active="Y" special="N">
		<Description>VEG|SOUP|Tortilla </Description>
		<Barcode/>
		<Cost>1.3406</Cost>
		<Comments/>
		<SalesGroup id="541">OK - VEGETARIAN KITCHEN</SalesGroup>
		<SalesCategory id="2">Food</SalesCategory>
		<IncomeAccount id="14" ref="Gross Sales" type="I" locked="Y">Gross Sales</IncomeAccount>
		<TaxGroup id=""/>
		<Price>5.99</Price>
		<PLU num="21575">TORTILLA SOUP</PLU>
	</Prod>
	<Prod id="R-46574" active="Y" special="N">
		<Description>VEG|SOUP|UBC Farms Pumpkin </Description>
		<Barcode/>
		<Cost>1.1990</Cost>
		<Comments/>
		<SalesGroup id="541">OK - VEGETARIAN KITCHEN</SalesGroup>
		<SalesCategory id="2">Food</SalesCategory>
		<IncomeAccount id="14" ref="Gross Sales" type="I" locked="Y">Gross Sales</IncomeAccount>
		<TaxGroup id=""/>
		<Price>5.00</Price>
		<PLU num=""/>
	</Prod>
</Prods>
