﻿<?xml version="1.0" encoding="UTF-8" standalone="yes"?>
<Recipes>
	<Recipe id="P-7444" image="">***COOKS AND CHEFS, PLEASE READ THE ENTIRE RECIPE BEFORE BEGINNING- THIS IS A RECOMMENDED STEP WITH EVERY PRODUCT WE EVER PRODUCE- THANK YOU***
Johnny

Preps used in this Product recipe:

Allergens: (To be filled out by nutrition)
Method:
1.
2.
3.
-cool, store, label and rotated this item with older product correctly and diligently 

Portioning:

Utensils needed:
</Recipe>
	<Recipe id="P-7635" image="">***COOKS AND CHEFS, PLEASE READ THE ENTIRE RECIPE BEFORE BEGINNING- THIS IS A RECOMMENDED STEP WITH EVERY PRODUCT WE EVER PRODUCE- THANK YOU***

Johnny Bravo

Related Products this prep gets used in:

Allergens: (to be filled out by nutrition)
Method:
1.Open can
2.Drain in strainer and wash throughly
3.Place drained beans in insert label and place in fridge
4. Heat in steam required amount

-cool, store, label and rotated this item with older product correctly and diligently 

Portioning:90G Blue scoop

Utensils needed:</Recipe>
	<Recipe id="P-9854" image="">***COOKS AND CHEFS, PLEASE READ THE ENTIRE RECIPE BEFORE BEGINNING- THIS IS A RECOMMENDED STEP WITH EVERY PRODUCT WE EVER PRODUCE- THANK YOU***
Johnny

Products related to this Prep recipe:

Allergens: (To be filled out by nutrition)
Method:
1.
2.
3.
-cool, store, label and rotated this item with older product correctly and diligently 

Portioning:

Utensils needed:
</Recipe>
	<Recipe id="P-14161" image="">Peel and chop, onions and celery</Recipe>
	<Recipe id="P-24750" image=""/>
	<Recipe id="P-26020" image="">1. Puree garlic in batches in robot coupe
2. Mix in garlic</Recipe>
	<Recipe id="P-26021" image="">1) Rinse quinoa in hotel pan under cold water while agitating quinoa until the water from the pan runs clear

2) Place rinsed quinoa to hotel pan, with appropriate amount of water and steam until cooked, around 40 minutes.

4) Spread out on baking tray, carve gridlines to allow quinoa to cool more quickly. Cool in fridge, store in appropriate vessel. Label, date, refrigerate
</Recipe>
	<Recipe id="P-26077" image="">1. Combine softened butter, garlic, parsley, lemon juice and salt &amp; pepper mix in bowl of mixer with paddle attachement on medium low, stir to combine
2. Add to appropriate vessel, label, date and refrigerate

Allergens:

No known priority allergens</Recipe>
	<Recipe id="P-26100" image="">***COOKS AND CHEFS, PLEASE READ THE ENTIRE RECIPE BEFORE BEGINNING- THIS IS A RECOMMENDED STEP WITH EVERY PREP/PRODUCT WE EVER PRODUCE- THANK YOU***

1. Put beef bones in large roasting pans, and roast till dark brown colour, in 500f oven.

2. Char whole onions and ginger in 500f oven, Char until skins turn black all over.

3. Meanwile, toast cinnamon sticks, cloves, fennel and star anise in saute pan and toast on stove top over medium flame until aromatic about 5 - 10 minutes DO NOT BURN. Recomend doing cinnamon sticks first, then the rest, for more consistant roast.

4. Add browned beef bones, charred onion, ginger and toasted spices to stock pot and cover with cold water, just until bones are crested

5. Bring to rapid simmer, then turn down heat to a slow simmer. Simmer for 8 - 10  hours, or overnight

6. Strain stock/broth through fine chinoise. Cool rapidly in blast chiller. 

Add to appropriate vessel, label, date, refrigerate</Recipe>
	<Recipe id="P-26381" image="">PREP RECIPE
***COOKS AND CHEFS, PLEASE READ THE ENTIRE RECIPE BEFORE BEGINNING- THIS IS A RECOMMENDED STEP WITH EVERY PRODUCT WE PRODUCE- THANK YOU***


Method:

1)  Preheat oven to 200*F

2)  Combine all in large sauce pot.  Bring to a very gentle simmer (just until you can see small bubbles forming rapidly)

3)  Put pot in oven for 3 hours.  Strain, reserving garlic.  Transfer to appropriate storing vessel and allow to cool.  
Cool, label and store.
Rotate this item with older product.</Recipe>
	<Recipe id="P-26393" image="">1)  Preheat deep fryer to 350*F

2)  Remove baskets from deep fryer.  Ensur to have a mixing bowl and tray lined with papertowels, and a spider.

3)  Place two large handfuls of julienned tortilla strips in hot oil.  Deep fry for 45s - 1 minute, or until tortillas are cooked through and very crispy.

4)  Retrieve with spider and drain excess oil.  Season with salt in mixing bowl and place on papertowel lined pan.

5)  Place in appropriate container once cooled.  Label, date, and store in a cool dry place.

Allergens:

Gluten
Wheat
soy (from tortilla)</Recipe>
	<Recipe id="P-26514" image="">***COOKS AND CHEFS, PLEASE READ THE ENTIRE RECIPE BEFORE BEGINNING- THIS IS A RECOMMENDED STEP WITH EVERY PRODUCT WE EVER PRODUCE- THANK YOU***
Johnny

Related Products this prep gets used in:

Allergens: (to be filled out by nutrition)

Method:
1. Gather All Ingredients and tools
2. Cut stem off
3. Pick leaves off

-cool, store, label and rotated this item with older product correctly and diligently 

Portioning:

Utensils needed: Cutting board, knife, insert
</Recipe>
	<Recipe id="R-28260" image="C:\Users\afdaos\Desktop\Pho.jpg">1) Make sure to make preportional seasoned Pho soup recipe from broth for service.

1)  Blanch cooked rice noodles in very salty water and place in serving bowl.

2)  Place shaved beef, on noodles and then pour very hot pho broth on top.  The beef should start cooking almost immidiately.

3)  Garnish with bean sprouts, carrot, shimeji mushroom, thai basil and lime wedge.</Recipe>
	<Recipe id="P-31111" image="">PREP RECIPE
***COOKS AND CHEFS, PLEASE READ THE ENTIRE RECIPE BEFORE BEGINNING- THIS IS A RECOMMENDED STEP WITH EVERY PRODUCT WE PRODUCE- THANK YOU***

Related Products this prep is used in:

Allergens: (to be filled out by nutrition)
Method:

1)  Add water to steam kettle, add konbu and bring to a simmer for 15 minutes. Remove konbu. 

2) Turn off heat, whisk in miso.

Cool, label and store.
Rotate this item with older product.
Portioning:

Utensils needed:


</Recipe>
	<Recipe id="P-32661" image="">1)  Bring water to a boil in large stock pot.  Add veg stock concentrate and stir well to combine.  Use immidiatly, or cool in appropriate container and label, date, refrigerate.</Recipe>
	<Recipe id="P-34084" image="">1)  Tray bacon on baking sheets and place in oven preheated to 350*F.  Cook until bacon is fully cooked and slightly crispy, about 15 minutes.

57g = approx 2 slices of raw bacon

</Recipe>
	<Recipe id="P-35268" image="">1)  In a large pot, combine roma tomatoes, guajillo chilis, jalapeno and 750 ml water.  Bring to a simmer for about 5 minutes.  Take off heat and allow to cool.

2)  Meanwhile, on grill or in a large saute pan over medium heat, add 20 ml (2 Tbsp.) oil.  When oil is hot, add onions and garlic and saute until translucent, about 5 mintues.  

3)  When tomatoes and chili&apos;s are cool, drain, reserving 250ml water.  Add sauted onions and garlic.  Puree in vitamix, WORKING IN BATCHES.  

4)  Add remaining 2 L of water and add to chili paste in a large stock pot.  Bring to a simmer  

4)  Season soup to taste.  Put in appropriate sized container and label, date, refrigerate.

Allergens:

No known priority allergens
</Recipe>
	<Recipe id="R-35269" image="">1)  Using appropriate size scoop, put quinoa in large soup bowl.

2)  Place 340ml (1.5 8 oz scoops) of soup in bowl, and garnish with tortillas, avocado and sour cream (if requested) and lime.  Serve it forth!

Allergens:

Gluten
Wheat
Dairy/Milk</Recipe>
	<Recipe id="P-35318" image="">***COOKS AND CHEFS, PLEASE READ THE ENTIRE RECIPE BEFORE BEGINNING- THIS IS A RECOMMENDED STEP WITH EVERY PRODUCT WE EVER PRODUCE- THANK YOU***
Related Products this prep gets used in:

Allergens: soy
Method:

1)  Combine kombu, ginger, garlic, star anise and water.  Bring to a boil, then remove from heat and allow to infuse for a few hours, or preferably overnight.  

2)  Add miso and bring back up to heat, ensuring to stir often until miso is disolved and broth is hot.  Add tofu and soy sauce.  Taste for seasoning. (80*C at least)

-cool, store, label and rotate this item with older product correctly and diligently.

Portioning:

Utensils needed:</Recipe>
	<Recipe id="R-35319" image="C:\Users\afdaos\Desktop\Miso Dumpling Soup.jpg">1. Heat the broth, bak choy, gyoza, mushrooms and the noodles.

2. Assemble all of the ingredients in the bowl.

3. Garnish with green onion, radish and chili oil.</Recipe>
	<Recipe id="P-35648" image="">1)  Dice carrots, onions and celery.  Wash and slice leeks.  Deseed jalapeno and rough chop.  

2)  In large soup pot over medium heat add olive oil.  When oil is hot, add onions and salt and pepper.  Saute onion until soft, about 5 minutes.  Add carrots, celery, leeks and jalapeno.  Continue to saute until all are soft.  Add tomatoes and herbs, and continue to saute for 3 minutes more.  Remove thyme stems.

3)  Working in batches, blend in vitamix blender and strain through a fine chinois.  Hold for service or label, date, refrigerate.
</Recipe>
	<Recipe id="P-35818" image="">1)  ENSURE TO PUT IN STOPPER FOR STEAM KETTLE!!  

2)  DOUBLE CHECK THAT YOU PUT STOPPER INTO STEAM KETTLE!!

3) Remove as much fat from the chicken carcasses as possible.

4)  Add chicken bones and water to large steam kettle.  Bring to a boil and lower to a simmer. SKIM WELL. The more scum and fat you skim off the better and cleaner the flavour of the stock will be. 

5) Add remaining ingredients and leave 5-6 hours at a very gentle simmer.

6)  Strain through china cap and fine mesh strainer combo.  

5)  Pray that you put the stopper into the steam kettle.

5)  Label and date, put in blast chiller to cool.

</Recipe>
	<Recipe id="R-35819" image="C:\Users\afdaos\Desktop\Dumpling.jpg">1)  Place steamed dumplings and cooked lai fen in serving bowl.  Cover with hot broth.

2)  Garnish with chopped bok choy, bean sprouts and green onion.  Add garlic chili oil in soup broth 


</Recipe>
	<Recipe id="P-41094" image="">1) Either by hand or using the Robocoupe 1/4&quot; dice attachment (if your not sure how to set up or properly use this machine please ask for assistance) dice carrots to 1/4&quot; size.

2) Label, date, refrigerate.</Recipe>
	<Recipe id="P-41095" image="">1) Either by hand or using the Robocoupe 1/4&quot; dice attachment (if your not sure how to set up or properly use this machine please ask for assistance) dice celery to 1/4&quot; size.

2) Label, date, refrigerate.</Recipe>
	<Recipe id="P-43680" image="">***COOKS AND CHEFS, PLEASE READ THE ENTIRE RECIPE BEFORE BEGINNING- THIS IS A RECOMMENDED STEP WITH EVERY PRODUCT WE EVER PRODUCE- THANK YOU***
Related Products this prep gets used in:

Allergens: 
Method:

1)  In medium sauce pot over medium low heat, add oil.  

2)  Process garlic as you normally would in food processor, but stop before a fine paste forms.  You want chunky bits of garlic.

3)  Add garlic bits for warm oil and fry, stirring frequently for 4-5 minutes until garlic is crispy.  Strain through fine mesh strainer and reserve oil.  Place cripsy garlic on papertowel to soak up excess oil.

4)  Once dry, place crispy garlic in appropriate container, lined with papertowel and lid tightly.  Garlic can be stored at room temperature for about 3 days.

-cool, store, label and rotate this item with older product correctly and diligently.

Portioning:

Utensils needed:</Recipe>
	<Recipe id="P-43707" image="">1)  Combine well, store in appropriate container, cover with cheese cloth and leave out at room temperature for about 8-12 hours, until desired thickenss is reached.  Reserve in fridge for up to 2 weeks.

Allergens:

Dairy/Milk</Recipe>
	<Recipe id="P-43718" image="">***If using put strainer in the kettle.  If you don&apos;t know what it looks like, ask someone.  If you can&apos;t find it, ask a dishwasher.  You will regret life if you do not do this step.  Trust me.

1) Fill large pot or steam kettle with hot tap water at least 6x water to pasta ratio.

2) Add noodles. Stir stir to make sure noodles do not stick.Soak rice noodles checking for texture. They should be soft enough to bite through but not falling apart on their own weight.

3) When they get cooked they will absorb the sauce and get softer so it is very important you slightly UNDERCOOK the noodles.
If they are fully cooked when prepping they will fall apart when heating and become a mess.

4) Drain the water.

5) Store cooled noodles in container, label, date, refrigerate.</Recipe>
	<Recipe id="P-44505" image="">***COOKS AND CHEFS, PLEASE READ THE ENTIRE RECIPE BEFORE BEGINNING- THIS IS A RECOMMENDED STEP WITH EVERY PRODUCT WE EVER PRODUCE- THANK YOU***
Johnny

Related Products this prep gets used in:

Allergens:

Method:

1. Gather all ingredients and tools
2. 
3. 

-cool, store, label and rotated this item with older product correctly and diligently 

Portioning: 
</Recipe>
	<Recipe id="P-44506" image="">***COOKS AND CHEFS, PLEASE READ THE ENTIRE RECIPE BEFORE BEGINNING- THIS IS A RECOMMENDED STEP WITH EVERY PRODUCT WE EVER PRODUCE- THANK YOU***
Johnny

Related Products this prep gets used in:

Allergens: (to be filled out by nutrition)

Method:
1. Gather All Ingredients and tools
2. Halve the avocado and carefully remove the pit
3.  Slice into desired sizes
4. Toss in lemon juice to prevent oxydation

-cool, store, label and rotated this item with older product correctly and diligently 

Portioning: 1 portion is 1/4 avocado

Utensils needed: cutting board, knife, bowl insert, mesuring cups
</Recipe>
	<Recipe id="P-44510" image="">***COOKS AND CHEFS, PLEASE READ THE ENTIRE RECIPE BEFORE BEGINNING- THIS IS A RECOMMENDED STEP WI Johnny
TH EVERY PRODUCT WE EVER PRODUCE- THANK YOU***

Related Products this prep gets used in:

Allergens: (to be filled out by nutrition)
Method:
1.
2.
3.
-cool, store, label and rotated this item with older product correctly and diligently 

Portioning:

Utensils needed:</Recipe>
	<Recipe id="R-44511" image="">Allergens:
gluten, wheat

Icons:

Product:

***COOKS AND CHEFS, PLEASE READ THE ENTIRE RECIPE BEFORE BEGINNING- THIS IS A RECOMMENDED STEP WITH EVERY PREP/PRODUCT WE EVER PRODUCE- THANK YOU***
Johnny
Prep:

Method:
1.scoup soup into large soup bowl
2. garnish with lime juice and cilantro and avocado fan
3.serve

Portioning: 2 x 6oz ladel 
Utensils: ladel
Served in: 32 oz bowl

</Recipe>
	<Recipe id="P-44585" image="">***COOKS AND CHEFS, PLEASE READ THE ENTIRE RECIPE BEFORE BEGINNING- THIS IS A RECOMMENDED STEP WITH EVERY PRODUCT WE EVER PRODUCE- THANK YOU***

Johnny\

Related Products this prep gets used in:

Allergens: (to be filled out by nutrition)
Method:
1.Wash and dry limes
2.Slice into 8 wedges end to end each slive weighting approc 20-25 grams
3.Place in insert lable and place in fridge for service
-cool, store, label and rotated this item with older product correctly and diligently 

Portioning:1 piece per order

Utensils needed:</Recipe>
	<Recipe id="P-45009" image="">PREP RECIPE
***COOKS AND CHEFS, PLEASE READ THE ENTIRE RECIPE BEFORE BEGINNING- THIS IS A RECOMMENDED STEP WITH EVERY PRODUCT WE PRODUCE- THANK YOU***

Related Products this prep is used in:
Method:
1)  After Pho stock has been produced and chilled, scrape beef fat from the top of the cooled broth and reserve for seasoning beef pho.

2)  When heating pho broth for service add the quantities of fish sauce, palm sugar and beef fat indicated in the recipe.  Stir well to incorporate.

IF YOU ARE PRODUCING MORE OR LESS PHO BROTH INDICATED IN THIS RECIPE, YOU WILL NEED TO MAKE ADJUSTMENTS.  PLEASE USE THE FOLLOWING RATIO PER LITRE OF PHO BROTH YOU NEED TO PRODUCE FOR SERVICE.

PER 1L OF PHO BROTH ADD:

-  80 ml fish sauce
-  30 g Palm sugar
-  15 g reserved beef pho fat.

Cool, label and store.</Recipe>
	<Recipe id="P-46570" image="">Allergens;

Dairy/Milk
</Recipe>
	<Recipe id="P-46572" image="">Allergens:

Dairy/Milk</Recipe>
	<Recipe id="R-46574" image="">Allergens:

Dairy/Milk</Recipe>
	<Recipe id="P-50480" image="">1) Put strainer in steam kettle, add chicken bones, and rinse with cold water. Drain.

2) Add all other ingredients to the steam kettle and cover with cold water.

3) Simmer for 4-6 hours uncovered, drain the stock and cool, lable and store.

4) Discard bones and other solids, clean and sanitize the steam kettle.</Recipe>
	<Recipe id="R-50482" image="">1. Blch all veg, place in baine marie
2.Warm up Chicken stock.
3.Using a 6 6oz laddle, scoop stock in a bowl.
4..Add in noodles, 6pcs of chicken wonton
5. Add in vegestable on side of bowl
5. Garnish with green onions and crispy garlic.</Recipe>
	<Recipe id="P-50500" image="">1) Remove all leaves from thick stem.

2) Stack and line stem to tip, up 10-20 leaves largest at the bottom, smallest on top. Roll the stack in to a tight a tube as possible. Starting at the tip of the tube, holding stem, cut super thin ribbons of leaf.

3) Final product should be thin strips that can be used for garnish. Cut only what you need for the day, as they do not last very long.</Recipe>
	<Recipe id="P-50587" image="">***COOKS AND CHEFS, PLEASE READ THE ENTIRE RECIPE BEFORE BEGINNING- THIS IS A RECOMMENDED STEP WITH EVERY PRODUCT WE EVER PRODUCE- THANK YOU***
Amanda

Related Products this prep gets used in:

Allergens: (to be filled out by nutrition)

Method:

1. Gather all ingredients and tools

2. core out stem 

3. Quarter tomato, remove soft flesh and seeds, reserve for other uses.

4. Small Dice tomatoes for recipes.

*Cool, store, label and rotate this item with older product correctly and diligently </Recipe>
	<Recipe id="P-50651" image="">***COOKS AND CHEFS, PLEASE READ THE ENTIRE RECIPE BEFORE BEGINNING- THIS IS A RECOMMENDED STEP WITH EVERY PRODUCT WE EVER PRODUCE- THANK YOU***
Related Products this prep gets used in:

Allergens: 
Method:

1. Ensure bok choy has been very carefully washed to remove any grit inside.

2. Blanch in boiling salted water.

3. Shock in ice bath.

4. Remove when cooled.

-store, label and rotate this item with older product correctly and diligently.

Portioning:

Utensils needed:


1. Blanch Bock Choy in a boiling water
2. Put in bain Marie during service.</Recipe>
	<Recipe id="P-50781" image="">***COOKS AND CHEFS, PLEASE READ THE ENTIRE RECIPE BEFORE BEGINNING- THIS IS A RECOMMENDED STEP WITH EVERY PRODUCT WE EVER PRODUCE- THANK YOU***
Amanda

Related Products this prep gets used in:

Allergens: (to be filled out by nutrition)
Method:

1.Remove the thickest parts of the stems 

2. Using a sharp knife, lightly roll the Basil together in a bundle and slice through (chiffinade) continue this until basil desired size/texture. *Always use a slicing mottion rather than a chopping motion on soft herbs to prevent bruising.

3. Store in an apropriate size insert/cambro with a pice of paper towel at the bottom to wick away any moisture.

*Cool, store, label and rotated this item with older product correctly and diligently 


</Recipe>
	<Recipe id="P-53277" image="">***COOKS AND CHEFS, PLEASE READ THE ENTIRE RECIPE BEFORE BEGINNING- THIS IS A RECOMMENDED STEP WITH EVERY PRODUCT WE EVER PRODUCE- THANK YOU***
johnny

Related Products this prep gets used in:

Allergens: (to be filled out by nutrition)
Method:
1. make a tasty vegetable stock
2.cool, store, label and rotated this item with older product correctly and diligently 

Portioning:

Utensils needed:
</Recipe>
	<Recipe id="P-56398" image="">
***COOKS AND CHEFS, PLEASE READ THE ENTIRE RECIPE BEFORE BEGINNING- THIS IS A RECOMMENDED STEP WITH EVERY PRODUCT WE EVER PRODUCE- THANK YOU***

Related Products this prep gets used in:

Allergens: 
Method:

1.Small dice jalapenos and tomatoes. Mince cilantro.

2. In a bowl combine all ingredents. Mix well keeping chunks visible in the mixture. Check for seasoning.

3. Ready to use or store in apropriate size cambro with serano wrap directly contacting the surface of the guac as well as a lid on the container (to stop oxidization)

LABEL/DATE/REFRIGERATE</Recipe>
	<Recipe id="R-60558" image="">THIS IS A PRODUCT RECIPE, final product handed to the customer..

***COOKS AND CHEFS, PLEASE READ THE ENTIRE RECIPE BEFORE BEGINNING- THIS IS A RECOMMENDED STEP WITH EVERY PRODUCT WE EVER PRODUCE- THANK YOU***
Johnny

Preps used in this Product recipe:

Allergens: (To be filled out by nutrition)
Method:
1.
2.
3.
-cool, store, label and rotated this item with older product correctly and diligently 

Portioning:

Utensils needed:
</Recipe>
</Recipes>
