﻿<?xml version="1.0" encoding="UTF-8" standalone="yes"?>
<CaseSizes>
	<CaseSize Item="I-1081" current="N" acceptBids="N">
		<Supplier id="26">GORDON FOOD SERVICE (GFS)</Supplier>
		<Description/>
		<Barcode/>
		<OrderCode>5140457</OrderCode>
		<Specification/>
		<PurchasePrice adj="N">25.2400</PurchasePrice>
		<CaseCost>25.2400</CaseCost>
		<PurchaseUOM>cs</PurchaseUOM>
		<CaseQty>72.000</CaseQty>
		<CaseUOM>CT</CaseUOM>
		<PakQty>1.000</PakQty>
		<UnitCost>0.3506</UnitCost>
		<YieldFactor>1.0000</YieldFactor>
		<SupplierGroup id=""/>
		<TaxGroup id=""/>
		<BidPrice expires=""/>
	</CaseSize>
	<CaseSize Item="I-1081" current="Y" acceptBids="N">
		<Supplier id="26">GORDON FOOD SERVICE (GFS)</Supplier>
		<Description/>
		<Barcode/>
		<OrderCode>5340005</OrderCode>
		<Specification/>
		<PurchasePrice adj="N">27.4300</PurchasePrice>
		<CaseCost>27.4300</CaseCost>
		<PurchaseUOM>cs</PurchaseUOM>
		<CaseQty>72.000</CaseQty>
		<CaseUOM>CT</CaseUOM>
		<PakQty>1.000</PakQty>
		<UnitCost>0.3810</UnitCost>
		<YieldFactor>1.0000</YieldFactor>
		<SupplierGroup id=""/>
		<TaxGroup id=""/>
		<BidPrice expires=""/>
	</CaseSize>
	<CaseSize Item="I-1085" current="N" acceptBids="N">
		<Supplier id="26">GORDON FOOD SERVICE (GFS)</Supplier>
		<Description/>
		<Barcode/>
		<OrderCode>1006674</OrderCode>
		<Specification/>
		<PurchasePrice adj="N">38.5400</PurchasePrice>
		<CaseCost>38.5400</CaseCost>
		<PurchaseUOM>cs</PurchaseUOM>
		<CaseQty>128.000</CaseQty>
		<CaseUOM>ea</CaseUOM>
		<PakQty>1.000</PakQty>
		<UnitCost>0.3011</UnitCost>
		<YieldFactor>1.0000</YieldFactor>
		<SupplierGroup id=""/>
		<TaxGroup id=""/>
		<BidPrice expires=""/>
	</CaseSize>
	<CaseSize Item="I-1085" current="Y" acceptBids="Y">
		<Supplier id="26">GORDON FOOD SERVICE (GFS)</Supplier>
		<Description>85G</Description>
		<Barcode/>
		<OrderCode>5140237</OrderCode>
		<Specification>ENGLISH BAY</Specification>
		<PurchasePrice adj="N">45.8700</PurchasePrice>
		<CaseCost>45.8700</CaseCost>
		<PurchaseUOM>CA</PurchaseUOM>
		<CaseQty>85.000</CaseQty>
		<CaseUOM>g</CaseUOM>
		<PakQty>1.000</PakQty>
		<UnitCost>0.5396</UnitCost>
		<YieldFactor>1.0000</YieldFactor>
		<SupplierGroup id=""/>
		<TaxGroup id=""/>
		<BidPrice expires=""/>
	</CaseSize>
	<CaseSize Item="I-1085" current="N" acceptBids="N">
		<Supplier id="26">GORDON FOOD SERVICE (GFS)</Supplier>
		<Description>85G</Description>
		<Barcode/>
		<OrderCode>5140287</OrderCode>
		<Specification>ENGLISH BAY</Specification>
		<PurchasePrice adj="N">38.5600</PurchasePrice>
		<CaseCost>38.5600</CaseCost>
		<PurchaseUOM>cs</PurchaseUOM>
		<CaseQty>85.000</CaseQty>
		<CaseUOM>g</CaseUOM>
		<PakQty>1.000</PakQty>
		<UnitCost>0.4536</UnitCost>
		<YieldFactor>1.0000</YieldFactor>
		<SupplierGroup id=""/>
		<TaxGroup id=""/>
		<BidPrice expires=""/>
	</CaseSize>
	<CaseSize Item="I-1089" current="N" acceptBids="N">
		<Supplier id="26">GORDON FOOD SERVICE (GFS)</Supplier>
		<Description/>
		<Barcode/>
		<OrderCode>1006689</OrderCode>
		<Specification/>
		<PurchasePrice adj="N">38.5400</PurchasePrice>
		<CaseCost>38.5400</CaseCost>
		<PurchaseUOM>cs</PurchaseUOM>
		<CaseQty>128.000</CaseQty>
		<CaseUOM>ea</CaseUOM>
		<PakQty>1.000</PakQty>
		<UnitCost>0.3011</UnitCost>
		<YieldFactor>1.0000</YieldFactor>
		<SupplierGroup id=""/>
		<TaxGroup id=""/>
		<BidPrice expires=""/>
	</CaseSize>
	<CaseSize Item="I-1089" current="Y" acceptBids="N">
		<Supplier id="26">GORDON FOOD SERVICE (GFS)</Supplier>
		<Description/>
		<Barcode/>
		<OrderCode>5140187</OrderCode>
		<Specification/>
		<PurchasePrice adj="N">45.8700</PurchasePrice>
		<CaseCost>45.8700</CaseCost>
		<PurchaseUOM>cs</PurchaseUOM>
		<CaseQty>85.000</CaseQty>
		<CaseUOM>CT</CaseUOM>
		<PakQty>1.000</PakQty>
		<UnitCost>0.5396</UnitCost>
		<YieldFactor>1.0000</YieldFactor>
		<SupplierGroup id=""/>
		<TaxGroup id=""/>
		<BidPrice expires=""/>
	</CaseSize>
	<CaseSize Item="I-1096" current="Y" acceptBids="N">
		<Supplier id="26">GORDON FOOD SERVICE (GFS)</Supplier>
		<Description/>
		<Barcode/>
		<OrderCode>5140177</OrderCode>
		<Specification/>
		<PurchasePrice adj="N">40.7800</PurchasePrice>
		<CaseCost>40.7800</CaseCost>
		<PurchaseUOM>cs</PurchaseUOM>
		<CaseQty>85.000</CaseQty>
		<CaseUOM>CT</CaseUOM>
		<PakQty>1.000</PakQty>
		<UnitCost>0.4798</UnitCost>
		<YieldFactor>1.0000</YieldFactor>
		<SupplierGroup id=""/>
		<TaxGroup id=""/>
		<BidPrice expires=""/>
	</CaseSize>
	<CaseSize Item="I-1100" current="Y" acceptBids="N">
		<Supplier id="26">GORDON FOOD SERVICE (GFS)</Supplier>
		<Description/>
		<Barcode/>
		<OrderCode>5140377</OrderCode>
		<Specification/>
		<PurchasePrice adj="N">50.3500</PurchasePrice>
		<CaseCost>50.3500</CaseCost>
		<PurchaseUOM>cs</PurchaseUOM>
		<CaseQty>85.000</CaseQty>
		<CaseUOM>CT</CaseUOM>
		<PakQty>1.000</PakQty>
		<UnitCost>0.5924</UnitCost>
		<YieldFactor>1.0000</YieldFactor>
		<SupplierGroup id=""/>
		<TaxGroup id=""/>
		<BidPrice expires=""/>
	</CaseSize>
	<CaseSize Item="I-1389" current="Y" acceptBids="N">
		<Supplier id="60">WENDEL&apos;S TRUE FOODS</Supplier>
		<Description/>
		<Barcode/>
		<OrderCode>8022RTC</OrderCode>
		<Specification/>
		<PurchasePrice adj="N">29.3300</PurchasePrice>
		<CaseCost>29.3300</CaseCost>
		<PurchaseUOM>cs</PurchaseUOM>
		<CaseQty>24.000</CaseQty>
		<CaseUOM>CT</CaseUOM>
		<PakQty>1.000</PakQty>
		<UnitCost>1.2221</UnitCost>
		<YieldFactor>1.0000</YieldFactor>
		<SupplierGroup id=""/>
		<TaxGroup id=""/>
		<BidPrice expires=""/>
	</CaseSize>
	<CaseSize Item="I-1391" current="N" acceptBids="N">
		<Supplier id="60">WENDEL&apos;S TRUE FOODS</Supplier>
		<Description/>
		<Barcode/>
		<OrderCode>8057RTC</OrderCode>
		<Specification/>
		<PurchasePrice adj="N">40.0000</PurchasePrice>
		<CaseCost>40.0000</CaseCost>
		<PurchaseUOM>cs</PurchaseUOM>
		<CaseQty>24.000</CaseQty>
		<CaseUOM>ea</CaseUOM>
		<PakQty>1.000</PakQty>
		<UnitCost>1.6667</UnitCost>
		<YieldFactor>1.0000</YieldFactor>
		<SupplierGroup id=""/>
		<TaxGroup id=""/>
		<BidPrice expires=""/>
	</CaseSize>
	<CaseSize Item="I-1391" current="Y" acceptBids="N">
		<Supplier id="60">WENDEL&apos;S TRUE FOODS</Supplier>
		<Description/>
		<Barcode/>
		<OrderCode>8514FCS</OrderCode>
		<Specification/>
		<PurchasePrice adj="N">34.0000</PurchasePrice>
		<CaseCost>34.0000</CaseCost>
		<PurchaseUOM>cs</PurchaseUOM>
		<CaseQty>24.000</CaseQty>
		<CaseUOM>CT</CaseUOM>
		<PakQty>1.000</PakQty>
		<UnitCost>1.4167</UnitCost>
		<YieldFactor>1.0000</YieldFactor>
		<SupplierGroup id=""/>
		<TaxGroup id=""/>
		<BidPrice expires=""/>
	</CaseSize>
	<CaseSize Item="I-26652" current="Y" acceptBids="N">
		<Supplier id="60">WENDEL&apos;S TRUE FOODS</Supplier>
		<Description/>
		<Barcode/>
		<OrderCode>8424RTC</OrderCode>
		<Specification/>
		<PurchasePrice adj="N">20.6000</PurchasePrice>
		<CaseCost>20.6000</CaseCost>
		<PurchaseUOM>CS 24</PurchaseUOM>
		<CaseQty>24.000</CaseQty>
		<CaseUOM>ea</CaseUOM>
		<PakQty>1.000</PakQty>
		<UnitCost>0.8583</UnitCost>
		<YieldFactor>1.0000</YieldFactor>
		<SupplierGroup id=""/>
		<TaxGroup id=""/>
		<BidPrice expires=""/>
	</CaseSize>
	<CaseSize Item="I-28407" current="Y" acceptBids="N">
		<Supplier id="191">1 - Production</Supplier>
		<Description/>
		<Barcode/>
		<OrderCode>27448</OrderCode>
		<Specification/>
		<PurchasePrice adj="N">1.8100</PurchasePrice>
		<CaseCost>1.8100</CaseCost>
		<PurchaseUOM>cs</PurchaseUOM>
		<CaseQty>6.000</CaseQty>
		<CaseUOM>ea</CaseUOM>
		<PakQty>1.000</PakQty>
		<UnitCost>0.3017</UnitCost>
		<YieldFactor>1.0000</YieldFactor>
		<SupplierGroup id=""/>
		<TaxGroup id=""/>
		<BidPrice expires=""/>
	</CaseSize>
	<CaseSize Item="I-32393" current="Y" acceptBids="N">
		<Supplier id="191">1 - Production</Supplier>
		<Description>BS Xmas Tree/Bell Sugar Cookie</Description>
		<Barcode/>
		<OrderCode>32382</OrderCode>
		<Specification/>
		<PurchasePrice adj="N">0.9000</PurchasePrice>
		<CaseCost>0.9000</CaseCost>
		<PurchaseUOM>PAK 6</PurchaseUOM>
		<CaseQty>6.000</CaseQty>
		<CaseUOM>ea</CaseUOM>
		<PakQty>1.000</PakQty>
		<UnitCost>0.1500</UnitCost>
		<YieldFactor>1.0000</YieldFactor>
		<SupplierGroup id=""/>
		<TaxGroup id=""/>
		<BidPrice expires=""/>
	</CaseSize>
	<CaseSize Item="I-32395" current="Y" acceptBids="N">
		<Supplier id="191">1 - Production</Supplier>
		<Description>BS|Xmas|Gingerbread PPL 6ea </Description>
		<Barcode/>
		<OrderCode>32379</OrderCode>
		<Specification/>
		<PurchasePrice adj="N">9.0000</PurchasePrice>
		<CaseCost>9.0000</CaseCost>
		<PurchaseUOM>PAK 6</PurchaseUOM>
		<CaseQty>6.000</CaseQty>
		<CaseUOM>ea</CaseUOM>
		<PakQty>1.000</PakQty>
		<UnitCost>1.5000</UnitCost>
		<YieldFactor>1.0000</YieldFactor>
		<SupplierGroup id=""/>
		<TaxGroup id=""/>
		<BidPrice expires=""/>
	</CaseSize>
	<CaseSize Item="I-32396" current="Y" acceptBids="N">
		<Supplier id="191">1 - Production</Supplier>
		<Description>BS|Xmas|Cookies Shortbread 6ea</Description>
		<Barcode/>
		<OrderCode>32310</OrderCode>
		<Specification/>
		<PurchasePrice adj="N">1.8300</PurchasePrice>
		<CaseCost>1.8300</CaseCost>
		<PurchaseUOM>PAK 6</PurchaseUOM>
		<CaseQty>6.000</CaseQty>
		<CaseUOM>ea</CaseUOM>
		<PakQty>1.000</PakQty>
		<UnitCost>0.3050</UnitCost>
		<YieldFactor>1.0000</YieldFactor>
		<SupplierGroup id=""/>
		<TaxGroup id=""/>
		<BidPrice expires=""/>
	</CaseSize>
	<CaseSize Item="I-32397" current="Y" acceptBids="N">
		<Supplier id="191">1 - Production</Supplier>
		<Description>BS Xmas Cookies Ginersnap 6ea</Description>
		<Barcode/>
		<OrderCode>32311</OrderCode>
		<Specification/>
		<PurchasePrice adj="N">1.9300</PurchasePrice>
		<CaseCost>1.9300</CaseCost>
		<PurchaseUOM>PAK 6</PurchaseUOM>
		<CaseQty>6.000</CaseQty>
		<CaseUOM>ea</CaseUOM>
		<PakQty>1.000</PakQty>
		<UnitCost>0.3217</UnitCost>
		<YieldFactor>1.0000</YieldFactor>
		<SupplierGroup id=""/>
		<TaxGroup id=""/>
		<BidPrice expires=""/>
	</CaseSize>
	<CaseSize Item="I-3284" current="Y" acceptBids="N">
		<Supplier id="26">GORDON FOOD SERVICE (GFS)</Supplier>
		<Description/>
		<Barcode/>
		<OrderCode>3541507</OrderCode>
		<Specification/>
		<PurchasePrice adj="N">33.5400</PurchasePrice>
		<CaseCost>33.5400</CaseCost>
		<PurchaseUOM>cs</PurchaseUOM>
		<CaseQty>1.000</CaseQty>
		<CaseUOM>500ML</CaseUOM>
		<PakQty>1.000</PakQty>
		<UnitCost>33.5400</UnitCost>
		<YieldFactor>1.0000</YieldFactor>
		<SupplierGroup id=""/>
		<TaxGroup id=""/>
		<BidPrice expires=""/>
	</CaseSize>
	<CaseSize Item="I-3291" current="N" acceptBids="N">
		<Supplier id="26">GORDON FOOD SERVICE (GFS)</Supplier>
		<Description/>
		<Barcode/>
		<OrderCode/>
		<Specification>ROBIN HOOD</Specification>
		<PurchasePrice adj="N">17.6900</PurchasePrice>
		<CaseCost>17.6900</CaseCost>
		<PurchaseUOM>cs</PurchaseUOM>
		<CaseQty>20.000</CaseQty>
		<CaseUOM>Kg</CaseUOM>
		<PakQty>1.000</PakQty>
		<UnitCost>0.8845</UnitCost>
		<YieldFactor>1.0000</YieldFactor>
		<SupplierGroup id=""/>
		<TaxGroup id=""/>
		<BidPrice expires=""/>
	</CaseSize>
	<CaseSize Item="I-3291" current="N" acceptBids="N">
		<Supplier id="26">GORDON FOOD SERVICE (GFS)</Supplier>
		<Description>1 x 10KG </Description>
		<Barcode/>
		<OrderCode>1289867</OrderCode>
		<Specification>ROBIN HOOD</Specification>
		<PurchasePrice adj="N">9.6300</PurchasePrice>
		<CaseCost>9.6300</CaseCost>
		<PurchaseUOM>cs</PurchaseUOM>
		<CaseQty>10.000</CaseQty>
		<CaseUOM>Kg</CaseUOM>
		<PakQty>1.000</PakQty>
		<UnitCost>0.9630</UnitCost>
		<YieldFactor>1.0000</YieldFactor>
		<SupplierGroup id=""/>
		<TaxGroup id=""/>
		<BidPrice expires=""/>
	</CaseSize>
	<CaseSize Item="I-3291" current="Y" acceptBids="N">
		<Supplier id="26">GORDON FOOD SERVICE (GFS)</Supplier>
		<Description>1 x 10KG </Description>
		<Barcode/>
		<OrderCode>1391045</OrderCode>
		<Specification>ROBIN HOOD</Specification>
		<PurchasePrice adj="N">9.6300</PurchasePrice>
		<CaseCost>9.6300</CaseCost>
		<PurchaseUOM>cs</PurchaseUOM>
		<CaseQty>10.000</CaseQty>
		<CaseUOM>Kg</CaseUOM>
		<PakQty>1.000</PakQty>
		<UnitCost>0.9630</UnitCost>
		<YieldFactor>1.0000</YieldFactor>
		<SupplierGroup id=""/>
		<TaxGroup id=""/>
		<BidPrice expires=""/>
	</CaseSize>
	<CaseSize Item="I-3291" current="N" acceptBids="N">
		<Supplier id="26">GORDON FOOD SERVICE (GFS)</Supplier>
		<Description>2 x 10KG </Description>
		<Barcode/>
		<OrderCode>3226007</OrderCode>
		<Specification>ROBIN HOOD</Specification>
		<PurchasePrice adj="N">16.2300</PurchasePrice>
		<CaseCost>16.2300</CaseCost>
		<PurchaseUOM>cs</PurchaseUOM>
		<CaseQty>20.000</CaseQty>
		<CaseUOM>Kg</CaseUOM>
		<PakQty>1.000</PakQty>
		<UnitCost>0.8115</UnitCost>
		<YieldFactor>1.0000</YieldFactor>
		<SupplierGroup id=""/>
		<TaxGroup id=""/>
		<BidPrice expires=""/>
	</CaseSize>
	<CaseSize Item="I-3660" current="N" acceptBids="N">
		<Supplier id="23">FRESH POINT</Supplier>
		<Description>SUGAR GRANULATED</Description>
		<Barcode/>
		<OrderCode>0402310</OrderCode>
		<Specification/>
		<PurchasePrice adj="N">16.4500</PurchasePrice>
		<CaseCost>16.4500</CaseCost>
		<PurchaseUOM>bag</PurchaseUOM>
		<CaseQty>10.000</CaseQty>
		<CaseUOM>Kg</CaseUOM>
		<PakQty>1.000</PakQty>
		<UnitCost>1.6450</UnitCost>
		<YieldFactor>1.0000</YieldFactor>
		<SupplierGroup id=""/>
		<TaxGroup id=""/>
		<BidPrice expires=""/>
	</CaseSize>
	<CaseSize Item="I-3660" current="N" acceptBids="Y">
		<Supplier id="26">GORDON FOOD SERVICE (GFS)</Supplier>
		<Description/>
		<Barcode/>
		<OrderCode>2312005</OrderCode>
		<Specification/>
		<PurchasePrice adj="N">20.8500</PurchasePrice>
		<CaseCost>20.8500</CaseCost>
		<PurchaseUOM>cs</PurchaseUOM>
		<CaseQty>10.000</CaseQty>
		<CaseUOM>Kg</CaseUOM>
		<PakQty>1.000</PakQty>
		<UnitCost>2.0850</UnitCost>
		<YieldFactor>1.0000</YieldFactor>
		<SupplierGroup id=""/>
		<TaxGroup id=""/>
		<BidPrice expires=""/>
	</CaseSize>
	<CaseSize Item="I-3660" current="Y" acceptBids="N">
		<Supplier id="26">GORDON FOOD SERVICE (GFS)</Supplier>
		<Description/>
		<Barcode/>
		<OrderCode>2700005</OrderCode>
		<Specification/>
		<PurchasePrice adj="N">33.6700</PurchasePrice>
		<CaseCost>33.6700</CaseCost>
		<PurchaseUOM>cs</PurchaseUOM>
		<CaseQty>20.000</CaseQty>
		<CaseUOM>Kg</CaseUOM>
		<PakQty>1.000</PakQty>
		<UnitCost>1.6835</UnitCost>
		<YieldFactor>1.0000</YieldFactor>
		<SupplierGroup id=""/>
		<TaxGroup id=""/>
		<BidPrice expires=""/>
	</CaseSize>
	<CaseSize Item="I-3660" current="N" acceptBids="Y">
		<Supplier id="26">GORDON FOOD SERVICE (GFS)</Supplier>
		<Description/>
		<Barcode/>
		<OrderCode>3238807</OrderCode>
		<Specification/>
		<PurchasePrice adj="N">13.4400</PurchasePrice>
		<CaseCost>13.4400</CaseCost>
		<PurchaseUOM>cs</PurchaseUOM>
		<CaseQty>10.000</CaseQty>
		<CaseUOM>Kg</CaseUOM>
		<PakQty>1.000</PakQty>
		<UnitCost>1.3440</UnitCost>
		<YieldFactor>1.0000</YieldFactor>
		<SupplierGroup id=""/>
		<TaxGroup id=""/>
		<BidPrice expires=""/>
	</CaseSize>
	<CaseSize Item="I-3661" current="N" acceptBids="N">
		<Supplier id="26">GORDON FOOD SERVICE (GFS)</Supplier>
		<Description/>
		<Barcode/>
		<OrderCode>3563167</OrderCode>
		<Specification/>
		<PurchasePrice adj="N">30.0900</PurchasePrice>
		<CaseCost>30.0900</CaseCost>
		<PurchaseUOM>cs</PurchaseUOM>
		<CaseQty>20.000</CaseQty>
		<CaseUOM>Kg</CaseUOM>
		<PakQty>1.000</PakQty>
		<UnitCost>1.5045</UnitCost>
		<YieldFactor>1.0000</YieldFactor>
		<SupplierGroup id=""/>
		<TaxGroup id=""/>
		<BidPrice expires=""/>
	</CaseSize>
	<CaseSize Item="I-3661" current="Y" acceptBids="N">
		<Supplier id="26">GORDON FOOD SERVICE (GFS)</Supplier>
		<Description/>
		<Barcode/>
		<OrderCode>5796605</OrderCode>
		<Specification/>
		<PurchasePrice adj="N">30.0900</PurchasePrice>
		<CaseCost>30.0900</CaseCost>
		<PurchaseUOM>cs</PurchaseUOM>
		<CaseQty>20.000</CaseQty>
		<CaseUOM>Kg</CaseUOM>
		<PakQty>1.000</PakQty>
		<UnitCost>1.5045</UnitCost>
		<YieldFactor>1.0000</YieldFactor>
		<SupplierGroup id=""/>
		<TaxGroup id=""/>
		<BidPrice expires=""/>
	</CaseSize>
	<CaseSize Item="I-3661" current="N" acceptBids="N">
		<Supplier id="54">SNOW CAP ENTERPRISES LTD.</Supplier>
		<Description>20 KG</Description>
		<Barcode/>
		<OrderCode>SD12</OrderCode>
		<Specification/>
		<PurchasePrice adj="N">40.8000</PurchasePrice>
		<CaseCost>40.8000</CaseCost>
		<PurchaseUOM>cs</PurchaseUOM>
		<CaseQty>20000.000</CaseQty>
		<CaseUOM>g</CaseUOM>
		<PakQty>0.001</PakQty>
		<UnitCost>2.0400</UnitCost>
		<YieldFactor>1.0000</YieldFactor>
		<SupplierGroup id=""/>
		<TaxGroup id=""/>
		<BidPrice expires=""/>
	</CaseSize>
	<CaseSize Item="I-38713" current="Y" acceptBids="Y">
		<Supplier id="253">Trump food</Supplier>
		<Description/>
		<Barcode/>
		<OrderCode>320</OrderCode>
		<Specification/>
		<PurchasePrice adj="N">11.8800</PurchasePrice>
		<CaseCost>11.8800</CaseCost>
		<PurchaseUOM>cs</PurchaseUOM>
		<CaseQty>12.000</CaseQty>
		<CaseUOM>CT</CaseUOM>
		<PakQty>1.000</PakQty>
		<UnitCost>0.9900</UnitCost>
		<YieldFactor>1.0000</YieldFactor>
		<SupplierGroup id=""/>
		<TaxGroup id=""/>
		<BidPrice expires="2021-12-31 00:00:00">11.8800</BidPrice>
	</CaseSize>
	<CaseSize Item="I-38808" current="Y" acceptBids="N">
		<Supplier id="191">1 - Production</Supplier>
		<Description/>
		<Barcode/>
		<OrderCode>38754</OrderCode>
		<Specification/>
		<PurchasePrice adj="N">5.7000</PurchasePrice>
		<CaseCost>5.7000</CaseCost>
		<PurchaseUOM>6 pk</PurchaseUOM>
		<CaseQty>6.000</CaseQty>
		<CaseUOM>ea</CaseUOM>
		<PakQty>1.000</PakQty>
		<UnitCost>0.9500</UnitCost>
		<YieldFactor>1.0000</YieldFactor>
		<SupplierGroup id=""/>
		<TaxGroup id=""/>
		<BidPrice expires=""/>
	</CaseSize>
	<CaseSize Item="I-42103" current="Y" acceptBids="Y">
		<Supplier id="253">Trump food</Supplier>
		<Description>ea</Description>
		<Barcode/>
		<OrderCode/>
		<Specification/>
		<PurchasePrice adj="N">0.9500</PurchasePrice>
		<CaseCost>0.9500</CaseCost>
		<PurchaseUOM>ea</PurchaseUOM>
		<CaseQty>1.000</CaseQty>
		<CaseUOM>ea</CaseUOM>
		<PakQty>1.000</PakQty>
		<UnitCost>0.9500</UnitCost>
		<YieldFactor>1.0000</YieldFactor>
		<SupplierGroup id=""/>
		<TaxGroup id=""/>
		<BidPrice expires="2021-12-31 00:00:00">0.9500</BidPrice>
	</CaseSize>
	<CaseSize Item="I-48730" current="N" acceptBids="N">
		<Supplier id="191">1 - Production</Supplier>
		<Description/>
		<Barcode/>
		<OrderCode/>
		<Specification/>
		<PurchasePrice adj="N">9.0000</PurchasePrice>
		<CaseCost>9.0000</CaseCost>
		<PurchaseUOM>6 pk</PurchaseUOM>
		<CaseQty>6.000</CaseQty>
		<CaseUOM>ea</CaseUOM>
		<PakQty>1.000</PakQty>
		<UnitCost>1.5000</UnitCost>
		<YieldFactor>1.0000</YieldFactor>
		<SupplierGroup id=""/>
		<TaxGroup id=""/>
		<BidPrice expires=""/>
	</CaseSize>
	<CaseSize Item="I-48730" current="Y" acceptBids="N">
		<Supplier id="191">1 - Production</Supplier>
		<Description>BS|Val|Cookies Heart</Description>
		<Barcode/>
		<OrderCode>54840</OrderCode>
		<Specification/>
		<PurchasePrice adj="N">9.0009</PurchasePrice>
		<CaseCost>9.0000</CaseCost>
		<PurchaseUOM>6 pk</PurchaseUOM>
		<CaseQty>6.000</CaseQty>
		<CaseUOM>ea</CaseUOM>
		<PakQty>1.000</PakQty>
		<UnitCost>1.5000</UnitCost>
		<YieldFactor>1.0000</YieldFactor>
		<SupplierGroup id=""/>
		<TaxGroup id=""/>
		<BidPrice expires=""/>
	</CaseSize>
	<CaseSize Item="I-48731" current="Y" acceptBids="N">
		<Supplier id="191">1 - Production</Supplier>
		<Description/>
		<Barcode/>
		<OrderCode>48724</OrderCode>
		<Specification/>
		<PurchasePrice adj="N">5.7006</PurchasePrice>
		<CaseCost>5.7000</CaseCost>
		<PurchaseUOM>6 pk</PurchaseUOM>
		<CaseQty>6.000</CaseQty>
		<CaseUOM>ea</CaseUOM>
		<PakQty>1.000</PakQty>
		<UnitCost>0.9500</UnitCost>
		<YieldFactor>1.0000</YieldFactor>
		<SupplierGroup id=""/>
		<TaxGroup id=""/>
		<BidPrice expires=""/>
	</CaseSize>
	<CaseSize Item="I-6026" current="N" acceptBids="Y">
		<Supplier id="13">CIOFFI&apos;S MEAT MARKET AND DELI</Supplier>
		<Description/>
		<Barcode/>
		<OrderCode>WS1318</OrderCode>
		<Specification>12 x 1.36 KG DIAMOND CRYSTAL</Specification>
		<PurchasePrice adj="N">77.9900</PurchasePrice>
		<CaseCost>77.9900</CaseCost>
		<PurchaseUOM>cs</PurchaseUOM>
		<CaseQty>12.000</CaseQty>
		<CaseUOM>box</CaseUOM>
		<PakQty>1000.000</PakQty>
		<UnitCost>0.0065</UnitCost>
		<YieldFactor>1.0000</YieldFactor>
		<SupplierGroup id=""/>
		<TaxGroup id=""/>
		<BidPrice expires=""/>
	</CaseSize>
	<CaseSize Item="I-6026" current="N" acceptBids="Y">
		<Supplier id="26">GORDON FOOD SERVICE (GFS)</Supplier>
		<Description/>
		<Barcode/>
		<OrderCode/>
		<Specification/>
		<PurchasePrice adj="N">32.3400</PurchasePrice>
		<CaseCost>32.3400</CaseCost>
		<PurchaseUOM>cs</PurchaseUOM>
		<CaseQty>12.000</CaseQty>
		<CaseUOM>pak</CaseUOM>
		<PakQty>3.000</PakQty>
		<UnitCost>0.8983</UnitCost>
		<YieldFactor>1.0000</YieldFactor>
		<SupplierGroup id=""/>
		<TaxGroup id=""/>
		<BidPrice expires=""/>
	</CaseSize>
	<CaseSize Item="I-6026" current="N" acceptBids="Y">
		<Supplier id="26">GORDON FOOD SERVICE (GFS)</Supplier>
		<Description>B/C = 1 SHAKER</Description>
		<Barcode/>
		<OrderCode/>
		<Specification>WINDSOR</Specification>
		<PurchasePrice adj="N">5.0000</PurchasePrice>
		<CaseCost>5.0000</CaseCost>
		<PurchaseUOM>ea</PurchaseUOM>
		<CaseQty>1.000</CaseQty>
		<CaseUOM>ea</CaseUOM>
		<PakQty>1.000</PakQty>
		<UnitCost>5.0000</UnitCost>
		<YieldFactor>1.0000</YieldFactor>
		<SupplierGroup id=""/>
		<TaxGroup id=""/>
		<BidPrice expires=""/>
	</CaseSize>
	<CaseSize Item="I-6026" current="N" acceptBids="Y">
		<Supplier id="26">GORDON FOOD SERVICE (GFS)</Supplier>
		<Description/>
		<Barcode/>
		<OrderCode>1274160</OrderCode>
		<Specification>WINDSOR</Specification>
		<PurchasePrice adj="N">100.5400</PurchasePrice>
		<CaseCost>100.5400</CaseCost>
		<PurchaseUOM>cs</PurchaseUOM>
		<CaseQty>16.320</CaseQty>
		<CaseUOM>Kg</CaseUOM>
		<PakQty>1000.000</PakQty>
		<UnitCost>0.0062</UnitCost>
		<YieldFactor>1.0000</YieldFactor>
		<SupplierGroup id=""/>
		<TaxGroup id=""/>
		<BidPrice expires=""/>
	</CaseSize>
	<CaseSize Item="I-6026" current="N" acceptBids="Y">
		<Supplier id="26">GORDON FOOD SERVICE (GFS)</Supplier>
		<Description/>
		<Barcode/>
		<OrderCode>1438913</OrderCode>
		<Specification/>
		<PurchasePrice adj="N">87.6100</PurchasePrice>
		<CaseCost>87.6100</CaseCost>
		<PurchaseUOM>cs</PurchaseUOM>
		<CaseQty>9.000</CaseQty>
		<CaseUOM>pak</CaseUOM>
		<PakQty>1360.000</PakQty>
		<UnitCost>0.0072</UnitCost>
		<YieldFactor>1.0000</YieldFactor>
		<SupplierGroup id=""/>
		<TaxGroup id=""/>
		<BidPrice expires=""/>
	</CaseSize>
	<CaseSize Item="I-6026" current="Y" acceptBids="Y">
		<Supplier id="26">GORDON FOOD SERVICE (GFS)</Supplier>
		<Description/>
		<Barcode>52.27</Barcode>
		<OrderCode>9362805</OrderCode>
		<Specification>WINDSOR</Specification>
		<PurchasePrice adj="N">51.6000</PurchasePrice>
		<CaseCost>51.6000</CaseCost>
		<PurchaseUOM>cs</PurchaseUOM>
		<CaseQty>16.320</CaseQty>
		<CaseUOM>Kg</CaseUOM>
		<PakQty>1000.000</PakQty>
		<UnitCost>0.0032</UnitCost>
		<YieldFactor>1.0000</YieldFactor>
		<SupplierGroup id=""/>
		<TaxGroup id=""/>
		<BidPrice expires=""/>
	</CaseSize>
	<CaseSize Item="I-8060" current="N" acceptBids="N">
		<Supplier id="52">SAPUTO DAIRY PRODUCTS</Supplier>
		<Description/>
		<Barcode/>
		<OrderCode/>
		<Specification/>
		<PurchasePrice adj="N">4.9400</PurchasePrice>
		<CaseCost>4.9400</CaseCost>
		<PurchaseUOM>ea</PurchaseUOM>
		<CaseQty>1.000</CaseQty>
		<CaseUOM>ea</CaseUOM>
		<PakQty>454.000</PakQty>
		<UnitCost>0.0109</UnitCost>
		<YieldFactor>1.0000</YieldFactor>
		<SupplierGroup id=""/>
		<TaxGroup id=""/>
		<BidPrice expires=""/>
	</CaseSize>
	<CaseSize Item="I-8060" current="N" acceptBids="N">
		<Supplier id="52">SAPUTO DAIRY PRODUCTS</Supplier>
		<Description/>
		<Barcode/>
		<OrderCode>068700005039</OrderCode>
		<Specification/>
		<PurchasePrice adj="N">5.4600</PurchasePrice>
		<CaseCost>5.4600</CaseCost>
		<PurchaseUOM>un</PurchaseUOM>
		<CaseQty>1.000</CaseQty>
		<CaseUOM>un</CaseUOM>
		<PakQty>454.000</PakQty>
		<UnitCost>0.0120</UnitCost>
		<YieldFactor>1.0000</YieldFactor>
		<SupplierGroup id=""/>
		<TaxGroup id=""/>
		<BidPrice expires=""/>
	</CaseSize>
	<CaseSize Item="I-8060" current="Y" acceptBids="N">
		<Supplier id="52">SAPUTO DAIRY PRODUCTS</Supplier>
		<Description/>
		<Barcode/>
		<OrderCode>171435</OrderCode>
		<Specification/>
		<PurchasePrice adj="N">6.6200</PurchasePrice>
		<CaseCost>6.6200</CaseCost>
		<PurchaseUOM>un</PurchaseUOM>
		<CaseQty>1.000</CaseQty>
		<CaseUOM>ea</CaseUOM>
		<PakQty>454.000</PakQty>
		<UnitCost>0.0146</UnitCost>
		<YieldFactor>1.0000</YieldFactor>
		<SupplierGroup id=""/>
		<TaxGroup id=""/>
		<BidPrice expires=""/>
	</CaseSize>
	<CaseSize Item="I-8060" current="N" acceptBids="N">
		<Supplier id="52">SAPUTO DAIRY PRODUCTS</Supplier>
		<Description/>
		<Barcode/>
		<OrderCode>71562</OrderCode>
		<Specification/>
		<PurchasePrice adj="N">167.8600</PurchasePrice>
		<CaseCost>167.8600</CaseCost>
		<PurchaseUOM>cs</PurchaseUOM>
		<CaseQty>25.000</CaseQty>
		<CaseUOM>ea</CaseUOM>
		<PakQty>454.000</PakQty>
		<UnitCost>0.0148</UnitCost>
		<YieldFactor>1.0000</YieldFactor>
		<SupplierGroup id=""/>
		<TaxGroup id=""/>
		<BidPrice expires=""/>
	</CaseSize>
	<CaseSize Item="I-8060" current="N" acceptBids="Y">
		<Supplier id="52">SAPUTO DAIRY PRODUCTS</Supplier>
		<Description>25 x 454g /cs</Description>
		<Barcode/>
		<OrderCode>71984</OrderCode>
		<Specification>SAPUTO</Specification>
		<PurchasePrice adj="N">158.9400</PurchasePrice>
		<CaseCost>158.9400</CaseCost>
		<PurchaseUOM>cs</PurchaseUOM>
		<CaseQty>25.000</CaseQty>
		<CaseUOM>ea</CaseUOM>
		<PakQty>454.000</PakQty>
		<UnitCost>0.0140</UnitCost>
		<YieldFactor>1.0000</YieldFactor>
		<SupplierGroup id=""/>
		<TaxGroup id=""/>
		<BidPrice expires=""/>
	</CaseSize>
	<CaseSize Item="Iqq-1093" current="N" acceptBids="N">
		<Supplier id="26">GORDON FOOD SERVICE (GFS)</Supplier>
		<Description/>
		<Barcode/>
		<OrderCode>1006680</OrderCode>
		<Specification/>
		<PurchasePrice adj="N">38.5400</PurchasePrice>
		<CaseCost>38.5400</CaseCost>
		<PurchaseUOM>cs</PurchaseUOM>
		<CaseQty>128.000</CaseQty>
		<CaseUOM>ea</CaseUOM>
		<PakQty>1.000</PakQty>
		<UnitCost>0.3011</UnitCost>
		<YieldFactor>1.0000</YieldFactor>
		<SupplierGroup id=""/>
		<TaxGroup id=""/>
		<BidPrice expires=""/>
	</CaseSize>
	<CaseSize Item="Iqq-1093" current="Y" acceptBids="Y">
		<Supplier id="26">GORDON FOOD SERVICE (GFS)</Supplier>
		<Description/>
		<Barcode/>
		<OrderCode>5140917</OrderCode>
		<Specification/>
		<PurchasePrice adj="N">45.8700</PurchasePrice>
		<CaseCost>45.8700</CaseCost>
		<PurchaseUOM>cs</PurchaseUOM>
		<CaseQty>85.000</CaseQty>
		<CaseUOM>CT</CaseUOM>
		<PakQty>1.000</PakQty>
		<UnitCost>0.5396</UnitCost>
		<YieldFactor>1.0000</YieldFactor>
		<SupplierGroup id=""/>
		<TaxGroup id=""/>
		<BidPrice expires=""/>
	</CaseSize>
</CaseSizes>
