﻿<?xml version="1.0" encoding="UTF-8" standalone="yes"?>
<Ingredients>
	<Ingredient qty="15.000" uom="ml" recipe="P-13326" invFactor="0.6000" conversion="0.00200000" ingredient="I-3284"/>
	<Ingredient qty="510.000" uom="g" recipe="P-13326" invFactor="20.4000" conversion="0.00100000" ingredient="I-3291"/>
	<Ingredient qty="10.000" uom="g" recipe="P-13326" invFactor="0.4000" conversion="0.00100000" ingredient="I-3660"/>
	<Ingredient qty="170.000" uom="g" recipe="P-13326" invFactor="6.8000" conversion="0.00100000" ingredient="I-3661"/>
	<Ingredient qty="2.500" uom="g" recipe="P-13326" invFactor="0.1000" conversion="1.00000000" ingredient="I-6026"/>
	<Ingredient qty="510.000" uom="g" recipe="P-13326" invFactor="20.4000" conversion="1.00000000" ingredient="I-8060"/>
	<Ingredient qty="6.000" uom="ea" recipe="P-32310" invFactor="6.0000" conversion="1.00000000" ingredient="P-13326"/>
	<Ingredient qty="1.000" uom="CT" recipe="R-29808" invFactor="1.0000" conversion="1.00000000" ingredient="I-1389"/>
	<Ingredient qty="0.240" uom="CT" recipe="R-30168" invFactor="1.0000" conversion="1.00000000" ingredient="I-1085"/>
	<Ingredient qty="0.240" uom="CT" recipe="R-30168" invFactor="1.0000" conversion="1.00000000" ingredient="I-1089"/>
	<Ingredient qty="0.040" uom="CT" recipe="R-30168" invFactor="1.0000" conversion="1.00000000" ingredient="I-1096"/>
	<Ingredient qty="0.240" uom="CT" recipe="R-30168" invFactor="1.0000" conversion="1.00000000" ingredient="I-1100"/>
	<Ingredient qty="0.240" uom="CT" recipe="R-30168" invFactor="1.0000" conversion="1.00000000" ingredient="Iqq-1093"/>
	<Ingredient qty="1.000" uom="ea" recipe="R-30170" invFactor="1.0000" conversion="1.00000000" ingredient="I-28407"/>
	<Ingredient qty="0.167" uom="PAK 6" recipe="R-32626" invFactor="1.0000" conversion="1.00000000" ingredient="P-32310"/>
	<Ingredient qty="1.000" uom="CT" recipe="R-38226" invFactor="1.0000" conversion="1.00000000" ingredient="I-1081"/>
	<Ingredient qty="1.000" uom="ea" recipe="R-39451" invFactor="1.0000" conversion="1.00000000" ingredient="I-26652"/>
	<Ingredient qty="1.000" uom="ea" recipe="R-41024" invFactor="1.0000" conversion="1.00000000" ingredient="I-32395"/>
	<Ingredient qty="1.000" uom="ea" recipe="R-41027" invFactor="1.0000" conversion="1.00000000" ingredient="I-32397"/>
	<Ingredient qty="1.000" uom="ea" recipe="R-45849" invFactor="1.0000" conversion="1.00000000" ingredient="I-26652"/>
	<Ingredient qty="1.000" uom="ea" recipe="R-46742" invFactor="1.0000" conversion="1.00000000" ingredient="I-38808"/>
	<Ingredient qty="1.000" uom="ea" recipe="R-48026" invFactor="1.0000" conversion="1.00000000" ingredient="I-32395"/>
	<Ingredient qty="1.000" uom="ea" recipe="R-48027" invFactor="1.0000" conversion="1.00000000" ingredient="I-32396"/>
	<Ingredient qty="1.000" uom="each" recipe="R-48028" invFactor="1.0000" conversion="1.00000000" ingredient="I-32393"/>
	<Ingredient qty="1.000" uom="ea" recipe="R-48895" invFactor="1.0000" conversion="1.00000000" ingredient="I-48731"/>
	<Ingredient qty="1.000" uom="ea" recipe="R-48937" invFactor="1.0000" conversion="1.00000000" ingredient="I-48730"/>
	<Ingredient qty="1.000" uom="ea" recipe="R-48938" invFactor="1.0000" conversion="1.00000000" ingredient="I-48730"/>
	<Ingredient qty="1.000" uom="CT" recipe="R-52512" invFactor="1.0000" conversion="1.00000000" ingredient="I-1391"/>
	<Ingredient qty="1.000" uom="ea" recipe="R-54070" invFactor="1.0000" conversion="1.00000000" ingredient="I-32395"/>
	<Ingredient qty="1.000" uom="CT" recipe="R-58707" invFactor="1.0000" conversion="1.00000000" ingredient="I-38713"/>
	<Ingredient qty="1.000" uom="ea" recipe="R-60972" invFactor="1.0000" conversion="1.00000000" ingredient="I-42103"/>
</Ingredients>
