﻿<?xml version="1.0" encoding="UTF-8" standalone="yes"?>
<Items>
	<Item id="I-32397" active="Y" keyItem="Y" actualize="N">
		<Description>BS Xmas Cookies Ginersnap 6ea</Description>
		<Cost>0.3217</Cost>
		<CaseQty>6.000</CaseQty>
		<CaseUOM>ea</CaseUOM>
		<PakQty>1.000</PakQty>
		<PakUOM>ea</PakUOM>
		<Comments/>
		<InventoryGroup id="302">PRODUCTION FOOD</InventoryGroup>
		<SalesCategory id="2">Food</SalesCategory>
		<Location id="449">OK - ARCHIVE</Location>
		<ExpenseAccount id="22" ref="SC0070" type="C" locked="N">COS-Food NoTax</ExpenseAccount>
		<IncomeAccount id="14" ref="Gross Sales" type="I" locked="Y">Gross Sales</IncomeAccount>
	</Item>
	<Item id="I-32393" active="Y" keyItem="Y" actualize="N">
		<Description>BS Xmas Tree\Bell Sugar Cookie</Description>
		<Cost>0.1500</Cost>
		<CaseQty>6.000</CaseQty>
		<CaseUOM>ea</CaseUOM>
		<PakQty>1.000</PakQty>
		<PakUOM>each</PakUOM>
		<Comments/>
		<InventoryGroup id="4">PRODUCE</InventoryGroup>
		<SalesCategory id="2">Food</SalesCategory>
		<Location id="449">OK - ARCHIVE</Location>
		<ExpenseAccount id="22" ref="SC0070" type="C" locked="N">COS-Food NoTax</ExpenseAccount>
		<IncomeAccount id="14" ref="Gross Sales" type="I" locked="Y">Gross Sales</IncomeAccount>
	</Item>
	<Item id="I-38808" active="Y" keyItem="Y" actualize="N">
		<Description>BS|Cookies|Sugar Pumpkin 6ea</Description>
		<Cost>0.9500</Cost>
		<CaseQty>6.000</CaseQty>
		<CaseUOM>ea</CaseUOM>
		<PakQty>1.000</PakQty>
		<PakUOM>ea</PakUOM>
		<Comments/>
		<InventoryGroup id="302">PRODUCTION FOOD</InventoryGroup>
		<SalesCategory id="2">Food</SalesCategory>
		<Location id="449">OK - ARCHIVE</Location>
		<ExpenseAccount id="22" ref="SC0070" type="C" locked="N">COS-Food NoTax</ExpenseAccount>
		<IncomeAccount id="14" ref="Gross Sales" type="I" locked="Y">Gross Sales</IncomeAccount>
	</Item>
	<Item id="I-32396" active="Y" keyItem="Y" actualize="N">
		<Description>BS|Xmas|Cookies Shortbread 6ea</Description>
		<Cost>0.3050</Cost>
		<CaseQty>6.000</CaseQty>
		<CaseUOM>ea</CaseUOM>
		<PakQty>1.000</PakQty>
		<PakUOM>ea</PakUOM>
		<Comments/>
		<InventoryGroup id="302">PRODUCTION FOOD</InventoryGroup>
		<SalesCategory id="2">Food</SalesCategory>
		<Location id="253">OK - SERVE BAKESHOP</Location>
		<ExpenseAccount id="22" ref="SC0070" type="C" locked="N">COS-Food NoTax</ExpenseAccount>
		<IncomeAccount id="14" ref="Gross Sales" type="I" locked="Y">Gross Sales</IncomeAccount>
	</Item>
	<Item id="I-32395" active="Y" keyItem="Y" actualize="N">
		<Description>BS|Xmas|Gingerbread PPL 6ea </Description>
		<Cost>1.5000</Cost>
		<CaseQty>6.000</CaseQty>
		<CaseUOM>ea</CaseUOM>
		<PakQty>1.000</PakQty>
		<PakUOM>ea</PakUOM>
		<Comments/>
		<InventoryGroup id="302">PRODUCTION FOOD</InventoryGroup>
		<SalesCategory id="2">Food</SalesCategory>
		<Location id="253">OK - SERVE BAKESHOP</Location>
		<ExpenseAccount id="22" ref="SC0070" type="C" locked="N">COS-Food NoTax</ExpenseAccount>
		<IncomeAccount id="14" ref="Gross Sales" type="I" locked="Y">Gross Sales</IncomeAccount>
	</Item>
	<Item id="I-8060" active="Y" keyItem="Y" actualize="N">
		<Description>BUTTER UNSALTED FRS 454G</Description>
		<Cost>0.0146</Cost>
		<CaseQty>1.000</CaseQty>
		<CaseUOM>ea</CaseUOM>
		<PakQty>454.000</PakQty>
		<PakUOM>g</PakUOM>
		<Comments>PRICE INCREASE ACCEPTED NOVEMBER 2019</Comments>
		<InventoryGroup id="9">DAIRY</InventoryGroup>
		<SalesCategory id="2">Food</SalesCategory>
		<Location id="301">OK - DAIRY COOLER</Location>
		<ExpenseAccount id="22" ref="SC0070" type="C" locked="N">COS-Food NoTax</ExpenseAccount>
		<IncomeAccount id="14" ref="Gross Sales" type="I" locked="Y">Gross Sales</IncomeAccount>
	</Item>
	<Item id="I-1081" active="Y" keyItem="Y" actualize="N">
		<Description>COOKIE CHOC CHIP IND WRPD TFC</Description>
		<Cost>0.3810</Cost>
		<CaseQty>72.000</CaseQty>
		<CaseUOM>CT</CaseUOM>
		<PakQty>1.000</PakQty>
		<PakUOM>CT</PakUOM>
		<Comments/>
		<InventoryGroup id="19">BAKED GOODS</InventoryGroup>
		<SalesCategory id="2">Food</SalesCategory>
		<Location id="302">OK - FREEZER</Location>
		<ExpenseAccount id="23" ref="SC0314" type="C" locked="N">COS-Snacks|Bev [GST]</ExpenseAccount>
		<IncomeAccount id="14" ref="Gross Sales" type="I" locked="Y">Gross Sales</IncomeAccount>
	</Item>
	<Item id="I-1085" active="Y" keyItem="Y" actualize="N">
		<Description>COOKIE DOUGH CHOC CHIP DBL TFC</Description>
		<Cost>0.5396</Cost>
		<CaseQty>85.000</CaseQty>
		<CaseUOM>g</CaseUOM>
		<PakQty>1.000</PakQty>
		<PakUOM>g</PakUOM>
		<Comments/>
		<InventoryGroup id="20">BAKING-RAW INGREDIENTS</InventoryGroup>
		<SalesCategory id="2">Food</SalesCategory>
		<Location id="302">OK - FREEZER</Location>
		<ExpenseAccount id="22" ref="SC0070" type="C" locked="N">COS-Food NoTax</ExpenseAccount>
		<IncomeAccount id="14" ref="Gross Sales" type="I" locked="Y">Gross Sales</IncomeAccount>
	</Item>
	<Item id="I-1089" active="Y" keyItem="Y" actualize="N">
		<Description>COOKIE DOUGH CHOC CHIP LG</Description>
		<Cost>0.5396</Cost>
		<CaseQty>85.000</CaseQty>
		<CaseUOM>CT</CaseUOM>
		<PakQty>1.000</PakQty>
		<PakUOM>CT</PakUOM>
		<Comments/>
		<InventoryGroup id="20">BAKING-RAW INGREDIENTS</InventoryGroup>
		<SalesCategory id="2">Food</SalesCategory>
		<Location id="302">OK - FREEZER</Location>
		<ExpenseAccount id="22" ref="SC0070" type="C" locked="N">COS-Food NoTax</ExpenseAccount>
		<IncomeAccount id="14" ref="Gross Sales" type="I" locked="Y">Gross Sales</IncomeAccount>
	</Item>
	<Item id="Iqq-1093" active="Y" keyItem="Y" actualize="N">
		<Description>COOKIE DOUGH MONSTER M&amp;M TFC</Description>
		<Cost>0.5396</Cost>
		<CaseQty>85.000</CaseQty>
		<CaseUOM>CT</CaseUOM>
		<PakQty>1.000</PakQty>
		<PakUOM>CT</PakUOM>
		<Comments/>
		<InventoryGroup id="20">BAKING-RAW INGREDIENTS</InventoryGroup>
		<SalesCategory id="2">Food</SalesCategory>
		<Location id="302">OK - FREEZER</Location>
		<ExpenseAccount id="22" ref="SC0070" type="C" locked="N">COS-Food NoTax</ExpenseAccount>
		<IncomeAccount id="14" ref="Gross Sales" type="I" locked="Y">Gross Sales</IncomeAccount>
	</Item>
	<Item id="I-1096" active="Y" keyItem="Y" actualize="N">
		<Description>COOKIE DOUGH OATMEAL RAISIN LG</Description>
		<Cost>0.4798</Cost>
		<CaseQty>85.000</CaseQty>
		<CaseUOM>CT</CaseUOM>
		<PakQty>1.000</PakQty>
		<PakUOM>CT</PakUOM>
		<Comments/>
		<InventoryGroup id="20">BAKING-RAW INGREDIENTS</InventoryGroup>
		<SalesCategory id="2">Food</SalesCategory>
		<Location id="302">OK - FREEZER</Location>
		<ExpenseAccount id="22" ref="SC0070" type="C" locked="N">COS-Food NoTax</ExpenseAccount>
		<IncomeAccount id="14" ref="Gross Sales" type="I" locked="Y">Gross Sales</IncomeAccount>
	</Item>
	<Item id="I-1100" active="Y" keyItem="Y" actualize="N">
		<Description>COOKIE DOUGH WTE/CHOC MAC/NUT </Description>
		<Cost>0.5924</Cost>
		<CaseQty>85.000</CaseQty>
		<CaseUOM>CT</CaseUOM>
		<PakQty>1.000</PakQty>
		<PakUOM>CT</PakUOM>
		<Comments/>
		<InventoryGroup id="20">BAKING-RAW INGREDIENTS</InventoryGroup>
		<SalesCategory id="2">Food</SalesCategory>
		<Location id="302">OK - FREEZER</Location>
		<ExpenseAccount id="22" ref="SC0070" type="C" locked="N">COS-Food NoTax</ExpenseAccount>
		<IncomeAccount id="14" ref="Gross Sales" type="I" locked="Y">Gross Sales</IncomeAccount>
	</Item>
	<Item id="I-26652" active="Y" keyItem="Y" actualize="N">
		<Description>COOKIE GF ALMONDD BUTTER</Description>
		<Cost>0.8583</Cost>
		<CaseQty>24.000</CaseQty>
		<CaseUOM>ea</CaseUOM>
		<PakQty>1.000</PakQty>
		<PakUOM>ea</PakUOM>
		<Comments/>
		<InventoryGroup id="19">BAKED GOODS</InventoryGroup>
		<SalesCategory id="2">Food</SalesCategory>
		<Location id="253">OK - SERVE BAKESHOP</Location>
		<ExpenseAccount id="22" ref="SC0070" type="C" locked="N">COS-Food NoTax</ExpenseAccount>
		<IncomeAccount id="14" ref="Gross Sales" type="I" locked="Y">Gross Sales</IncomeAccount>
	</Item>
	<Item id="I-1389" active="Y" keyItem="Y" actualize="N">
		<Description>COOKIE GF CHOCOLATE CHIP </Description>
		<Cost>1.2221</Cost>
		<CaseQty>24.000</CaseQty>
		<CaseUOM>CT</CaseUOM>
		<PakQty>1.000</PakQty>
		<PakUOM>CT</PakUOM>
		<Comments/>
		<InventoryGroup id="19">BAKED GOODS</InventoryGroup>
		<SalesCategory id="2">Food</SalesCategory>
		<Location id="450">OK - SERVE G&amp;G COOL</Location>
		<ExpenseAccount id="22" ref="SC0070" type="C" locked="N">COS-Food NoTax</ExpenseAccount>
		<IncomeAccount id="14" ref="Gross Sales" type="I" locked="Y">Gross Sales</IncomeAccount>
	</Item>
	<Item id="I-1391" active="Y" keyItem="Y" actualize="N">
		<Description>COOKIE GF GINGER </Description>
		<Cost>1.4167</Cost>
		<CaseQty>24.000</CaseQty>
		<CaseUOM>CT</CaseUOM>
		<PakQty>1.000</PakQty>
		<PakUOM>CT</PakUOM>
		<Comments/>
		<InventoryGroup id="19">BAKED GOODS</InventoryGroup>
		<SalesCategory id="2">Food</SalesCategory>
		<Location id="253">OK - SERVE BAKESHOP</Location>
		<ExpenseAccount id="22" ref="SC0070" type="C" locked="N">COS-Food NoTax</ExpenseAccount>
		<IncomeAccount id="14" ref="Gross Sales" type="I" locked="Y">Gross Sales</IncomeAccount>
	</Item>
	<Item id="I-38713" active="Y" keyItem="N" actualize="N">
		<Description>COOKIE PUMPKIN SUGAR</Description>
		<Cost>0.9900</Cost>
		<CaseQty>12.000</CaseQty>
		<CaseUOM>CT</CaseUOM>
		<PakQty>1.000</PakQty>
		<PakUOM>CT</PakUOM>
		<Comments/>
		<InventoryGroup id="19">BAKED GOODS</InventoryGroup>
		<SalesCategory id="2">Food</SalesCategory>
		<Location id="302">OK - FREEZER</Location>
		<ExpenseAccount id="22" ref="SC0070" type="C" locked="N">COS-Food NoTax</ExpenseAccount>
		<IncomeAccount id="14" ref="Gross Sales" type="I" locked="Y">Gross Sales</IncomeAccount>
	</Item>
	<Item id="I-28407" active="Y" keyItem="Y" actualize="N">
		<Description>COOKIES|Chocolate Chip 6ea</Description>
		<Cost>0.3017</Cost>
		<CaseQty>6.000</CaseQty>
		<CaseUOM>ea</CaseUOM>
		<PakQty>1.000</PakQty>
		<PakUOM>ea</PakUOM>
		<Comments/>
		<InventoryGroup id="302">PRODUCTION FOOD</InventoryGroup>
		<SalesCategory id="2">Food</SalesCategory>
		<Location id="449">OK - ARCHIVE</Location>
		<ExpenseAccount id="22" ref="SC0070" type="C" locked="N">COS-Food NoTax</ExpenseAccount>
		<IncomeAccount id="14" ref="Gross Sales" type="I" locked="Y">Gross Sales</IncomeAccount>
	</Item>
	<Item id="I-3284" active="Y" keyItem="Y" actualize="N">
		<Description>EXTRACT VANILLA PURE</Description>
		<Cost>33.5400</Cost>
		<CaseQty>1.000</CaseQty>
		<CaseUOM>500ML</CaseUOM>
		<PakQty>1.000</PakQty>
		<PakUOM>500ML</PakUOM>
		<Comments/>
		<InventoryGroup id="16">FOOD - GROCERY</InventoryGroup>
		<SalesCategory id="2">Food</SalesCategory>
		<Location id="299">OK - STORES AISLE #1</Location>
		<ExpenseAccount id="22" ref="SC0070" type="C" locked="N">COS-Food NoTax</ExpenseAccount>
		<IncomeAccount id="14" ref="Gross Sales" type="I" locked="Y">Gross Sales</IncomeAccount>
	</Item>
	<Item id="I-3291" active="Y" keyItem="Y" actualize="N">
		<Description>FLOUR ALL PURPOSE BAKER&apos;S HOOD</Description>
		<Cost>0.9630</Cost>
		<CaseQty>10.000</CaseQty>
		<CaseUOM>Kg</CaseUOM>
		<PakQty>1.000</PakQty>
		<PakUOM>Kg</PakUOM>
		<Comments>item # 7187700 DISCONTINUED BY THE VENDOR</Comments>
		<InventoryGroup id="16">FOOD - GROCERY</InventoryGroup>
		<SalesCategory id="2">Food</SalesCategory>
		<Location id="449">OK - ARCHIVE</Location>
		<ExpenseAccount id="22" ref="SC0070" type="C" locked="N">COS-Food NoTax</ExpenseAccount>
		<IncomeAccount id="14" ref="Gross Sales" type="I" locked="Y">Gross Sales</IncomeAccount>
	</Item>
	<Item id="I-6026" active="Y" keyItem="Y" actualize="N">
		<Description>SALT KOSHER </Description>
		<Cost>0.0032</Cost>
		<CaseQty>16.320</CaseQty>
		<CaseUOM>Kg</CaseUOM>
		<PakQty>1000.000</PakQty>
		<PakUOM>g</PakUOM>
		<Comments>PRICE CHANGED DECEMBER 2018</Comments>
		<InventoryGroup id="18">SPICES</InventoryGroup>
		<SalesCategory id="2">Food</SalesCategory>
		<Location id="491">OK - STORES AISLE #3</Location>
		<ExpenseAccount id="22" ref="SC0070" type="C" locked="N">COS-Food NoTax</ExpenseAccount>
		<IncomeAccount id="14" ref="Gross Sales" type="I" locked="Y">Gross Sales</IncomeAccount>
	</Item>
	<Item id="I-3660" active="Y" keyItem="Y" actualize="N">
		<Description>SUGAR GRANULATED FINE</Description>
		<Cost>1.6835</Cost>
		<CaseQty>20.000</CaseQty>
		<CaseUOM>Kg</CaseUOM>
		<PakQty>1.000</PakQty>
		<PakUOM>Kg</PakUOM>
		<Comments>Replacing Item Code 3238807</Comments>
		<InventoryGroup id="16">FOOD - GROCERY</InventoryGroup>
		<SalesCategory id="2">Food</SalesCategory>
		<Location id="299">OK - STORES AISLE #1</Location>
		<ExpenseAccount id="22" ref="SC0070" type="C" locked="N">COS-Food NoTax</ExpenseAccount>
		<IncomeAccount id="14" ref="Gross Sales" type="I" locked="Y">Gross Sales</IncomeAccount>
	</Item>
	<Item id="I-3661" active="Y" keyItem="Y" actualize="N">
		<Description>SUGAR ICING</Description>
		<Cost>1.5045</Cost>
		<CaseQty>20.000</CaseQty>
		<CaseUOM>Kg</CaseUOM>
		<PakQty>1.000</PakQty>
		<PakUOM>Kg</PakUOM>
		<Comments>REPLACED 3563167 APR 2018</Comments>
		<InventoryGroup id="16">FOOD - GROCERY</InventoryGroup>
		<SalesCategory id="2">Food</SalesCategory>
		<Location id="299">OK - STORES AISLE #1</Location>
		<ExpenseAccount id="22" ref="SC0070" type="C" locked="N">COS-Food NoTax</ExpenseAccount>
		<IncomeAccount id="14" ref="Gross Sales" type="I" locked="Y">Gross Sales</IncomeAccount>
	</Item>
	<Item id="I-48731" active="Y" keyItem="Y" actualize="N">
		<Description>VAL|Cookies Ginger Bear 6ea</Description>
		<Cost>0.9500</Cost>
		<CaseQty>6.000</CaseQty>
		<CaseUOM>ea</CaseUOM>
		<PakQty>1.000</PakQty>
		<PakUOM>ea</PakUOM>
		<Comments/>
		<InventoryGroup id="302">PRODUCTION FOOD</InventoryGroup>
		<SalesCategory id="2">Food</SalesCategory>
		<Location id="117">FOOD</Location>
		<ExpenseAccount id="22" ref="SC0070" type="C" locked="N">COS-Food NoTax</ExpenseAccount>
		<IncomeAccount id="14" ref="Gross Sales" type="I" locked="Y">Gross Sales</IncomeAccount>
	</Item>
	<Item id="I-48730" active="Y" keyItem="Y" actualize="N">
		<Description>VAL|Cookies Heart</Description>
		<Cost>1.5000</Cost>
		<CaseQty>6.000</CaseQty>
		<CaseUOM>ea</CaseUOM>
		<PakQty>1.000</PakQty>
		<PakUOM>ea</PakUOM>
		<Comments/>
		<InventoryGroup id="302">PRODUCTION FOOD</InventoryGroup>
		<SalesCategory id="2">Food</SalesCategory>
		<Location id="117">FOOD</Location>
		<ExpenseAccount id="22" ref="SC0070" type="C" locked="N">COS-Food NoTax</ExpenseAccount>
		<IncomeAccount id="14" ref="Gross Sales" type="I" locked="Y">Gross Sales</IncomeAccount>
	</Item>
	<Item id="I-42103" active="Y" keyItem="Y" actualize="N">
		<Description>VALENTINE COOKIES GINGER BEAR</Description>
		<Cost>0.9500</Cost>
		<CaseQty>1.000</CaseQty>
		<CaseUOM>ea</CaseUOM>
		<PakQty>1.000</PakQty>
		<PakUOM>ea</PakUOM>
		<Comments/>
		<InventoryGroup id="16">FOOD - GROCERY</InventoryGroup>
		<SalesCategory id="2">Food</SalesCategory>
		<Location id="302">OK - FREEZER</Location>
		<ExpenseAccount id="22" ref="SC0070" type="C" locked="N">COS-Food NoTax</ExpenseAccount>
		<IncomeAccount id="14" ref="Gross Sales" type="I" locked="Y">Gross Sales</IncomeAccount>
	</Item>
</Items>
