﻿<?xml version="1.0" encoding="UTF-8" standalone="yes"?>
<Preps>
	<Prep id="P-32310" active="Y" keyItem="N">
		<Description>BS Xmas Cookies Shortbread 6ea</Description>
		<Barcode/>
		<Cost>2.2140</Cost>
		<PakQty>1.000</PakQty>
		<PakUOM>PAK 6</PakUOM>
		<Comments/>
		<InventoryGroup id="19">BAKED GOODS</InventoryGroup>
		<SalesCategory id="2">Food</SalesCategory>
		<IncomeAccount id="14" ref="Gross Sales" type="I" locked="Y">Gross Sales</IncomeAccount>
		<Location id="262">CK Bake Shop</Location>
	</Prep>
	<Prep id="P-13326" active="Y" keyItem="N">
		<Description>CK- XMAS SHORTBREAD</Description>
		<Barcode/>
		<Cost>0.3690</Cost>
		<PakQty>25.000</PakQty>
		<PakUOM>ea</PakUOM>
		<Comments/>
		<InventoryGroup id=""/>
		<SalesCategory id=""/>
		<IncomeAccount id="" ref="" type="" locked=""/>
		<Location id=""/>
	</Prep>
</Preps>
