﻿<?xml version="1.0" encoding="UTF-8" standalone="yes"?>
<Prods>
	<Prod id="R-38226" active="Y" special="N">
		<Description>DES|Cookie|English Bay|Wrapped</Description>
		<Barcode/>
		<Cost>0.3810</Cost>
		<Comments/>
		<SalesGroup id="335">OK - BAKERY/DESSERT</SalesGroup>
		<SalesCategory id="2">Food</SalesCategory>
		<IncomeAccount id="14" ref="Gross Sales" type="I" locked="Y">Gross Sales</IncomeAccount>
		<TaxGroup id=""/>
		<Price>1.49</Price>
		<PLU num="23222">COOKIE</PLU>
	</Prod>
	<Prod id="R-48028" active="Y" special="N">
		<Description>DES|Cookie|Festive</Description>
		<Barcode/>
		<Cost>0.1500</Cost>
		<Comments/>
		<SalesGroup id="335">OK - BAKERY/DESSERT</SalesGroup>
		<SalesCategory id="2">Food</SalesCategory>
		<IncomeAccount id="14" ref="Gross Sales" type="I" locked="Y">Gross Sales</IncomeAccount>
		<TaxGroup id=""/>
		<Price>1.25</Price>
		<PLU num="27489">FESTIVE COOKIES</PLU>
	</Prod>
	<Prod id="R-46742" active="Y" special="N">
		<Description>DES|Cookie|Pumpkin Sugar|CK</Description>
		<Barcode/>
		<Cost>0.9500</Cost>
		<Comments/>
		<SalesGroup id="335">OK - BAKERY/DESSERT</SalesGroup>
		<SalesCategory id="2">Food</SalesCategory>
		<IncomeAccount id="14" ref="Gross Sales" type="I" locked="Y">Gross Sales</IncomeAccount>
		<TaxGroup id=""/>
		<Price>2.45</Price>
		<PLU num="23642">COOKIE - PUMPKIN SUGAR</PLU>
	</Prod>
	<Prod id="R-58707" active="Y" special="N">
		<Description>DES|Cookie|Pumpkin Sugar|Trump</Description>
		<Barcode/>
		<Cost>0.9900</Cost>
		<Comments/>
		<SalesGroup id="335">OK - BAKERY/DESSERT</SalesGroup>
		<SalesCategory id="2">Food</SalesCategory>
		<IncomeAccount id="14" ref="Gross Sales" type="I" locked="Y">Gross Sales</IncomeAccount>
		<TaxGroup id=""/>
		<Price>2.45</Price>
		<PLU num="23546">RS - PUMPKIN COOKIE</PLU>
	</Prod>
	<Prod id="R-48027" active="Y" special="N">
		<Description>DES|Cookie|Shortbread</Description>
		<Barcode/>
		<Cost>0.3050</Cost>
		<Comments/>
		<SalesGroup id="335">OK - BAKERY/DESSERT</SalesGroup>
		<SalesCategory id="2">Food</SalesCategory>
		<IncomeAccount id="14" ref="Gross Sales" type="I" locked="Y">Gross Sales</IncomeAccount>
		<TaxGroup id=""/>
		<Price>1.79</Price>
		<PLU num="15145">RS - TRAD SHORTBREAD</PLU>
	</Prod>
	<Prod id="R-32626" active="Y" special="N">
		<Description>DES|Cookie|Shortbread.</Description>
		<Barcode/>
		<Cost>0.3697</Cost>
		<Comments/>
		<SalesGroup id="335">OK - BAKERY/DESSERT</SalesGroup>
		<SalesCategory id="2">Food</SalesCategory>
		<IncomeAccount id="14" ref="Gross Sales" type="I" locked="Y">Gross Sales</IncomeAccount>
		<TaxGroup id=""/>
		<Price>1.79</Price>
		<PLU num="">SHORTBREAD COOKIE</PLU>
	</Prod>
	<Prod id="R-30170" active="Y" special="N">
		<Description>DES|Cookie|Small Asst</Description>
		<Barcode/>
		<Cost>0.3017</Cost>
		<Comments/>
		<SalesGroup id="335">OK - BAKERY/DESSERT</SalesGroup>
		<SalesCategory id="2">Food</SalesCategory>
		<IncomeAccount id="14" ref="Gross Sales" type="I" locked="Y">Gross Sales</IncomeAccount>
		<TaxGroup id=""/>
		<Price>1.25</Price>
		<PLU num="11819">COOKIE</PLU>
	</Prod>
	<Prod id="R-48937" active="Y" special="N">
		<Description>DES|Cookie|Sugar</Description>
		<Barcode/>
		<Cost>1.5000</Cost>
		<Comments/>
		<SalesGroup id="335">OK - BAKERY/DESSERT</SalesGroup>
		<SalesCategory id="2">Food</SalesCategory>
		<IncomeAccount id="14" ref="Gross Sales" type="I" locked="Y">Gross Sales</IncomeAccount>
		<TaxGroup id=""/>
		<Price>2.99</Price>
		<PLU num="20488">WRAP SUGAR COOKIE</PLU>
	</Prod>
	<Prod id="R-30168" active="Y" special="N">
		<Description>DES|Cookie|Supreme Asst</Description>
		<Barcode/>
		<Cost>0.5499</Cost>
		<Comments/>
		<SalesGroup id="335">OK - BAKERY/DESSERT</SalesGroup>
		<SalesCategory id="2">Food</SalesCategory>
		<IncomeAccount id="14" ref="Gross Sales" type="I" locked="Y">Gross Sales</IncomeAccount>
		<TaxGroup id=""/>
		<Price>2.79</Price>
		<PLU num="11821">COOKIE - SUPREME</PLU>
	</Prod>
	<Prod id="R-60972" active="Y" special="N">
		<Description>DES|Cookie|Valentin Gingerbear</Description>
		<Barcode/>
		<Cost>0.9500</Cost>
		<Comments/>
		<SalesGroup id="363">OK - GRAB &amp; GO</SalesGroup>
		<SalesCategory id="2">Food</SalesCategory>
		<IncomeAccount id="14" ref="Gross Sales" type="I" locked="Y">Gross Sales</IncomeAccount>
		<TaxGroup id=""/>
		<Price>2.49</Price>
		<PLU num="33037">VALENTINE`S GINGERBEAR COOKIE</PLU>
	</Prod>
	<Prod id="R-48938" active="Y" special="N">
		<Description>DES|Cookie|Valentine Heart</Description>
		<Barcode/>
		<Cost>1.5000</Cost>
		<Comments/>
		<SalesGroup id="363">OK - GRAB &amp; GO</SalesGroup>
		<SalesCategory id="2">Food</SalesCategory>
		<IncomeAccount id="14" ref="Gross Sales" type="I" locked="Y">Gross Sales</IncomeAccount>
		<TaxGroup id=""/>
		<Price>2.99</Price>
		<PLU num="33040">VALENTINES HEART SUGAR COOKIE</PLU>
	</Prod>
	<Prod id="R-39451" active="Y" special="N">
		<Description>DES|Cookie|Wendel&apos;s|Almond</Description>
		<Barcode/>
		<Cost>0.8583</Cost>
		<Comments/>
		<SalesGroup id="363">OK - GRAB &amp; GO</SalesGroup>
		<SalesCategory id="2">Food</SalesCategory>
		<IncomeAccount id="14" ref="Gross Sales" type="I" locked="Y">Gross Sales</IncomeAccount>
		<TaxGroup id=""/>
		<Price>3.25</Price>
		<PLU num="23887">WENDEL`S ALMOND COOKIE</PLU>
	</Prod>
	<Prod id="R-45849" active="Y" special="N">
		<Description>DES|Cookie|Wendel&apos;s|Almond.</Description>
		<Barcode/>
		<Cost>0.8583</Cost>
		<Comments/>
		<SalesGroup id="363">OK - GRAB &amp; GO</SalesGroup>
		<SalesCategory id="2">Food</SalesCategory>
		<IncomeAccount id="14" ref="Gross Sales" type="I" locked="Y">Gross Sales</IncomeAccount>
		<TaxGroup id=""/>
		<Price>3.25</Price>
		<PLU num="13465">COOKIE - ALMOND BUTTER - GF</PLU>
	</Prod>
	<Prod id="R-29808" active="Y" special="N">
		<Description>DES|Cookie|Wendel&apos;s|Choc Chip</Description>
		<Barcode/>
		<Cost>1.2221</Cost>
		<Comments/>
		<SalesGroup id="363">OK - GRAB &amp; GO</SalesGroup>
		<SalesCategory id="2">Food</SalesCategory>
		<IncomeAccount id="14" ref="Gross Sales" type="I" locked="Y">Gross Sales</IncomeAccount>
		<TaxGroup id=""/>
		<Price>2.45</Price>
		<PLU num="23888">WENDEL`S C.C. COOKIE</PLU>
	</Prod>
	<Prod id="R-52512" active="Y" special="N">
		<Description>DES|Cookie|Wendel&apos;s|Ginger</Description>
		<Barcode/>
		<Cost>1.4167</Cost>
		<Comments/>
		<SalesGroup id="363">OK - GRAB &amp; GO</SalesGroup>
		<SalesCategory id="2">Food</SalesCategory>
		<IncomeAccount id="14" ref="Gross Sales" type="I" locked="Y">Gross Sales</IncomeAccount>
		<TaxGroup id=""/>
		<Price>2.45</Price>
		<PLU num="23659">RS - WENDELS GINGER COOKIE</PLU>
	</Prod>
	<Prod id="R-48895" active="Y" special="N">
		<Description>DES|Cookie|Xmas|Ginger Bear</Description>
		<Barcode/>
		<Cost>0.9500</Cost>
		<Comments/>
		<SalesGroup id="335">OK - BAKERY/DESSERT</SalesGroup>
		<SalesCategory id="2">Food</SalesCategory>
		<IncomeAccount id="14" ref="Gross Sales" type="I" locked="Y">Gross Sales</IncomeAccount>
		<TaxGroup id=""/>
		<Price>2.49</Price>
		<PLU num="27763">COOKIE - GINGER CINNAMON BEAR</PLU>
	</Prod>
	<Prod id="R-41024" active="Y" special="N">
		<Description>DES|Cookie|Xmas|Ginger People</Description>
		<Barcode/>
		<Cost>1.5000</Cost>
		<Comments/>
		<SalesGroup id="335">OK - BAKERY/DESSERT</SalesGroup>
		<SalesCategory id="2">Food</SalesCategory>
		<IncomeAccount id="14" ref="Gross Sales" type="I" locked="Y">Gross Sales</IncomeAccount>
		<TaxGroup id=""/>
		<Price>3.00</Price>
		<PLU num="17689">RS - GINGER PEOPLE</PLU>
	</Prod>
	<Prod id="R-48026" active="Y" special="N">
		<Description>DES|Cookie|Xmas|Ginger People.</Description>
		<Barcode/>
		<Cost>1.5000</Cost>
		<Comments/>
		<SalesGroup id="335">OK - BAKERY/DESSERT</SalesGroup>
		<SalesCategory id="2">Food</SalesCategory>
		<IncomeAccount id="14" ref="Gross Sales" type="I" locked="Y">Gross Sales</IncomeAccount>
		<TaxGroup id=""/>
		<Price>3.00</Price>
		<PLU num="27487">GINGERBREAD PEOPLE</PLU>
	</Prod>
	<Prod id="R-54070" active="Y" special="N">
		<Description>DES|Cookie|Xmas|Gingerbrd Peep</Description>
		<Barcode/>
		<Cost>1.5000</Cost>
		<Comments/>
		<SalesGroup id="363">OK - GRAB &amp; GO</SalesGroup>
		<SalesCategory id="2">Food</SalesCategory>
		<IncomeAccount id="14" ref="Gross Sales" type="I" locked="Y">Gross Sales</IncomeAccount>
		<TaxGroup id=""/>
		<Price>3.00</Price>
		<PLU num="11789">GINGERBRD - PERSON</PLU>
	</Prod>
	<Prod id="R-41027" active="Y" special="N">
		<Description>DES|Cookie|Xmas|Gingersnap</Description>
		<Barcode/>
		<Cost>0.3217</Cost>
		<Comments/>
		<SalesGroup id="335">OK - BAKERY/DESSERT</SalesGroup>
		<SalesCategory id="2">Food</SalesCategory>
		<IncomeAccount id="14" ref="Gross Sales" type="I" locked="Y">Gross Sales</IncomeAccount>
		<TaxGroup id=""/>
		<Price>1.75</Price>
		<PLU num="20487">COOKIE - GINGERSNAP</PLU>
	</Prod>
</Prods>
