﻿<?xml version="1.0" encoding="UTF-8" standalone="yes"?>
<Ingredients>
	<Ingredient qty="1.000" uom="Kg" recipe="P-10241" invFactor="1.0000" conversion="1.00000000" ingredient="P-18746"/>
	<Ingredient qty="1.000" uom="CT" recipe="P-12954" invFactor="0.0013" conversion="1.00000000" ingredient="I-4598"/>
	<Ingredient qty="10.000" uom="Kg" recipe="P-18746" invFactor="1.2048" conversion="2.20462000" ingredient="I-4792"/>
	<Ingredient qty="225.000" uom="g" recipe="P-18907" invFactor="0.1837" conversion="0.00100000" ingredient="I-3643"/>
	<Ingredient qty="1000.000" uom="g" recipe="P-18907" invFactor="0.8163" conversion="1.00000000" ingredient="I-6026"/>
	<Ingredient qty="2.270" uom="Kg" recipe="P-19175" invFactor="1.4188" conversion="2.20462000" ingredient="I-6807"/>
	<Ingredient qty="10.000" uom="Kg" recipe="P-19208" invFactor="1.2195" conversion="2.20462000" ingredient="I-4589"/>
	<Ingredient qty="1.000" uom="lb" recipe="P-24452" invFactor="1.1111" conversion="1.00000000" ingredient="I-4381"/>
	<Ingredient qty="500.000" uom="g" recipe="P-24750" invFactor="1000.0000" conversion="1.00000000" ingredient="P-26514"/>
	<Ingredient qty="2.000" uom="Kg" recipe="P-25993" invFactor="0.2857" conversion="1000.00000000" ingredient="I-3642"/>
	<Ingredient qty="5.000" uom="Kg" recipe="P-25993" invFactor="0.7143" conversion="1000.00000000" ingredient="I-6026"/>
	<Ingredient qty="750.000" uom="ml" recipe="P-26020" invFactor="300.0000" conversion="0.00100000" ingredient="I-3388"/>
	<Ingredient qty="2.270" uom="Kg" recipe="P-26020" invFactor="0.9080" conversion="2.20462000" ingredient="I-4657"/>
	<Ingredient qty="400.000" uom="ml" recipe="P-26062" invFactor="13.3333" conversion="0.03381406" ingredient="I-6443"/>
	<Ingredient qty="250.000" uom="g" recipe="P-26062" invFactor="8.3333" conversion="1.00000000" ingredient="P-18907"/>
	<Ingredient qty="300.000" uom="g" recipe="P-26062" invFactor="10.0000" conversion="0.00100000" ingredient="P-24750"/>
	<Ingredient qty="23.000" uom="Kg" recipe="P-26062" invFactor="0.7667" conversion="1.00000000" ingredient="P-44429"/>
	<Ingredient qty="1.000" uom="Kg" recipe="P-26062" invFactor="0.0333" conversion="1.00000000" ingredient="P-56811"/>
	<Ingredient qty="5.000" uom="Kg" recipe="P-26062" invFactor="0.1667" conversion="1.00000000" ingredient="P-57499"/>
	<Ingredient qty="150.000" uom="ml" recipe="P-26068" invFactor="16.6667" conversion="0.00100000" ingredient="I-3388"/>
	<Ingredient qty="10.000" uom="Kg" recipe="P-26068" invFactor="1.1111" conversion="2.20462000" ingredient="P-24452"/>
	<Ingredient qty="40.000" uom="g" recipe="P-26068" invFactor="4.4444" conversion="1.00000000" ingredient="P-25993"/>
	<Ingredient qty="2.250" uom="Kg" recipe="P-26205" invFactor="2.0018" conversion="2.20462000" ingredient="I-4725"/>
	<Ingredient qty="100.000" uom="ml" recipe="P-26205" invFactor="88.9680" conversion="0.00100000" ingredient="I-6006"/>
	<Ingredient qty="5.000" uom="g" recipe="P-26205" invFactor="4.4484" conversion="1.00000000" ingredient="P-25993"/>
	<Ingredient qty="2.000" uom="L" recipe="P-26220" invFactor="0.5000" conversion="1.00000000" ingredient="I-3388"/>
	<Ingredient qty="40.000" uom="g" recipe="P-26220" invFactor="10.0000" conversion="0.03527399" ingredient="I-3630"/>
	<Ingredient qty="750.000" uom="ml" recipe="P-26220" invFactor="187.5000" conversion="0.00100000" ingredient="I-3695"/>
	<Ingredient qty="4.000" uom="CT" recipe="P-26220" invFactor="1.0000" conversion="1.00000000" ingredient="I-4341"/>
	<Ingredient qty="900.000" uom="g" recipe="P-26220" invFactor="225.0000" conversion="0.00220462" ingredient="I-4695"/>
	<Ingredient qty="225.000" uom="g" recipe="P-26220" invFactor="56.2500" conversion="0.00220462" ingredient="I-4787"/>
	<Ingredient qty="80.000" uom="g" recipe="P-26220" invFactor="20.0000" conversion="1.00000000" ingredient="I-6026"/>
	<Ingredient qty="125.000" uom="g" recipe="P-26220" invFactor="31.2500" conversion="0.00100000" ingredient="P-26020"/>
	<Ingredient qty="3.000" uom="Kg" recipe="P-26226" invFactor="0.7500" conversion="1.00000000" ingredient="I-2948"/>
	<Ingredient qty="100.000" uom="ml" recipe="P-26226" invFactor="25.0000" conversion="0.00100000" ingredient="I-3388"/>
	<Ingredient qty="5.000" uom="g" recipe="P-26226" invFactor="1.2500" conversion="1.00000000" ingredient="I-3623"/>
	<Ingredient qty="65.000" uom="g" recipe="P-26226" invFactor="16.2500" conversion="0.00220462" ingredient="I-4657"/>
	<Ingredient qty="45.000" uom="g" recipe="P-26226" invFactor="11.2500" conversion="1.00000000" ingredient="P-18907"/>
	<Ingredient qty="1.000" uom="CT" recipe="P-26514" invFactor="0.0182" conversion="1.00000000" ingredient="I-4341"/>
	<Ingredient qty="5.000" uom="Kg" recipe="P-29179" invFactor="0.5000" conversion="1.00000000" ingredient="I-2893"/>
	<Ingredient qty="10.000" uom="L" recipe="P-29179" invFactor="1.0000" conversion="1.00000000" ingredient="I-5983"/>
	<Ingredient qty="50.000" uom="g" recipe="P-29179" invFactor="5.0000" conversion="1.00000000" ingredient="P-25993"/>
	<Ingredient qty="1.000" uom="4L" recipe="P-32459" invFactor="0.4348" conversion="4.00000000" ingredient="I-18803"/>
	<Ingredient qty="2.840" uom="Kg" recipe="P-32663" invFactor="1.4200" conversion="1.00000000" ingredient="I-6829"/>
	<Ingredient qty="4.000" uom="L" recipe="P-33869" invFactor="2.4390" conversion="1.00000000" ingredient="I-3448"/>
	<Ingredient qty="11.550" uom="Kg" recipe="P-38556" invFactor="1.0132" conversion="2.20462000" ingredient="P-24452"/>
	<Ingredient qty="2.000" uom="L" recipe="P-38637" invFactor="1.6667" conversion="1.00000000" ingredient="I-3159"/>
	<Ingredient qty="11.550" uom="Kg" recipe="P-39167" invFactor="1.0490" conversion="2.20462000" ingredient="P-24452"/>
	<Ingredient qty="11.500" uom="Kg" recipe="P-43440" invFactor="1.0445" conversion="1.00000000" ingredient="P-19175"/>
	<Ingredient qty="1.000" uom="Kg" recipe="P-44429" invFactor="1.0000" conversion="1.00000000" ingredient="P-50587"/>
	<Ingredient qty="3.000" uom="Kg" recipe="P-46546" invFactor="1.0345" conversion="1.00000000" ingredient="I-2122"/>
	<Ingredient qty="454.000" uom="g" recipe="P-46862" invFactor="22.7000" conversion="1.00000000" ingredient="I-35791"/>
	<Ingredient qty="1.500" uom="L" recipe="P-48489" invFactor="1.5000" conversion="1.00000000" ingredient="I-3387"/>
	<Ingredient qty="1.150" uom="Kg" recipe="P-48489" invFactor="1.1500" conversion="2.20462000" ingredient="I-4657"/>
	<Ingredient qty="10.000" uom="Kg" recipe="P-48870" invFactor="1.5873" conversion="1.00000000" ingredient="I-19665"/>
	<Ingredient qty="40.000" uom="g" recipe="P-48870" invFactor="6.3492" conversion="0.00100000" ingredient="I-2051"/>
	<Ingredient qty="10.000" uom="g" recipe="P-48870" invFactor="1.5873" conversion="0.00100000" ingredient="I-2911"/>
	<Ingredient qty="50.000" uom="g" recipe="P-48870" invFactor="7.9365" conversion="1.00000000" ingredient="I-6026"/>
	<Ingredient qty="700.000" uom="g" recipe="P-50429" invFactor="1.5556" conversion="0.00220462" ingredient="I-4695"/>
	<Ingredient qty="340.000" uom="ml" recipe="P-50489" invFactor="124.9082" conversion="0.00100000" ingredient="I-1820"/>
	<Ingredient qty="10.000" uom="ml" recipe="P-50489" invFactor="3.6738" conversion="1.00000000" ingredient="I-1821"/>
	<Ingredient qty="100.000" uom="g" recipe="P-50489" invFactor="36.7377" conversion="1.00000000" ingredient="I-2850"/>
	<Ingredient qty="4.500" uom="Kg" recipe="P-50489" invFactor="1.6532" conversion="1.00000000" ingredient="I-3851"/>
	<Ingredient qty="30.000" uom="g" recipe="P-50489" invFactor="11.0213" conversion="0.00220462" ingredient="I-4657"/>
	<Ingredient qty="225.000" uom="g" recipe="P-50489" invFactor="82.6598" conversion="0.00220462" ingredient="I-4745"/>
	<Ingredient qty="150.000" uom="g" recipe="P-50489" invFactor="55.1065" conversion="0.00220462" ingredient="I-4787"/>
	<Ingredient qty="30.000" uom="g" recipe="P-50489" invFactor="11.0213" conversion="1.00000000" ingredient="P-18907"/>
	<Ingredient qty="1440.000" uom="g" recipe="P-50502" invFactor="4.6452" conversion="0.00100000" ingredient="I-2157"/>
	<Ingredient qty="75.000" uom="g" recipe="P-50502" invFactor="0.2419" conversion="0.00100000" ingredient="I-2911"/>
	<Ingredient qty="90.000" uom="ml" recipe="P-50502" invFactor="0.2903" conversion="0.00100000" ingredient="I-3572"/>
	<Ingredient qty="20.000" uom="g" recipe="P-50502" invFactor="0.0645" conversion="1.00000000" ingredient="I-3642"/>
	<Ingredient qty="7.500" uom="Kg" recipe="P-50502" invFactor="0.0242" conversion="1.00000000" ingredient="I-3846"/>
	<Ingredient qty="60.000" uom="g" recipe="P-50502" invFactor="0.1935" conversion="1.00000000" ingredient="I-6026"/>
	<Ingredient qty="150.000" uom="g" recipe="P-50502" invFactor="0.4839" conversion="0.00100000" ingredient="P-26020"/>
	<Ingredient qty="1.000" uom="Kg" recipe="P-50502" invFactor="0.0032" conversion="1.00000000" ingredient="P-26205"/>
	<Ingredient qty="1.000" uom="Kg" recipe="P-50502" invFactor="0.0032" conversion="1.00000000" ingredient="P-29179"/>
	<Ingredient qty="454.000" uom="g" recipe="P-50502" invFactor="1.4645" conversion="0.00100000" ingredient="P-38556"/>
	<Ingredient qty="125.000" uom="g" recipe="P-50502" invFactor="0.4032" conversion="1.00000000" ingredient="P-50429"/>
	<Ingredient qty="10.000" uom="Kg" recipe="P-50587" invFactor="1.1111" conversion="2.20462000" ingredient="I-4933"/>
	<Ingredient qty="1.000" uom="g" recipe="P-50689" invFactor="0.0100" conversion="0.00100000" ingredient="I-12176"/>
	<Ingredient qty="10.000" uom="ml" recipe="P-50689" invFactor="0.1000" conversion="0.00100000" ingredient="I-3388"/>
	<Ingredient qty="0.500" uom="g" recipe="P-50689" invFactor="0.0050" conversion="0.00100000" ingredient="I-3643"/>
	<Ingredient qty="100.000" uom="g" recipe="P-50689" invFactor="1.0000" conversion="0.00100000" ingredient="P-9756"/>
	<Ingredient qty="3.000" uom="Kg" recipe="P-50801" invFactor="1.0345" conversion="1.00000000" ingredient="I-3016"/>
	<Ingredient qty="2.600" uom="Kg" recipe="P-50802" invFactor="1.3000" conversion="1.00000000" ingredient="I-4971"/>
	<Ingredient qty="60.000" uom="ml" recipe="P-50803" invFactor="24.0000" conversion="0.03381406" ingredient="I-1813"/>
	<Ingredient qty="60.000" uom="ml" recipe="P-50803" invFactor="24.0000" conversion="0.00142019" ingredient="I-3321"/>
	<Ingredient qty="10.000" uom="g" recipe="P-50803" invFactor="4.0000" conversion="1.00000000" ingredient="I-6026"/>
	<Ingredient qty="2.000" uom="L" recipe="P-50803" invFactor="0.8000" conversion="1.00000000" ingredient="I-60772"/>
	<Ingredient qty="35.000" uom="g" recipe="P-50803" invFactor="14.0000" conversion="0.00100000" ingredient="P-53745"/>
	<Ingredient qty="1.000" uom="Kg" recipe="P-50840" invFactor="0.5669" conversion="2.20462000" ingredient="I-4785"/>
	<Ingredient qty="3.000" uom="Kg" recipe="P-50923" invFactor="1.0000" conversion="1.00000000" ingredient="P-32663"/>
	<Ingredient qty="1.000" uom="Kg" recipe="P-50966" invFactor="1.0000" conversion="2.20462000" ingredient="I-17159"/>
	<Ingredient qty="1.000" uom="Kg" recipe="P-53745" invFactor="1.1111" conversion="2.20462000" ingredient="I-4787"/>
	<Ingredient qty="60.000" uom="ml" recipe="P-56506" invFactor="66.6667" conversion="0.03381406" ingredient="I-1813"/>
	<Ingredient qty="60.000" uom="ml" recipe="P-56506" invFactor="66.6667" conversion="0.00100000" ingredient="I-1820"/>
	<Ingredient qty="2.000" uom="g" recipe="P-56506" invFactor="2.2222" conversion="0.00100000" ingredient="I-2911"/>
	<Ingredient qty="60.000" uom="ml" recipe="P-56506" invFactor="66.6667" conversion="0.00100000" ingredient="I-3389"/>
	<Ingredient qty="5.000" uom="g" recipe="P-56506" invFactor="5.5556" conversion="0.03527399" ingredient="I-3630"/>
	<Ingredient qty="5.000" uom="g" recipe="P-56506" invFactor="5.5556" conversion="1.00000000" ingredient="I-3640"/>
	<Ingredient qty="1.000" uom="Kg" recipe="P-56506" invFactor="1.1111" conversion="1.00000000" ingredient="I-3856"/>
	<Ingredient qty="50.000" uom="g" recipe="P-56506" invFactor="55.5556" conversion="0.00100000" ingredient="I-6028"/>
	<Ingredient qty="20.000" uom="g" recipe="P-56506" invFactor="22.2222" conversion="0.00100000" ingredient="P-26020"/>
	<Ingredient qty="4.540" uom="Kg" recipe="P-56811" invFactor="1.1350" conversion="2.20462000" ingredient="I-4787"/>
	<Ingredient qty="1.000" uom="Kg" recipe="P-57150" invFactor="1.1111" conversion="2.20462000" ingredient="I-4637"/>
	<Ingredient qty="11.500" uom="Kg" recipe="P-57499" invFactor="1.0455" conversion="1.00000000" ingredient="P-19175"/>
	<Ingredient qty="1.000" uom="Kg" recipe="P-57639" invFactor="1.0000" conversion="1.00000000" ingredient="P-19175"/>
	<Ingredient qty="30.000" uom="ml" recipe="P-61323" invFactor="10.7143" conversion="0.00100000" ingredient="I-3390"/>
	<Ingredient qty="500.000" uom="ml" recipe="P-61323" invFactor="178.5714" conversion="0.00100000" ingredient="I-3692"/>
	<Ingredient qty="2.000" uom="Kg" recipe="P-61323" invFactor="0.7143" conversion="1.00000000" ingredient="I-5010"/>
	<Ingredient qty="250.000" uom="ml" recipe="P-61323" invFactor="89.2857" conversion="0.00100000" ingredient="I-5983"/>
	<Ingredient qty="150.000" uom="ml" recipe="P-61756" invFactor="37.5000" conversion="0.00100000" ingredient="I-3389"/>
	<Ingredient qty="10.000" uom="g" recipe="P-61756" invFactor="2.5000" conversion="1.00000000" ingredient="I-3586"/>
	<Ingredient qty="1.000" uom="Kg" recipe="P-61756" invFactor="0.2500" conversion="1000.00000000" ingredient="P-12954"/>
	<Ingredient qty="1.000" uom="Kg" recipe="P-61756" invFactor="0.2500" conversion="1.00000000" ingredient="P-19208"/>
	<Ingredient qty="1.000" uom="Kg" recipe="P-61756" invFactor="0.2500" conversion="1.00000000" ingredient="P-9839"/>
	<Ingredient qty="1.000" uom="Kg" recipe="P-61756" invFactor="0.2500" conversion="1.00000000" ingredient="P-9851"/>
	<Ingredient qty="2.000" uom="Kg" recipe="P-8196" invFactor="0.1053" conversion="1.00000000" ingredient="I-2141"/>
	<Ingredient qty="15.000" uom="L" recipe="P-8196" invFactor="0.7895" conversion="1.00000000" ingredient="I-2220"/>
	<Ingredient qty="5.000" uom="g" recipe="P-8196" invFactor="0.2632" conversion="1.00000000" ingredient="I-3638"/>
	<Ingredient qty="5.000" uom="g" recipe="P-8196" invFactor="0.2632" conversion="1.00000000" ingredient="I-3642"/>
	<Ingredient qty="15.000" uom="g" recipe="P-8196" invFactor="0.7895" conversion="1.00000000" ingredient="I-3646"/>
	<Ingredient qty="150.000" uom="g" recipe="P-8196" invFactor="7.8947" conversion="1.00000000" ingredient="I-6026"/>
	<Ingredient qty="750.000" uom="g" recipe="P-8196" invFactor="39.4737" conversion="0.00100000" ingredient="I-6820"/>
	<Ingredient qty="500.000" uom="g" recipe="P-8196" invFactor="26.3158" conversion="0.00100000" ingredient="P-26020"/>
	<Ingredient qty="2.000" uom="Kg" recipe="P-8196" invFactor="0.1053" conversion="1.00000000" ingredient="P-39167"/>
	<Ingredient qty="1.000" uom="Kg" recipe="P-9756" invFactor="1.1111" conversion="2.20462000" ingredient="I-4967"/>
	<Ingredient qty="20.000" uom="Kg" recipe="P-9839" invFactor="1.1941" conversion="2.20462000" ingredient="I-4775"/>
	<Ingredient qty="13.000" uom="lb" recipe="P-9851" invFactor="1.7370" conversion="1.00000000" ingredient="I-13050"/>
	<Ingredient qty="12.000" uom="lb" recipe="P-9851" invFactor="1.6034" conversion="1.00000000" ingredient="I-4521"/>
	<Ingredient qty="1.000" uom="CT" recipe="R-50494" invFactor="1.0000" conversion="1.00000000" ingredient="I-1120"/>
	<Ingredient qty="30.000" uom="g" recipe="R-50494" invFactor="1.0000" conversion="0.00100000" ingredient="I-14179"/>
	<Ingredient qty="10.000" uom="ml" recipe="R-50494" invFactor="1.0000" conversion="0.00100000" ingredient="I-17203"/>
	<Ingredient qty="35.000" uom="g" recipe="R-50494" invFactor="1.0000" conversion="0.00100000" ingredient="I-2311"/>
	<Ingredient qty="15.000" uom="g" recipe="R-50494" invFactor="1.0000" conversion="1.00000000" ingredient="I-2697"/>
	<Ingredient qty="10.000" uom="g" recipe="R-50494" invFactor="1.0000" conversion="0.00220462" ingredient="I-4463"/>
	<Ingredient qty="10.000" uom="g" recipe="R-50494" invFactor="1.0000" conversion="0.00100000" ingredient="P-26068"/>
	<Ingredient qty="50.000" uom="g" recipe="R-50494" invFactor="1.0000" conversion="1.00000000" ingredient="P-50689"/>
	<Ingredient qty="1.000" uom="CT" recipe="R-50562" invFactor="1.0000" conversion="1.00000000" ingredient="I-1120"/>
	<Ingredient qty="15.000" uom="g" recipe="R-50562" invFactor="1.0000" conversion="0.00100000" ingredient="I-14179"/>
	<Ingredient qty="10.000" uom="ml" recipe="R-50562" invFactor="1.0000" conversion="0.00100000" ingredient="I-17203"/>
	<Ingredient qty="35.000" uom="g" recipe="R-50562" invFactor="1.0000" conversion="0.00100000" ingredient="I-2308"/>
	<Ingredient qty="15.000" uom="g" recipe="R-50562" invFactor="1.0000" conversion="1.00000000" ingredient="I-2697"/>
	<Ingredient qty="5.000" uom="g" recipe="R-50562" invFactor="1.0000" conversion="0.00220462" ingredient="I-4463"/>
	<Ingredient qty="1.000" uom="g" recipe="R-50562" invFactor="1.0000" conversion="1.00000000" ingredient="P-18907"/>
	<Ingredient qty="15.000" uom="g" recipe="R-50562" invFactor="1.0000" conversion="0.00100000" ingredient="P-32459"/>
	<Ingredient qty="1.000" uom="CT" recipe="R-50590" invFactor="1.0000" conversion="1.00000000" ingredient="I-1120"/>
	<Ingredient qty="10.000" uom="ml" recipe="R-50590" invFactor="1.0000" conversion="0.00100000" ingredient="I-17203"/>
	<Ingredient qty="20.000" uom="g" recipe="R-50590" invFactor="1.0000" conversion="0.00100000" ingredient="I-2126"/>
	<Ingredient qty="15.000" uom="g" recipe="R-50590" invFactor="1.0000" conversion="1.00000000" ingredient="I-2697"/>
	<Ingredient qty="10.000" uom="g" recipe="R-50590" invFactor="1.0000" conversion="0.00220462" ingredient="I-4463"/>
	<Ingredient qty="30.000" uom="g" recipe="R-50590" invFactor="1.0000" conversion="0.00100000" ingredient="P-26068"/>
	<Ingredient qty="30.000" uom="g" recipe="R-50590" invFactor="1.0000" conversion="0.00100000" ingredient="P-50966"/>
	<Ingredient qty="1.000" uom="CT" recipe="R-50824" invFactor="1.0000" conversion="1.00000000" ingredient="I-1120"/>
	<Ingredient qty="30.000" uom="g" recipe="R-50824" invFactor="1.0000" conversion="0.00100000" ingredient="I-14179"/>
	<Ingredient qty="20.000" uom="g" recipe="R-50824" invFactor="1.0000" conversion="0.00100000" ingredient="I-4978"/>
	<Ingredient qty="30.000" uom="g" recipe="R-50824" invFactor="1.0000" conversion="0.00100000" ingredient="P-10241"/>
	<Ingredient qty="50.000" uom="g" recipe="R-50824" invFactor="1.0000" conversion="0.00100000" ingredient="P-26062"/>
	<Ingredient qty="80.000" uom="g" recipe="R-50824" invFactor="1.0000" conversion="0.00100000" ingredient="P-50489"/>
	<Ingredient qty="15.000" uom="ml" recipe="R-50824" invFactor="1.0000" conversion="0.00100000" ingredient="P-50803"/>
	<Ingredient qty="1.000" uom="CT" recipe="R-50857" invFactor="1.0000" conversion="1.00000000" ingredient="I-1120"/>
	<Ingredient qty="30.000" uom="g" recipe="R-50857" invFactor="1.0000" conversion="0.00100000" ingredient="I-14179"/>
	<Ingredient qty="15.000" uom="g" recipe="R-50857" invFactor="1.0000" conversion="0.00220462" ingredient="I-4463"/>
	<Ingredient qty="20.000" uom="ml" recipe="R-50857" invFactor="1.0000" conversion="0.00100000" ingredient="P-26226"/>
	<Ingredient qty="15.000" uom="g" recipe="R-50857" invFactor="1.0000" conversion="0.00100000" ingredient="P-33869"/>
	<Ingredient qty="3.000" uom="each" recipe="R-50857" invFactor="1.0000" conversion="1.00000000" ingredient="P-50502"/>
	<Ingredient qty="1.000" uom="CT" recipe="R-50858" invFactor="1.0000" conversion="1.00000000" ingredient="I-1120"/>
	<Ingredient qty="20.000" uom="g" recipe="R-50858" invFactor="1.0000" conversion="0.00100000" ingredient="I-2122"/>
	<Ingredient qty="15.000" uom="g" recipe="R-50858" invFactor="1.0000" conversion="0.00220462" ingredient="I-4896"/>
	<Ingredient qty="15.000" uom="g" recipe="R-50858" invFactor="1.0000" conversion="0.00100000" ingredient="P-10241"/>
	<Ingredient qty="50.000" uom="g" recipe="R-50858" invFactor="1.0000" conversion="0.00100000" ingredient="P-46862"/>
	<Ingredient qty="15.000" uom="g" recipe="R-50858" invFactor="1.0000" conversion="0.00100000" ingredient="P-48489"/>
	<Ingredient qty="15.000" uom="g" recipe="R-50858" invFactor="1.0000" conversion="0.00220462" ingredient="P-50840"/>
	<Ingredient qty="10.000" uom="g" recipe="R-50858" invFactor="1.0000" conversion="0.00100000" ingredient="P-50923"/>
	<Ingredient qty="10.000" uom="g" recipe="R-50858" invFactor="1.0000" conversion="0.00100000" ingredient="P-57639"/>
	<Ingredient qty="1.000" uom="CT" recipe="R-55097" invFactor="1.0000" conversion="1.00000000" ingredient="I-1120"/>
	<Ingredient qty="40.000" uom="g" recipe="R-55097" invFactor="1.0000" conversion="0.00100000" ingredient="I-2311"/>
	<Ingredient qty="20.000" uom="g" recipe="R-55097" invFactor="1.0000" conversion="1.00000000" ingredient="I-26464"/>
	<Ingredient qty="5.000" uom="ml" recipe="R-55097" invFactor="1.0000" conversion="0.00100000" ingredient="I-3389"/>
	<Ingredient qty="15.000" uom="g" recipe="R-55097" invFactor="1.0000" conversion="0.00220462" ingredient="I-4463"/>
	<Ingredient qty="2.000" uom="g" recipe="R-55097" invFactor="1.0000" conversion="0.00100000" ingredient="I-6812"/>
	<Ingredient qty="30.000" uom="g" recipe="R-55097" invFactor="1.0000" conversion="0.00100000" ingredient="P-46546"/>
	<Ingredient qty="1.000" uom="CT" recipe="R-56337" invFactor="1.0000" conversion="1.00000000" ingredient="I-1120"/>
	<Ingredient qty="10.000" uom="ml" recipe="R-56337" invFactor="1.0000" conversion="0.00100000" ingredient="I-17203"/>
	<Ingredient qty="20.000" uom="g" recipe="R-56337" invFactor="1.0000" conversion="0.00100000" ingredient="I-2126"/>
	<Ingredient qty="15.000" uom="g" recipe="R-56337" invFactor="1.0000" conversion="1.00000000" ingredient="I-2697"/>
	<Ingredient qty="15.000" uom="g" recipe="R-56337" invFactor="1.0000" conversion="0.00220462" ingredient="I-4463"/>
	<Ingredient qty="15.000" uom="g" recipe="R-56337" invFactor="1.0000" conversion="0.00100000" ingredient="P-32459"/>
	<Ingredient qty="10.000" uom="g" recipe="R-56337" invFactor="1.0000" conversion="0.00100000" ingredient="P-32663"/>
	<Ingredient qty="10.000" uom="g" recipe="R-56337" invFactor="1.0000" conversion="0.00100000" ingredient="P-50802"/>
	<Ingredient qty="1.000" uom="CT" recipe="R-61324" invFactor="1.0000" conversion="1.00000000" ingredient="I-1120"/>
	<Ingredient qty="40.000" uom="g" recipe="R-61324" invFactor="1.0000" conversion="0.00100000" ingredient="I-2311"/>
	<Ingredient qty="15.000" uom="ml" recipe="R-61324" invFactor="1.0000" conversion="0.00100000" ingredient="I-3389"/>
	<Ingredient qty="15.000" uom="g" recipe="R-61324" invFactor="1.0000" conversion="0.00220462" ingredient="I-4463"/>
	<Ingredient qty="2.000" uom="g" recipe="R-61324" invFactor="1.0000" conversion="0.00100000" ingredient="I-6812"/>
	<Ingredient qty="30.000" uom="g" recipe="R-61324" invFactor="1.0000" conversion="0.00100000" ingredient="P-46546"/>
	<Ingredient qty="30.000" uom="g" recipe="R-61324" invFactor="1.0000" conversion="0.00100000" ingredient="P-61323"/>
	<Ingredient qty="1.000" uom="CT" recipe="R-61497" invFactor="1.0000" conversion="1.00000000" ingredient="I-1120"/>
	<Ingredient qty="30.000" uom="g" recipe="R-61497" invFactor="1.0000" conversion="0.00100000" ingredient="I-14179"/>
	<Ingredient qty="30.000" uom="g" recipe="R-61497" invFactor="1.0000" conversion="0.00100000" ingredient="P-26068"/>
	<Ingredient qty="60.000" uom="ml" recipe="R-61497" invFactor="1.0000" conversion="0.00100000" ingredient="P-26220"/>
	<Ingredient qty="100.000" uom="g" recipe="R-61497" invFactor="1.0000" conversion="0.00100000" ingredient="P-56506"/>
	<Ingredient qty="1.000" uom="CT" recipe="R-61498" invFactor="1.0000" conversion="1.00000000" ingredient="I-1120"/>
	<Ingredient qty="30.000" uom="g" recipe="R-61498" invFactor="1.0000" conversion="0.00100000" ingredient="I-14179"/>
	<Ingredient qty="60.000" uom="g" recipe="R-61498" invFactor="1.0000" conversion="0.05000000" ingredient="I-2310"/>
	<Ingredient qty="30.000" uom="g" recipe="R-61498" invFactor="1.0000" conversion="0.00100000" ingredient="I-5003"/>
	<Ingredient qty="30.000" uom="ml" recipe="R-61498" invFactor="1.0000" conversion="0.00100000" ingredient="P-26226"/>
	<Ingredient qty="1.000" uom="CT" recipe="R-61755" invFactor="1.0000" conversion="1.00000000" ingredient="I-1120"/>
	<Ingredient qty="20.000" uom="g" recipe="R-61755" invFactor="1.0000" conversion="0.00100000" ingredient="I-2126"/>
	<Ingredient qty="10.000" uom="g" recipe="R-61755" invFactor="1.0000" conversion="0.00220462" ingredient="I-4463"/>
	<Ingredient qty="45.000" uom="ml" recipe="R-61755" invFactor="1.0000" conversion="0.00100000" ingredient="P-26226"/>
	<Ingredient qty="5.000" uom="g" recipe="R-61755" invFactor="1.0000" conversion="0.00100000" ingredient="P-50801"/>
	<Ingredient qty="70.000" uom="g" recipe="R-61755" invFactor="1.0000" conversion="0.00100000" ingredient="P-61756"/>
	<Ingredient qty="1.000" uom="CT" recipe="R-61779" invFactor="1.0000" conversion="1.00000000" ingredient="I-1120"/>
	<Ingredient qty="30.000" uom="g" recipe="R-61779" invFactor="1.0000" conversion="0.00100000" ingredient="I-14179"/>
	<Ingredient qty="15.000" uom="g" recipe="R-61779" invFactor="1.0000" conversion="1.00000000" ingredient="I-2697"/>
	<Ingredient qty="10.000" uom="g" recipe="R-61779" invFactor="1.0000" conversion="0.00220462" ingredient="I-4463"/>
	<Ingredient qty="100.000" uom="g" recipe="R-61779" invFactor="1.0000" conversion="0.00100000" ingredient="P-26205"/>
	<Ingredient qty="1.000" uom="CT" recipe="R-61781" invFactor="1.0000" conversion="1.00000000" ingredient="I-1120"/>
	<Ingredient qty="20.000" uom="g" recipe="R-61781" invFactor="1.0000" conversion="0.00100000" ingredient="I-14179"/>
	<Ingredient qty="20.000" uom="g" recipe="R-61781" invFactor="1.0000" conversion="0.00100000" ingredient="I-2122"/>
	<Ingredient qty="15.000" uom="g" recipe="R-61781" invFactor="1.0000" conversion="0.00220462" ingredient="I-4896"/>
	<Ingredient qty="30.000" uom="g" recipe="R-61781" invFactor="1.0000" conversion="0.00100000" ingredient="P-10241"/>
	<Ingredient qty="60.000" uom="g" recipe="R-61781" invFactor="1.0000" conversion="0.00100000" ingredient="P-48870"/>
	<Ingredient qty="20.000" uom="g" recipe="R-61781" invFactor="1.0000" conversion="0.00100000" ingredient="P-50802"/>
	<Ingredient qty="30.000" uom="ml" recipe="R-61781" invFactor="1.0000" conversion="0.00100000" ingredient="P-8196"/>
	<Ingredient qty="1.000" uom="CT" recipe="R-61782" invFactor="1.0000" conversion="1.00000000" ingredient="I-1120"/>
	<Ingredient qty="30.000" uom="g" recipe="R-61782" invFactor="1.0000" conversion="0.00100000" ingredient="I-14179"/>
	<Ingredient qty="2.000" uom="g" recipe="R-61782" invFactor="1.0000" conversion="0.00100000" ingredient="I-3624"/>
	<Ingredient qty="10.000" uom="g" recipe="R-61782" invFactor="1.0000" conversion="0.00220462" ingredient="I-4463"/>
	<Ingredient qty="100.000" uom="g" recipe="R-61782" invFactor="1.0000" conversion="0.00100000" ingredient="P-26205"/>
	<Ingredient qty="20.000" uom="g" recipe="R-61782" invFactor="1.0000" conversion="0.00100000" ingredient="P-48489"/>
	<Ingredient qty="1.000" uom="CT" recipe="R-67980" invFactor="1.0000" conversion="1.00000000" ingredient="I-1120"/>
	<Ingredient qty="30.000" uom="ml" recipe="R-67980" invFactor="1.0000" conversion="0.00100000" ingredient="I-60772"/>
	<Ingredient qty="40.000" uom="g" recipe="R-67980" invFactor="1.0000" conversion="1.00000000" ingredient="I-65770"/>
	<Ingredient qty="10.000" uom="g" recipe="R-67980" invFactor="1.0000" conversion="0.00100000" ingredient="P-38637"/>
	<Ingredient qty="10.000" uom="g" recipe="R-67980" invFactor="1.0000" conversion="0.00100000" ingredient="P-43440"/>
	<Ingredient qty="5.000" uom="g" recipe="R-67980" invFactor="1.0000" conversion="0.00100000" ingredient="P-57150"/>
</Ingredients>
