﻿<?xml version="1.0" encoding="UTF-8" standalone="yes"?>
<Items>
	<Item id="I-4971" active="Y" keyItem="Y" actualize="N">
		<Description>ARTICHOKE 1/4 SALAD CUT TFC</Description>
		<Cost>5.6380</Cost>
		<CaseQty>6.000</CaseQty>
		<CaseUOM>LG CAN</CaseUOM>
		<PakQty>2.500</PakQty>
		<PakUOM>Kg</PakUOM>
		<Comments>7702805</Comments>
		<InventoryGroup id="4">PRODUCE</InventoryGroup>
		<SalesCategory id="2">Food</SalesCategory>
		<Location id="490">OK - STORES AISLE #2</Location>
		<ExpenseAccount id="22" ref="SC0070" type="C" locked="N">COS-Food NoTax</ExpenseAccount>
		<IncomeAccount id="14" ref="Gross Sales" type="I" locked="Y">Gross Sales</IncomeAccount>
	</Item>
	<Item id="I-17203" active="Y" keyItem="Y" actualize="N">
		<Description>BALSAMIC GLAZE</Description>
		<Cost>21.9650</Cost>
		<CaseQty>2.000</CaseQty>
		<CaseUOM>bottle</CaseUOM>
		<PakQty>2.000</PakQty>
		<PakUOM>L</PakUOM>
		<Comments/>
		<InventoryGroup id="16">FOOD - GROCERY</InventoryGroup>
		<SalesCategory id="2">Food</SalesCategory>
		<Location id="490">OK - STORES AISLE #2</Location>
		<ExpenseAccount id="22" ref="SC0070" type="C" locked="N">COS-Food NoTax</ExpenseAccount>
		<IncomeAccount id="14" ref="Gross Sales" type="I" locked="Y">Gross Sales</IncomeAccount>
	</Item>
	<Item id="I-3846" active="Y" keyItem="Y" actualize="N">
		<Description>BEEF LEAN GRD COMMERCIAL</Description>
		<Cost>7.7820</Cost>
		<CaseQty>5.000</CaseQty>
		<CaseUOM>Kg</CaseUOM>
		<PakQty>1.000</PakQty>
		<PakUOM>Kg</PakUOM>
		<Comments/>
		<InventoryGroup id="5">MEAT</InventoryGroup>
		<SalesCategory id="2">Food</SalesCategory>
		<Location id="449">OK - ARCHIVE</Location>
		<ExpenseAccount id="22" ref="SC0070" type="C" locked="N">COS-Food NoTax</ExpenseAccount>
		<IncomeAccount id="14" ref="Gross Sales" type="I" locked="Y">Gross Sales</IncomeAccount>
	</Item>
	<Item id="I-4521" active="Y" keyItem="Y" actualize="N">
		<Description>BEETS BC</Description>
		<Cost>1.5605</Cost>
		<CaseQty>25.000</CaseQty>
		<CaseUOM>lb</CaseUOM>
		<PakQty>1.000</PakQty>
		<PakUOM>lb</PakUOM>
		<Comments/>
		<InventoryGroup id="4">PRODUCE</InventoryGroup>
		<SalesCategory id="2">Food</SalesCategory>
		<Location id="449">OK - ARCHIVE</Location>
		<ExpenseAccount id="22" ref="SC0070" type="C" locked="N">COS-Food NoTax</ExpenseAccount>
		<IncomeAccount id="14" ref="Gross Sales" type="I" locked="Y">Gross Sales</IncomeAccount>
	</Item>
	<Item id="I-13050" active="Y" keyItem="Y" actualize="N">
		<Description>BEETS GOLDEN UBC</Description>
		<Cost>2.5000</Cost>
		<CaseQty>1.000</CaseQty>
		<CaseUOM>lb</CaseUOM>
		<PakQty>1.000</PakQty>
		<PakUOM>lb</PakUOM>
		<Comments/>
		<InventoryGroup id="4">PRODUCE</InventoryGroup>
		<SalesCategory id="2">Food</SalesCategory>
		<Location id="303">OK - PRODUCE COOLER</Location>
		<ExpenseAccount id="22" ref="SC0070" type="C" locked="N">COS-Food NoTax</ExpenseAccount>
		<IncomeAccount id="14" ref="Gross Sales" type="I" locked="Y">Gross Sales</IncomeAccount>
	</Item>
	<Item id="I-3159" active="Y" keyItem="Y" actualize="N">
		<Description>CAPER CAPUCINE 2L</Description>
		<Cost>8.6650</Cost>
		<CaseQty>2.000</CaseQty>
		<CaseUOM>bottle</CaseUOM>
		<PakQty>2.000</PakQty>
		<PakUOM>L</PakUOM>
		<Comments/>
		<InventoryGroup id="16">FOOD - GROCERY</InventoryGroup>
		<SalesCategory id="2">Food</SalesCategory>
		<Location id="490">OK - STORES AISLE #2</Location>
		<ExpenseAccount id="22" ref="SC0070" type="C" locked="N">COS-Food NoTax</ExpenseAccount>
		<IncomeAccount id="14" ref="Gross Sales" type="I" locked="Y">Gross Sales</IncomeAccount>
	</Item>
	<Item id="I-3586" active="Y" keyItem="Y" actualize="N">
		<Description>CARAWAY WHL</Description>
		<Cost>0.0184</Cost>
		<CaseQty>12.000</CaseQty>
		<CaseUOM>ea</CaseUOM>
		<PakQty>550.000</PakQty>
		<PakUOM>g</PakUOM>
		<Comments/>
		<InventoryGroup id="18">SPICES</InventoryGroup>
		<SalesCategory id="2">Food</SalesCategory>
		<Location id="299">OK - STORES AISLE #1</Location>
		<ExpenseAccount id="22" ref="SC0070" type="C" locked="N">COS-Food NoTax</ExpenseAccount>
		<IncomeAccount id="14" ref="Gross Sales" type="I" locked="Y">Gross Sales</IncomeAccount>
	</Item>
	<Item id="I-4589" active="Y" keyItem="Y" actualize="N">
		<Description>CARROTS JUMBO BC</Description>
		<Cost>0.3410</Cost>
		<CaseQty>50.000</CaseQty>
		<CaseUOM>lb</CaseUOM>
		<PakQty>1.000</PakQty>
		<PakUOM>lb</PakUOM>
		<Comments/>
		<InventoryGroup id="4">PRODUCE</InventoryGroup>
		<SalesCategory id="2">Food</SalesCategory>
		<Location id="449">OK - ARCHIVE</Location>
		<ExpenseAccount id="22" ref="SC0070" type="C" locked="N">COS-Food NoTax</ExpenseAccount>
		<IncomeAccount id="14" ref="Gross Sales" type="I" locked="Y">Gross Sales</IncomeAccount>
	</Item>
	<Item id="I-4598" active="Y" keyItem="Y" actualize="N">
		<Description>CELERY </Description>
		<Cost>1.6681</Cost>
		<CaseQty>36.000</CaseQty>
		<CaseUOM>CT</CaseUOM>
		<PakQty>1.000</PakQty>
		<PakUOM>CT</PakUOM>
		<Comments/>
		<InventoryGroup id="4">PRODUCE</InventoryGroup>
		<SalesCategory id="2">Food</SalesCategory>
		<Location id="449">OK - ARCHIVE</Location>
		<ExpenseAccount id="22" ref="SC0070" type="C" locked="N">COS-Food NoTax</ExpenseAccount>
		<IncomeAccount id="14" ref="Gross Sales" type="I" locked="Y">Gross Sales</IncomeAccount>
	</Item>
	<Item id="I-2122" active="Y" keyItem="Y" actualize="N">
		<Description>CHEESE FETA IN BRINE</Description>
		<Cost>15.0133</Cost>
		<CaseQty>3.000</CaseQty>
		<CaseUOM>Kg</CaseUOM>
		<PakQty>1.000</PakQty>
		<PakUOM>Kg</PakUOM>
		<Comments/>
		<InventoryGroup id="9">DAIRY</InventoryGroup>
		<SalesCategory id="2">Food</SalesCategory>
		<Location id="301">OK - DAIRY COOLER</Location>
		<ExpenseAccount id="22" ref="SC0070" type="C" locked="N">COS-Food NoTax</ExpenseAccount>
		<IncomeAccount id="14" ref="Gross Sales" type="I" locked="Y">Gross Sales</IncomeAccount>
	</Item>
	<Item id="I-2126" active="Y" keyItem="Y" actualize="N">
		<Description>CHEESE GOAT CRUMBLED BC WOC</Description>
		<Cost>20.6850</Cost>
		<CaseQty>2.000</CaseQty>
		<CaseUOM>Kg</CaseUOM>
		<PakQty>1.000</PakQty>
		<PakUOM>Kg</PakUOM>
		<Comments/>
		<InventoryGroup id="9">DAIRY</InventoryGroup>
		<SalesCategory id="2">Food</SalesCategory>
		<Location id="301">OK - DAIRY COOLER</Location>
		<ExpenseAccount id="22" ref="SC0070" type="C" locked="N">COS-Food NoTax</ExpenseAccount>
		<IncomeAccount id="14" ref="Gross Sales" type="I" locked="Y">Gross Sales</IncomeAccount>
	</Item>
	<Item id="I-14179" active="Y" keyItem="Y" actualize="N">
		<Description>CHEESE MOZZA*SHRED PIZZA BLEND</Description>
		<Cost>13.9870</Cost>
		<CaseQty>4.000</CaseQty>
		<CaseUOM>bag</CaseUOM>
		<PakQty>2.500</PakQty>
		<PakUOM>Kg</PakUOM>
		<Comments/>
		<InventoryGroup id="9">DAIRY</InventoryGroup>
		<SalesCategory id="2">Food</SalesCategory>
		<Location id="301">OK - DAIRY COOLER</Location>
		<ExpenseAccount id="22" ref="SC0070" type="C" locked="N">COS-Food NoTax</ExpenseAccount>
		<IncomeAccount id="14" ref="Gross Sales" type="I" locked="Y">Gross Sales</IncomeAccount>
	</Item>
	<Item id="I-2141" active="Y" keyItem="Y" actualize="N">
		<Description>CHEESE PARM SHRED*</Description>
		<Cost>23.6900</Cost>
		<CaseQty>2.000</CaseQty>
		<CaseUOM>Kg</CaseUOM>
		<PakQty>1.000</PakQty>
		<PakUOM>Kg</PakUOM>
		<Comments>PRICE CHANGE AUGUST 2019</Comments>
		<InventoryGroup id="9">DAIRY</InventoryGroup>
		<SalesCategory id="2">Food</SalesCategory>
		<Location id="301">OK - DAIRY COOLER</Location>
		<ExpenseAccount id="22" ref="SC0070" type="C" locked="N">COS-Food NoTax</ExpenseAccount>
		<IncomeAccount id="14" ref="Gross Sales" type="I" locked="Y">Gross Sales</IncomeAccount>
	</Item>
	<Item id="I-19665" active="Y" keyItem="Y" actualize="N">
		<Description>CHICK THIGH STIRFRY HALAL</Description>
		<Cost>12.4900</Cost>
		<CaseQty>1.000</CaseQty>
		<CaseUOM>Kg</CaseUOM>
		<PakQty>1.000</PakQty>
		<PakUOM>Kg</PakUOM>
		<Comments/>
		<InventoryGroup id="30">POULTRY</InventoryGroup>
		<SalesCategory id="2">Food</SalesCategory>
		<Location id="304">OK - MEAT COOLER</Location>
		<ExpenseAccount id="22" ref="SC0070" type="C" locked="N">COS-Food NoTax</ExpenseAccount>
		<IncomeAccount id="14" ref="Gross Sales" type="I" locked="Y">Gross Sales</IncomeAccount>
	</Item>
	<Item id="I-3624" active="Y" keyItem="Y" actualize="N">
		<Description>CHILI RED PEPPER CRUSHED</Description>
		<Cost>18.5752</Cost>
		<CaseQty>1.000</CaseQty>
		<CaseUOM>ea</CaseUOM>
		<PakQty>2.267</PakQty>
		<PakUOM>Kg</PakUOM>
		<Comments/>
		<InventoryGroup id="18">SPICES</InventoryGroup>
		<SalesCategory id="2">Food</SalesCategory>
		<Location id="299">OK - STORES AISLE #1</Location>
		<ExpenseAccount id="22" ref="SC0070" type="C" locked="N">COS-Food NoTax</ExpenseAccount>
		<IncomeAccount id="14" ref="Gross Sales" type="I" locked="Y">Gross Sales</IncomeAccount>
	</Item>
	<Item id="I-3623" active="Y" keyItem="Y" actualize="N">
		<Description>CHILI RED PPR CRUSHD SKR</Description>
		<Cost>0.0215</Cost>
		<CaseQty>8.000</CaseQty>
		<CaseUOM>each</CaseUOM>
		<PakQty>330.000</PakQty>
		<PakUOM>g</PakUOM>
		<Comments/>
		<InventoryGroup id="18">SPICES</InventoryGroup>
		<SalesCategory id="2">Food</SalesCategory>
		<Location id="299">OK - STORES AISLE #1</Location>
		<ExpenseAccount id="22" ref="SC0070" type="C" locked="N">COS-Food NoTax</ExpenseAccount>
		<IncomeAccount id="14" ref="Gross Sales" type="I" locked="Y">Gross Sales</IncomeAccount>
	</Item>
	<Item id="I-4978" active="Y" keyItem="Y" actualize="N">
		<Description>CORN KERNEL WHOLE GRADE A</Description>
		<Cost>3.9317</Cost>
		<CaseQty>6.000</CaseQty>
		<CaseUOM>bag</CaseUOM>
		<PakQty>2.000</PakQty>
		<PakUOM>Kg</PakUOM>
		<Comments>PRICE DECREASE &amp; CODE CHANGE FROM 6909617 OCT2017</Comments>
		<InventoryGroup id="4">PRODUCE</InventoryGroup>
		<SalesCategory id="2">Food</SalesCategory>
		<Location id="302">OK - FREEZER</Location>
		<ExpenseAccount id="22" ref="SC0070" type="C" locked="N">COS-Food NoTax</ExpenseAccount>
		<IncomeAccount id="14" ref="Gross Sales" type="I" locked="Y">Gross Sales</IncomeAccount>
	</Item>
	<Item id="I-3630" active="Y" keyItem="Y" actualize="N">
		<Description>CUMIN SEED GROUND </Description>
		<Cost>0.0139</Cost>
		<CaseQty>5.000</CaseQty>
		<CaseUOM>lb</CaseUOM>
		<PakQty>454.000</PakQty>
		<PakUOM>oz</PakUOM>
		<Comments/>
		<InventoryGroup id="18">SPICES</InventoryGroup>
		<SalesCategory id="2">Food</SalesCategory>
		<Location id="299">OK - STORES AISLE #1</Location>
		<ExpenseAccount id="22" ref="SC0070" type="C" locked="N">COS-Food NoTax</ExpenseAccount>
		<IncomeAccount id="14" ref="Gross Sales" type="I" locked="Y">Gross Sales</IncomeAccount>
	</Item>
	<Item id="I-4637" active="Y" keyItem="Y" actualize="N">
		<Description>DILL BABY BC</Description>
		<Cost>15.6500</Cost>
		<CaseQty>1.000</CaseQty>
		<CaseUOM>lb</CaseUOM>
		<PakQty>1.000</PakQty>
		<PakUOM>lb</PakUOM>
		<Comments/>
		<InventoryGroup id="4">PRODUCE</InventoryGroup>
		<SalesCategory id="2">Food</SalesCategory>
		<Location id="303">OK - PRODUCE COOLER</Location>
		<ExpenseAccount id="22" ref="SC0070" type="C" locked="N">COS-Food NoTax</ExpenseAccount>
		<IncomeAccount id="14" ref="Gross Sales" type="I" locked="Y">Gross Sales</IncomeAccount>
	</Item>
	<Item id="I-2157" active="Y" keyItem="Y" actualize="N">
		<Description>EGG LIQ WHL FRSH KOSHER ESL KG</Description>
		<Cost>6.4792</Cost>
		<CaseQty>12.000</CaseQty>
		<CaseUOM>Kg</CaseUOM>
		<PakQty>1.000</PakQty>
		<PakUOM>Kg</PakUOM>
		<Comments>CODE CHANGE FROM 3392357 TO 9938805 OCT2017, PRICE INCEASE 01/19</Comments>
		<InventoryGroup id="9">DAIRY</InventoryGroup>
		<SalesCategory id="2">Food</SalesCategory>
		<Location id="449">OK - ARCHIVE</Location>
		<ExpenseAccount id="22" ref="SC0070" type="C" locked="N">COS-Food NoTax</ExpenseAccount>
		<IncomeAccount id="14" ref="Gross Sales" type="I" locked="Y">Gross Sales</IncomeAccount>
	</Item>
	<Item id="I-1120" active="Y" keyItem="Y" actualize="N">
		<Description>FLATBREAD NAP*10X5IN T/S FZN</Description>
		<Cost>1.0317</Cost>
		<CaseQty>18.000</CaseQty>
		<CaseUOM>CT</CaseUOM>
		<PakQty>1.000</PakQty>
		<PakUOM>CT</PakUOM>
		<Comments/>
		<InventoryGroup id="11">BREAD</InventoryGroup>
		<SalesCategory id="2">Food</SalesCategory>
		<Location id="302">OK - FREEZER</Location>
		<ExpenseAccount id="22" ref="SC0070" type="C" locked="N">COS-Food NoTax</ExpenseAccount>
		<IncomeAccount id="14" ref="Gross Sales" type="I" locked="Y">Gross Sales</IncomeAccount>
	</Item>
	<Item id="I-4657" active="Y" keyItem="Y" actualize="N">
		<Description>GARLIC PEELED</Description>
		<Cost>5.6000</Cost>
		<CaseQty>1.000</CaseQty>
		<CaseUOM>5#</CaseUOM>
		<PakQty>5.000</PakQty>
		<PakUOM>lb</PakUOM>
		<Comments>PRICE DECREASE FROM $17.10 TO $10.85 JULY 2018 VW</Comments>
		<InventoryGroup id="4">PRODUCE</InventoryGroup>
		<SalesCategory id="2">Food</SalesCategory>
		<Location id="303">OK - PRODUCE COOLER</Location>
		<ExpenseAccount id="22" ref="SC0070" type="C" locked="N">COS-Food NoTax</ExpenseAccount>
		<IncomeAccount id="14" ref="Gross Sales" type="I" locked="Y">Gross Sales</IncomeAccount>
	</Item>
	<Item id="I-2308" active="Y" keyItem="Y" actualize="N">
		<Description>HAM CAPICOLLIFR</Description>
		<Cost>16.4600</Cost>
		<CaseQty>1.000</CaseQty>
		<CaseUOM>Kg</CaseUOM>
		<PakQty>1.000</PakQty>
		<PakUOM>Kg</PakUOM>
		<Comments/>
		<InventoryGroup id="23">DELI &amp; PREPARED MEAT</InventoryGroup>
		<SalesCategory id="2">Food</SalesCategory>
		<Location id="302">OK - FREEZER</Location>
		<ExpenseAccount id="22" ref="SC0070" type="C" locked="N">COS-Food NoTax</ExpenseAccount>
		<IncomeAccount id="14" ref="Gross Sales" type="I" locked="Y">Gross Sales</IncomeAccount>
	</Item>
	<Item id="I-2310" active="Y" keyItem="Y" actualize="N">
		<Description>HAM HONEY </Description>
		<Cost>0.3036</Cost>
		<CaseQty>6.000</CaseQty>
		<CaseUOM>pak</CaseUOM>
		<PakQty>25.000</PakQty>
		<PakUOM>slice</PakUOM>
		<Comments/>
		<InventoryGroup id="23">DELI &amp; PREPARED MEAT</InventoryGroup>
		<SalesCategory id="2">Food</SalesCategory>
		<Location id="304">OK - MEAT COOLER</Location>
		<ExpenseAccount id="22" ref="SC0070" type="C" locked="N">COS-Food NoTax</ExpenseAccount>
		<IncomeAccount id="14" ref="Gross Sales" type="I" locked="Y">Gross Sales</IncomeAccount>
	</Item>
	<Item id="I-2311" active="Y" keyItem="Y" actualize="N">
		<Description>HAM PROSCIUTTO BNLS </Description>
		<Cost>25.2900</Cost>
		<CaseQty>1.000</CaseQty>
		<CaseUOM>Kg</CaseUOM>
		<PakQty>1.000</PakQty>
		<PakUOM>Kg</PakUOM>
		<Comments/>
		<InventoryGroup id="23">DELI &amp; PREPARED MEAT</InventoryGroup>
		<SalesCategory id="2">Food</SalesCategory>
		<Location id="304">OK - MEAT COOLER</Location>
		<ExpenseAccount id="22" ref="SC0070" type="C" locked="N">COS-Food NoTax</ExpenseAccount>
		<IncomeAccount id="14" ref="Gross Sales" type="I" locked="Y">Gross Sales</IncomeAccount>
	</Item>
	<Item id="I-4341" active="Y" keyItem="Y" actualize="N">
		<Description>HERB CILANTRO BUNCH 30CT</Description>
		<Cost>1.1167</Cost>
		<CaseQty>30.000</CaseQty>
		<CaseUOM>CT</CaseUOM>
		<PakQty>1.000</PakQty>
		<PakUOM>CT</PakUOM>
		<Comments/>
		<InventoryGroup id="4">PRODUCE</InventoryGroup>
		<SalesCategory id="2">Food</SalesCategory>
		<Location id="303">OK - PRODUCE COOLER</Location>
		<ExpenseAccount id="22" ref="SC0070" type="C" locked="N">COS-Food NoTax</ExpenseAccount>
		<IncomeAccount id="14" ref="Gross Sales" type="I" locked="Y">Gross Sales</IncomeAccount>
	</Item>
	<Item id="I-4695" active="Y" keyItem="Y" actualize="N">
		<Description>HERB ITALIAN PARSLEY BC</Description>
		<Cost>1.3683</Cost>
		<CaseQty>30.000</CaseQty>
		<CaseUOM>CT</CaseUOM>
		<PakQty>1.000</PakQty>
		<PakUOM>lb</PakUOM>
		<Comments/>
		<InventoryGroup id="4">PRODUCE</InventoryGroup>
		<SalesCategory id="2">Food</SalesCategory>
		<Location id="303">OK - PRODUCE COOLER</Location>
		<ExpenseAccount id="22" ref="SC0070" type="C" locked="N">COS-Food NoTax</ExpenseAccount>
		<IncomeAccount id="14" ref="Gross Sales" type="I" locked="Y">Gross Sales</IncomeAccount>
	</Item>
	<Item id="I-3321" active="Y" keyItem="Y" actualize="N">
		<Description>HONEY LIQUID SQUEEZE Bott</Description>
		<Cost>14.2633</Cost>
		<CaseQty>6.000</CaseQty>
		<CaseUOM>Kg</CaseUOM>
		<PakQty>1.000</PakQty>
		<PakUOM>Kg</PakUOM>
		<Comments>PRICE INCREASE 9/17 &amp; CODE CHANGE FROM 1054784 10/17</Comments>
		<InventoryGroup id="16">FOOD - GROCERY</InventoryGroup>
		<SalesCategory id="2">Food</SalesCategory>
		<Location id="493">OK - STORES AISLE #5</Location>
		<ExpenseAccount id="22" ref="SC0070" type="C" locked="N">COS-Food NoTax</ExpenseAccount>
		<IncomeAccount id="14" ref="Gross Sales" type="I" locked="Y">Gross Sales</IncomeAccount>
	</Item>
	<Item id="I-1813" active="Y" keyItem="Y" actualize="N">
		<Description>JUICE LEMON FRESH JUG</Description>
		<Cost>0.1572</Cost>
		<CaseQty>6.000</CaseQty>
		<CaseUOM>JUG</CaseUOM>
		<PakQty>64.000</PakQty>
		<PakUOM>fl oz</PakUOM>
		<Comments>4120407 replaced with 1429622, added as a child</Comments>
		<InventoryGroup id="20">BAKING-RAW INGREDIENTS</InventoryGroup>
		<SalesCategory id="2">Food</SalesCategory>
		<Location id="301">OK - DAIRY COOLER</Location>
		<ExpenseAccount id="22" ref="SC0070" type="C" locked="N">COS-Food NoTax</ExpenseAccount>
		<IncomeAccount id="14" ref="Gross Sales" type="I" locked="Y">Gross Sales</IncomeAccount>
	</Item>
	<Item id="I-6443" active="Y" keyItem="Y" actualize="N">
		<Description>JUICE LIME FRESH JUG</Description>
		<Cost>0.1609</Cost>
		<CaseQty>6.000</CaseQty>
		<CaseUOM>JUG</CaseUOM>
		<PakQty>64.000</PakQty>
		<PakUOM>fl oz</PakUOM>
		<Comments>4120427 CHANGING TO 1429619 2021 ADDED AS A CHILD</Comments>
		<InventoryGroup id="20">BAKING-RAW INGREDIENTS</InventoryGroup>
		<SalesCategory id="2">Food</SalesCategory>
		<Location id="301">OK - DAIRY COOLER</Location>
		<ExpenseAccount id="22" ref="SC0070" type="C" locked="N">COS-Food NoTax</ExpenseAccount>
		<IncomeAccount id="14" ref="Gross Sales" type="I" locked="Y">Gross Sales</IncomeAccount>
	</Item>
	<Item id="I-1820" active="Y" keyItem="Y" actualize="N">
		<Description>JUICE ORANGE UNSWEETENED TETRA</Description>
		<Cost>1.7083</Cost>
		<CaseQty>12.000</CaseQty>
		<CaseUOM>L</CaseUOM>
		<PakQty>1.000</PakQty>
		<PakUOM>L</PakUOM>
		<Comments/>
		<InventoryGroup id="2">BEVERAGE</InventoryGroup>
		<SalesCategory id="2">Food</SalesCategory>
		<Location id="490">OK - STORES AISLE #2</Location>
		<ExpenseAccount id="22" ref="SC0070" type="C" locked="N">COS-Food NoTax</ExpenseAccount>
		<IncomeAccount id="14" ref="Gross Sales" type="I" locked="Y">Gross Sales</IncomeAccount>
	</Item>
	<Item id="I-1821" active="Y" keyItem="Y" actualize="N">
		<Description>JUICE PINEAPPLE TETRA</Description>
		<Cost>0.0018</Cost>
		<CaseQty>12.000</CaseQty>
		<CaseUOM>bottle</CaseUOM>
		<PakQty>960.000</PakQty>
		<PakUOM>ml</PakUOM>
		<Comments>PRICE DECREASE 10/17</Comments>
		<InventoryGroup id="2">BEVERAGE</InventoryGroup>
		<SalesCategory id="2">Food</SalesCategory>
		<Location id="490">OK - STORES AISLE #2</Location>
		<ExpenseAccount id="22" ref="SC0070" type="C" locked="N">COS-Food NoTax</ExpenseAccount>
		<IncomeAccount id="14" ref="Gross Sales" type="I" locked="Y">Gross Sales</IncomeAccount>
	</Item>
	<Item id="I-2893" active="Y" keyItem="Y" actualize="N">
		<Description>LENTILS DRY DUPUY FRENCH </Description>
		<Cost>9.6993</Cost>
		<CaseQty>11.340</CaseQty>
		<CaseUOM>Kg</CaseUOM>
		<PakQty>1.000</PakQty>
		<PakUOM>Kg</PakUOM>
		<Comments/>
		<InventoryGroup id="16">FOOD - GROCERY</InventoryGroup>
		<SalesCategory id="2">Food</SalesCategory>
		<Location id="449">OK - ARCHIVE</Location>
		<ExpenseAccount id="22" ref="SC0070" type="C" locked="N">COS-Food NoTax</ExpenseAccount>
		<IncomeAccount id="14" ref="Gross Sales" type="I" locked="Y">Gross Sales</IncomeAccount>
	</Item>
	<Item id="I-4463" active="Y" keyItem="Y" actualize="N">
		<Description>LETTUCE ARUGULA (WILD ORG)US</Description>
		<Cost>7.9000</Cost>
		<CaseQty>1.000</CaseQty>
		<CaseUOM>lb</CaseUOM>
		<PakQty>1.000</PakQty>
		<PakUOM>lb</PakUOM>
		<Comments/>
		<InventoryGroup id="4">PRODUCE</InventoryGroup>
		<SalesCategory id="2">Food</SalesCategory>
		<Location id="303">OK - PRODUCE COOLER</Location>
		<ExpenseAccount id="22" ref="SC0070" type="C" locked="N">COS-Food NoTax</ExpenseAccount>
		<IncomeAccount id="14" ref="Gross Sales" type="I" locked="Y">Gross Sales</IncomeAccount>
	</Item>
	<Item id="I-5003" active="Y" keyItem="Y" actualize="N">
		<Description>MANGOES CHUNK IQF</Description>
		<Cost>8.9659</Cost>
		<CaseQty>2.000</CaseQty>
		<CaseUOM>bag</CaseUOM>
		<PakQty>2.200</PakQty>
		<PakUOM>Kg</PakUOM>
		<Comments> ITEM CODE CHANGE FROM 0601294 TO 11147338 &amp; PRICE - FEB 2020</Comments>
		<InventoryGroup id="4">PRODUCE</InventoryGroup>
		<SalesCategory id="2">Food</SalesCategory>
		<Location id="302">OK - FREEZER</Location>
		<ExpenseAccount id="22" ref="SC0070" type="C" locked="N">COS-Food NoTax</ExpenseAccount>
		<IncomeAccount id="14" ref="Gross Sales" type="I" locked="Y">Gross Sales</IncomeAccount>
	</Item>
	<Item id="I-60772" active="Y" keyItem="Y" actualize="N">
		<Description>MAYONAISE*VEGAN HELLMAN&apos;S</Description>
		<Cost>9.3796</Cost>
		<CaseQty>2.000</CaseQty>
		<CaseUOM>pail</CaseUOM>
		<PakQty>3.780</PakQty>
		<PakUOM>L</PakUOM>
		<Comments/>
		<InventoryGroup id="16">FOOD - GROCERY</InventoryGroup>
		<SalesCategory id="2">Food</SalesCategory>
		<Location id="490">OK - STORES AISLE #2</Location>
		<ExpenseAccount id="22" ref="SC0070" type="C" locked="N">COS-Food NoTax</ExpenseAccount>
		<IncomeAccount id="14" ref="Gross Sales" type="I" locked="Y">Gross Sales</IncomeAccount>
	</Item>
	<Item id="I-2220" active="Y" keyItem="Y" actualize="N">
		<Description>MILK 2% 20L TUBE - BAG</Description>
		<Cost>1.5165</Cost>
		<CaseQty>20.000</CaseQty>
		<CaseUOM>L</CaseUOM>
		<PakQty>1.000</PakQty>
		<PakUOM>L</PakUOM>
		<Comments/>
		<InventoryGroup id="9">DAIRY</InventoryGroup>
		<SalesCategory id="2">Food</SalesCategory>
		<Location id="296">OK - SERVE BEV COOL</Location>
		<ExpenseAccount id="22" ref="SC0070" type="C" locked="N">COS-Food NoTax</ExpenseAccount>
		<IncomeAccount id="14" ref="Gross Sales" type="I" locked="Y">Gross Sales</IncomeAccount>
	</Item>
	<Item id="I-4725" active="Y" keyItem="Y" actualize="N">
		<Description>MUSHROOM SLICED BC</Description>
		<Cost>2.8200</Cost>
		<CaseQty>10.000</CaseQty>
		<CaseUOM>lb</CaseUOM>
		<PakQty>1.000</PakQty>
		<PakUOM>lb</PakUOM>
		<Comments/>
		<InventoryGroup id="4">PRODUCE</InventoryGroup>
		<SalesCategory id="2">Food</SalesCategory>
		<Location id="303">OK - PRODUCE COOLER</Location>
		<ExpenseAccount id="22" ref="SC0070" type="C" locked="N">COS-Food NoTax</ExpenseAccount>
		<IncomeAccount id="14" ref="Gross Sales" type="I" locked="Y">Gross Sales</IncomeAccount>
	</Item>
	<Item id="I-3638" active="Y" keyItem="Y" actualize="N">
		<Description>NUTMEG GROUND SHAKER TFC</Description>
		<Cost>0.0068</Cost>
		<CaseQty>8.000</CaseQty>
		<CaseUOM>each</CaseUOM>
		<PakQty>454.000</PakQty>
		<PakUOM>g</PakUOM>
		<Comments/>
		<InventoryGroup id="18">SPICES</InventoryGroup>
		<SalesCategory id="2">Food</SalesCategory>
		<Location id="299">OK - STORES AISLE #1</Location>
		<ExpenseAccount id="22" ref="SC0070" type="C" locked="N">COS-Food NoTax</ExpenseAccount>
		<IncomeAccount id="14" ref="Gross Sales" type="I" locked="Y">Gross Sales</IncomeAccount>
	</Item>
	<Item id="I-3387" active="Y" keyItem="Y" actualize="N">
		<Description>OIL CANOLA OLIVE OIL BLEND TFC</Description>
		<Cost>3.8206</Cost>
		<CaseQty>6.000</CaseQty>
		<CaseUOM>can</CaseUOM>
		<PakQty>3.000</PakQty>
		<PakUOM>L</PakUOM>
		<Comments>4335805</Comments>
		<InventoryGroup id="16">FOOD - GROCERY</InventoryGroup>
		<SalesCategory id="2">Food</SalesCategory>
		<Location id="299">OK - STORES AISLE #1</Location>
		<ExpenseAccount id="22" ref="SC0070" type="C" locked="N">COS-Food NoTax</ExpenseAccount>
		<IncomeAccount id="14" ref="Gross Sales" type="I" locked="Y">Gross Sales</IncomeAccount>
	</Item>
	<Item id="I-3388" active="Y" keyItem="Y" actualize="Y">
		<Description>OIL CANOLA*SALAD 100% PURE</Description>
		<Cost>3.3922</Cost>
		<CaseQty>6.000</CaseQty>
		<CaseUOM>can</CaseUOM>
		<PakQty>3.000</PakQty>
		<PakUOM>L</PakUOM>
		<Comments>MUST USE 3950097. REMOVED 2253405 FROM THE ORDER GUIDE-NOT CONTRACTED.</Comments>
		<InventoryGroup id="16">FOOD - GROCERY</InventoryGroup>
		<SalesCategory id="2">Food</SalesCategory>
		<Location id="299">OK - STORES AISLE #1</Location>
		<ExpenseAccount id="22" ref="SC0070" type="C" locked="N">COS-Food NoTax</ExpenseAccount>
		<IncomeAccount id="14" ref="Gross Sales" type="I" locked="Y">Gross Sales</IncomeAccount>
	</Item>
	<Item id="I-3389" active="Y" keyItem="Y" actualize="N">
		<Description>OIL OLIVE 100% EXTRA VIRGIN </Description>
		<Cost>11.0100</Cost>
		<CaseQty>4.000</CaseQty>
		<CaseUOM>can</CaseUOM>
		<PakQty>3.000</PakQty>
		<PakUOM>L</PakUOM>
		<Comments/>
		<InventoryGroup id="16">FOOD - GROCERY</InventoryGroup>
		<SalesCategory id="2">Food</SalesCategory>
		<Location id="491">OK - STORES AISLE #3</Location>
		<ExpenseAccount id="22" ref="SC0070" type="C" locked="N">COS-Food NoTax</ExpenseAccount>
		<IncomeAccount id="14" ref="Gross Sales" type="I" locked="Y">Gross Sales</IncomeAccount>
	</Item>
	<Item id="I-3390" active="Y" keyItem="Y" actualize="N">
		<Description>OIL OLIVE 100% PURE TFC</Description>
		<Cost>7.5408</Cost>
		<CaseQty>4.000</CaseQty>
		<CaseUOM>can</CaseUOM>
		<PakQty>3.000</PakQty>
		<PakUOM>L</PakUOM>
		<Comments/>
		<InventoryGroup id="16">FOOD - GROCERY</InventoryGroup>
		<SalesCategory id="2">Food</SalesCategory>
		<Location id="19">GROCERY</Location>
		<ExpenseAccount id="22" ref="SC0070" type="C" locked="N">COS-Food NoTax</ExpenseAccount>
		<IncomeAccount id="14" ref="Gross Sales" type="I" locked="Y">Gross Sales</IncomeAccount>
	</Item>
	<Item id="I-6006" active="Y" keyItem="Y" actualize="N">
		<Description>OIL OLIVE EXTRA VIRGIN TFC</Description>
		<Cost>11.5708</Cost>
		<CaseQty>4.000</CaseQty>
		<CaseUOM>can</CaseUOM>
		<PakQty>3.000</PakQty>
		<PakUOM>L</PakUOM>
		<Comments/>
		<InventoryGroup id="16">FOOD - GROCERY</InventoryGroup>
		<SalesCategory id="2">Food</SalesCategory>
		<Location id="449">OK - ARCHIVE</Location>
		<ExpenseAccount id="22" ref="SC0070" type="C" locked="N">COS-Food NoTax</ExpenseAccount>
		<IncomeAccount id="14" ref="Gross Sales" type="I" locked="Y">Gross Sales</IncomeAccount>
	</Item>
	<Item id="I-6829" active="Y" keyItem="Y" actualize="N">
		<Description>OLIVE KALAMATA LRG PITTED</Description>
		<Cost>9.6708</Cost>
		<CaseQty>4.000</CaseQty>
		<CaseUOM>each</CaseUOM>
		<PakQty>3.000</PakQty>
		<PakUOM>Kg</PakUOM>
		<Comments>REPLACED 3620627 APR 2018</Comments>
		<InventoryGroup id="16">FOOD - GROCERY</InventoryGroup>
		<SalesCategory id="2">Food</SalesCategory>
		<Location id="490">OK - STORES AISLE #2</Location>
		<ExpenseAccount id="22" ref="SC0070" type="C" locked="N">COS-Food NoTax</ExpenseAccount>
		<IncomeAccount id="14" ref="Gross Sales" type="I" locked="Y">Gross Sales</IncomeAccount>
	</Item>
	<Item id="I-4745" active="Y" keyItem="Y" actualize="N">
		<Description>ONION PEELED US</Description>
		<Cost>2.1580</Cost>
		<CaseQty>25.000</CaseQty>
		<CaseUOM>lb</CaseUOM>
		<PakQty>1.000</PakQty>
		<PakUOM>lb</PakUOM>
		<Comments/>
		<InventoryGroup id="4">PRODUCE</InventoryGroup>
		<SalesCategory id="2">Food</SalesCategory>
		<Location id="303">OK - PRODUCE COOLER</Location>
		<ExpenseAccount id="22" ref="SC0070" type="C" locked="N">COS-Food NoTax</ExpenseAccount>
		<IncomeAccount id="14" ref="Gross Sales" type="I" locked="Y">Gross Sales</IncomeAccount>
	</Item>
	<Item id="I-5010" active="Y" keyItem="Y" actualize="N">
		<Description>ONIONS PEARL GRADE A IQF</Description>
		<Cost>4.4983</Cost>
		<CaseQty>6.000</CaseQty>
		<CaseUOM>bag</CaseUOM>
		<PakQty>2.000</PakQty>
		<PakUOM>Kg</PakUOM>
		<Comments>ITEM CODE CHANGE FROM 1137578 TO 1219706 - MAY 2020</Comments>
		<InventoryGroup id="4">PRODUCE</InventoryGroup>
		<SalesCategory id="2">Food</SalesCategory>
		<Location id="302">OK - FREEZER</Location>
		<ExpenseAccount id="22" ref="SC0070" type="C" locked="N">COS-Food NoTax</ExpenseAccount>
		<IncomeAccount id="14" ref="Gross Sales" type="I" locked="Y">Gross Sales</IncomeAccount>
	</Item>
	<Item id="I-6807" active="Y" keyItem="Y" actualize="N">
		<Description>ONIONS RED 5LB</Description>
		<Cost>1.1100</Cost>
		<CaseQty>5.000</CaseQty>
		<CaseUOM>lb</CaseUOM>
		<PakQty>1.000</PakQty>
		<PakUOM>lb</PakUOM>
		<Comments/>
		<InventoryGroup id="4">PRODUCE</InventoryGroup>
		<SalesCategory id="2">Food</SalesCategory>
		<Location id="449">OK - ARCHIVE</Location>
		<ExpenseAccount id="22" ref="SC0070" type="C" locked="N">COS-Food NoTax</ExpenseAccount>
		<IncomeAccount id="14" ref="Gross Sales" type="I" locked="Y">Gross Sales</IncomeAccount>
	</Item>
	<Item id="I-4381" active="Y" keyItem="Y" actualize="N">
		<Description>ONIONS YELLOW JUMBO</Description>
		<Cost>0.9050</Cost>
		<CaseQty>40.000</CaseQty>
		<CaseUOM>lb</CaseUOM>
		<PakQty>1.000</PakQty>
		<PakUOM>lb</PakUOM>
		<Comments/>
		<InventoryGroup id="4">PRODUCE</InventoryGroup>
		<SalesCategory id="2">Food</SalesCategory>
		<Location id="449">OK - ARCHIVE</Location>
		<ExpenseAccount id="22" ref="SC0070" type="C" locked="N">COS-Food NoTax</ExpenseAccount>
		<IncomeAccount id="14" ref="Gross Sales" type="I" locked="Y">Gross Sales</IncomeAccount>
	</Item>
	<Item id="I-2911" active="Y" keyItem="Y" actualize="N">
		<Description>OREGANO RUBBED</Description>
		<Cost>13.9426</Cost>
		<CaseQty>5.000</CaseQty>
		<CaseUOM>lb</CaseUOM>
		<PakQty>0.453</PakQty>
		<PakUOM>Kg</PakUOM>
		<Comments/>
		<InventoryGroup id="18">SPICES</InventoryGroup>
		<SalesCategory id="2">Food</SalesCategory>
		<Location id="299">OK - STORES AISLE #1</Location>
		<ExpenseAccount id="22" ref="SC0070" type="C" locked="N">COS-Food NoTax</ExpenseAccount>
		<IncomeAccount id="14" ref="Gross Sales" type="I" locked="Y">Gross Sales</IncomeAccount>
	</Item>
	<Item id="I-3640" active="Y" keyItem="Y" actualize="N">
		<Description>PAPRIKA SHAKER TFC</Description>
		<Cost>0.0017</Cost>
		<CaseQty>8.000</CaseQty>
		<CaseUOM>ea</CaseUOM>
		<PakQty>454.000</PakQty>
		<PakUOM>g</PakUOM>
		<Comments/>
		<InventoryGroup id="18">SPICES</InventoryGroup>
		<SalesCategory id="2">Food</SalesCategory>
		<Location id="299">OK - STORES AISLE #1</Location>
		<ExpenseAccount id="22" ref="SC0070" type="C" locked="N">COS-Food NoTax</ExpenseAccount>
		<IncomeAccount id="14" ref="Gross Sales" type="I" locked="Y">Gross Sales</IncomeAccount>
	</Item>
	<Item id="I-4775" active="Y" keyItem="Y" actualize="N">
		<Description>PARSNIPS BC</Description>
		<Cost>3.1550</Cost>
		<CaseQty>20.000</CaseQty>
		<CaseUOM>lb</CaseUOM>
		<PakQty>1.000</PakQty>
		<PakUOM>lb</PakUOM>
		<Comments/>
		<InventoryGroup id="4">PRODUCE</InventoryGroup>
		<SalesCategory id="2">Food</SalesCategory>
		<Location id="303">OK - PRODUCE COOLER</Location>
		<ExpenseAccount id="22" ref="SC0070" type="C" locked="N">COS-Food NoTax</ExpenseAccount>
		<IncomeAccount id="14" ref="Gross Sales" type="I" locked="Y">Gross Sales</IncomeAccount>
	</Item>
	<Item id="I-2850" active="Y" keyItem="Y" actualize="N">
		<Description>PASTE ACHIOTE RED LA PERLA</Description>
		<Cost>0.0272</Cost>
		<CaseQty>1320.000</CaseQty>
		<CaseUOM>g</CaseUOM>
		<PakQty>1.000</PakQty>
		<PakUOM>g</PakUOM>
		<Comments/>
		<InventoryGroup id="16">FOOD - GROCERY</InventoryGroup>
		<SalesCategory id="2">Food</SalesCategory>
		<Location id="299">OK - STORES AISLE #1</Location>
		<ExpenseAccount id="22" ref="SC0070" type="C" locked="N">COS-Food NoTax</ExpenseAccount>
		<IncomeAccount id="14" ref="Gross Sales" type="I" locked="Y">Gross Sales</IncomeAccount>
	</Item>
	<Item id="I-3643" active="Y" keyItem="Y" actualize="N">
		<Description>PEPPER BLACK FINE TFC</Description>
		<Cost>32.5011</Cost>
		<CaseQty>1.000</CaseQty>
		<CaseUOM>each</CaseUOM>
		<PakQty>2.267</PakQty>
		<PakUOM>Kg</PakUOM>
		<Comments/>
		<InventoryGroup id="18">SPICES</InventoryGroup>
		<SalesCategory id="2">Food</SalesCategory>
		<Location id="449">OK - ARCHIVE</Location>
		<ExpenseAccount id="22" ref="SC0070" type="C" locked="N">COS-Food NoTax</ExpenseAccount>
		<IncomeAccount id="14" ref="Gross Sales" type="I" locked="Y">Gross Sales</IncomeAccount>
	</Item>
	<Item id="I-2051" active="Y" keyItem="Y" actualize="N">
		<Description>PEPPER BLACK GROUND VALLI</Description>
		<Cost>33.5407</Cost>
		<CaseQty>2.700</CaseQty>
		<CaseUOM>Kg</CaseUOM>
		<PakQty>1.000</PakQty>
		<PakUOM>Kg</PakUOM>
		<Comments/>
		<InventoryGroup id="18">SPICES</InventoryGroup>
		<SalesCategory id="2">Food</SalesCategory>
		<Location id="13">DAIRY</Location>
		<ExpenseAccount id="22" ref="SC0070" type="C" locked="N">COS-Food NoTax</ExpenseAccount>
		<IncomeAccount id="14" ref="Gross Sales" type="I" locked="Y">Gross Sales</IncomeAccount>
	</Item>
	<Item id="I-6812" active="Y" keyItem="Y" actualize="N">
		<Description>PEPPER BLK COARSE</Description>
		<Cost>34.6524</Cost>
		<CaseQty>2.100</CaseQty>
		<CaseUOM>Kg</CaseUOM>
		<PakQty>1.000</PakQty>
		<PakUOM>Kg</PakUOM>
		<Comments/>
		<InventoryGroup id="18">SPICES</InventoryGroup>
		<SalesCategory id="2">Food</SalesCategory>
		<Location id="449">OK - ARCHIVE</Location>
		<ExpenseAccount id="22" ref="SC0070" type="C" locked="N">COS-Food NoTax</ExpenseAccount>
		<IncomeAccount id="14" ref="Gross Sales" type="I" locked="Y">Gross Sales</IncomeAccount>
	</Item>
	<Item id="I-3642" active="Y" keyItem="Y" actualize="N">
		<Description>PEPPER BLK COARSE GRD SHK</Description>
		<Cost>0.0325</Cost>
		<CaseQty>1.000</CaseQty>
		<CaseUOM>ea</CaseUOM>
		<PakQty>2267.900</PakQty>
		<PakUOM>g</PakUOM>
		<Comments/>
		<InventoryGroup id="18">SPICES</InventoryGroup>
		<SalesCategory id="2">Food</SalesCategory>
		<Location id="299">OK - STORES AISLE #1</Location>
		<ExpenseAccount id="22" ref="SC0070" type="C" locked="N">COS-Food NoTax</ExpenseAccount>
		<IncomeAccount id="14" ref="Gross Sales" type="I" locked="Y">Gross Sales</IncomeAccount>
	</Item>
	<Item id="I-3448" active="Y" keyItem="Y" actualize="N">
		<Description>PEPPER HOT BANANA RING SLCD </Description>
		<Cost>4.0075</Cost>
		<CaseQty>2.000</CaseQty>
		<CaseUOM>4L</CaseUOM>
		<PakQty>4.000</PakQty>
		<PakUOM>L</PakUOM>
		<Comments>CODE CHANGE FROM 3406707 OCT2017</Comments>
		<InventoryGroup id="16">FOOD - GROCERY</InventoryGroup>
		<SalesCategory id="2">Food</SalesCategory>
		<Location id="490">OK - STORES AISLE #2</Location>
		<ExpenseAccount id="22" ref="SC0070" type="C" locked="N">COS-Food NoTax</ExpenseAccount>
		<IncomeAccount id="14" ref="Gross Sales" type="I" locked="Y">Gross Sales</IncomeAccount>
	</Item>
	<Item id="I-3646" active="Y" keyItem="Y" actualize="N">
		<Description>PEPPER WHITE GROUND SHK</Description>
		<Cost>0.0556</Cost>
		<CaseQty>1.000</CaseQty>
		<CaseUOM>each</CaseUOM>
		<PakQty>454.000</PakQty>
		<PakUOM>g</PakUOM>
		<Comments/>
		<InventoryGroup id="18">SPICES</InventoryGroup>
		<SalesCategory id="2">Food</SalesCategory>
		<Location id="449">OK - ARCHIVE</Location>
		<ExpenseAccount id="22" ref="SC0070" type="C" locked="N">COS-Food NoTax</ExpenseAccount>
		<IncomeAccount id="14" ref="Gross Sales" type="I" locked="Y">Gross Sales</IncomeAccount>
	</Item>
	<Item id="I-4785" active="Y" keyItem="Y" actualize="N">
		<Description>PEPPERS GREEN</Description>
		<Cost>1.7400</Cost>
		<CaseQty>5.000</CaseQty>
		<CaseUOM>lb</CaseUOM>
		<PakQty>1.000</PakQty>
		<PakUOM>lb</PakUOM>
		<Comments/>
		<InventoryGroup id="4">PRODUCE</InventoryGroup>
		<SalesCategory id="2">Food</SalesCategory>
		<Location id="449">OK - ARCHIVE</Location>
		<ExpenseAccount id="22" ref="SC0070" type="C" locked="N">COS-Food NoTax</ExpenseAccount>
		<IncomeAccount id="14" ref="Gross Sales" type="I" locked="Y">Gross Sales</IncomeAccount>
	</Item>
	<Item id="I-4787" active="Y" keyItem="Y" actualize="N">
		<Description>PEPPERS JALAPENO GREEN 10 LBS</Description>
		<Cost>2.3850</Cost>
		<CaseQty>10.000</CaseQty>
		<CaseUOM>lb</CaseUOM>
		<PakQty>1.000</PakQty>
		<PakUOM>lb</PakUOM>
		<Comments/>
		<InventoryGroup id="4">PRODUCE</InventoryGroup>
		<SalesCategory id="2">Food</SalesCategory>
		<Location id="303">OK - PRODUCE COOLER</Location>
		<ExpenseAccount id="22" ref="SC0070" type="C" locked="N">COS-Food NoTax</ExpenseAccount>
		<IncomeAccount id="14" ref="Gross Sales" type="I" locked="Y">Gross Sales</IncomeAccount>
	</Item>
	<Item id="I-4792" active="Y" keyItem="Y" actualize="N">
		<Description>PEPPERS RED CHOICE US</Description>
		<Cost>3.0259</Cost>
		<CaseQty>25.000</CaseQty>
		<CaseUOM>lb</CaseUOM>
		<PakQty>1.000</PakQty>
		<PakUOM>lb</PakUOM>
		<Comments/>
		<InventoryGroup id="4">PRODUCE</InventoryGroup>
		<SalesCategory id="2">Food</SalesCategory>
		<Location id="303">OK - PRODUCE COOLER</Location>
		<ExpenseAccount id="22" ref="SC0070" type="C" locked="N">COS-Food NoTax</ExpenseAccount>
		<IncomeAccount id="14" ref="Gross Sales" type="I" locked="Y">Gross Sales</IncomeAccount>
	</Item>
	<Item id="I-3851" active="Y" keyItem="Y" actualize="N">
		<Description>PORK BUTT BNLS 1/4 COV FR</Description>
		<Cost>9.3200</Cost>
		<CaseQty>1.000</CaseQty>
		<CaseUOM>Kg</CaseUOM>
		<PakQty>1.000</PakQty>
		<PakUOM>Kg</PakUOM>
		<Comments>ALSO CODE #53987 WHEN BACK ORDERED</Comments>
		<InventoryGroup id="5">MEAT</InventoryGroup>
		<SalesCategory id="2">Food</SalesCategory>
		<Location id="304">OK - MEAT COOLER</Location>
		<ExpenseAccount id="22" ref="SC0070" type="C" locked="N">COS-Food NoTax</ExpenseAccount>
		<IncomeAccount id="14" ref="Gross Sales" type="I" locked="Y">Gross Sales</IncomeAccount>
	</Item>
	<Item id="I-3856" active="Y" keyItem="Y" actualize="N">
		<Description>PORK LOIN BNLS S/CUT COVFR</Description>
		<Cost>8.7000</Cost>
		<CaseQty>1.000</CaseQty>
		<CaseUOM>Kg</CaseUOM>
		<PakQty>1.000</PakQty>
		<PakUOM>Kg</PakUOM>
		<Comments>Code changed from 50685 09/2018</Comments>
		<InventoryGroup id="5">MEAT</InventoryGroup>
		<SalesCategory id="2">Food</SalesCategory>
		<Location id="304">OK - MEAT COOLER</Location>
		<ExpenseAccount id="22" ref="SC0070" type="C" locked="N">COS-Food NoTax</ExpenseAccount>
		<IncomeAccount id="14" ref="Gross Sales" type="I" locked="Y">Gross Sales</IncomeAccount>
	</Item>
	<Item id="I-3016" active="Y" keyItem="Y" actualize="N">
		<Description>PUMPKIN SEEDS 2 KG</Description>
		<Cost>13.8467</Cost>
		<CaseQty>3.000</CaseQty>
		<CaseUOM>Kg</CaseUOM>
		<PakQty>1.000</PakQty>
		<PakUOM>Kg</PakUOM>
		<Comments/>
		<InventoryGroup id="16">FOOD - GROCERY</InventoryGroup>
		<SalesCategory id="2">Food</SalesCategory>
		<Location id="493">OK - STORES AISLE #5</Location>
		<ExpenseAccount id="22" ref="SC0070" type="C" locked="N">COS-Food NoTax</ExpenseAccount>
		<IncomeAccount id="14" ref="Gross Sales" type="I" locked="Y">Gross Sales</IncomeAccount>
	</Item>
	<Item id="I-65770" active="Y" keyItem="Y" actualize="N">
		<Description>SALMON SMKD PLANT BASED FRESH</Description>
		<Cost>0.0363</Cost>
		<CaseQty>6.000</CaseQty>
		<CaseUOM>un</CaseUOM>
		<PakQty>200.000</PakQty>
		<PakUOM>g</PakUOM>
		<Comments/>
		<InventoryGroup id="16">FOOD - GROCERY</InventoryGroup>
		<SalesCategory id="2">Food</SalesCategory>
		<Location id="19">GROCERY</Location>
		<ExpenseAccount id="22" ref="SC0070" type="C" locked="N">COS-Food NoTax</ExpenseAccount>
		<IncomeAccount id="14" ref="Gross Sales" type="I" locked="Y">Gross Sales</IncomeAccount>
	</Item>
	<Item id="I-6026" active="Y" keyItem="Y" actualize="N">
		<Description>SALT KOSHER </Description>
		<Cost>0.0032</Cost>
		<CaseQty>16.320</CaseQty>
		<CaseUOM>Kg</CaseUOM>
		<PakQty>1000.000</PakQty>
		<PakUOM>g</PakUOM>
		<Comments>PRICE CHANGED DECEMBER 2018</Comments>
		<InventoryGroup id="18">SPICES</InventoryGroup>
		<SalesCategory id="2">Food</SalesCategory>
		<Location id="491">OK - STORES AISLE #3</Location>
		<ExpenseAccount id="22" ref="SC0070" type="C" locked="N">COS-Food NoTax</ExpenseAccount>
		<IncomeAccount id="14" ref="Gross Sales" type="I" locked="Y">Gross Sales</IncomeAccount>
	</Item>
	<Item id="I-12176" active="Y" keyItem="Y" actualize="N">
		<Description>SALT SEA COARSE KOSHER</Description>
		<Cost>2.0925</Cost>
		<CaseQty>1.000</CaseQty>
		<CaseUOM>CT</CaseUOM>
		<PakQty>2.270</PakQty>
		<PakUOM>Kg</PakUOM>
		<Comments/>
		<InventoryGroup id="18">SPICES</InventoryGroup>
		<SalesCategory id="2">Food</SalesCategory>
		<Location id="449">OK - ARCHIVE</Location>
		<ExpenseAccount id="22" ref="SC0070" type="C" locked="N">COS-Food NoTax</ExpenseAccount>
		<IncomeAccount id="14" ref="Gross Sales" type="I" locked="Y">Gross Sales</IncomeAccount>
	</Item>
	<Item id="I-2697" active="Y" keyItem="Y" actualize="N">
		<Description>SAUCE PESTO NO NUT</Description>
		<Cost>0.0212</Cost>
		<CaseQty>6.000</CaseQty>
		<CaseUOM>bag</CaseUOM>
		<PakQty>454.000</PakQty>
		<PakUOM>g</PakUOM>
		<Comments/>
		<InventoryGroup id="16">FOOD - GROCERY</InventoryGroup>
		<SalesCategory id="2">Food</SalesCategory>
		<Location id="302">OK - FREEZER</Location>
		<ExpenseAccount id="22" ref="SC0070" type="C" locked="N">COS-Food NoTax</ExpenseAccount>
		<IncomeAccount id="14" ref="Gross Sales" type="I" locked="Y">Gross Sales</IncomeAccount>
	</Item>
	<Item id="I-3572" active="Y" keyItem="Y" actualize="N">
		<Description>SAUCE WORCESTERSHIRE</Description>
		<Cost>6.6811</Cost>
		<CaseQty>2.000</CaseQty>
		<CaseUOM>JUG</CaseUOM>
		<PakQty>3.700</PakQty>
		<PakUOM>L</PakUOM>
		<Comments/>
		<InventoryGroup id="16">FOOD - GROCERY</InventoryGroup>
		<SalesCategory id="2">Food</SalesCategory>
		<Location id="490">OK - STORES AISLE #2</Location>
		<ExpenseAccount id="22" ref="SC0070" type="C" locked="N">COS-Food NoTax</ExpenseAccount>
		<IncomeAccount id="14" ref="Gross Sales" type="I" locked="Y">Gross Sales</IncomeAccount>
	</Item>
	<Item id="I-4896" active="Y" keyItem="Y" actualize="N">
		<Description>SPINACH WASHED NO STEM US</Description>
		<Cost>3.4600</Cost>
		<CaseQty>1.000</CaseQty>
		<CaseUOM>bag</CaseUOM>
		<PakQty>2.500</PakQty>
		<PakUOM>lb</PakUOM>
		<Comments>PRICE UPDATED JULY 2018 - VW</Comments>
		<InventoryGroup id="4">PRODUCE</InventoryGroup>
		<SalesCategory id="2">Food</SalesCategory>
		<Location id="303">OK - PRODUCE COOLER</Location>
		<ExpenseAccount id="22" ref="SC0070" type="C" locked="N">COS-Food NoTax</ExpenseAccount>
		<IncomeAccount id="14" ref="Gross Sales" type="I" locked="Y">Gross Sales</IncomeAccount>
	</Item>
	<Item id="I-26464" active="Y" keyItem="Y" actualize="N">
		<Description>SPREAD FIG BULK DALMATIA</Description>
		<Cost>0.0150</Cost>
		<CaseQty>1600.000</CaseQty>
		<CaseUOM>g</CaseUOM>
		<PakQty>1.000</PakQty>
		<PakUOM>g</PakUOM>
		<Comments/>
		<InventoryGroup id="16">FOOD - GROCERY</InventoryGroup>
		<SalesCategory id="2">Food</SalesCategory>
		<Location id="299">OK - STORES AISLE #1</Location>
		<ExpenseAccount id="22" ref="SC0070" type="C" locked="N">COS-Food NoTax</ExpenseAccount>
		<IncomeAccount id="14" ref="Gross Sales" type="I" locked="Y">Gross Sales</IncomeAccount>
	</Item>
	<Item id="I-6820" active="Y" keyItem="Y" actualize="N">
		<Description>STARCH CORN 5kg</Description>
		<Cost>5.3660</Cost>
		<CaseQty>5.000</CaseQty>
		<CaseUOM>Kg</CaseUOM>
		<PakQty>1.000</PakQty>
		<PakUOM>Kg</PakUOM>
		<Comments/>
		<InventoryGroup id="16">FOOD - GROCERY</InventoryGroup>
		<SalesCategory id="2">Food</SalesCategory>
		<Location id="490">OK - STORES AISLE #2</Location>
		<ExpenseAccount id="22" ref="SC0070" type="C" locked="N">COS-Food NoTax</ExpenseAccount>
		<IncomeAccount id="14" ref="Gross Sales" type="I" locked="Y">Gross Sales</IncomeAccount>
	</Item>
	<Item id="I-6028" active="Y" keyItem="Y" actualize="N">
		<Description>SUGAR BROWN DEMERARA</Description>
		<Cost>3.5860</Cost>
		<CaseQty>20.000</CaseQty>
		<CaseUOM>Kg</CaseUOM>
		<PakQty>1.000</PakQty>
		<PakUOM>Kg</PakUOM>
		<Comments/>
		<InventoryGroup id="16">FOOD - GROCERY</InventoryGroup>
		<SalesCategory id="2">Food</SalesCategory>
		<Location id="299">OK - STORES AISLE #1</Location>
		<ExpenseAccount id="22" ref="SC0070" type="C" locked="N">COS-Food NoTax</ExpenseAccount>
		<IncomeAccount id="14" ref="Gross Sales" type="I" locked="Y">Gross Sales</IncomeAccount>
	</Item>
	<Item id="I-2948" active="Y" keyItem="Y" actualize="N">
		<Description>TOMATO POLPA DI POMDORO POMI</Description>
		<Cost>3.1990</Cost>
		<CaseQty>10.000</CaseQty>
		<CaseUOM>Kg</CaseUOM>
		<PakQty>1.000</PakQty>
		<PakUOM>Kg</PakUOM>
		<Comments/>
		<InventoryGroup id="16">FOOD - GROCERY</InventoryGroup>
		<SalesCategory id="2">Food</SalesCategory>
		<Location id="492">OK - STORES AISLE #4</Location>
		<ExpenseAccount id="22" ref="SC0070" type="C" locked="N">COS-Food NoTax</ExpenseAccount>
		<IncomeAccount id="14" ref="Gross Sales" type="I" locked="Y">Gross Sales</IncomeAccount>
	</Item>
	<Item id="I-18803" active="Y" keyItem="Y" actualize="N">
		<Description>TOMATO SUNDRIED IN OIL</Description>
		<Cost>7.1700</Cost>
		<CaseQty>8.000</CaseQty>
		<CaseUOM>L</CaseUOM>
		<PakQty>1.000</PakQty>
		<PakUOM>L</PakUOM>
		<Comments>PRICE INCREASED APRIL 2019</Comments>
		<InventoryGroup id="16">FOOD - GROCERY</InventoryGroup>
		<SalesCategory id="2">Food</SalesCategory>
		<Location id="490">OK - STORES AISLE #2</Location>
		<ExpenseAccount id="22" ref="SC0070" type="C" locked="N">COS-Food NoTax</ExpenseAccount>
		<IncomeAccount id="14" ref="Gross Sales" type="I" locked="Y">Gross Sales</IncomeAccount>
	</Item>
	<Item id="I-17159" active="Y" keyItem="Y" actualize="N">
		<Description>TOMATOES GRAPE 10LB</Description>
		<Cost>3.7150</Cost>
		<CaseQty>10.000</CaseQty>
		<CaseUOM>lb</CaseUOM>
		<PakQty>1.000</PakQty>
		<PakUOM>lb</PakUOM>
		<Comments/>
		<InventoryGroup id="4">PRODUCE</InventoryGroup>
		<SalesCategory id="2">Food</SalesCategory>
		<Location id="303">OK - PRODUCE COOLER</Location>
		<ExpenseAccount id="22" ref="SC0070" type="C" locked="N">COS-Food NoTax</ExpenseAccount>
		<IncomeAccount id="14" ref="Gross Sales" type="I" locked="Y">Gross Sales</IncomeAccount>
	</Item>
	<Item id="I-35791" active="Y" keyItem="Y" actualize="N">
		<Description>TOMATOES ROMA</Description>
		<Cost>0.0031</Cost>
		<CaseQty>5.000</CaseQty>
		<CaseUOM>lb</CaseUOM>
		<PakQty>453.000</PakQty>
		<PakUOM>g</PakUOM>
		<Comments/>
		<InventoryGroup id="4">PRODUCE</InventoryGroup>
		<SalesCategory id="2">Food</SalesCategory>
		<Location id="449">OK - ARCHIVE</Location>
		<ExpenseAccount id="22" ref="SC0070" type="C" locked="N">COS-Food NoTax</ExpenseAccount>
		<IncomeAccount id="14" ref="Gross Sales" type="I" locked="Y">Gross Sales</IncomeAccount>
	</Item>
	<Item id="I-4933" active="Y" keyItem="Y" actualize="N">
		<Description>TOMATOES ROMA MX</Description>
		<Cost>1.5280</Cost>
		<CaseQty>25.000</CaseQty>
		<CaseUOM>lb</CaseUOM>
		<PakQty>1.000</PakQty>
		<PakUOM>lb</PakUOM>
		<Comments/>
		<InventoryGroup id="4">PRODUCE</InventoryGroup>
		<SalesCategory id="2">Food</SalesCategory>
		<Location id="303">OK - PRODUCE COOLER</Location>
		<ExpenseAccount id="22" ref="SC0070" type="C" locked="N">COS-Food NoTax</ExpenseAccount>
		<IncomeAccount id="14" ref="Gross Sales" type="I" locked="Y">Gross Sales</IncomeAccount>
	</Item>
	<Item id="I-3692" active="Y" keyItem="Y" actualize="N">
		<Description>VINEGAR BALSAMIC PAIL</Description>
		<Cost>5.8530</Cost>
		<CaseQty>2.000</CaseQty>
		<CaseUOM>pail</CaseUOM>
		<PakQty>5.000</PakQty>
		<PakUOM>L</PakUOM>
		<Comments/>
		<InventoryGroup id="16">FOOD - GROCERY</InventoryGroup>
		<SalesCategory id="2">Food</SalesCategory>
		<Location id="491">OK - STORES AISLE #3</Location>
		<ExpenseAccount id="22" ref="SC0070" type="C" locked="N">COS-Food NoTax</ExpenseAccount>
		<IncomeAccount id="14" ref="Gross Sales" type="I" locked="Y">Gross Sales</IncomeAccount>
	</Item>
	<Item id="I-3695" active="Y" keyItem="Y" actualize="N">
		<Description>VINEGAR RED WINE TFC</Description>
		<Cost>2.1860</Cost>
		<CaseQty>2.000</CaseQty>
		<CaseUOM>pail</CaseUOM>
		<PakQty>5.000</PakQty>
		<PakUOM>L</PakUOM>
		<Comments>CODE CHANGE FROM 3467037 OCT2017</Comments>
		<InventoryGroup id="16">FOOD - GROCERY</InventoryGroup>
		<SalesCategory id="2">Food</SalesCategory>
		<Location id="491">OK - STORES AISLE #3</Location>
		<ExpenseAccount id="22" ref="SC0070" type="C" locked="N">COS-Food NoTax</ExpenseAccount>
		<IncomeAccount id="14" ref="Gross Sales" type="I" locked="Y">Gross Sales</IncomeAccount>
	</Item>
	<Item id="I-5983" active="Y" keyItem="N" actualize="N">
		<Description>WATER FOR RECIPES</Description>
		<Cost>0</Cost>
		<CaseQty>1.000</CaseQty>
		<CaseUOM>L</CaseUOM>
		<PakQty>1.000</PakQty>
		<PakUOM>L</PakUOM>
		<Comments/>
		<InventoryGroup id="2">BEVERAGE</InventoryGroup>
		<SalesCategory id="2">Food</SalesCategory>
		<Location id="449">OK - ARCHIVE</Location>
		<ExpenseAccount id="22" ref="SC0070" type="C" locked="N">COS-Food NoTax</ExpenseAccount>
		<IncomeAccount id="14" ref="Gross Sales" type="I" locked="Y">Gross Sales</IncomeAccount>
	</Item>
	<Item id="I-4967" active="Y" keyItem="Y" actualize="N">
		<Description>ZUCCHINI MED FCY MX</Description>
		<Cost>1.6840</Cost>
		<CaseQty>25.000</CaseQty>
		<CaseUOM>lb</CaseUOM>
		<PakQty>1.000</PakQty>
		<PakUOM>lb</PakUOM>
		<Comments/>
		<InventoryGroup id="4">PRODUCE</InventoryGroup>
		<SalesCategory id="2">Food</SalesCategory>
		<Location id="303">OK - PRODUCE COOLER</Location>
		<ExpenseAccount id="22" ref="SC0070" type="C" locked="N">COS-Food NoTax</ExpenseAccount>
		<IncomeAccount id="14" ref="Gross Sales" type="I" locked="Y">Gross Sales</IncomeAccount>
	</Item>
</Items>
