﻿<?xml version="1.0" encoding="UTF-8" standalone="yes"?>
<Preps>
	<Prep id="P-50502" active="Y" keyItem="N">
		<Description>BAKED|Meatball</Description>
		<Barcode/>
		<Cost>0.2969</Cost>
		<PakQty>310.000</PakQty>
		<PakUOM>each</PakUOM>
		<Comments>Novenber 2018 (Fiscal 19)</Comments>
		<InventoryGroup id="47">PREP</InventoryGroup>
		<SalesCategory id="2">Food</SalesCategory>
		<IncomeAccount id="14" ref="Gross Sales" type="I" locked="Y">Gross Sales</IncomeAccount>
		<Location id=""/>
	</Prep>
	<Prep id="P-29179" active="Y" keyItem="N">
		<Description>BOILED|Du Puy</Description>
		<Barcode/>
		<Cost>4.8902</Cost>
		<PakQty>10.000</PakQty>
		<PakUOM>Kg</PakUOM>
		<Comments/>
		<InventoryGroup id=""/>
		<SalesCategory id=""/>
		<IncomeAccount id="" ref="" type="" locked=""/>
		<Location id=""/>
	</Prep>
	<Prep id="P-24750" active="Y" keyItem="N">
		<Description>CHOPPED|Cilantro</Description>
		<Barcode/>
		<Cost>20.3000</Cost>
		<PakQty>0.500</PakQty>
		<PakUOM>Kg</PakUOM>
		<Comments/>
		<InventoryGroup id=""/>
		<SalesCategory id=""/>
		<IncomeAccount id="" ref="" type="" locked=""/>
		<Location id=""/>
	</Prep>
	<Prep id="P-26068" active="Y" keyItem="Y">
		<Description>COOKED|Caramelized Onion</Description>
		<Barcode/>
		<Cost>2.5558</Cost>
		<PakQty>9.000</PakQty>
		<PakUOM>Kg</PakUOM>
		<Comments/>
		<InventoryGroup id="47">PREP</InventoryGroup>
		<SalesCategory id="2">Food</SalesCategory>
		<IncomeAccount id="14" ref="Gross Sales" type="I" locked="Y">Gross Sales</IncomeAccount>
		<Location id="500">OK - PROCESSED </Location>
	</Prep>
	<Prep id="P-48870" active="Y" keyItem="N">
		<Description>COOKED|Chicken Stirfry </Description>
		<Barcode/>
		<Cost>20.0859</Cost>
		<PakQty>6.300</PakQty>
		<PakUOM>Kg</PakUOM>
		<Comments/>
		<InventoryGroup id=""/>
		<SalesCategory id=""/>
		<IncomeAccount id="" ref="" type="" locked=""/>
		<Location id=""/>
	</Prep>
	<Prep id="P-46546" active="Y" keyItem="N">
		<Description>CRUMBLED|Feta</Description>
		<Barcode/>
		<Cost>15.5310</Cost>
		<PakQty>2.900</PakQty>
		<PakUOM>Kg</PakUOM>
		<Comments/>
		<InventoryGroup id=""/>
		<SalesCategory id=""/>
		<IncomeAccount id="" ref="" type="" locked=""/>
		<Location id=""/>
	</Prep>
	<Prep id="P-43440" active="Y" keyItem="Y">
		<Description>DICED|Red Onion 1/4&quot;</Description>
		<Barcode/>
		<Cost>3.6264</Cost>
		<PakQty>11.010</PakQty>
		<PakUOM>Kg</PakUOM>
		<Comments/>
		<InventoryGroup id="47">PREP</InventoryGroup>
		<SalesCategory id="2">Food</SalesCategory>
		<IncomeAccount id="14" ref="Gross Sales" type="I" locked="Y">Gross Sales</IncomeAccount>
		<Location id="500">OK - PROCESSED </Location>
	</Prep>
	<Prep id="P-57499" active="Y" keyItem="Y">
		<Description>DICED|Red Onion 1/8</Description>
		<Barcode/>
		<Cost>3.6297</Cost>
		<PakQty>11.000</PakQty>
		<PakUOM>Kg</PakUOM>
		<Comments/>
		<InventoryGroup id="47">PREP</InventoryGroup>
		<SalesCategory id="2">Food</SalesCategory>
		<IncomeAccount id="14" ref="Gross Sales" type="I" locked="Y">Gross Sales</IncomeAccount>
		<Location id="500">OK - PROCESSED </Location>
	</Prep>
	<Prep id="P-44429" active="Y" keyItem="Y">
		<Description>DICED|Roma Tomato|1/4&quot;</Description>
		<Barcode/>
		<Cost>3.7430</Cost>
		<PakQty>1.000</PakQty>
		<PakUOM>Kg</PakUOM>
		<Comments/>
		<InventoryGroup id="47">PREP</InventoryGroup>
		<SalesCategory id="2">Food</SalesCategory>
		<IncomeAccount id="14" ref="Gross Sales" type="I" locked="Y">Gross Sales</IncomeAccount>
		<Location id="500">OK - PROCESSED </Location>
	</Prep>
	<Prep id="P-38556" active="Y" keyItem="N">
		<Description>DICED|Yellow Onion|1/4&quot;</Description>
		<Barcode/>
		<Cost>2.2461</Cost>
		<PakQty>11.400</PakQty>
		<PakUOM>Kg</PakUOM>
		<Comments/>
		<InventoryGroup id=""/>
		<SalesCategory id=""/>
		<IncomeAccount id="" ref="" type="" locked=""/>
		<Location id=""/>
	</Prep>
	<Prep id="P-39167" active="Y" keyItem="N">
		<Description>DICED|Yellow Onion|3/4&quot;</Description>
		<Barcode/>
		<Cost>2.3257</Cost>
		<PakQty>11.010</PakQty>
		<PakUOM>Kg</PakUOM>
		<Comments/>
		<InventoryGroup id=""/>
		<SalesCategory id=""/>
		<IncomeAccount id="" ref="" type="" locked=""/>
		<Location id=""/>
	</Prep>
	<Prep id="P-50802" active="Y" keyItem="N">
		<Description>DRAINED|Artichoke hearts</Description>
		<Barcode/>
		<Cost>7.3294</Cost>
		<PakQty>2.000</PakQty>
		<PakUOM>Kg</PakUOM>
		<Comments/>
		<InventoryGroup id=""/>
		<SalesCategory id=""/>
		<IncomeAccount id="" ref="" type="" locked=""/>
		<Location id=""/>
	</Prep>
	<Prep id="P-38637" active="Y" keyItem="N">
		<Description>DRAINED|Caper</Description>
		<Barcode/>
		<Cost>14.4417</Cost>
		<PakQty>1.200</PakQty>
		<PakUOM>Kg</PakUOM>
		<Comments/>
		<InventoryGroup id=""/>
		<SalesCategory id=""/>
		<IncomeAccount id="" ref="" type="" locked=""/>
		<Location id=""/>
	</Prep>
	<Prep id="P-32663" active="Y" keyItem="N">
		<Description>DRAINED|Kalamata Olives</Description>
		<Barcode/>
		<Cost>13.7325</Cost>
		<PakQty>2.000</PakQty>
		<PakUOM>Kg</PakUOM>
		<Comments/>
		<InventoryGroup id="299">ZDONT USE OK - PREP</InventoryGroup>
		<SalesCategory id="2">Food</SalesCategory>
		<IncomeAccount id="14" ref="Gross Sales" type="I" locked="Y">Gross Sales</IncomeAccount>
		<Location id="4">PREP</Location>
	</Prep>
	<Prep id="P-32459" active="Y" keyItem="Y">
		<Description>DRAINED|Sundried Tomato</Description>
		<Barcode/>
		<Cost>12.4696</Cost>
		<PakQty>2.300</PakQty>
		<PakUOM>Kg</PakUOM>
		<Comments/>
		<InventoryGroup id="16">FOOD - GROCERY</InventoryGroup>
		<SalesCategory id="2">Food</SalesCategory>
		<IncomeAccount id="14" ref="Gross Sales" type="I" locked="Y">Gross Sales</IncomeAccount>
		<Location id="457">OK - STN - GLOBAL</Location>
	</Prep>
	<Prep id="P-50803" active="Y" keyItem="N">
		<Description>GRL|Sauce|Jalapeno Honey Mayo</Description>
		<Barcode/>
		<Cost>8.2120</Cost>
		<PakQty>2.500</PakQty>
		<PakUOM>L</PakUOM>
		<Comments/>
		<InventoryGroup id=""/>
		<SalesCategory id=""/>
		<IncomeAccount id="" ref="" type="" locked=""/>
		<Location id=""/>
	</Prep>
	<Prep id="P-25993" active="Y" keyItem="N">
		<Description>MIX|Salt and Pepper - FT</Description>
		<Barcode/>
		<Cost>12.4571</Cost>
		<PakQty>7.000</PakQty>
		<PakUOM>Kg</PakUOM>
		<Comments/>
		<InventoryGroup id=""/>
		<SalesCategory id=""/>
		<IncomeAccount id="" ref="" type="" locked=""/>
		<Location id="501">OK - FOOD TRUCK</Location>
	</Prep>
	<Prep id="P-18907" active="Y" keyItem="N">
		<Description>MIX|Salt&amp;Pepper</Description>
		<Barcode/>
		<Cost>0.0086</Cost>
		<PakQty>1225.000</PakQty>
		<PakUOM>g</PakUOM>
		<Comments/>
		<InventoryGroup id=""/>
		<SalesCategory id=""/>
		<IncomeAccount id="" ref="" type="" locked=""/>
		<Location id=""/>
	</Prep>
	<Prep id="P-50489" active="Y" keyItem="Y">
		<Description>PIBIL|Pulled Pork</Description>
		<Barcode/>
		<Cost>17.5409</Cost>
		<PakQty>2.722</PakQty>
		<PakUOM>Kg</PakUOM>
		<Comments/>
		<InventoryGroup id="47">PREP</InventoryGroup>
		<SalesCategory id="2">Food</SalesCategory>
		<IncomeAccount id="14" ref="Gross Sales" type="I" locked="Y">Gross Sales</IncomeAccount>
		<Location id="500">OK - PROCESSED </Location>
	</Prep>
	<Prep id="P-48489" active="Y" keyItem="Y">
		<Description>PREP|Garlic Confit</Description>
		<Barcode/>
		<Cost>19.9287</Cost>
		<PakQty>1.000</PakQty>
		<PakUOM>Kg</PakUOM>
		<Comments>January 19 (Fiscal 19)</Comments>
		<InventoryGroup id="47">PREP</InventoryGroup>
		<SalesCategory id="2">Food</SalesCategory>
		<IncomeAccount id="14" ref="Gross Sales" type="I" locked="Y">Gross Sales</IncomeAccount>
		<Location id="500">OK - PROCESSED </Location>
	</Prep>
	<Prep id="P-9839" active="Y" keyItem="N">
		<Description>PREP|Parsnip Processed  </Description>
		<Barcode/>
		<Cost>8.3057</Cost>
		<PakQty>16.749</PakQty>
		<PakUOM>Kg</PakUOM>
		<Comments/>
		<InventoryGroup id=""/>
		<SalesCategory id=""/>
		<IncomeAccount id="" ref="" type="" locked=""/>
		<Location id=""/>
	</Prep>
	<Prep id="P-10241" active="Y" keyItem="N">
		<Description>PREP|Red Pepper|Julienne</Description>
		<Barcode/>
		<Cost>8.0373</Cost>
		<PakQty>1.000</PakQty>
		<PakUOM>Kg</PakUOM>
		<Comments/>
		<InventoryGroup id=""/>
		<SalesCategory id=""/>
		<IncomeAccount id="" ref="" type="" locked=""/>
		<Location id=""/>
	</Prep>
	<Prep id="P-46862" active="Y" keyItem="Y">
		<Description>PREP|Slice|Roma</Description>
		<Barcode/>
		<Cost>0.0704</Cost>
		<PakQty>20.000</PakQty>
		<PakUOM>slice</PakUOM>
		<Comments/>
		<InventoryGroup id="47">PREP</InventoryGroup>
		<SalesCategory id="2">Food</SalesCategory>
		<IncomeAccount id="14" ref="Gross Sales" type="I" locked="Y">Gross Sales</IncomeAccount>
		<Location id="500">OK - PROCESSED </Location>
	</Prep>
	<Prep id="P-57639" active="Y" keyItem="N">
		<Description>PREP|Sliced|red Onion</Description>
		<Barcode/>
		<Cost>3.4719</Cost>
		<PakQty>1.000</PakQty>
		<PakUOM>Kg</PakUOM>
		<Comments/>
		<InventoryGroup id=""/>
		<SalesCategory id=""/>
		<IncomeAccount id="" ref="" type="" locked=""/>
		<Location id=""/>
	</Prep>
	<Prep id="P-26020" active="Y" keyItem="Y">
		<Description>PUREE|Garlic|Kg - FT</Description>
		<Barcode/>
		<Cost>12.2277</Cost>
		<PakQty>2.500</PakQty>
		<PakUOM>Kg</PakUOM>
		<Comments>2 weeks</Comments>
		<InventoryGroup id="47">PREP</InventoryGroup>
		<SalesCategory id="2">Food</SalesCategory>
		<IncomeAccount id="14" ref="Gross Sales" type="I" locked="Y">Gross Sales</IncomeAccount>
		<Location id="500">OK - PROCESSED </Location>
	</Prep>
	<Prep id="P-56506" active="Y" keyItem="Y">
		<Description>ROAST|Cuban Pork Loin</Description>
		<Barcode/>
		<Cost>11.3830</Cost>
		<PakQty>0.900</PakQty>
		<PakUOM>Kg</PakUOM>
		<Comments/>
		<InventoryGroup id="47">PREP</InventoryGroup>
		<SalesCategory id="2">Food</SalesCategory>
		<IncomeAccount id="14" ref="Gross Sales" type="I" locked="Y">Gross Sales</IncomeAccount>
		<Location id="500">OK - PROCESSED </Location>
	</Prep>
	<Prep id="P-50801" active="Y" keyItem="Y">
		<Description>ROASTED|Pumpkin Seeds</Description>
		<Barcode/>
		<Cost>14.3242</Cost>
		<PakQty>2.900</PakQty>
		<PakUOM>Kg</PakUOM>
		<Comments/>
		<InventoryGroup id="47">PREP</InventoryGroup>
		<SalesCategory id="2">Food</SalesCategory>
		<IncomeAccount id="14" ref="Gross Sales" type="I" locked="Y">Gross Sales</IncomeAccount>
		<Location id="462">OK - STN - VEGETARIA</Location>
	</Prep>
	<Prep id="P-61756" active="Y" keyItem="N">
		<Description>ROASTED|Root Veg</Description>
		<Barcode/>
		<Cost>5.3705</Cost>
		<PakQty>4.000</PakQty>
		<PakUOM>Kg</PakUOM>
		<Comments/>
		<InventoryGroup id=""/>
		<SalesCategory id=""/>
		<IncomeAccount id="" ref="" type="" locked=""/>
		<Location id=""/>
	</Prep>
	<Prep id="P-26062" active="Y" keyItem="Y">
		<Description>SALSA|Pico de Gallo|OK</Description>
		<Barcode/>
		<Cost>4.0207</Cost>
		<PakQty>30.000</PakQty>
		<PakUOM>Kg</PakUOM>
		<Comments/>
		<InventoryGroup id="47">PREP</InventoryGroup>
		<SalesCategory id="2">Food</SalesCategory>
		<IncomeAccount id="14" ref="Gross Sales" type="I" locked="Y">Gross Sales</IncomeAccount>
		<Location id="500">OK - PROCESSED </Location>
	</Prep>
	<Prep id="P-8196" active="Y" keyItem="Y">
		<Description>SAUCE|Alfredo.</Description>
		<Barcode/>
		<Cost>4.5488</Cost>
		<PakQty>19.000</PakQty>
		<PakUOM>L</PakUOM>
		<Comments/>
		<InventoryGroup id="138">FEAST</InventoryGroup>
		<SalesCategory id="2">Food</SalesCategory>
		<IncomeAccount id="14" ref="Gross Sales" type="I" locked="Y">Gross Sales</IncomeAccount>
		<Location id="126">*PV 5 PROCESS FRIDGE</Location>
	</Prep>
	<Prep id="P-26220" active="Y" keyItem="N">
		<Description>SAUCE|Chimmichurri </Description>
		<Barcode/>
		<Cost>4.6482</Cost>
		<PakQty>4.000</PakQty>
		<PakUOM>L</PakUOM>
		<Comments/>
		<InventoryGroup id="299">ZDONT USE OK - PREP</InventoryGroup>
		<SalesCategory id="2">Food</SalesCategory>
		<IncomeAccount id="14" ref="Gross Sales" type="I" locked="Y">Gross Sales</IncomeAccount>
		<Location id="4">PREP</Location>
	</Prep>
	<Prep id="P-26226" active="Y" keyItem="Y">
		<Description>SAUCE|Tomato|23</Description>
		<Barcode/>
		<Cost>2.8083</Cost>
		<PakQty>4.000</PakQty>
		<PakUOM>L</PakUOM>
		<Comments/>
		<InventoryGroup id="47">PREP</InventoryGroup>
		<SalesCategory id="2">Food</SalesCategory>
		<IncomeAccount id="14" ref="Gross Sales" type="I" locked="Y">Gross Sales</IncomeAccount>
		<Location id="500">OK - PROCESSED </Location>
	</Prep>
	<Prep id="P-61323" active="Y" keyItem="N">
		<Description>SAUTE|Balsamic Onions</Description>
		<Barcode/>
		<Cost>4.3390</Cost>
		<PakQty>2.800</PakQty>
		<PakUOM>Kg</PakUOM>
		<Comments/>
		<InventoryGroup id=""/>
		<SalesCategory id=""/>
		<IncomeAccount id="" ref="" type="" locked=""/>
		<Location id=""/>
	</Prep>
	<Prep id="P-50689" active="Y" keyItem="Y">
		<Description>SAUTE|Zucchini</Description>
		<Barcode/>
		<Cost>0.0046</Cost>
		<PakQty>100.000</PakQty>
		<PakUOM>g</PakUOM>
		<Comments/>
		<InventoryGroup id="47">PREP</InventoryGroup>
		<SalesCategory id="2">Food</SalesCategory>
		<IncomeAccount id="14" ref="Gross Sales" type="I" locked="Y">Gross Sales</IncomeAccount>
		<Location id="500">OK - PROCESSED </Location>
	</Prep>
	<Prep id="P-26205" active="Y" keyItem="Y">
		<Description>SAUTEED|Mushroom</Description>
		<Barcode/>
		<Cost>13.5106</Cost>
		<PakQty>1.124</PakQty>
		<PakUOM>Kg</PakUOM>
		<Comments/>
		<InventoryGroup id="47">PREP</InventoryGroup>
		<SalesCategory id="2">Food</SalesCategory>
		<IncomeAccount id="14" ref="Gross Sales" type="I" locked="Y">Gross Sales</IncomeAccount>
		<Location id="459">OK - STN - GRILL</Location>
	</Prep>
	<Prep id="P-50840" active="Y" keyItem="Y">
		<Description>SLICED|Green Pepper 1/8&quot;</Description>
		<Barcode/>
		<Cost>2.1746</Cost>
		<PakQty>1.764</PakQty>
		<PakUOM>lb</PakUOM>
		<Comments/>
		<InventoryGroup id="47">PREP</InventoryGroup>
		<SalesCategory id="2">Food</SalesCategory>
		<IncomeAccount id="14" ref="Gross Sales" type="I" locked="Y">Gross Sales</IncomeAccount>
		<Location id="498">OK - STN - SALAD BAR</Location>
	</Prep>
	<Prep id="P-50923" active="Y" keyItem="N">
		<Description>SLICED|Kalamata Olives</Description>
		<Barcode/>
		<Cost>13.7325</Cost>
		<PakQty>3.000</PakQty>
		<PakUOM>Kg</PakUOM>
		<Comments/>
		<InventoryGroup id=""/>
		<SalesCategory id=""/>
		<IncomeAccount id="" ref="" type="" locked=""/>
		<Location id=""/>
	</Prep>
	<Prep id="P-19208" active="Y" keyItem="N">
		<Description>YEILD|Carrots Raw</Description>
		<Barcode/>
		<Cost>2.2960</Cost>
		<PakQty>8.200</PakQty>
		<PakUOM>Kg</PakUOM>
		<Comments/>
		<InventoryGroup id=""/>
		<SalesCategory id=""/>
		<IncomeAccount id="" ref="" type="" locked=""/>
		<Location id=""/>
	</Prep>
	<Prep id="P-33869" active="Y" keyItem="Y">
		<Description>YIELD|Banana Pepper|Drained</Description>
		<Barcode/>
		<Cost>9.7744</Cost>
		<PakQty>1.640</PakQty>
		<PakUOM>Kg</PakUOM>
		<Comments/>
		<InventoryGroup id="47">PREP</InventoryGroup>
		<SalesCategory id="2">Food</SalesCategory>
		<IncomeAccount id="14" ref="Gross Sales" type="I" locked="Y">Gross Sales</IncomeAccount>
		<Location id="500">OK - PROCESSED </Location>
	</Prep>
	<Prep id="P-9851" active="Y" keyItem="N">
		<Description>YIELD|Beets</Description>
		<Barcode/>
		<Cost>6.8447</Cost>
		<PakQty>7.484</PakQty>
		<PakUOM>Kg</PakUOM>
		<Comments>July 2018 (Fiscal 19)</Comments>
		<InventoryGroup id=""/>
		<SalesCategory id=""/>
		<IncomeAccount id="" ref="" type="" locked=""/>
		<Location id=""/>
	</Prep>
	<Prep id="P-12954" active="Y" keyItem="N">
		<Description>YIELD|Celery</Description>
		<Barcode/>
		<Cost>0.0022</Cost>
		<PakQty>750.000</PakQty>
		<PakUOM>g</PakUOM>
		<Comments/>
		<InventoryGroup id=""/>
		<SalesCategory id=""/>
		<IncomeAccount id="" ref="" type="" locked=""/>
		<Location id=""/>
	</Prep>
	<Prep id="P-50966" active="Y" keyItem="N">
		<Description>YIELD|Cherry Tomato Cut</Description>
		<Barcode/>
		<Cost>8.1902</Cost>
		<PakQty>1.000</PakQty>
		<PakUOM>Kg</PakUOM>
		<Comments/>
		<InventoryGroup id=""/>
		<SalesCategory id=""/>
		<IncomeAccount id="" ref="" type="" locked=""/>
		<Location id=""/>
	</Prep>
	<Prep id="P-26514" active="Y" keyItem="N">
		<Description>YIELD|Cilantro|Herb</Description>
		<Barcode/>
		<Cost>0.0203</Cost>
		<PakQty>55.000</PakQty>
		<PakUOM>g</PakUOM>
		<Comments/>
		<InventoryGroup id=""/>
		<SalesCategory id=""/>
		<IncomeAccount id="" ref="" type="" locked=""/>
		<Location id=""/>
	</Prep>
	<Prep id="P-57150" active="Y" keyItem="N">
		<Description>YIELD|Dill Fresh BC</Description>
		<Barcode/>
		<Cost>38.3359</Cost>
		<PakQty>0.900</PakQty>
		<PakUOM>Kg</PakUOM>
		<Comments/>
		<InventoryGroup id=""/>
		<SalesCategory id=""/>
		<IncomeAccount id="" ref="" type="" locked=""/>
		<Location id=""/>
	</Prep>
	<Prep id="P-50429" active="Y" keyItem="Y">
		<Description>YIELD|Italian Parsley|Herb</Description>
		<Barcode/>
		<Cost>0.0047</Cost>
		<PakQty>450.000</PakQty>
		<PakUOM>g</PakUOM>
		<Comments/>
		<InventoryGroup id="47">PREP</InventoryGroup>
		<SalesCategory id="2">Food</SalesCategory>
		<IncomeAccount id="14" ref="Gross Sales" type="I" locked="Y">Gross Sales</IncomeAccount>
		<Location id="500">OK - PROCESSED </Location>
	</Prep>
	<Prep id="P-56811" active="Y" keyItem="N">
		<Description>YIELD|Jalapeno</Description>
		<Barcode/>
		<Cost>5.9679</Cost>
		<PakQty>4.000</PakQty>
		<PakUOM>Kg</PakUOM>
		<Comments/>
		<InventoryGroup id=""/>
		<SalesCategory id=""/>
		<IncomeAccount id="" ref="" type="" locked=""/>
		<Location id=""/>
	</Prep>
	<Prep id="P-53745" active="Y" keyItem="N">
		<Description>YIELD|Jalapenos wt seeds|Whole</Description>
		<Barcode/>
		<Cost>5.8422</Cost>
		<PakQty>0.900</PakQty>
		<PakUOM>Kg</PakUOM>
		<Comments/>
		<InventoryGroup id=""/>
		<SalesCategory id=""/>
		<IncomeAccount id="" ref="" type="" locked=""/>
		<Location id=""/>
	</Prep>
	<Prep id="P-19175" active="Y" keyItem="Y">
		<Description>YIELD|Red Onion</Description>
		<Barcode/>
		<Cost>3.4719</Cost>
		<PakQty>1.600</PakQty>
		<PakUOM>Kg</PakUOM>
		<Comments>July 2018 (Fiscal 19)</Comments>
		<InventoryGroup id="47">PREP</InventoryGroup>
		<SalesCategory id="2">Food</SalesCategory>
		<IncomeAccount id="14" ref="Gross Sales" type="I" locked="Y">Gross Sales</IncomeAccount>
		<Location id="472">OK - STN - VEG PREP </Location>
	</Prep>
	<Prep id="P-18746" active="Y" keyItem="Y">
		<Description>YIELD|Red Pepper|Fresh</Description>
		<Barcode/>
		<Cost>8.0373</Cost>
		<PakQty>8.300</PakQty>
		<PakUOM>Kg</PakUOM>
		<Comments/>
		<InventoryGroup id="47">PREP</InventoryGroup>
		<SalesCategory id="2">Food</SalesCategory>
		<IncomeAccount id="14" ref="Gross Sales" type="I" locked="Y">Gross Sales</IncomeAccount>
		<Location id="500">OK - PROCESSED </Location>
	</Prep>
	<Prep id="P-50587" active="Y" keyItem="N">
		<Description>YIELD|Tomato Roma</Description>
		<Barcode/>
		<Cost>3.7430</Cost>
		<PakQty>9.000</PakQty>
		<PakUOM>Kg</PakUOM>
		<Comments/>
		<InventoryGroup id=""/>
		<SalesCategory id=""/>
		<IncomeAccount id="" ref="" type="" locked=""/>
		<Location id=""/>
	</Prep>
	<Prep id="P-24452" active="Y" keyItem="N">
		<Description>YIELD|Yellow Onion</Description>
		<Barcode/>
		<Cost>1.0056</Cost>
		<PakQty>0.900</PakQty>
		<PakUOM>lb</PakUOM>
		<Comments/>
		<InventoryGroup id=""/>
		<SalesCategory id=""/>
		<IncomeAccount id="" ref="" type="" locked=""/>
		<Location id=""/>
	</Prep>
	<Prep id="P-9756" active="Y" keyItem="N">
		<Description>YIELD|Zucchini</Description>
		<Barcode/>
		<Cost>4.1251</Cost>
		<PakQty>0.900</PakQty>
		<PakUOM>Kg</PakUOM>
		<Comments>July 2018 (Fiscal 19)</Comments>
		<InventoryGroup id=""/>
		<SalesCategory id=""/>
		<IncomeAccount id="" ref="" type="" locked=""/>
		<Location id=""/>
	</Prep>
</Preps>
