﻿<?xml version="1.0" encoding="UTF-8" standalone="yes"?>
<Prods>
	<Prod id="R-61781" active="Y" special="N">
		<Description>ALF|Flatbread|Chick Artichoke</Description>
		<Barcode/>
		<Cost>3.4801</Cost>
		<Comments/>
		<SalesGroup id="367">OK - AL FORNO</SalesGroup>
		<SalesCategory id="2">Food</SalesCategory>
		<IncomeAccount id="14" ref="Gross Sales" type="I" locked="Y">Gross Sales</IncomeAccount>
		<TaxGroup id=""/>
		<Price>9.99</Price>
		<PLU num="33725">Chicken Artichoke Flatbread</PLU>
	</Prod>
	<Prod id="R-55097" active="Y" special="N">
		<Description>ALF|Flatbread|Fig Proscuitto</Description>
		<Barcode/>
		<Cost>3.1948</Cost>
		<Comments/>
		<SalesGroup id="367">OK - AL FORNO</SalesGroup>
		<SalesCategory id="2">Food</SalesCategory>
		<IncomeAccount id="14" ref="Gross Sales" type="I" locked="Y">Gross Sales</IncomeAccount>
		<TaxGroup id=""/>
		<Price>9.99</Price>
		<PLU num="31977"/>
	</Prod>
	<Prod id="R-50858" active="Y" special="N">
		<Description>ALF|Flatbread|Greek</Description>
		<Barcode/>
		<Cost>2.1134</Cost>
		<Comments/>
		<SalesGroup id="367">OK - AL FORNO</SalesGroup>
		<SalesCategory id="2">Food</SalesCategory>
		<IncomeAccount id="14" ref="Gross Sales" type="I" locked="Y">Gross Sales</IncomeAccount>
		<TaxGroup id=""/>
		<Price>7.99</Price>
		<PLU num="31978">GREEK FLATBREAD</PLU>
	</Prod>
	<Prod id="R-61497" active="Y" special="N">
		<Description>ALF|Flatbread|Havana</Description>
		<Barcode/>
		<Cost>3.1128</Cost>
		<Comments/>
		<SalesGroup id="332">OK - SQUARE MEAL</SalesGroup>
		<SalesCategory id="2">Food</SalesCategory>
		<IncomeAccount id="14" ref="Gross Sales" type="I" locked="Y">Gross Sales</IncomeAccount>
		<TaxGroup id=""/>
		<Price>9.99</Price>
		<PLU num="33225">HAVANA FLATBREAD</PLU>
	</Prod>
	<Prod id="R-61498" active="Y" special="N">
		<Description>ALF|Flatbread|Hawaii Five-0</Description>
		<Barcode/>
		<Cost>2.6993</Cost>
		<Comments/>
		<SalesGroup id="367">OK - AL FORNO</SalesGroup>
		<SalesCategory id="2">Food</SalesCategory>
		<IncomeAccount id="14" ref="Gross Sales" type="I" locked="Y">Gross Sales</IncomeAccount>
		<TaxGroup id=""/>
		<Price>9.99</Price>
		<PLU num="33226">PROSCUITTO MANGO FLATBREAD</PLU>
	</Prod>
	<Prod id="R-50562" active="Y" special="N">
		<Description>ALF|Flatbread|Italian</Description>
		<Barcode/>
		<Cost>2.6299</Cost>
		<Comments/>
		<SalesGroup id="367">OK - AL FORNO</SalesGroup>
		<SalesCategory id="2">Food</SalesCategory>
		<IncomeAccount id="14" ref="Gross Sales" type="I" locked="Y">Gross Sales</IncomeAccount>
		<TaxGroup id=""/>
		<Price>8.99</Price>
		<PLU num="29169">ITALIAN FLATBREAD</PLU>
	</Prod>
	<Prod id="R-50857" active="Y" special="N">
		<Description>ALF|Flatbread|Meatballs</Description>
		<Barcode/>
		<Cost>2.7900</Cost>
		<Comments/>
		<SalesGroup id="367">OK - AL FORNO</SalesGroup>
		<SalesCategory id="2">Food</SalesCategory>
		<IncomeAccount id="14" ref="Gross Sales" type="I" locked="Y">Gross Sales</IncomeAccount>
		<TaxGroup id=""/>
		<Price>9.99</Price>
		<PLU num=""/>
	</Prod>
	<Prod id="R-56337" active="Y" special="N">
		<Description>ALF|Flatbread|Mediterranean</Description>
		<Barcode/>
		<Cost>2.6420</Cost>
		<Comments/>
		<SalesGroup id="367">OK - AL FORNO</SalesGroup>
		<SalesCategory id="2">Food</SalesCategory>
		<IncomeAccount id="14" ref="Gross Sales" type="I" locked="Y">Gross Sales</IncomeAccount>
		<TaxGroup id=""/>
		<Price>7.99</Price>
		<PLU num="31827">MEDITERRANEAN FLATBREAD</PLU>
	</Prod>
	<Prod id="R-61782" active="Y" special="N">
		<Description>ALF|Flatbread|Mushroom</Description>
		<Barcode/>
		<Cost>3.3962</Cost>
		<Comments/>
		<SalesGroup id="367">OK - AL FORNO</SalesGroup>
		<SalesCategory id="2">Food</SalesCategory>
		<IncomeAccount id="14" ref="Gross Sales" type="I" locked="Y">Gross Sales</IncomeAccount>
		<TaxGroup id=""/>
		<Price>8.99</Price>
		<PLU num="33729">Roast Garlic Mushroom Flatbread</PLU>
	</Prod>
	<Prod id="R-61779" active="Y" special="N">
		<Description>ALF|Flatbread|Mushroom Pesto</Description>
		<Barcode/>
		<Cost>3.2785</Cost>
		<Comments/>
		<SalesGroup id="367">OK - AL FORNO</SalesGroup>
		<SalesCategory id="2">Food</SalesCategory>
		<IncomeAccount id="14" ref="Gross Sales" type="I" locked="Y">Gross Sales</IncomeAccount>
		<TaxGroup id=""/>
		<Price>8.99</Price>
		<PLU num="33728">MUSHROOM PESTO FLATBREAD</PLU>
	</Prod>
	<Prod id="R-50590" active="Y" special="N">
		<Description>ALF|Flatbread|OK</Description>
		<Barcode/>
		<Cost>2.4796</Cost>
		<Comments/>
		<SalesGroup id="367">OK - AL FORNO</SalesGroup>
		<SalesCategory id="2">Food</SalesCategory>
		<IncomeAccount id="14" ref="Gross Sales" type="I" locked="Y">Gross Sales</IncomeAccount>
		<TaxGroup id=""/>
		<Price>7.99</Price>
		<PLU num="28883">OK FLATBREAD</PLU>
	</Prod>
	<Prod id="R-50494" active="Y" special="N">
		<Description>ALF|Flatbread|Proscuitto</Description>
		<Barcode/>
		<Cost>3.2878</Cost>
		<Comments/>
		<SalesGroup id="367">OK - AL FORNO</SalesGroup>
		<SalesCategory id="2">Food</SalesCategory>
		<IncomeAccount id="14" ref="Gross Sales" type="I" locked="Y">Gross Sales</IncomeAccount>
		<TaxGroup id=""/>
		<Price>9.99</Price>
		<PLU num="28885">PROSCUITTO FLATBREAD</PLU>
	</Prod>
	<Prod id="R-61324" active="Y" special="N">
		<Description>ALF|Flatbread|Proscuitto Onion</Description>
		<Barcode/>
		<Cost>3.1351</Cost>
		<Comments/>
		<SalesGroup id="367">OK - AL FORNO</SalesGroup>
		<SalesCategory id="2">Food</SalesCategory>
		<IncomeAccount id="14" ref="Gross Sales" type="I" locked="Y">Gross Sales</IncomeAccount>
		<TaxGroup id=""/>
		<Price>9.99</Price>
		<PLU num="33209">PROSCUITTO ONION FLATBREAD</PLU>
	</Prod>
	<Prod id="R-50824" active="Y" special="N">
		<Description>ALF|Flatbread|Pulled Pork</Description>
		<Barcode/>
		<Cost>3.4825</Cost>
		<Comments/>
		<SalesGroup id="367">OK - AL FORNO</SalesGroup>
		<SalesCategory id="2">Food</SalesCategory>
		<IncomeAccount id="14" ref="Gross Sales" type="I" locked="Y">Gross Sales</IncomeAccount>
		<TaxGroup id=""/>
		<Price>8.99</Price>
		<PLU num="31520">PULLED PORK FLATBREAD</PLU>
	</Prod>
	<Prod id="R-61755" active="Y" special="N">
		<Description>ALF|Flatbread|Roasted Root Veg</Description>
		<Barcode/>
		<Cost>2.1935</Cost>
		<Comments/>
		<SalesGroup id="367">OK - AL FORNO</SalesGroup>
		<SalesCategory id="2">Food</SalesCategory>
		<IncomeAccount id="14" ref="Gross Sales" type="I" locked="Y">Gross Sales</IncomeAccount>
		<TaxGroup id=""/>
		<Price>7.99</Price>
		<PLU num="33727">ROASTED ROOT VEG GOAT CHEESE F</PLU>
	</Prod>
	<Prod id="R-67980" active="Y" special="N">
		<Description>ALF|Flatbread|Salmon|Vegan</Description>
		<Barcode/>
		<Cost>3.1374</Cost>
		<Comments/>
		<SalesGroup id="367">OK - AL FORNO</SalesGroup>
		<SalesCategory id="2">Food</SalesCategory>
		<IncomeAccount id="14" ref="Gross Sales" type="I" locked="Y">Gross Sales</IncomeAccount>
		<TaxGroup id=""/>
		<Price>9.99</Price>
		<PLU num=""/>
	</Prod>
</Prods>
