﻿<?xml version="1.0" encoding="UTF-8" standalone="yes"?>
<Recipes>
	<Recipe id="P-8196" image="">***COOKS AND CHEFS, PLEASE READ THE ENTIRE RECIPE BEFORE BEGINNING- THIS IS A RECOMMENDED STEP WITH EVERY PRODUCT WE EVER PRODUCE- THANK YOU***
Related Products this prep gets used in:

Allergens: DAIRY
Method:

1. Assemble all ingredients.

2. Throw the milk into the steamer.

3. Sautee onions and garlic until soft. Add in spices and cook out for a few minutes. 

4. Add milk and keep heat on medium as to not burn.

5. Mix in the slury until a good saucy consistency.

6. Add cheese and check seasoning.

-cool, store, label and rotate this item with older product correctly and diligently.

Portioning:

Utensils needed:</Recipe>
	<Recipe id="P-9756" image="">***COOKS AND CHEFS, PLEASE READ THE ENTIRE RECIPE BEFORE BEGINNING- THIS IS A RECOMMENDED STEP WITH EVERY PRODUCT WE EVER PRODUCE- THANK YOU***

Johnny,

Related Products this prep gets used in:

Allergens: (to be filled out by nutrition)
Method:
1.Gather ingredients
2.wash and cut to size required
3.place in container, label and store in fridge

-cool, store, label and rotated this item with older product correctly and diligently 

Portioning:

Utensils needed:</Recipe>
	<Recipe id="P-9839" image="">***COOKS AND CHEFS, PLEASE READ THE ENTIRE RECIPE BEFORE BEGINNING- THIS IS A RECOMMENDED
STEP WITH EVERY PRODUCT WE EVER PRODUCE- THANK YOU***

johnny

Related Products this prep gets used in:

Allergens: (to be filled out by nutrition)
Method:
1.Gather ingredients
2.peel, wash and cut tip/tail
3.place in container, label and store in fridge
-cool, store, label and rotated this item with older product correctly and diligently

Portioning:

Utensils needed:</Recipe>
	<Recipe id="P-9851" image="">***COOKS AND CHEFS, PLEASE READ THE ENTIRE RECIPE BEFORE BEGINNING- THIS IS A RECOMMENDED STEP WI Johnny
TH EVERY PRODUCT WE EVER PRODUCE- THANK YOU***

Related Products this prep gets used in:

Allergens: (to be filled out by nutrition)
Method:
1.
2.
3.
-cool, store, label and rotated this item with older product correctly and diligently 

Portioning:

Utensils needed:</Recipe>
	<Recipe id="P-18746" image="">***COOKS AND CHEFS, PLEASE READ THE ENTIRE RECIPE BEFORE BEGINNING- THIS IS A RECOMMENDED STEP WITH EVERY PRODUCT WE EVER PRODUCE- THANK YOU***

Johnny,

Related Products this prep gets used in:

Allergens: (to be filled out by nutrition)
Method:
1.Gather ingredients
2.wash and cut to size wanted
3.place in container, label and store

-cool, store, label and rotated this item with older product correctly and diligently 

Portioning:

Utensils needed:
</Recipe>
	<Recipe id="P-19175" image="">Allergen:

n/a

Icon:

vegan, vegetarian, made without gluten

Method:



</Recipe>
	<Recipe id="P-19208" image="">***COOKS AND CHEFS, PLEASE READ THE ENTIRE RECIPE BEFORE BEGINNING- THIS IS A RECOMMENDED STEP WI Johnny
TH EVERY PRODUCT WE EVER PRODUCE- THANK YOU***

Related Products this prep gets used in:

Allergens: (to be filled out by nutrition)
Method:
1.Gather ingredients
2.cut to size
3.place in container, label and refridgerate 
-cool, store, label and rotated this item with older product correctly and diligently 

Portioning:

Utensils needed:</Recipe>
	<Recipe id="P-24750" image=""/>
	<Recipe id="P-25993" image="">1) Combine and mix well

2) Place in appropriate sized container, lable and date.</Recipe>
	<Recipe id="P-26020" image="">1. Puree garlic in batches in robot coupe
2. Mix in garlic</Recipe>
	<Recipe id="P-26062" image="">***COOKS AND CHEFS, PLEASE READ THE ENTIRE RECIPE BEFORE BEGINNING- THIS IS A RECOMMENDED STEP WITH EVERY PRODUCT WE EVER PRODUCE- THANK YOU***
Related Products this prep gets used in:

Allergens: 
Method:

NOTE: this is 2 boxes of tomatoes.

1. Dice tomatoes and place in perferated insert to drain excess liquid. Ensure tomatoes are small dice. Use the same dicing blade for the red onions.

2. Puree jalapenos in robot coupe until finely minced.

3. Put tomatoes into an insert and add red onion, jalapeno, cilantro, kosher salt, black pepper and lime juice. Mix well.  

3. Adjust seasoning.

-store, label and rotate this item with older product correctly and diligently.

Portioning:

Utensils needed:</Recipe>
	<Recipe id="P-26068" image="">PREP RECIPE
***COOKS AND CHEFS, PLEASE READ THE ENTIRE RECIPE BEFORE BEGINNING- THIS IS A RECOMMENDED STEP WITH EVERY PRODUCT WE PRODUCE- THANK YOU***

Related Products this prep is used in:

Allergens: (to be filled out by nutrition)
Method:
1. Over medium heat, heat oil

2. Add onions and salt, and stir to evenly incorporate in the oil.

3. Allow onions to continue to cook over medium-high heat until natural sugars begin to caramelize and onions begin to soften

4. Turn heat to medium low and continue to cook onions for 40 minutes. In a cycle of letting them brown, and scraping and stirring with a wooden spoon, until onions are a dark golden brown. Add a splash of water cold if the bottom browning is sticking too much.

Cool, label and store.
Rotate this item with older product.
Portioning:

Utensils needed:</Recipe>
	<Recipe id="P-26205" image="">1)  In a large saute pan or rondeau and working in batches, heat oil over medium high heat.  Add about 1/3 of the oil and allow to get hot.  Add an appropriate amount of mushrooms so as to not overcrowd the rondeau. Add some seasoning as the mushrooms are beginning to brown.  Taste for seasoning.

2)  Allow to cool on flat tray. Reserve for service or if using later, label, date, refrigerate.</Recipe>
	<Recipe id="P-26220" image="">1)  Combine Italian Parsely, Cilantro (some stems are okay!), garlic, jalapeno, 1/2 of the canola oil, red wine vinegar, cumin and kosher salt in large cambro container.

2)  Blitz with immersion blender until all incorporated, then add remaining oil.  Mix until combined, but do not emulsify.

3)  Store in appropriate vessel.  Label, date, refridgerate.</Recipe>
	<Recipe id="P-26226" image="">1)  In large rondeau over medium-lowheat, add oil.  When oil is warm, add garlic and fry until garlic is golden brown.  Ensure to cook garlic until it is no longer bitter to taste.  Add chili flakes and fry for about 30 seconds - 1 minute more.

2)  Add crushed tomatoes and bring to a simmer.  Add seasoning and simmer 5 minutes more.  Take off heat.

3)  Add tomato sauce to appropriate vessel and puree with immersion blender until smooth.  Label, date, refrigerate. </Recipe>
	<Recipe id="P-26514" image="">***COOKS AND CHEFS, PLEASE READ THE ENTIRE RECIPE BEFORE BEGINNING- THIS IS A RECOMMENDED STEP WITH EVERY PRODUCT WE EVER PRODUCE- THANK YOU***
Johnny

Related Products this prep gets used in:

Allergens: (to be filled out by nutrition)

Method:
1. Gather All Ingredients and tools
2. Cut stem off
3. Pick leaves off

-cool, store, label and rotated this item with older product correctly and diligently 

Portioning:

Utensils needed: Cutting board, knife, insert
</Recipe>
	<Recipe id="P-29179" image="">1) Add water to large pot, and bring to a boil, reduce heat slightly, add green lentils.

2) Simmer until lentils are fully cooked, drain water and cool lentils under cold running water. Drain and label, date, refrigerate.</Recipe>
	<Recipe id="P-32459" image="">Allergens:

Sulphite</Recipe>
	<Recipe id="P-38556" image="">1) Either by hand or using the Robocoupe 1/4&quot; dice attachment (if your not sure how to set up or properly use this machine please ask for assistance) dice onion to 1/4&quot; size.

2) Label, date, refrigerate.</Recipe>
	<Recipe id="P-43440" image="">1) Ether by hand or using the Robocope 1/4&quot; dice attachment (if your not sure how to set up or properly use this machien please ask for assistance) dice onion to 1/4&quot; size.

2) Label, date, refrigerate.</Recipe>
	<Recipe id="P-44429" image="">1)  Set up robot coupe slicer with 1/4&quot; dice attachment.  If you don&apos;t know how, ask chef or a 1st cook.  

2)  Set up a perforated insert to catch tomato and allow them to drain as they come out of the robot coupe.

3)  Label, date, refrigerate, or reserve for making recipes or service.

Allergens:

No known prioirity allergens.
</Recipe>
	<Recipe id="P-46546" image="">***COOKS AND CHEFS, PLEASE READ THE ENTIRE RECIPE BEFORE BEGINNING- THIS IS A RECOMMENDED STEP WI Johnny
TH EVERY PRODUCT WE EVER PRODUCE- THANK YOU***

Related Products this prep gets used in:

Allergens: (to be filled out by nutrition)
Method:
1. Drain the cheese
2. Crumble with your hands into small piece
3.
-cool, store, label and rotated this item with older product correctly and diligently 

Portioning:

Utensils needed:
</Recipe>
	<Recipe id="P-46862" image="">***COOKS AND CHEFS, PLEASE READ THE ENTIRE RECIPE BEFORE BEGINNING- THIS IS A RECOMMENDED STEP WITH EVERY RECIPE WE EVER PRODUCE- THANK YOU***

Method:

1.Cut stem side top off wasting as little tomato as possible
2. Save tops for soup/sauce
3. Slice tomato slice 2mm thick
4.store in an insert with parchment paper lining, label and rotate with older product correctly and diligently 
</Recipe>
	<Recipe id="P-48489" image="">Allergen:

n/a

Icon:

n/a

Method:

Combine oil and garlic in a pot. Bring the garlic and oil to a boil over medium high heat and immediately turn heat off. Allow product to cool in oil.

Once cool strain and reserve garlic oil and confit garlic separately.

***Note***

This recipe only costs out the confit garlic portion of the recipe with the garlic flavoured oil becoming a *free* by-product.</Recipe>
	<Recipe id="P-48870" image="">Combine and mix thoroughly.

Tray up Chicken and Bake/Roast until cooked to well done. 

Use immediatly or chill rapidly and stor for later use. 

</Recipe>
	<Recipe id="P-50429" image="">***COOKS AND CHEFS, PLEASE READ THE ENTIRE RECIPE BEFORE BEGINNING- THIS IS A RECOMMENDED STEP WITH EVERY PRODUCT WE EVER PRODUCE- THANK YOU***
Amanda

Related Products this prep gets used in:

Allergens: (to be filled out by nutrition)
Method:

1.Remove the thickest parts of the stems (reserve for stock if necessary/possible)

2. using a sharp knife, lightly roll the parsley together in a bundle and slice through (chiffinade) continue this until parsley is fine. always use a slicing mottion rather than a chopping motion on soft herbs to prevent bruising.

3. Store in an apropriate size insert/cambro with a pice of paper towel at the bottom to wick away any moisture.

*Cool, store, label and rotated this item with older product correctly and diligently 






</Recipe>
	<Recipe id="P-50489" image="">1. Preheat oven to 275F
2. Combine achiote paste, orange and pineapple juice into a thick spreadable paste.
3.  Season pork with salt and pepper.  Make sure to get in all the cracks.
4. Place pork in braising dish with onions and jalapenos. cover with achiote marinade and add water until it comes halfway up the shoulder. Bring to simmer.
5. Cover pork and braise in oven for about 7-8 hours, or until pork pulls easily apart
6. Remove meat and pull apart or shred with forks. Reduce remaining braising liquid and add half if necessary. Add back in pork to keep moist
7. Allow to cool. Store in appropriate container, label, date and refrigerate</Recipe>
	<Recipe id="R-50494" image="">1) Lightly coat bottom of flat bread with pesto and half of the mozza cheese, then place zuchinni, and torn pieces of proscuitto evenly across flatbread.

2) Sprinkle remaining half of mozza cheese over top.

3) Place on parchment lined flash pan and bake in deck oven for 4-5 minutes. Until bottom is crispy and top cheese starts to melt and brown.

4) Once cooked place arugula then drizzle balsamic reduction over top.

5) Cut into 4 even pieces and serve.

Slice Proscuitto using #2.5 slicer.
</Recipe>
	<Recipe id="P-50502" image="">1) Add oil to large pan, cook out onion until starting to brown about 5-10 minutes, add garlic, cook till browning, about 3-5 minute, then add mushrooms and cook as per SAUTEED|Mushroom recipe.

2) Cook lentils as per recipe.

3) Add all ingredients to a large mixing bowl and combine well. Using 1floz scoop to get 43g portions, portion out all meatballs. Place on parchment lined baking sheets.

4) Heat oven to 400F, bake meatballs for 25-30 minutes, or until internal temp to 160c and outside is brown and slightly crispy.

5) Cool, label, date, refrigerate or freeze for later.</Recipe>
	<Recipe id="R-50562" image="">1. Spread pesto across entire surface area of flatbread.

2. Add capicollo, sundried tomatoes then mozzarella.

3. Place on parchment lined flash pan and bake in deck oven for 4-5 minutes in a 325F oven until bottom is crispy and edges of flatbread are golden brown.

4) Take it off from oven and finish with balsamic glaze.

5) Cut into 4 even pieces, top w arugula and serve.</Recipe>
	<Recipe id="P-50587" image="">***COOKS AND CHEFS, PLEASE READ THE ENTIRE RECIPE BEFORE BEGINNING- THIS IS A RECOMMENDED STEP WITH EVERY PRODUCT WE EVER PRODUCE- THANK YOU***
Amanda

Related Products this prep gets used in:

Allergens: (to be filled out by nutrition)

Method:

1. Gather all ingredients and tools

2. core out stem 

3. Quarter tomato, remove soft flesh and seeds, reserve for other uses.

4. Small Dice tomatoes for recipes.

*Cool, store, label and rotate this item with older product correctly and diligently </Recipe>
	<Recipe id="R-50590" image="">1.Pre-heat oven to 325F or grill

2. Lay flatbread in a cookie sheet, spread pesto, caramelized onion.

3. Spread crumbled goat cheese, half sliced cherry tomatoes.

4. Bake 4-5 minutes or until cherry tomatoes are fully cooked and side of flatbread is golden brown.

5. Take out of oven.

7. Spread arugula and drizzle with balsamic glaze.

8. Cut into 4 even pieces and serve.
</Recipe>
	<Recipe id="P-50689" image="">Saute zucchini and season.</Recipe>
	<Recipe id="P-50801" image="">1.In a 350F pre-heated oven.
2. Lay flat pumpkin seeds on a sheet pan.
3.Roast pumkin seeds for 5-8minutes or until turns a bit brown but not burnt.
4. Take it off from oven.
5. Let it cool and transfer to a dry container.
6. Store in a dry place until needed.</Recipe>
	<Recipe id="P-50802" image="">1. Drain water and put in a container.
2.Store in fridge until needed.</Recipe>
	<Recipe id="P-50803" image="">***COOKS AND CHEFS, PLEASE READ THE ENTIRE RECIPE BEFORE BEGINNING- THIS IS A RECOMMENDED STEP WITH EVERY PRODUCT WE EVER PRODUCE- THANK YOU***
Related Products this prep gets used in:

Allergens: 
Method:

1. Assemble all the ingredients.

2. Char jalapenos on the grill until cooked.

3. Clean and de-seed the jalapenos.

4. Blitz jalapeno, lemon juice, salt/pepper in vitamix.

5. Mix honey, jalapeno mixture and mayo.

6. Taste and adjust as needed

-store, label and rotate this item with older product correctly and diligently.

Portioning:

Utensils needed:</Recipe>
	<Recipe id="R-50824" image="">1. Pre-heat oven to 325F 
2. Lay flatbread in a cookie sheet, 
3. Spread half of the cheese, pulled pork, corn, julienne peppers and lastly sprinkle the rest of the cheese
4. Place on parchment lined flash pan and bake in deck oven for 4-5 minutes. Until bottom is crispy and edges of flatbread is golden brown.
5. Take off fom oven and add pico de gallo.
7. Drizzle the sour cream.
8. Cut into 4 even pieces and serve.
</Recipe>
	<Recipe id="R-50857" image="">1) Lightly coat bottom of flat bread with tomato sauce.

2) Evenly lay quarter sliced meatballs over tomato sauce.

3) Sprinkle mozzarella cheese evenly. 

4) Place on parchment lined flash pan and bake in deck oven for 4-5 minutes. Until bottom is crispy and edges of flatbread is golden brown.

5) Once cooked take out from oven.

6) Spread out basil.

7) Cut into 4 even pieces and serve.

</Recipe>
	<Recipe id="R-50858" image="">1.Sautee peppers &amp; onions until slightly soft and fragrent.

2. Lightly coat bottom of flat bread with mashed confit garlic. 

3. Evenly spread spinach then sauteed peppers &amp; onions.

4. Lay down sliced tomatoes.

5. Sprinkle feta cheese and olives.

6. Place on parchment lined flash pan and bake in deck oven for 4-5 minutes. Until bottom is crispy and edges of flatbread is golden brown.

7) Cut into 4 even pieces and serve.</Recipe>
	<Recipe id="P-50923" image="">1.Slice olives to 4mm thick.
2. Properly store in a container, label and keep in fridge until needed.</Recipe>
	<Recipe id="P-50966" image="">Template to Cut + Paste into OC Preps:

***COOKS AND CHEFS, PLEASE READ THE ENTIRE RECIPE BEFORE BEGINNING- THIS IS A RECOMMENDED STEP WITH EVERY PRODUCT WE EVER PRODUCE- THANK YOU***
johnny

Related Products this prep gets used in:

Allergens: (to be filled out by nutrition)
Method:
1.Wash Tomato in cold water
2.Cut in half Lenght wise
3.Container label fridge
-cool, store, label and rotated this item with older product correctly and diligently 

Portioning:

Utensils needed:
knife, cutting board, storage container
</Recipe>
	<Recipe id="P-53745" image="">***COOKS AND CHEFS, PLEASE READ THE ENTIRE RECIPE BEFORE BEGINNING- THIS IS A RECOMMENDED STEP WITH EVERY PRODUCT WE EVER PRODUCE- THANK YOU***
Johnny

Related Products this prep gets used in:

Allergens: (to be filled out by nutrition)

Method:

1. Gather all ingredients and tools
2. Cut stem off
3. Give a rough chop and keep the seeds

-cool, store, label and rotated this item with older product correctly and diligently 

Portioning: 
</Recipe>
	<Recipe id="R-55097" image="">1) Lightly coat bottom of flat bread with fig spread lay 2 pieces of proscuitto evenly across flatbread.

2) Sprinkle feta cheese over top.

3) Place on parchment lined flash pan and bake in deck oven for 4-5 minutes. Until bottom is crispy and edges of flatbread is golden brown.

4) Once cooked add arugula, black pepper and a light drizzle of olive oil.

5) Cut into 4 even pieces and serve.

Slice Proscuitto using #2.5 slicer.
</Recipe>
	<Recipe id="R-56337" image="">1) Spread pesto evenly over entire area of flatbread.

2) Add artichokes, olives, sundried tomatoes then goat cheese.

3) Place on parchment lined flash pan and bake in deck oven for 4-5 minutes. Until bottom is crispy and edges of flatbread is golden brown.

4) Take it off from oven and evenly spread arugula on top and balsamic reduction.

5) Cut into 4 even pieces and serve.</Recipe>
	<Recipe id="P-56506" image="">1- Whisk together all marinade ingredients and coat pork loin. Let marinade for 12-24 hours, turning loin when possible to provide even coverage.

2- Remove pork from marinade, season with salt &amp; pepper and roast in a 400 F oven until internal temperature of pork reaches 160 F.

3- Let pork rest before slicing.</Recipe>
	<Recipe id="P-57150" image="">***COOKS AND CHEFS, PLEASE READ THE ENTIRE RECIPE BEFORE BEGINNING- THIS IS A RECOMMENDED STEP WITH EVERY PRODUCT WE EVER PRODUCE- THANK YOU***
Amanda

Related Products this prep gets used in: 

Allergens: (to be filled out by nutrition)
Method:

1. Gather ingredents

2. Pick Dill fronds off the larger thick stems. Discard stems

3. Rough chop dill, Using caution not to bruise a delicate herb (use a slicing motion rather than pressing down)

*Cool, store, label and rotate this item with older product correctly and diligently </Recipe>
	<Recipe id="P-61323" image="">PREP RECIPE
***COOKS AND CHEFS, PLEASE READ THE ENTIRE RECIPE BEFORE BEGINNING- THIS IS A RECOMMENDED STEP WITH EVERY PRODUCT WE EVER PRODUCE- THANK YOU***

Related Products this prep gets used in:

Allergens: (to be filled out by nutrition)
Method:
1. Defrost pearl onions on a full sized sheet pan.

2. In a large Rondo over medium/high heat add olive oil and onions and sweat until slightly brown (about 5-6 minutes)

3. Add vinegar and water and bring to a simmer.

4. Simmer for 10-12 minutes until tender.

5. Remove onions with a slotted spoon and reduce liquid until slightly thick and syurpy.

6. Add back onions, coat them in liquid and transfer to a container.

cool product, label it and store it, rotated this item with older product correctly and diligently
Portioning:

Utensils needed:
</Recipe>
	<Recipe id="R-61324" image="">1) Lightly brush bottom of flat bread with olive oil and lay 2 pieces of proscuitto evenly across flatbread.

2) Add balsamic onions and sprinkle feta cheese over top.

3) Place on parchment lined flash pan and bake in deck oven for 4-5 minutes. Until bottom is crispy and edges of flatbread is golden brown.

4) Once cooked add arugula, black pepper and a light drizzle of olive oil.

5) Cut into 4 even pieces and serve.

Slice Proscuitto using #2.5 slicer.
</Recipe>
	<Recipe id="R-61498" image="">1) Lightly coat bottom of flat bread with tomato sauce.

2) Evenly lay ham, then mozzarella and diced mango.

3) Place on parchment lined flash pan and bake in deck oven for 4-5 minutes. Until bottom is crispy and edges of flatbread is golden brown.

4) Cut into 4 even pieces and serve.
</Recipe>
	<Recipe id="R-61755" image="">1.Pre-heat oven to 400F or grill

2. Lay flatbread in a cookie sheet, spread tomato sauce then roasted root veg.

3. Top w/ crumbled goat cheese.

4. Bake 4-5 minutes and side of flatbread is golden brown.

5. Take out of oven.

7. Spread arugula and toasted pumpkin seeds.

8. Cut into 4 even pieces and serve.
</Recipe>
	<Recipe id="P-61756" image="">PREP RECIPE
***COOKS AND CHEFS, PLEASE READ THE ENTIRE RECIPE BEFORE BEGINNING- THIS IS A RECOMMENDED STEP WITH EVERY PRODUCT WE PRODUCE- THANK YOU***

Related Products this prep is used in:

Allergens: (to be filled out by nutrition)
Method:
1. All veg should be cut in the same size (3/4&quot; dice)

2. Roast each veg on a seperate sheet pan (to avoid colours bleeding together) tossed in olive oil, caraway and s&amp;p in a 425F oven until tender and slightly caramalized.

Cool, label and store.
Rotate this item with older product.
Portioning:

Utensils needed:
</Recipe>
	<Recipe id="R-61779" image="">1) Lightly coat bottom of flat bread in pesto.

2) Evenly lay cooked mushrooms over pesto.

3) Place on parchment lined flash pan and bake in deck oven for 4-5 minutes. Until bottom is crispy and edges of flatbread is golden brown.

4) Once cooked take out from oven.

5) Lay arugula over.

7) Cut into 4 even pieces and serve
</Recipe>
	<Recipe id="R-61781" image="">1) Lightly coat bottom of flat bread in alfredo sauce.

2) Evenly lay spinach, cooked chicken, diced artichokes, red peppers.

3) Add both cheeses.

4) Place on parchment lined flash pan and bake in deck oven for 4-5 minutes. Until bottom is crispy and edges of flatbread is golden brown.

5) Once cooked take out from oven.

6) Cut into 4 even pieces and serve
</Recipe>
	<Recipe id="R-61782" image="">1) Lightly coat bottom of flat bread in garlic confit puree.

2) Evenly lay cooked mushrooms, chili flakes &amp; mozza cheese.

3) Place on parchment lined flash pan and bake in deck oven for 4-5 minutes. Until bottom is crispy and edges of flatbread is golden brown.

4) Once cooked take out from oven.

6) Spread out arugula.

7) Cut into 4 even pieces and serve
</Recipe>
</Recipes>
