﻿<?xml version="1.0" encoding="UTF-8" standalone="yes"?>
<Ingredients>
	<Ingredient qty="10.000" uom="Kg" recipe="P-18746" invFactor="1.2048" conversion="2.20462000" ingredient="I-4792"/>
	<Ingredient qty="225.000" uom="g" recipe="P-18907" invFactor="0.1837" conversion="0.00100000" ingredient="I-3643"/>
	<Ingredient qty="1000.000" uom="g" recipe="P-18907" invFactor="0.8163" conversion="1.00000000" ingredient="I-6026"/>
	<Ingredient qty="2.270" uom="Kg" recipe="P-19175" invFactor="1.4188" conversion="2.20462000" ingredient="I-6807"/>
	<Ingredient qty="1.000" uom="lb" recipe="P-24452" invFactor="1.1111" conversion="1.00000000" ingredient="I-4381"/>
	<Ingredient qty="500.000" uom="g" recipe="P-24750" invFactor="1000.0000" conversion="1.00000000" ingredient="P-26514"/>
	<Ingredient qty="3.000" uom="leaf" recipe="P-25761" invFactor="1.3233" conversion="0.21476900" ingredient="I-3619"/>
	<Ingredient qty="10.000" uom="g" recipe="P-25761" invFactor="4.4111" conversion="1.00000000" ingredient="I-3649"/>
	<Ingredient qty="1.000" uom="Kg" recipe="P-25761" invFactor="0.4411" conversion="1.00000000" ingredient="I-3660"/>
	<Ingredient qty="2.000" uom="L" recipe="P-25761" invFactor="0.8822" conversion="1.00000000" ingredient="I-3698"/>
	<Ingredient qty="5.000" uom="g" recipe="P-25761" invFactor="2.2056" conversion="0.00220462" ingredient="I-4660"/>
	<Ingredient qty="2.267" uom="Kg" recipe="P-25761" invFactor="1.0000" conversion="2.20462000" ingredient="I-4757"/>
	<Ingredient qty="5.000" uom="g" recipe="P-25761" invFactor="2.2056" conversion="1.00000000" ingredient="I-6026"/>
	<Ingredient qty="2.000" uom="g" recipe="P-25761" invFactor="0.8822" conversion="1.00000000" ingredient="P-52036"/>
	<Ingredient qty="750.000" uom="ml" recipe="P-26020" invFactor="300.0000" conversion="0.00100000" ingredient="I-3388"/>
	<Ingredient qty="2.270" uom="Kg" recipe="P-26020" invFactor="0.9080" conversion="2.20462000" ingredient="I-4657"/>
	<Ingredient qty="15.000" uom="g" recipe="P-26048" invFactor="3.7500" conversion="0.00100000" ingredient="I-2911"/>
	<Ingredient qty="50.000" uom="ml" recipe="P-26048" invFactor="12.5000" conversion="1.00000000" ingredient="I-3370"/>
	<Ingredient qty="3.000" uom="L" recipe="P-26048" invFactor="0.7500" conversion="1.00000000" ingredient="I-3388"/>
	<Ingredient qty="1.000" uom="L" recipe="P-26048" invFactor="0.2500" conversion="1.00000000" ingredient="I-3692"/>
	<Ingredient qty="25.000" uom="ml" recipe="P-26048" invFactor="6.2500" conversion="0.00100000" ingredient="I-5983"/>
	<Ingredient qty="10.000" uom="g" recipe="P-26048" invFactor="2.5000" conversion="1.00000000" ingredient="P-18907"/>
	<Ingredient qty="30.000" uom="g" recipe="P-26048" invFactor="7.5000" conversion="0.00100000" ingredient="P-26020"/>
	<Ingredient qty="600.000" uom="ml" recipe="P-26053" invFactor="162.1622" conversion="0.03381406" ingredient="I-1813"/>
	<Ingredient qty="1.700" uom="Kg" recipe="P-26053" invFactor="0.4595" conversion="1.00000000" ingredient="I-3434"/>
	<Ingredient qty="50.000" uom="g" recipe="P-26053" invFactor="13.5135" conversion="0.00220462" ingredient="I-4695"/>
	<Ingredient qty="1.400" uom="L" recipe="P-26053" invFactor="0.3784" conversion="1.00000000" ingredient="I-5983"/>
	<Ingredient qty="4.000" uom="g" recipe="P-26053" invFactor="1.0811" conversion="1.00000000" ingredient="I-6026"/>
	<Ingredient qty="50.000" uom="g" recipe="P-26053" invFactor="13.5135" conversion="0.00100000" ingredient="P-26020"/>
	<Ingredient qty="400.000" uom="ml" recipe="P-26062" invFactor="13.3333" conversion="0.03381406" ingredient="I-6443"/>
	<Ingredient qty="250.000" uom="g" recipe="P-26062" invFactor="8.3333" conversion="1.00000000" ingredient="P-18907"/>
	<Ingredient qty="300.000" uom="g" recipe="P-26062" invFactor="10.0000" conversion="0.00100000" ingredient="P-24750"/>
	<Ingredient qty="23.000" uom="Kg" recipe="P-26062" invFactor="0.7667" conversion="1.00000000" ingredient="P-44429"/>
	<Ingredient qty="1.000" uom="Kg" recipe="P-26062" invFactor="0.0333" conversion="1.00000000" ingredient="P-56811"/>
	<Ingredient qty="5.000" uom="Kg" recipe="P-26062" invFactor="0.1667" conversion="1.00000000" ingredient="P-57499"/>
	<Ingredient qty="258.000" uom="ml" recipe="P-26086" invFactor="14.3333" conversion="0.00100000" ingredient="I-3388"/>
	<Ingredient qty="795.000" uom="g" recipe="P-26086" invFactor="44.1667" conversion="0.00100000" ingredient="I-3658"/>
	<Ingredient qty="2.320" uom="Kg" recipe="P-26086" invFactor="0.1289" conversion="1.00000000" ingredient="I-3660"/>
	<Ingredient qty="4.132" uom="L" recipe="P-26086" invFactor="0.2296" conversion="1.00000000" ingredient="I-47774"/>
	<Ingredient qty="10.330" uom="L" recipe="P-26086" invFactor="0.5739" conversion="1.00000000" ingredient="I-5983"/>
	<Ingredient qty="587.000" uom="g" recipe="P-26086" invFactor="32.6111" conversion="0.00100000" ingredient="P-26020"/>
	<Ingredient qty="580.000" uom="g" recipe="P-26086" invFactor="32.2222" conversion="0.00100000" ingredient="P-34880"/>
	<Ingredient qty="517.000" uom="ml" recipe="P-26086" invFactor="28.7222" conversion="0.00100000" ingredient="P-50495"/>
	<Ingredient qty="340.000" uom="ml" recipe="P-26134" invFactor="124.9082" conversion="0.00100000" ingredient="I-1820"/>
	<Ingredient qty="100.000" uom="ml" recipe="P-26134" invFactor="36.7377" conversion="1.00000000" ingredient="I-1821"/>
	<Ingredient qty="100.000" uom="g" recipe="P-26134" invFactor="36.7377" conversion="1.00000000" ingredient="I-2850"/>
	<Ingredient qty="4.500" uom="Kg" recipe="P-26134" invFactor="1.6532" conversion="1.00000000" ingredient="I-3851"/>
	<Ingredient qty="30.000" uom="g" recipe="P-26134" invFactor="11.0213" conversion="0.00220462" ingredient="I-4657"/>
	<Ingredient qty="225.000" uom="g" recipe="P-26134" invFactor="82.6598" conversion="0.00220462" ingredient="I-4745"/>
	<Ingredient qty="150.000" uom="g" recipe="P-26134" invFactor="55.1065" conversion="0.00220462" ingredient="I-4787"/>
	<Ingredient qty="2.000" uom="L" recipe="P-26134" invFactor="0.7348" conversion="1.00000000" ingredient="I-5983"/>
	<Ingredient qty="30.000" uom="g" recipe="P-26134" invFactor="11.0213" conversion="1.00000000" ingredient="P-18907"/>
	<Ingredient qty="4.000" uom="L" recipe="P-26136" invFactor="0.4409" conversion="1.00000000" ingredient="P-41468"/>
	<Ingredient qty="3.000" uom="Kg" recipe="P-26136" invFactor="0.3307" conversion="2.20462000" ingredient="P-50547"/>
	<Ingredient qty="2.260" uom="Kg" recipe="P-26143" invFactor="0.4982" conversion="2.20462000" ingredient="I-36672"/>
	<Ingredient qty="2.500" uom="L" recipe="P-26143" invFactor="0.5511" conversion="1.00000000" ingredient="I-5983"/>
	<Ingredient qty="500.000" uom="g" recipe="P-26164" invFactor="74.0741" conversion="0.03527399" ingredient="I-3312"/>
	<Ingredient qty="500.000" uom="g" recipe="P-26164" invFactor="74.0741" conversion="0.03527399" ingredient="I-3629"/>
	<Ingredient qty="375.000" uom="g" recipe="P-26164" invFactor="55.5556" conversion="0.03527399" ingredient="I-3630"/>
	<Ingredient qty="250.000" uom="g" recipe="P-26164" invFactor="37.0370" conversion="1.00000000" ingredient="I-3632"/>
	<Ingredient qty="250.000" uom="g" recipe="P-26164" invFactor="37.0370" conversion="1.00000000" ingredient="I-3637"/>
	<Ingredient qty="750.000" uom="g" recipe="P-26164" invFactor="111.1111" conversion="1.00000000" ingredient="I-3640"/>
	<Ingredient qty="500.000" uom="g" recipe="P-26164" invFactor="74.0741" conversion="0.00100000" ingredient="I-3643"/>
	<Ingredient qty="1500.000" uom="g" recipe="P-26164" invFactor="222.2222" conversion="0.00100000" ingredient="I-3658"/>
	<Ingredient qty="500.000" uom="g" recipe="P-26164" invFactor="74.0741" conversion="0.00100000" ingredient="I-3660"/>
	<Ingredient qty="1000.000" uom="g" recipe="P-26164" invFactor="148.1481" conversion="1.00000000" ingredient="I-6026"/>
	<Ingredient qty="625.000" uom="g" recipe="P-26164" invFactor="92.5926" conversion="1.00000000" ingredient="I-6466"/>
	<Ingredient qty="500.000" uom="ml" recipe="P-26196" invFactor="125.0000" conversion="0.03381406" ingredient="I-1813"/>
	<Ingredient qty="45.000" uom="g" recipe="P-26196" invFactor="11.2500" conversion="0.95015160" ingredient="I-3370"/>
	<Ingredient qty="3.000" uom="L" recipe="P-26196" invFactor="0.7500" conversion="1.00000000" ingredient="I-3388"/>
	<Ingredient qty="30.000" uom="g" recipe="P-26196" invFactor="7.5000" conversion="0.00100000" ingredient="I-3660"/>
	<Ingredient qty="125.000" uom="g" recipe="P-26196" invFactor="31.2500" conversion="0.00220462" ingredient="I-4695"/>
	<Ingredient qty="125.000" uom="g" recipe="P-26196" invFactor="31.2500" conversion="0.00220462" ingredient="I-4894"/>
	<Ingredient qty="250.000" uom="ml" recipe="P-26196" invFactor="62.5000" conversion="0.03381406" ingredient="I-6443"/>
	<Ingredient qty="250.000" uom="ml" recipe="P-26196" invFactor="62.5000" conversion="0.00100000" ingredient="I-6825"/>
	<Ingredient qty="5.000" uom="g" recipe="P-26196" invFactor="1.2500" conversion="1.00000000" ingredient="P-18907"/>
	<Ingredient qty="28.000" uom="g" recipe="P-26196" invFactor="7.0000" conversion="0.00100000" ingredient="P-26020"/>
	<Ingredient qty="1.000" uom="Kg" recipe="P-26311" invFactor="0.1000" conversion="2.20462000" ingredient="I-4589"/>
	<Ingredient qty="1.000" uom="Kg" recipe="P-26311" invFactor="0.1000" conversion="1.25000000" ingredient="I-4598"/>
	<Ingredient qty="2.000" uom="Kg" recipe="P-26311" invFactor="0.2000" conversion="2.20462000" ingredient="I-4745"/>
	<Ingredient qty="10.000" uom="L" recipe="P-26311" invFactor="1.0000" conversion="1.00000000" ingredient="I-5983"/>
	<Ingredient qty="100.000" uom="g" recipe="P-26328" invFactor="50.0000" conversion="0.00100000" ingredient="I-3660"/>
	<Ingredient qty="700.000" uom="ml" recipe="P-26328" invFactor="350.0000" conversion="1.00000000" ingredient="I-3696"/>
	<Ingredient qty="500.000" uom="ml" recipe="P-26328" invFactor="250.0000" conversion="0.00100000" ingredient="I-3698"/>
	<Ingredient qty="4.000" uom="oz" recipe="P-26328" invFactor="2.0000" conversion="0.06250000" ingredient="I-4660"/>
	<Ingredient qty="10.000" uom="g" recipe="P-26328" invFactor="5.0000" conversion="0.00220462" ingredient="I-4796"/>
	<Ingredient qty="1.000" uom="Kg" recipe="P-26328" invFactor="0.5000" conversion="1.00000000" ingredient="P-51222"/>
	<Ingredient qty="1.000" uom="Kg" recipe="P-26328" invFactor="0.5000" conversion="1.00000000" ingredient="P-51582"/>
	<Ingredient qty="908.000" uom="g" recipe="P-26331" invFactor="227.0000" conversion="0.00100000" ingredient="I-3658"/>
	<Ingredient qty="2.000" uom="L" recipe="P-26331" invFactor="0.5000" conversion="1.00000000" ingredient="I-47774"/>
	<Ingredient qty="720.000" uom="ml" recipe="P-26331" invFactor="180.0000" conversion="0.03381406" ingredient="I-6443"/>
	<Ingredient qty="4.000" uom="Kg" recipe="P-26331" invFactor="1.0000" conversion="1.00000000" ingredient="I-7388"/>
	<Ingredient qty="60.000" uom="g" recipe="P-26331" invFactor="15.0000" conversion="0.00100000" ingredient="P-26020"/>
	<Ingredient qty="200.000" uom="g" recipe="P-26331" invFactor="50.0000" conversion="1.00000000" ingredient="P-26514"/>
	<Ingredient qty="20.000" uom="g" recipe="P-26331" invFactor="5.0000" conversion="0.00100000" ingredient="P-57143"/>
	<Ingredient qty="125.000" uom="ml" recipe="P-26390" invFactor="27.5573" conversion="0.00100000" ingredient="I-3392"/>
	<Ingredient qty="2.500" uom="Kg" recipe="P-26390" invFactor="0.5511" conversion="2.20462000" ingredient="I-36577"/>
	<Ingredient qty="5.000" uom="L" recipe="P-26390" invFactor="1.1023" conversion="1.00000000" ingredient="I-5983"/>
	<Ingredient qty="2.000" uom="g" recipe="P-26390" invFactor="0.4409" conversion="1.00000000" ingredient="I-6026"/>
	<Ingredient qty="2.270" uom="Kg" recipe="P-26489" invFactor="0.6053" conversion="1000.00000000" ingredient="I-19464"/>
	<Ingredient qty="5.000" uom="L" recipe="P-26489" invFactor="1.3333" conversion="1.00000000" ingredient="I-5983"/>
	<Ingredient qty="1.000" uom="CT" recipe="P-26514" invFactor="0.0182" conversion="1.00000000" ingredient="I-4341"/>
	<Ingredient qty="300.000" uom="g" recipe="P-27385" invFactor="300.0000" conversion="0.00100000" ingredient="I-3658"/>
	<Ingredient qty="1.500" uom="cup" recipe="P-27385" invFactor="1.5000" conversion="0.20000000" ingredient="I-3660"/>
	<Ingredient qty="30.000" uom="g" recipe="P-27385" invFactor="30.0000" conversion="0.01259785" ingredient="I-4341"/>
	<Ingredient qty="1.000" uom="L" recipe="P-27385" invFactor="1.0000" conversion="1.00000000" ingredient="I-47774"/>
	<Ingredient qty="7.500" uom="g" recipe="P-27385" invFactor="7.5000" conversion="0.00220462" ingredient="I-4796"/>
	<Ingredient qty="125.000" uom="ml" recipe="P-27385" invFactor="125.0000" conversion="0.03381406" ingredient="I-6443"/>
	<Ingredient qty="30.000" uom="g" recipe="P-27385" invFactor="30.0000" conversion="0.00100000" ingredient="P-26020"/>
	<Ingredient qty="2.840" uom="L" recipe="P-28989" invFactor="1.5778" conversion="1.00000000" ingredient="I-3143"/>
	<Ingredient qty="2.840" uom="L" recipe="P-32678" invFactor="1.4200" conversion="1.00000000" ingredient="I-3145"/>
	<Ingredient qty="21.000" uom="Kg" recipe="P-34298" invFactor="1.1667" conversion="2.20462000" ingredient="I-4550"/>
	<Ingredient qty="180.000" uom="ml" recipe="P-34842" invFactor="36.0000" conversion="0.00100000" ingredient="I-10882"/>
	<Ingredient qty="1.500" uom="L" recipe="P-34842" invFactor="0.3000" conversion="35.21126761" ingredient="I-6443"/>
	<Ingredient qty="180.000" uom="g" recipe="P-34842" invFactor="36.0000" conversion="0.00100000" ingredient="P-26020"/>
	<Ingredient qty="2.000" uom="L" recipe="P-34842" invFactor="0.4000" conversion="1.00000000" ingredient="P-34843"/>
	<Ingredient qty="1950.000" uom="g" recipe="P-34843" invFactor="487.5000" conversion="0.00100000" ingredient="I-3658"/>
	<Ingredient qty="2250.000" uom="ml" recipe="P-34843" invFactor="562.5000" conversion="0.00100000" ingredient="I-47774"/>
	<Ingredient qty="5.000" uom="Kg" recipe="P-34880" invFactor="1.0417" conversion="2.20462000" ingredient="I-4660"/>
	<Ingredient qty="3.000" uom="Kg" recipe="P-35245" invFactor="1.0714" conversion="2.20462000" ingredient="I-4696"/>
	<Ingredient qty="1.360" uom="Kg" recipe="P-35689" invFactor="0.4146" conversion="1000.00000000" ingredient="I-35682"/>
	<Ingredient qty="4.000" uom="L" recipe="P-35689" invFactor="1.2195" conversion="1.00000000" ingredient="I-5983"/>
	<Ingredient qty="2.000" uom="Kg" recipe="P-35691" invFactor="1.0000" conversion="1.00000000" ingredient="I-3379"/>
	<Ingredient qty="100.000" uom="g" recipe="P-35691" invFactor="50.0000" conversion="0.00100000" ingredient="I-3660"/>
	<Ingredient qty="30.000" uom="ml" recipe="P-35691" invFactor="15.0000" conversion="0.00100000" ingredient="I-5983"/>
	<Ingredient qty="800.000" uom="g" recipe="P-35787" invFactor="266.6667" conversion="0.00100000" ingredient="I-3431"/>
	<Ingredient qty="200.000" uom="ml" recipe="P-35787" invFactor="66.6667" conversion="1.00000000" ingredient="I-3696"/>
	<Ingredient qty="800.000" uom="ml" recipe="P-35787" invFactor="266.6667" conversion="0.00100000" ingredient="I-5983"/>
	<Ingredient qty="1.600" uom="L" recipe="P-35787" invFactor="0.5333" conversion="1.00000000" ingredient="I-7949"/>
	<Ingredient qty="2.500" uom="Kg" recipe="P-36061" invFactor="0.4167" conversion="1.00000000" ingredient="I-3233"/>
	<Ingredient qty="2.500" uom="L" recipe="P-36061" invFactor="0.4167" conversion="1.00000000" ingredient="I-5983"/>
	<Ingredient qty="30.000" uom="g" recipe="P-36061" invFactor="5.0000" conversion="1.00000000" ingredient="P-18907"/>
	<Ingredient qty="300.000" uom="ml" recipe="P-36061" invFactor="50.0000" conversion="0.00100000" ingredient="P-26196"/>
	<Ingredient qty="200.000" uom="g" recipe="P-36061" invFactor="33.3333" conversion="0.00100000" ingredient="P-41096"/>
	<Ingredient qty="50.000" uom="g" recipe="P-36061" invFactor="8.3333" conversion="1.00000000" ingredient="P-44728"/>
	<Ingredient qty="150.000" uom="g" recipe="P-36061" invFactor="25.0000" conversion="0.00100000" ingredient="P-9741"/>
	<Ingredient qty="200.000" uom="g" recipe="P-36061" invFactor="33.3333" conversion="0.00100000" ingredient="P-9765"/>
	<Ingredient qty="10.000" uom="CT" recipe="P-38554" invFactor="3.0303" conversion="1.00000000" ingredient="I-4626"/>
	<Ingredient qty="11.550" uom="Kg" recipe="P-38556" invFactor="1.0132" conversion="2.20462000" ingredient="P-24452"/>
	<Ingredient qty="1.000" uom="CT" recipe="P-39057" invFactor="0.0067" conversion="1.00000000" ingredient="I-4375"/>
	<Ingredient qty="250.000" uom="ml" recipe="P-39627" invFactor="91.9118" conversion="0.00100000" ingredient="I-3504"/>
	<Ingredient qty="4.500" uom="Kg" recipe="P-39627" invFactor="1.6544" conversion="1.00000000" ingredient="I-3851"/>
	<Ingredient qty="100.000" uom="g" recipe="P-39627" invFactor="36.7647" conversion="0.00100000" ingredient="P-26164"/>
	<Ingredient qty="1.000" uom="Kg" recipe="P-41096" invFactor="1.0000" conversion="1.00000000" ingredient="P-57146"/>
	<Ingredient qty="15.000" uom="L" recipe="P-41466" invFactor="0.0018" conversion="1.00000000" ingredient="I-3388"/>
	<Ingredient qty="5.000" uom="g" recipe="P-41466" invFactor="0.0006" conversion="1.00000000" ingredient="I-3619"/>
	<Ingredient qty="5.000" uom="lb" recipe="P-41466" invFactor="0.0006" conversion="1.00000000" ingredient="I-4657"/>
	<Ingredient qty="5.000" uom="g" recipe="P-41466" invFactor="0.0006" conversion="1.00000000" ingredient="I-6026"/>
	<Ingredient qty="20.000" uom="g" recipe="P-41468" invFactor="1.3333" conversion="0.03527399" ingredient="I-19610"/>
	<Ingredient qty="10.000" uom="g" recipe="P-41468" invFactor="0.6667" conversion="0.03527399" ingredient="I-3312"/>
	<Ingredient qty="3.500" uom="Kg" recipe="P-41468" invFactor="0.2333" conversion="1.00000000" ingredient="I-3660"/>
	<Ingredient qty="15.000" uom="g" recipe="P-41468" invFactor="1.0000" conversion="1.00000000" ingredient="I-42230"/>
	<Ingredient qty="100.000" uom="g" recipe="P-41468" invFactor="6.6667" conversion="0.00220462" ingredient="I-4657"/>
	<Ingredient qty="8.000" uom="L" recipe="P-41468" invFactor="0.5333" conversion="1.00000000" ingredient="I-5983"/>
	<Ingredient qty="4.000" uom="L" recipe="P-41468" invFactor="0.2667" conversion="1.00000000" ingredient="I-9382"/>
	<Ingredient qty="3.600" uom="Kg" recipe="P-41547" invFactor="0.1200" conversion="2.20462000" ingredient="I-4745"/>
	<Ingredient qty="18.000" uom="Kg" recipe="P-41547" invFactor="0.6000" conversion="2.20462000" ingredient="I-4920"/>
	<Ingredient qty="4.000" uom="L" recipe="P-41547" invFactor="0.1333" conversion="1.00000000" ingredient="I-5983"/>
	<Ingredient qty="200.000" uom="g" recipe="P-41547" invFactor="6.6667" conversion="1.00000000" ingredient="I-6026"/>
	<Ingredient qty="150.000" uom="ml" recipe="P-41547" invFactor="5.0000" conversion="0.03381406" ingredient="I-6443"/>
	<Ingredient qty="450.000" uom="g" recipe="P-41547" invFactor="15.0000" conversion="0.00100000" ingredient="P-26020"/>
	<Ingredient qty="635.000" uom="g" recipe="P-41547" invFactor="21.1667" conversion="1.00000000" ingredient="P-26514"/>
	<Ingredient qty="900.000" uom="g" recipe="P-41547" invFactor="30.0000" conversion="1.00000000" ingredient="P-51535"/>
	<Ingredient qty="500.000" uom="g" recipe="P-41547" invFactor="16.6667" conversion="0.00100000" ingredient="P-55427"/>
	<Ingredient qty="75.000" uom="g" recipe="P-41548" invFactor="2.5000" conversion="1.00000000" ingredient="I-3621"/>
	<Ingredient qty="3.000" uom="L" recipe="P-41548" invFactor="0.1000" conversion="1.00000000" ingredient="I-3676"/>
	<Ingredient qty="0.200" uom="L" recipe="P-41548" invFactor="0.0067" conversion="1.00000000" ingredient="I-3697"/>
	<Ingredient qty="6.000" uom="lb" recipe="P-41548" invFactor="0.2000" conversion="1.00000000" ingredient="I-4745"/>
	<Ingredient qty="7.000" uom="L" recipe="P-41548" invFactor="0.2333" conversion="1.00000000" ingredient="I-5983"/>
	<Ingredient qty="3.000" uom="g" recipe="P-41548" invFactor="0.1000" conversion="1.00000000" ingredient="I-6026"/>
	<Ingredient qty="250.000" uom="g" recipe="P-41548" invFactor="8.3333" conversion="0.00100000" ingredient="P-26020"/>
	<Ingredient qty="12.000" uom="Kg" recipe="P-41548" invFactor="0.4000" conversion="1.00000000" ingredient="P-50587"/>
	<Ingredient qty="300.000" uom="g" recipe="P-41548" invFactor="10.0000" conversion="1.00000000" ingredient="P-51535"/>
	<Ingredient qty="100.000" uom="g" recipe="P-41548" invFactor="3.3333" conversion="0.00100000" ingredient="P-57143"/>
	<Ingredient qty="500.000" uom="ml" recipe="P-41548" invFactor="16.6667" conversion="0.00100000" ingredient="P-59591"/>
	<Ingredient qty="4.000" uom="L" recipe="P-41551" invFactor="0.5714" conversion="1.00000000" ingredient="I-3388"/>
	<Ingredient qty="700.000" uom="g" recipe="P-41551" invFactor="100.0000" conversion="0.00100000" ingredient="I-3660"/>
	<Ingredient qty="550.000" uom="g" recipe="P-41551" invFactor="78.5714" conversion="1.00000000" ingredient="I-37477"/>
	<Ingredient qty="800.000" uom="g" recipe="P-41551" invFactor="114.2857" conversion="1.00000000" ingredient="I-41491"/>
	<Ingredient qty="625.000" uom="g" recipe="P-41551" invFactor="89.2857" conversion="1.00000000" ingredient="I-41492"/>
	<Ingredient qty="200.000" uom="g" recipe="P-41551" invFactor="28.5714" conversion="1.00000000" ingredient="I-6026"/>
	<Ingredient qty="525.000" uom="g" recipe="P-41551" invFactor="75.0000" conversion="0.03246753" ingredient="I-6443"/>
	<Ingredient qty="454.000" uom="g" recipe="P-41572" invFactor="0.4000" conversion="1.00000000" ingredient="I-3632"/>
	<Ingredient qty="454.000" uom="g" recipe="P-41572" invFactor="0.4000" conversion="0.00100000" ingredient="I-5975"/>
	<Ingredient qty="125.000" uom="g" recipe="P-41572" invFactor="0.1101" conversion="1.00000000" ingredient="I-6026"/>
	<Ingredient qty="0.500" uom="L" recipe="P-41573" invFactor="0.0625" conversion="1.00000000" ingredient="I-3388"/>
	<Ingredient qty="4.000" uom="Kg" recipe="P-41573" invFactor="0.5000" conversion="1.00000000" ingredient="I-3476"/>
	<Ingredient qty="4.000" uom="L" recipe="P-41573" invFactor="0.5000" conversion="1.00000000" ingredient="I-5983"/>
	<Ingredient qty="90.000" uom="ml" recipe="P-41573" invFactor="11.2500" conversion="0.03381406" ingredient="I-6443"/>
	<Ingredient qty="400.000" uom="g" recipe="P-41573" invFactor="50.0000" conversion="1.00000000" ingredient="P-41572"/>
	<Ingredient qty="4.500" uom="Kg" recipe="P-41574" invFactor="0.1500" conversion="1.00000000" ingredient="I-3148"/>
	<Ingredient qty="300.000" uom="g" recipe="P-41574" invFactor="10.0000" conversion="0.03527399" ingredient="I-3630"/>
	<Ingredient qty="40.000" uom="L" recipe="P-41574" invFactor="1.3333" conversion="1.00000000" ingredient="I-5983"/>
	<Ingredient qty="300.000" uom="g" recipe="P-41574" invFactor="10.0000" conversion="1.00000000" ingredient="I-6026"/>
	<Ingredient qty="0.250" uom="Kg" recipe="P-41574" invFactor="0.0083" conversion="1.00000000" ingredient="I-6028"/>
	<Ingredient qty="700.000" uom="g" recipe="P-41574" invFactor="23.3333" conversion="0.00100000" ingredient="P-26020"/>
	<Ingredient qty="7.000" uom="Kg" recipe="P-41574" invFactor="0.2333" conversion="1.00000000" ingredient="P-38556"/>
	<Ingredient qty="4.000" uom="L" recipe="P-41751" invFactor="0.8889" conversion="1.00000000" ingredient="I-60772"/>
	<Ingredient qty="500.000" uom="ml" recipe="P-41751" invFactor="111.1111" conversion="0.03381406" ingredient="I-6443"/>
	<Ingredient qty="0.400" uom="L" recipe="P-41751" invFactor="0.0889" conversion="1.00000000" ingredient="P-41551"/>
	<Ingredient qty="5.600" uom="L" recipe="P-42355" invFactor="0.9333" conversion="1.00000000" ingredient="I-3458"/>
	<Ingredient qty="30.000" uom="g" recipe="P-42355" invFactor="5.0000" conversion="0.03527399" ingredient="I-3629"/>
	<Ingredient qty="5.000" uom="g" recipe="P-42355" invFactor="0.8333" conversion="1.00000000" ingredient="I-6026"/>
	<Ingredient qty="125.000" uom="ml" recipe="P-42355" invFactor="20.8333" conversion="0.03381406" ingredient="I-6443"/>
	<Ingredient qty="1.000" uom="Kg" recipe="P-42364" invFactor="1.0000" conversion="2.20462000" ingredient="I-4555"/>
	<Ingredient qty="3.500" uom="g" recipe="P-42364" invFactor="3.5000" conversion="1.00000000" ingredient="I-6026"/>
	<Ingredient qty="30.000" uom="ml" recipe="P-42364" invFactor="30.0000" conversion="0.03381406" ingredient="I-6443"/>
	<Ingredient qty="80.000" uom="g" recipe="P-42364" invFactor="80.0000" conversion="1.00000000" ingredient="P-26514"/>
	<Ingredient qty="3.000" uom="L" recipe="P-42412" invFactor="1.0345" conversion="1.00000000" ingredient="I-2254"/>
	<Ingredient qty="100.000" uom="ml" recipe="P-42412" invFactor="34.4828" conversion="1.00000000" ingredient="I-3447"/>
	<Ingredient qty="27.000" uom="g" recipe="P-42412" invFactor="9.3103" conversion="1.00000000" ingredient="I-6026"/>
	<Ingredient qty="30.000" uom="ml" recipe="P-42412" invFactor="10.3448" conversion="0.03381406" ingredient="I-6443"/>
	<Ingredient qty="490.000" uom="g" recipe="P-42425" invFactor="1.0426" conversion="0.00263158" ingredient="I-4626"/>
	<Ingredient qty="2.000" uom="L" recipe="P-43346" invFactor="4.4444" conversion="1.00000000" ingredient="I-3386"/>
	<Ingredient qty="2.350" uom="Kg" recipe="P-43346" invFactor="5.2222" conversion="2.20462000" ingredient="I-4745"/>
	<Ingredient qty="10.000" uom="g" recipe="P-43346" invFactor="22.2222" conversion="1.00000000" ingredient="I-6026"/>
	<Ingredient qty="11.500" uom="Kg" recipe="P-43440" invFactor="1.0445" conversion="1.00000000" ingredient="P-19175"/>
	<Ingredient qty="0.250" uom="L" recipe="P-43581" invFactor="0.0004" conversion="1.00000000" ingredient="I-3388"/>
	<Ingredient qty="5.600" uom="g" recipe="P-43581" invFactor="0.0093" conversion="0.00100000" ingredient="I-3624"/>
	<Ingredient qty="30.000" uom="ml" recipe="P-43581" invFactor="0.0500" conversion="0.00100000" ingredient="I-3695"/>
	<Ingredient qty="1.500" uom="CT" recipe="P-43581" invFactor="0.0025" conversion="1.00000000" ingredient="I-4712"/>
	<Ingredient qty="250.000" uom="ml" recipe="P-43581" invFactor="0.4167" conversion="0.00100000" ingredient="I-6006"/>
	<Ingredient qty="12.000" uom="g" recipe="P-43581" invFactor="0.0200" conversion="1.00000000" ingredient="I-6026"/>
	<Ingredient qty="20.000" uom="g" recipe="P-43581" invFactor="0.0333" conversion="0.00100000" ingredient="P-26020"/>
	<Ingredient qty="150.000" uom="g" recipe="P-43581" invFactor="0.2500" conversion="1.00000000" ingredient="P-26514"/>
	<Ingredient qty="65.000" uom="g" recipe="P-43581" invFactor="0.1083" conversion="1.00000000" ingredient="P-44728"/>
	<Ingredient qty="30.000" uom="g" recipe="P-43581" invFactor="0.0500" conversion="1.00000000" ingredient="P-51536"/>
	<Ingredient qty="2.500" uom="Kg" recipe="P-43583" invFactor="0.0025" conversion="2.20462000" ingredient="I-4894"/>
	<Ingredient qty="250.000" uom="g" recipe="P-43583" invFactor="0.2500" conversion="1.00000000" ingredient="I-51440"/>
	<Ingredient qty="50.000" uom="g" recipe="P-43583" invFactor="0.0500" conversion="1.00000000" ingredient="I-6026"/>
	<Ingredient qty="2.000" uom="L" recipe="P-43584" invFactor="0.8000" conversion="1.00000000" ingredient="I-2254"/>
	<Ingredient qty="40.000" uom="g" recipe="P-43584" invFactor="16.0000" conversion="1.00000000" ingredient="I-6026"/>
	<Ingredient qty="200.000" uom="ml" recipe="P-43584" invFactor="80.0000" conversion="0.03381406" ingredient="I-6443"/>
	<Ingredient qty="0.375" uom="L" recipe="P-43584" invFactor="0.1500" conversion="1.00000000" ingredient="I-9379"/>
	<Ingredient qty="10.000" uom="CT" recipe="P-43962" invFactor="3.0303" conversion="1.00000000" ingredient="I-4626"/>
	<Ingredient qty="5.000" uom="Kg" recipe="P-44331" invFactor="1.2987" conversion="2.20462000" ingredient="I-4538"/>
	<Ingredient qty="5.000" uom="lb" recipe="P-44335" invFactor="0.4808" conversion="1.00000000" ingredient="I-17159"/>
	<Ingredient qty="5.600" uom="L" recipe="P-44335" invFactor="0.5385" conversion="1.00000000" ingredient="I-23336"/>
	<Ingredient qty="10.000" uom="g" recipe="P-44335" invFactor="0.9615" conversion="1.00000000" ingredient="I-3621"/>
	<Ingredient qty="25.000" uom="g" recipe="P-44335" invFactor="2.4038" conversion="0.03527399" ingredient="I-3630"/>
	<Ingredient qty="2.500" uom="lb" recipe="P-44335" invFactor="0.2404" conversion="1.00000000" ingredient="I-4750"/>
	<Ingredient qty="2.000" uom="Kg" recipe="P-44335" invFactor="0.1923" conversion="1.00000000" ingredient="I-4978"/>
	<Ingredient qty="2.000" uom="Kg" recipe="P-44335" invFactor="0.1923" conversion="1.00000000" ingredient="I-5014"/>
	<Ingredient qty="75.000" uom="g" recipe="P-44335" invFactor="7.2115" conversion="1.00000000" ingredient="I-6026"/>
	<Ingredient qty="60.000" uom="ml" recipe="P-44335" invFactor="5.7692" conversion="0.00100000" ingredient="I-9382"/>
	<Ingredient qty="120.000" uom="g" recipe="P-44335" invFactor="11.5385" conversion="0.00100000" ingredient="P-24750"/>
	<Ingredient qty="56.000" uom="g" recipe="P-44335" invFactor="5.3846" conversion="1.00000000" ingredient="P-51536"/>
	<Ingredient qty="1.000" uom="Kg" recipe="P-44429" invFactor="1.0000" conversion="1.00000000" ingredient="P-50587"/>
	<Ingredient qty="268.000" uom="g" recipe="P-44475" invFactor="1.2523" conversion="0.00220462" ingredient="I-4787"/>
	<Ingredient qty="1.000" uom="BUNCH" recipe="P-44728" invFactor="0.0222" conversion="1.00000000" ingredient="I-4772"/>
	<Ingredient qty="3.000" uom="Kg" recipe="P-46546" invFactor="1.0345" conversion="1.00000000" ingredient="I-2122"/>
	<Ingredient qty="48.000" uom="CT" recipe="P-48933" invFactor="8.4211" conversion="1.00000000" ingredient="I-4375"/>
	<Ingredient qty="200.000" uom="ml" recipe="P-50386" invFactor="80.0000" conversion="0.03381406" ingredient="I-1813"/>
	<Ingredient qty="200.000" uom="ml" recipe="P-50386" invFactor="80.0000" conversion="0.00100000" ingredient="I-1820"/>
	<Ingredient qty="700.000" uom="g" recipe="P-50386" invFactor="280.0000" conversion="0.00100000" ingredient="I-3658"/>
	<Ingredient qty="1.000" uom="L" recipe="P-50386" invFactor="0.4000" conversion="1.00000000" ingredient="I-47774"/>
	<Ingredient qty="500.000" uom="ml" recipe="P-50386" invFactor="200.0000" conversion="0.00100000" ingredient="I-5983"/>
	<Ingredient qty="100.000" uom="g" recipe="P-50386" invFactor="40.0000" conversion="0.00100000" ingredient="P-26020"/>
	<Ingredient qty="185.000" uom="g" recipe="P-50386" invFactor="74.0000" conversion="0.00100000" ingredient="P-34880"/>
	<Ingredient qty="1000.000" uom="ml" recipe="P-50495" invFactor="500.0000" conversion="0.00100000" ingredient="I-5983"/>
	<Ingredient qty="1000.000" uom="g" recipe="P-50495" invFactor="500.0000" conversion="0.00100000" ingredient="I-6820"/>
	<Ingredient qty="25.000" uom="lb" recipe="P-50547" invFactor="1.0870" conversion="1.00000000" ingredient="I-4750"/>
	<Ingredient qty="25.000" uom="lb" recipe="P-50552" invFactor="1.0870" conversion="1.00000000" ingredient="I-4745"/>
	<Ingredient qty="1.000" uom="lb" recipe="P-50563" invFactor="2.2222" conversion="1.00000000" ingredient="I-4703"/>
	<Ingredient qty="1.000" uom="Kg" recipe="P-50565" invFactor="1.0526" conversion="2.20462000" ingredient="I-4589"/>
	<Ingredient qty="900.000" uom="g" recipe="P-50586" invFactor="1.1250" conversion="0.01259785" ingredient="I-4341"/>
	<Ingredient qty="10.000" uom="Kg" recipe="P-50587" invFactor="1.1111" conversion="2.20462000" ingredient="I-4933"/>
	<Ingredient qty="8.000" uom="g" recipe="P-50601" invFactor="0.4000" conversion="1.00000000" ingredient="I-3619"/>
	<Ingredient qty="30.000" uom="g" recipe="P-50601" invFactor="1.5000" conversion="1.00000000" ingredient="I-42230"/>
	<Ingredient qty="1.000" uom="BUNCH" recipe="P-50601" invFactor="0.0500" conversion="1.00000000" ingredient="I-4772"/>
	<Ingredient qty="20.000" uom="L" recipe="P-50601" invFactor="1.0000" conversion="1.00000000" ingredient="I-5983"/>
	<Ingredient qty="60.000" uom="g" recipe="P-50601" invFactor="3.0000" conversion="1.00000000" ingredient="I-6026"/>
	<Ingredient qty="100.000" uom="g" recipe="P-50601" invFactor="5.0000" conversion="0.00100000" ingredient="P-26020"/>
	<Ingredient qty="450.000" uom="g" recipe="P-50601" invFactor="22.5000" conversion="0.00220462" ingredient="P-50552"/>
	<Ingredient qty="400.000" uom="g" recipe="P-50601" invFactor="20.0000" conversion="0.00220462" ingredient="P-50563"/>
	<Ingredient qty="475.000" uom="g" recipe="P-50601" invFactor="23.7500" conversion="0.00100000" ingredient="P-50565"/>
	<Ingredient qty="475.000" uom="g" recipe="P-50601" invFactor="23.7500" conversion="0.00100000" ingredient="P-50619"/>
	<Ingredient qty="10.000" uom="Kg" recipe="P-50619" invFactor="1.3333" conversion="1.25000000" ingredient="I-4598"/>
	<Ingredient qty="1.000" uom="lb" recipe="P-50781" invFactor="0.0050" conversion="1.00000000" ingredient="I-4918"/>
	<Ingredient qty="300.000" uom="g" recipe="P-50795" invFactor="1.0000" conversion="0.00100000" ingredient="I-11094"/>
	<Ingredient qty="8.000" uom="g" recipe="P-50795" invFactor="0.0267" conversion="0.00100000" ingredient="I-12176"/>
	<Ingredient qty="15.000" uom="ml" recipe="P-50795" invFactor="0.0500" conversion="0.00100000" ingredient="I-3388"/>
	<Ingredient qty="2.500" uom="mg" recipe="P-50795" invFactor="0.0083" conversion="0.00000100" ingredient="I-5975"/>
	<Ingredient qty="40.000" uom="g" recipe="P-50795" invFactor="0.1333" conversion="0.00100000" ingredient="P-43440"/>
	<Ingredient qty="3.000" uom="Kg" recipe="P-50801" invFactor="1.0345" conversion="1.00000000" ingredient="I-3016"/>
	<Ingredient qty="1.000" uom="L" recipe="P-50826" invFactor="1.0000" conversion="1.00000000" ingredient="I-2254"/>
	<Ingredient qty="0.250" uom="L" recipe="P-50826" invFactor="0.2500" conversion="1.00000000" ingredient="I-5983"/>
	<Ingredient qty="1.000" uom="Kg" recipe="P-50966" invFactor="1.0000" conversion="2.20462000" ingredient="I-17159"/>
	<Ingredient qty="10.000" uom="Kg" recipe="P-50985" invFactor="1.2500" conversion="1.00000000" ingredient="I-10869"/>
	<Ingredient qty="500.000" uom="ml" recipe="P-50985" invFactor="62.5000" conversion="0.00100000" ingredient="I-3388"/>
	<Ingredient qty="400.000" uom="ml" recipe="P-50985" invFactor="50.0000" conversion="1.00000000" ingredient="I-3447"/>
	<Ingredient qty="40.000" uom="g" recipe="P-50985" invFactor="5.0000" conversion="0.03527399" ingredient="I-3630"/>
	<Ingredient qty="20.000" uom="g" recipe="P-50985" invFactor="2.5000" conversion="1.00000000" ingredient="P-18907"/>
	<Ingredient qty="10.000" uom="Kg" recipe="P-51214" invFactor="1.2500" conversion="1.00000000" ingredient="I-19665"/>
	<Ingredient qty="60.000" uom="g" recipe="P-51214" invFactor="7.5000" conversion="1.00000000" ingredient="I-2852"/>
	<Ingredient qty="0.500" uom="L" recipe="P-51214" invFactor="0.0625" conversion="1.00000000" ingredient="I-3388"/>
	<Ingredient qty="200.000" uom="ml" recipe="P-51214" invFactor="25.0000" conversion="1.00000000" ingredient="I-3447"/>
	<Ingredient qty="60.000" uom="g" recipe="P-51214" invFactor="7.5000" conversion="0.03527399" ingredient="I-3630"/>
	<Ingredient qty="20.000" uom="g" recipe="P-51214" invFactor="2.5000" conversion="1.00000000" ingredient="P-18907"/>
	<Ingredient qty="5.000" uom="Kg" recipe="P-51222" invFactor="1.1111" conversion="2.20462000" ingredient="I-9832"/>
	<Ingredient qty="1.000" uom="Kg" recipe="P-51458" invFactor="0.9091" conversion="1.00000000" ingredient="I-10866"/>
	<Ingredient qty="5.000" uom="g" recipe="P-51458" invFactor="4.5455" conversion="1.00000000" ingredient="P-18907"/>
	<Ingredient qty="100.000" uom="g" recipe="P-51458" invFactor="90.9091" conversion="1.00000000" ingredient="P-41466"/>
	<Ingredient qty="1.000" uom="Kg" recipe="P-51530" invFactor="0.0014" conversion="2.20462000" ingredient="I-4771"/>
	<Ingredient qty="1.000" uom="Kg" recipe="P-51535" invFactor="0.0014" conversion="2.20462000" ingredient="I-4787"/>
	<Ingredient qty="454.000" uom="g" recipe="P-51536" invFactor="1.3969" conversion="0.03527399" ingredient="I-4767"/>
	<Ingredient qty="3.000" uom="L" recipe="P-51540" invFactor="1.0000" conversion="1.00000000" ingredient="P-50601"/>
	<Ingredient qty="1.000" uom="L" recipe="P-51540" invFactor="0.3333" conversion="1.00000000" ingredient="P-56645"/>
	<Ingredient qty="11.450" uom="Kg" recipe="P-51582" invFactor="1.0905" conversion="2.20462000" ingredient="I-4589"/>
	<Ingredient qty="1.000" uom="Kg" recipe="P-52036" invFactor="0.0020" conversion="2.20462000" ingredient="I-4919"/>
	<Ingredient qty="1000.000" uom="g" recipe="P-52043" invFactor="1.0526" conversion="1.00000000" ingredient="I-40957"/>
	<Ingredient qty="1.000" uom="CT" recipe="P-52620" invFactor="0.1250" conversion="1.00000000" ingredient="I-4712"/>
	<Ingredient qty="90.000" uom="g" recipe="P-52943" invFactor="1.8000" conversion="0.01259785" ingredient="I-4341"/>
	<Ingredient qty="1.000" uom="Kg" recipe="P-53616" invFactor="1.1111" conversion="2.20462000" ingredient="I-4787"/>
	<Ingredient qty="1.000" uom="Kg" recipe="P-53745" invFactor="1.1111" conversion="2.20462000" ingredient="I-4787"/>
	<Ingredient qty="12.000" uom="CT" recipe="P-53751" invFactor="5.2174" conversion="1.00000000" ingredient="I-4352"/>
	<Ingredient qty="60.000" uom="ml" recipe="P-53766" invFactor="0.3333" conversion="0.03381406" ingredient="I-1813"/>
	<Ingredient qty="15.000" uom="ml" recipe="P-53766" invFactor="0.0833" conversion="0.00100000" ingredient="I-3389"/>
	<Ingredient qty="30.000" uom="g" recipe="P-53766" invFactor="0.1667" conversion="0.00100000" ingredient="I-3434"/>
	<Ingredient qty="0.200" uom="CT" recipe="P-53766" invFactor="0.0011" conversion="1.00000000" ingredient="I-4640"/>
	<Ingredient qty="15.000" uom="g" recipe="P-53766" invFactor="0.0833" conversion="0.00100000" ingredient="P-26020"/>
	<Ingredient qty="150.000" uom="ml" recipe="P-55141" invFactor="75.0000" conversion="0.00100000" ingredient="I-3388"/>
	<Ingredient qty="500.000" uom="g" recipe="P-55141" invFactor="250.0000" conversion="0.00220462" ingredient="I-4747"/>
	<Ingredient qty="2.000" uom="Kg" recipe="P-55141" invFactor="1.0000" conversion="1.00000000" ingredient="I-4978"/>
	<Ingredient qty="50.000" uom="g" recipe="P-55141" invFactor="25.0000" conversion="0.00100000" ingredient="I-5975"/>
	<Ingredient qty="15.000" uom="g" recipe="P-55141" invFactor="7.5000" conversion="1.00000000" ingredient="P-18907"/>
	<Ingredient qty="1.250" uom="Kg" recipe="P-55427" invFactor="1.2500" conversion="2.20462000" ingredient="I-4795"/>
	<Ingredient qty="16.000" uom="CT" recipe="P-55548" invFactor="32.0000" conversion="1.00000000" ingredient="I-3688"/>
	<Ingredient qty="118.000" uom="g" recipe="P-55548" invFactor="236.0000" conversion="1.00000000" ingredient="I-51440"/>
	<Ingredient qty="1.000" uom="g" recipe="P-55548" invFactor="2.0000" conversion="1.00000000" ingredient="I-6026"/>
	<Ingredient qty="50.000" uom="ml" recipe="P-56372" invFactor="50.0000" conversion="0.00100000" ingredient="I-1820"/>
	<Ingredient qty="50.000" uom="ml" recipe="P-56372" invFactor="50.0000" conversion="0.00100000" ingredient="I-3390"/>
	<Ingredient qty="10.000" uom="g" recipe="P-56372" invFactor="10.0000" conversion="0.03527399" ingredient="I-3630"/>
	<Ingredient qty="30.000" uom="ml" recipe="P-56372" invFactor="30.0000" conversion="0.00100000" ingredient="I-3698"/>
	<Ingredient qty="100.000" uom="ml" recipe="P-56372" invFactor="100.0000" conversion="0.03381406" ingredient="I-6443"/>
	<Ingredient qty="1.000" uom="Kg" recipe="P-56372" invFactor="1.0000" conversion="1.00000000" ingredient="I-7769"/>
	<Ingredient qty="15.000" uom="g" recipe="P-56372" invFactor="15.0000" conversion="1.00000000" ingredient="P-18907"/>
	<Ingredient qty="10.000" uom="g" recipe="P-56372" invFactor="10.0000" conversion="0.00100000" ingredient="P-26020"/>
	<Ingredient qty="28.000" uom="g" recipe="P-56372" invFactor="28.0000" conversion="1.00000000" ingredient="P-26514"/>
	<Ingredient qty="20.000" uom="g" recipe="P-56372" invFactor="20.0000" conversion="0.00100000" ingredient="P-53745"/>
	<Ingredient qty="70.000" uom="ml" recipe="P-56398" invFactor="25.4545" conversion="0.00100000" ingredient="I-22026"/>
	<Ingredient qty="7.000" uom="HEAD" recipe="P-56398" invFactor="2.5455" conversion="1.00000000" ingredient="I-4473"/>
	<Ingredient qty="2.000" uom="Kg" recipe="P-56398" invFactor="0.7273" conversion="1000.00000000" ingredient="I-4973"/>
	<Ingredient qty="45.000" uom="ml" recipe="P-56398" invFactor="16.3636" conversion="0.03381406" ingredient="I-6443"/>
	<Ingredient qty="40.000" uom="g" recipe="P-56398" invFactor="14.5455" conversion="0.00100000" ingredient="P-24750"/>
	<Ingredient qty="200.000" uom="g" recipe="P-56398" invFactor="72.7273" conversion="0.00100000" ingredient="P-50587"/>
	<Ingredient qty="25.000" uom="g" recipe="P-56398" invFactor="9.0909" conversion="0.00100000" ingredient="P-56811"/>
	<Ingredient qty="200.000" uom="g" recipe="P-56399" invFactor="0.2740" conversion="0.00220462" ingredient="I-36672"/>
	<Ingredient qty="525.000" uom="ml" recipe="P-56399" invFactor="0.7192" conversion="0.00100000" ingredient="I-5983"/>
	<Ingredient qty="5.000" uom="g" recipe="P-56399" invFactor="0.0068" conversion="1.00000000" ingredient="I-6026"/>
	<Ingredient qty="20.000" uom="ml" recipe="P-56399" invFactor="0.0274" conversion="0.03381406" ingredient="I-6443"/>
	<Ingredient qty="35.000" uom="g" recipe="P-56399" invFactor="0.0479" conversion="0.00100000" ingredient="P-24750"/>
	<Ingredient qty="25.000" uom="ml" recipe="P-56422" invFactor="12.5000" conversion="0.00100000" ingredient="I-3387"/>
	<Ingredient qty="15.000" uom="g" recipe="P-56422" invFactor="7.5000" conversion="0.03527399" ingredient="I-3630"/>
	<Ingredient qty="454.000" uom="g" recipe="P-56422" invFactor="227.0000" conversion="0.00220462" ingredient="I-4745"/>
	<Ingredient qty="10.000" uom="g" recipe="P-56422" invFactor="5.0000" conversion="0.00100000" ingredient="I-5975"/>
	<Ingredient qty="5.000" uom="g" recipe="P-56422" invFactor="2.5000" conversion="1.00000000" ingredient="I-6026"/>
	<Ingredient qty="50.000" uom="ml" recipe="P-56422" invFactor="25.0000" conversion="0.03381406" ingredient="I-6443"/>
	<Ingredient qty="454.000" uom="g" recipe="P-56422" invFactor="227.0000" conversion="0.00100000" ingredient="P-18746"/>
	<Ingredient qty="454.000" uom="g" recipe="P-56422" invFactor="227.0000" conversion="0.00100000" ingredient="P-57145"/>
	<Ingredient qty="454.000" uom="g" recipe="P-56422" invFactor="227.0000" conversion="0.00100000" ingredient="P-57146"/>
	<Ingredient qty="45.000" uom="ml" recipe="P-56631" invFactor="37.5000" conversion="0.00100000" ingredient="I-10882"/>
	<Ingredient qty="45.000" uom="g" recipe="P-56631" invFactor="37.5000" conversion="1.00000000" ingredient="I-11813"/>
	<Ingredient qty="360.000" uom="ml" recipe="P-56631" invFactor="300.0000" conversion="0.00100000" ingredient="I-3223"/>
	<Ingredient qty="60.000" uom="ml" recipe="P-56631" invFactor="50.0000" conversion="0.03381406" ingredient="I-45114"/>
	<Ingredient qty="60.000" uom="ml" recipe="P-56631" invFactor="50.0000" conversion="0.00100000" ingredient="I-47774"/>
	<Ingredient qty="360.000" uom="ml" recipe="P-56631" invFactor="300.0000" conversion="0.00100000" ingredient="I-5983"/>
	<Ingredient qty="34.000" uom="g" recipe="P-56631" invFactor="28.3333" conversion="0.00100000" ingredient="I-6028"/>
	<Ingredient qty="480.000" uom="g" recipe="P-56631" invFactor="400.0000" conversion="0.00100000" ingredient="P-51458"/>
	<Ingredient qty="15.000" uom="ml" recipe="P-56631" invFactor="12.5000" conversion="0.00100000" ingredient="P-7444"/>
	<Ingredient qty="1.000" uom="Kg" recipe="P-56645" invFactor="0.4444" conversion="1.00000000" ingredient="I-3743"/>
	<Ingredient qty="4.540" uom="Kg" recipe="P-56811" invFactor="1.1350" conversion="2.20462000" ingredient="I-4787"/>
	<Ingredient qty="1.000" uom="Kg" recipe="P-57143" invFactor="1.1111" conversion="2.20462000" ingredient="I-4796"/>
	<Ingredient qty="10.000" uom="Kg" recipe="P-57145" invFactor="1.2048" conversion="2.20462000" ingredient="I-4797"/>
	<Ingredient qty="10.000" uom="Kg" recipe="P-57146" invFactor="1.2048" conversion="2.20462000" ingredient="I-4785"/>
	<Ingredient qty="11.500" uom="Kg" recipe="P-57499" invFactor="1.0455" conversion="1.00000000" ingredient="P-19175"/>
	<Ingredient qty="2.000" uom="g" recipe="P-59591" invFactor="2.0000" conversion="0.00100000" ingredient="I-12176"/>
	<Ingredient qty="15.000" uom="ml" recipe="P-59591" invFactor="15.0000" conversion="0.00100000" ingredient="I-3697"/>
	<Ingredient qty="150.000" uom="g" recipe="P-59591" invFactor="150.0000" conversion="1.00000000" ingredient="I-37477"/>
	<Ingredient qty="75.000" uom="g" recipe="P-59591" invFactor="75.0000" conversion="1.00000000" ingredient="I-37478"/>
	<Ingredient qty="175.000" uom="g" recipe="P-59591" invFactor="175.0000" conversion="0.00100000" ingredient="I-43652"/>
	<Ingredient qty="2.000" uom="L" recipe="P-59591" invFactor="2.0000" conversion="1.00000000" ingredient="I-5983"/>
	<Ingredient qty="1.000" uom="Kg" recipe="P-61660" invFactor="0.0011" conversion="2.20462000" ingredient="I-4288"/>
	<Ingredient qty="750.000" uom="g" recipe="P-61764" invFactor="0.9375" conversion="0.00100000" ingredient="I-43722"/>
	<Ingredient qty="30.000" uom="ml" recipe="P-61764" invFactor="0.0375" conversion="0.03381406" ingredient="I-6443"/>
	<Ingredient qty="15.000" uom="ml" recipe="P-61764" invFactor="0.0188" conversion="0.00100000" ingredient="I-9379"/>
	<Ingredient qty="100.000" uom="CT" recipe="P-62629" invFactor="1.0000" conversion="1.00000000" ingredient="I-43646"/>
	<Ingredient qty="2.000" uom="L" recipe="P-62629" invFactor="0.0200" conversion="1.00000000" ingredient="P-50386"/>
	<Ingredient qty="1.000" uom="Kg" recipe="P-67990" invFactor="1.0000" conversion="1.00000000" ingredient="I-14278"/>
	<Ingredient qty="60.000" uom="ml" recipe="P-67991" invFactor="46.1538" conversion="0.03381406" ingredient="I-1813"/>
	<Ingredient qty="1.000" uom="Kg" recipe="P-67991" invFactor="0.7692" conversion="1.00000000" ingredient="I-2126"/>
	<Ingredient qty="300.000" uom="ml" recipe="P-67991" invFactor="230.7692" conversion="0.00100000" ingredient="I-5983"/>
	<Ingredient qty="200.000" uom="ml" recipe="P-67995" invFactor="80.0000" conversion="0.00100000" ingredient="I-3390"/>
	<Ingredient qty="300.000" uom="g" recipe="P-67995" invFactor="120.0000" conversion="0.00100000" ingredient="I-3471"/>
	<Ingredient qty="14.000" uom="g" recipe="P-67995" invFactor="5.6000" conversion="1.00000000" ingredient="I-3620"/>
	<Ingredient qty="35.000" uom="g" recipe="P-67995" invFactor="14.0000" conversion="1.00000000" ingredient="I-3654"/>
	<Ingredient qty="1.000" uom="Kg" recipe="P-67995" invFactor="0.4000" conversion="2.20462000" ingredient="I-36672"/>
	<Ingredient qty="100.000" uom="g" recipe="P-67995" invFactor="40.0000" conversion="0.00100000" ingredient="I-3701"/>
	<Ingredient qty="8.000" uom="L" recipe="P-67995" invFactor="3.2000" conversion="1.00000000" ingredient="P-26311"/>
	<Ingredient qty="700.000" uom="g" recipe="P-67995" invFactor="280.0000" conversion="0.00100000" ingredient="P-38556"/>
	<Ingredient qty="175.000" uom="g" recipe="P-67995" invFactor="70.0000" conversion="1.00000000" ingredient="P-39057"/>
	<Ingredient qty="700.000" uom="g" recipe="P-67996" invFactor="197.1831" conversion="1.00000000" ingredient="I-11814"/>
	<Ingredient qty="1.000" uom="L" recipe="P-67996" invFactor="0.2817" conversion="35.21126761" ingredient="I-1813"/>
	<Ingredient qty="1.100" uom="Kg" recipe="P-67996" invFactor="0.3099" conversion="1.00000000" ingredient="I-3434"/>
	<Ingredient qty="250.000" uom="ml" recipe="P-67996" invFactor="70.4225" conversion="0.00100000" ingredient="I-3670"/>
	<Ingredient qty="500.000" uom="ml" recipe="P-67996" invFactor="140.8451" conversion="0.00100000" ingredient="I-5983"/>
	<Ingredient qty="50.000" uom="each" recipe="P-68708" invFactor="1.0000" conversion="1.00000000" ingredient="I-43958"/>
	<Ingredient qty="500.000" uom="ml" recipe="P-68708" invFactor="10.0000" conversion="0.00100000" ingredient="P-34842"/>
	<Ingredient qty="250.000" uom="g" recipe="P-68710" invFactor="5.0000" conversion="1.00000000" ingredient="I-11814"/>
	<Ingredient qty="50.000" uom="each" recipe="P-68710" invFactor="1.0000" conversion="1.00000000" ingredient="I-43958"/>
	<Ingredient qty="50.000" uom="ml" recipe="P-7136" invFactor="25.0000" conversion="0.00100000" ingredient="I-3387"/>
	<Ingredient qty="10.000" uom="g" recipe="P-7136" invFactor="5.0000" conversion="0.03527399" ingredient="I-3630"/>
	<Ingredient qty="2.000" uom="CT" recipe="P-7136" invFactor="1.0000" conversion="1.00000000" ingredient="I-4341"/>
	<Ingredient qty="250.000" uom="g" recipe="P-7136" invFactor="125.0000" conversion="0.00100000" ingredient="I-43722"/>
	<Ingredient qty="1.500" uom="Kg" recipe="P-7136" invFactor="0.7500" conversion="1000.00000000" ingredient="I-4973"/>
	<Ingredient qty="118.000" uom="ml" recipe="P-7136" invFactor="59.0000" conversion="0.03381406" ingredient="I-6443"/>
	<Ingredient qty="120.000" uom="g" recipe="P-7136" invFactor="60.0000" conversion="0.00100000" ingredient="P-53616"/>
	<Ingredient qty="1.000" uom="L" recipe="P-7444" invFactor="0.2500" conversion="1.00000000" ingredient="I-3387"/>
	<Ingredient qty="5.000" uom="lb" recipe="P-7444" invFactor="1.2500" conversion="1.00000000" ingredient="I-4657"/>
	<Ingredient qty="22.700" uom="Kg" recipe="P-9713" invFactor="1.1762" conversion="2.20462000" ingredient="I-4589"/>
	<Ingredient qty="1.000" uom="Kg" recipe="P-9714" invFactor="1.0000" conversion="1.00000000" ingredient="P-9713"/>
	<Ingredient qty="1.000" uom="Kg" recipe="P-9741" invFactor="1.0000" conversion="1.00000000" ingredient="P-48933"/>
	<Ingredient qty="1.000" uom="Kg" recipe="P-9765" invFactor="1.0000" conversion="1.00000000" ingredient="P-18746"/>
	<Ingredient qty="1.000" uom="Kg" recipe="P-9767" invFactor="1.0000" conversion="1.00000000" ingredient="P-18746"/>
	<Ingredient qty="48.000" uom="BUNCH" recipe="P-9854" invFactor="2.5196" conversion="1.00000000" ingredient="I-4826"/>
	<Ingredient qty="1.000" uom="CT" recipe="R-43580" invFactor="1.0000" conversion="1.00000000" ingredient="I-1152"/>
	<Ingredient qty="40.000" uom="g" recipe="R-43580" invFactor="1.0000" conversion="0.00100000" ingredient="I-14179"/>
	<Ingredient qty="90.000" uom="g" recipe="R-43580" invFactor="1.0000" conversion="0.00100000" ingredient="P-26062"/>
	<Ingredient qty="120.000" uom="g" recipe="R-43580" invFactor="1.0000" conversion="0.00100000" ingredient="P-41573"/>
	<Ingredient qty="90.000" uom="g" recipe="R-43580" invFactor="1.0000" conversion="0.00100000" ingredient="P-41574"/>
	<Ingredient qty="45.000" uom="g" recipe="R-43580" invFactor="1.0000" conversion="0.00100000" ingredient="P-42364"/>
	<Ingredient qty="45.000" uom="ml" recipe="R-43580" invFactor="1.0000" conversion="0.00100000" ingredient="P-42412"/>
	<Ingredient qty="30.000" uom="ml" recipe="R-43580" invFactor="1.0000" conversion="1.00000000" ingredient="P-43581"/>
	<Ingredient qty="90.000" uom="g" recipe="R-43580" invFactor="1.0000" conversion="0.00100000" ingredient="P-50985"/>
	<Ingredient qty="1.000" uom="CT" recipe="R-43587" invFactor="1.0000" conversion="1.00000000" ingredient="I-1152"/>
	<Ingredient qty="90.000" uom="g" recipe="R-43587" invFactor="1.0000" conversion="0.00100000" ingredient="P-26062"/>
	<Ingredient qty="30.000" uom="ml" recipe="R-43587" invFactor="1.0000" conversion="0.00100000" ingredient="P-41548"/>
	<Ingredient qty="120.000" uom="g" recipe="R-43587" invFactor="1.0000" conversion="0.00100000" ingredient="P-41573"/>
	<Ingredient qty="120.000" uom="ml" recipe="R-43587" invFactor="1.0000" conversion="0.00100000" ingredient="P-41574"/>
	<Ingredient qty="45.000" uom="ml" recipe="R-43587" invFactor="1.0000" conversion="0.00100000" ingredient="P-41751"/>
	<Ingredient qty="50.000" uom="g" recipe="R-43587" invFactor="1.0000" conversion="0.00100000" ingredient="P-42364"/>
	<Ingredient qty="90.000" uom="g" recipe="R-43587" invFactor="1.0000" conversion="0.00100000" ingredient="P-51214"/>
	<Ingredient qty="5.000" uom="g" recipe="R-43587" invFactor="1.0000" conversion="0.00100000" ingredient="P-55427"/>
	<Ingredient qty="1.000" uom="CT" recipe="R-44303" invFactor="1.0000" conversion="1.00000000" ingredient="I-1152"/>
	<Ingredient qty="100.000" uom="g" recipe="R-44303" invFactor="1.0000" conversion="0.00100000" ingredient="P-26134"/>
	<Ingredient qty="15.000" uom="g" recipe="R-44303" invFactor="1.0000" conversion="0.00100000" ingredient="P-26136"/>
	<Ingredient qty="30.000" uom="ml" recipe="R-44303" invFactor="1.0000" conversion="0.00100000" ingredient="P-41548"/>
	<Ingredient qty="120.000" uom="g" recipe="R-44303" invFactor="1.0000" conversion="0.00100000" ingredient="P-41573"/>
	<Ingredient qty="120.000" uom="ml" recipe="R-44303" invFactor="1.0000" conversion="0.00100000" ingredient="P-41574"/>
	<Ingredient qty="20.000" uom="ml" recipe="R-44303" invFactor="1.0000" conversion="0.00100000" ingredient="P-42355"/>
	<Ingredient qty="40.000" uom="g" recipe="R-44303" invFactor="1.0000" conversion="0.00100000" ingredient="P-42364"/>
	<Ingredient qty="20.000" uom="g" recipe="R-44303" invFactor="1.0000" conversion="1.00000000" ingredient="P-43583"/>
	<Ingredient qty="20.000" uom="ml" recipe="R-44303" invFactor="1.0000" conversion="0.00100000" ingredient="P-43584"/>
	<Ingredient qty="1.000" uom="CT" recipe="R-44316" invFactor="1.0000" conversion="1.00000000" ingredient="I-1152"/>
	<Ingredient qty="20.000" uom="g" recipe="R-44316" invFactor="1.0000" conversion="0.00100000" ingredient="I-2122"/>
	<Ingredient qty="10.000" uom="g" recipe="R-44316" invFactor="1.0000" conversion="0.00220462" ingredient="I-4463"/>
	<Ingredient qty="20.000" uom="ml" recipe="R-44316" invFactor="1.0000" conversion="0.00100000" ingredient="P-41547"/>
	<Ingredient qty="120.000" uom="g" recipe="R-44316" invFactor="1.0000" conversion="0.00100000" ingredient="P-41573"/>
	<Ingredient qty="10.000" uom="g" recipe="R-44316" invFactor="1.0000" conversion="0.00100000" ingredient="P-43346"/>
	<Ingredient qty="120.000" uom="g" recipe="R-44316" invFactor="1.0000" conversion="0.00100000" ingredient="P-44335"/>
	<Ingredient qty="75.000" uom="g" recipe="R-44316" invFactor="1.0000" conversion="0.00100000" ingredient="P-56398"/>
	<Ingredient qty="1.000" uom="CT" recipe="R-51217" invFactor="1.0000" conversion="1.00000000" ingredient="I-1152"/>
	<Ingredient qty="90.000" uom="g" recipe="R-51217" invFactor="1.0000" conversion="0.00100000" ingredient="P-26062"/>
	<Ingredient qty="110.000" uom="g" recipe="R-51217" invFactor="1.0000" conversion="0.00100000" ingredient="P-26331"/>
	<Ingredient qty="120.000" uom="g" recipe="R-51217" invFactor="1.0000" conversion="0.00100000" ingredient="P-41573"/>
	<Ingredient qty="90.000" uom="ml" recipe="R-51217" invFactor="1.0000" conversion="0.00100000" ingredient="P-41574"/>
	<Ingredient qty="90.000" uom="g" recipe="R-51217" invFactor="1.0000" conversion="1.00000000" ingredient="P-50795"/>
	<Ingredient qty="40.000" uom="g" recipe="R-51217" invFactor="1.0000" conversion="0.00100000" ingredient="P-55548"/>
	<Ingredient qty="90.000" uom="g" recipe="R-51217" invFactor="1.0000" conversion="0.00100000" ingredient="P-56398"/>
	<Ingredient qty="1.000" uom="CT" recipe="R-56873" invFactor="1.0000" conversion="1.00000000" ingredient="I-1152"/>
	<Ingredient qty="60.000" uom="g" recipe="R-56873" invFactor="1.0000" conversion="0.00100000" ingredient="P-26062"/>
	<Ingredient qty="100.000" uom="g" recipe="R-56873" invFactor="1.0000" conversion="0.00100000" ingredient="P-41573"/>
	<Ingredient qty="20.000" uom="ml" recipe="R-56873" invFactor="1.0000" conversion="0.00100000" ingredient="P-50826"/>
	<Ingredient qty="90.000" uom="g" recipe="R-56873" invFactor="1.0000" conversion="0.00100000" ingredient="P-56372"/>
	<Ingredient qty="150.000" uom="g" recipe="R-56873" invFactor="1.0000" conversion="0.00100000" ingredient="P-56422"/>
	<Ingredient qty="20.000" uom="g" recipe="R-57179" invFactor="1.0000" conversion="0.00100000" ingredient="P-26062"/>
	<Ingredient qty="200.000" uom="g" recipe="R-57179" invFactor="1.0000" conversion="0.00100000" ingredient="P-41573"/>
	<Ingredient qty="90.000" uom="g" recipe="R-57179" invFactor="1.0000" conversion="0.00100000" ingredient="P-51214"/>
	<Ingredient qty="60.000" uom="g" recipe="R-57179" invFactor="1.0000" conversion="0.00100000" ingredient="P-51540"/>
	<Ingredient qty="1.000" uom="piece" recipe="R-57179" invFactor="1.0000" conversion="1.00000000" ingredient="P-52620"/>
	<Ingredient qty="5.000" uom="g" recipe="R-57179" invFactor="1.0000" conversion="1.00000000" ingredient="P-52943"/>
	<Ingredient qty="20.000" uom="g" recipe="R-57179" invFactor="1.0000" conversion="0.00100000" ingredient="P-55548"/>
	<Ingredient qty="200.000" uom="g" recipe="R-57179" invFactor="1.0000" conversion="0.00100000" ingredient="P-56422"/>
	<Ingredient qty="1.000" uom="CT" recipe="R-59592" invFactor="1.0000" conversion="1.00000000" ingredient="I-1152"/>
	<Ingredient qty="20.000" uom="g" recipe="R-59592" invFactor="1.0000" conversion="0.00100000" ingredient="P-26062"/>
	<Ingredient qty="90.000" uom="g" recipe="R-59592" invFactor="1.0000" conversion="0.00100000" ingredient="P-51214"/>
	<Ingredient qty="60.000" uom="g" recipe="R-59592" invFactor="1.0000" conversion="0.00100000" ingredient="P-51540"/>
	<Ingredient qty="1.000" uom="piece" recipe="R-59592" invFactor="1.0000" conversion="1.00000000" ingredient="P-52620"/>
	<Ingredient qty="5.000" uom="g" recipe="R-59592" invFactor="1.0000" conversion="1.00000000" ingredient="P-52943"/>
	<Ingredient qty="20.000" uom="g" recipe="R-59592" invFactor="1.0000" conversion="0.00100000" ingredient="P-55548"/>
	<Ingredient qty="200.000" uom="g" recipe="R-59592" invFactor="1.0000" conversion="1.00000000" ingredient="P-56399"/>
	<Ingredient qty="200.000" uom="g" recipe="R-59592" invFactor="1.0000" conversion="0.00100000" ingredient="P-56422"/>
	<Ingredient qty="15.000" uom="g" recipe="R-67987" invFactor="1.0000" conversion="0.00220462" ingredient="I-4488"/>
	<Ingredient qty="10.000" uom="g" recipe="R-67987" invFactor="1.0000" conversion="0.00100000" ingredient="I-6829"/>
	<Ingredient qty="20.000" uom="ml" recipe="R-67987" invFactor="1.0000" conversion="0.00100000" ingredient="P-26053"/>
	<Ingredient qty="15.000" uom="g" recipe="R-67987" invFactor="1.0000" conversion="0.00100000" ingredient="P-28989"/>
	<Ingredient qty="15.000" uom="g" recipe="R-67987" invFactor="1.0000" conversion="0.00100000" ingredient="P-38554"/>
	<Ingredient qty="10.000" uom="g" recipe="R-67987" invFactor="1.0000" conversion="0.00100000" ingredient="P-46546"/>
	<Ingredient qty="15.000" uom="g" recipe="R-67987" invFactor="1.0000" conversion="0.00100000" ingredient="P-50966"/>
	<Ingredient qty="80.000" uom="g" recipe="R-67987" invFactor="1.0000" conversion="0.00100000" ingredient="P-67995"/>
	<Ingredient qty="15.000" uom="g" recipe="R-67987" invFactor="1.0000" conversion="0.00100000" ingredient="P-9767"/>
	<Ingredient qty="10.000" uom="g" recipe="R-67988" invFactor="1.0000" conversion="0.00100000" ingredient="P-25761"/>
	<Ingredient qty="60.000" uom="g" recipe="R-67988" invFactor="1.0000" conversion="0.00100000" ingredient="P-26143"/>
	<Ingredient qty="30.000" uom="g" recipe="R-67988" invFactor="1.0000" conversion="0.00100000" ingredient="P-32678"/>
	<Ingredient qty="20.000" uom="g" recipe="R-67988" invFactor="1.0000" conversion="0.00100000" ingredient="P-34298"/>
	<Ingredient qty="5.000" uom="g" recipe="R-67988" invFactor="1.0000" conversion="0.00100000" ingredient="P-50801"/>
	<Ingredient qty="15.000" uom="g" recipe="R-67988" invFactor="1.0000" conversion="0.00100000" ingredient="P-50966"/>
	<Ingredient qty="15.000" uom="g" recipe="R-67988" invFactor="1.0000" conversion="0.00100000" ingredient="P-55141"/>
	<Ingredient qty="10.000" uom="g" recipe="R-67988" invFactor="1.0000" conversion="0.00100000" ingredient="P-55548"/>
	<Ingredient qty="40.000" uom="ml" recipe="R-67988" invFactor="1.0000" conversion="0.00100000" ingredient="P-7136"/>
	<Ingredient qty="5.000" uom="g" recipe="R-67989" invFactor="1.0000" conversion="0.00220462" ingredient="I-4509"/>
	<Ingredient qty="80.000" uom="g" recipe="R-67989" invFactor="1.0000" conversion="0.00100000" ingredient="P-26489"/>
	<Ingredient qty="30.000" uom="ml" recipe="R-67989" invFactor="1.0000" conversion="0.00100000" ingredient="P-27385"/>
	<Ingredient qty="15.000" uom="g" recipe="R-67989" invFactor="1.0000" conversion="0.00100000" ingredient="P-44331"/>
	<Ingredient qty="3.000" uom="g" recipe="R-67989" invFactor="1.0000" conversion="1.00000000" ingredient="P-50586"/>
	<Ingredient qty="3.000" uom="g" recipe="R-67989" invFactor="1.0000" conversion="1.00000000" ingredient="P-50781"/>
	<Ingredient qty="10.000" uom="g" recipe="R-67989" invFactor="1.0000" conversion="0.00100000" ingredient="P-51458"/>
	<Ingredient qty="15.000" uom="g" recipe="R-67989" invFactor="1.0000" conversion="1.00000000" ingredient="P-51530"/>
	<Ingredient qty="5.000" uom="g" recipe="R-67989" invFactor="1.0000" conversion="0.00100000" ingredient="P-67990"/>
	<Ingredient qty="15.000" uom="g" recipe="R-67989" invFactor="1.0000" conversion="0.00100000" ingredient="P-9714"/>
	<Ingredient qty="30.000" uom="g" recipe="R-67992" invFactor="1.0000" conversion="0.00220462" ingredient="I-13254"/>
	<Ingredient qty="10.000" uom="g" recipe="R-67992" invFactor="1.0000" conversion="0.00100000" ingredient="P-25761"/>
	<Ingredient qty="30.000" uom="ml" recipe="R-67992" invFactor="1.0000" conversion="0.00100000" ingredient="P-26048"/>
	<Ingredient qty="20.000" uom="g" recipe="R-67992" invFactor="1.0000" conversion="0.00100000" ingredient="P-35689"/>
	<Ingredient qty="10.000" uom="g" recipe="R-67992" invFactor="1.0000" conversion="0.00100000" ingredient="P-35691"/>
	<Ingredient qty="15.000" uom="g" recipe="R-67992" invFactor="1.0000" conversion="0.00100000" ingredient="P-53751"/>
	<Ingredient qty="90.000" uom="g" recipe="R-67992" invFactor="1.0000" conversion="1.00000000" ingredient="P-61660"/>
	<Ingredient qty="60.000" uom="ml" recipe="R-67992" invFactor="1.0000" conversion="0.00100000" ingredient="P-67991"/>
	<Ingredient qty="5.000" uom="g" recipe="R-67992" invFactor="1.0000" conversion="0.00100000" ingredient="P-9854"/>
	<Ingredient qty="5.000" uom="g" recipe="R-67993" invFactor="1.0000" conversion="1.00000000" ingredient="I-29755"/>
	<Ingredient qty="5.000" uom="g" recipe="R-67993" invFactor="1.0000" conversion="0.00100000" ingredient="I-3079"/>
	<Ingredient qty="2.000" uom="g" recipe="R-67993" invFactor="1.0000" conversion="0.00220462" ingredient="I-3589"/>
	<Ingredient qty="3.000" uom="g" recipe="R-67993" invFactor="1.0000" conversion="0.00100000" ingredient="I-3590"/>
	<Ingredient qty="20.000" uom="g" recipe="R-67993" invFactor="1.0000" conversion="0.00220462" ingredient="I-5021"/>
	<Ingredient qty="60.000" uom="g" recipe="R-67993" invFactor="1.0000" conversion="0.00100000" ingredient="P-26390"/>
	<Ingredient qty="30.000" uom="ml" recipe="R-67993" invFactor="1.0000" conversion="0.00100000" ingredient="P-35787"/>
	<Ingredient qty="5.000" uom="g" recipe="R-67993" invFactor="1.0000" conversion="1.00000000" ingredient="P-39057"/>
	<Ingredient qty="30.000" uom="g" recipe="R-67993" invFactor="1.0000" conversion="0.00100000" ingredient="P-51222"/>
	<Ingredient qty="30.000" uom="g" recipe="R-67993" invFactor="1.0000" conversion="0.00100000" ingredient="P-51582"/>
	<Ingredient qty="30.000" uom="ml" recipe="R-67993" invFactor="1.0000" conversion="1.00000000" ingredient="P-61764"/>
	<Ingredient qty="20.000" uom="g" recipe="R-67997" invFactor="1.0000" conversion="0.00100000" ingredient="I-2932"/>
	<Ingredient qty="10.000" uom="g" recipe="R-67997" invFactor="1.0000" conversion="1.00000000" ingredient="I-3117"/>
	<Ingredient qty="10.000" uom="g" recipe="R-67997" invFactor="1.0000" conversion="0.00100000" ingredient="I-6829"/>
	<Ingredient qty="20.000" uom="g" recipe="R-67997" invFactor="1.0000" conversion="0.00100000" ingredient="P-28989"/>
	<Ingredient qty="80.000" uom="g" recipe="R-67997" invFactor="1.0000" conversion="0.00100000" ingredient="P-36061"/>
	<Ingredient qty="15.000" uom="g" recipe="R-67997" invFactor="1.0000" conversion="0.00100000" ingredient="P-43962"/>
	<Ingredient qty="10.000" uom="g" recipe="R-67997" invFactor="1.0000" conversion="0.00100000" ingredient="P-50966"/>
	<Ingredient qty="5.000" uom="g" recipe="R-67997" invFactor="1.0000" conversion="1.00000000" ingredient="P-52043"/>
	<Ingredient qty="20.000" uom="g" recipe="R-67997" invFactor="1.0000" conversion="1.00000000" ingredient="P-53766"/>
	<Ingredient qty="45.000" uom="ml" recipe="R-67997" invFactor="1.0000" conversion="0.00100000" ingredient="P-67996"/>
	<Ingredient qty="60.000" uom="g" recipe="R-68195" invFactor="1.0000" conversion="0.00100000" ingredient="P-26143"/>
	<Ingredient qty="30.000" uom="g" recipe="R-68195" invFactor="1.0000" conversion="0.00100000" ingredient="P-26328"/>
	<Ingredient qty="10.000" uom="g" recipe="R-68195" invFactor="1.0000" conversion="1.00000000" ingredient="P-42425"/>
	<Ingredient qty="5.000" uom="g" recipe="R-68195" invFactor="1.0000" conversion="1.00000000" ingredient="P-44475"/>
	<Ingredient qty="5.000" uom="g" recipe="R-68195" invFactor="1.0000" conversion="1.00000000" ingredient="P-50586"/>
	<Ingredient qty="60.000" uom="ml" recipe="R-68195" invFactor="1.0000" conversion="0.00100000" ingredient="P-56631"/>
	<Ingredient qty="5.000" uom="g" recipe="R-68704" invFactor="1.0000" conversion="1.00000000" ingredient="I-29755"/>
	<Ingredient qty="5.000" uom="g" recipe="R-68704" invFactor="1.0000" conversion="0.00100000" ingredient="I-3079"/>
	<Ingredient qty="2.000" uom="g" recipe="R-68704" invFactor="1.0000" conversion="0.00220462" ingredient="I-3589"/>
	<Ingredient qty="3.000" uom="g" recipe="R-68704" invFactor="1.0000" conversion="0.00100000" ingredient="I-3590"/>
	<Ingredient qty="20.000" uom="g" recipe="R-68704" invFactor="1.0000" conversion="0.00220462" ingredient="I-5021"/>
	<Ingredient qty="60.000" uom="g" recipe="R-68704" invFactor="1.0000" conversion="0.00100000" ingredient="P-26390"/>
	<Ingredient qty="30.000" uom="ml" recipe="R-68704" invFactor="1.0000" conversion="0.00100000" ingredient="P-35787"/>
	<Ingredient qty="5.000" uom="g" recipe="R-68704" invFactor="1.0000" conversion="1.00000000" ingredient="P-39057"/>
	<Ingredient qty="30.000" uom="g" recipe="R-68704" invFactor="1.0000" conversion="0.00100000" ingredient="P-51222"/>
	<Ingredient qty="30.000" uom="g" recipe="R-68704" invFactor="1.0000" conversion="0.00100000" ingredient="P-51582"/>
	<Ingredient qty="30.000" uom="ml" recipe="R-68704" invFactor="1.0000" conversion="1.00000000" ingredient="P-61764"/>
	<Ingredient qty="1.000" uom="ea" recipe="R-68704" invFactor="1.0000" conversion="1.00000000" ingredient="R-68705"/>
	<Ingredient qty="1.000" uom="each" recipe="R-68705" invFactor="1.0000" conversion="1.00000000" ingredient="I-43958"/>
	<Ingredient qty="30.000" uom="ml" recipe="R-68705" invFactor="1.0000" conversion="0.00100000" ingredient="P-26086"/>
	<Ingredient qty="15.000" uom="g" recipe="R-68706" invFactor="1.0000" conversion="0.00220462" ingredient="I-4488"/>
	<Ingredient qty="10.000" uom="g" recipe="R-68706" invFactor="1.0000" conversion="0.00100000" ingredient="I-6829"/>
	<Ingredient qty="20.000" uom="ml" recipe="R-68706" invFactor="1.0000" conversion="0.00100000" ingredient="P-26053"/>
	<Ingredient qty="15.000" uom="g" recipe="R-68706" invFactor="1.0000" conversion="0.00100000" ingredient="P-28989"/>
	<Ingredient qty="15.000" uom="g" recipe="R-68706" invFactor="1.0000" conversion="0.00100000" ingredient="P-38554"/>
	<Ingredient qty="10.000" uom="g" recipe="R-68706" invFactor="1.0000" conversion="0.00100000" ingredient="P-46546"/>
	<Ingredient qty="15.000" uom="g" recipe="R-68706" invFactor="1.0000" conversion="0.00100000" ingredient="P-50966"/>
	<Ingredient qty="1.000" uom="each" recipe="R-68706" invFactor="1.0000" conversion="1.00000000" ingredient="P-62629"/>
	<Ingredient qty="80.000" uom="g" recipe="R-68706" invFactor="1.0000" conversion="0.00100000" ingredient="P-67995"/>
	<Ingredient qty="15.000" uom="g" recipe="R-68706" invFactor="1.0000" conversion="0.00100000" ingredient="P-9767"/>
	<Ingredient qty="10.000" uom="g" recipe="R-68707" invFactor="1.0000" conversion="0.00100000" ingredient="P-25761"/>
	<Ingredient qty="60.000" uom="g" recipe="R-68707" invFactor="1.0000" conversion="0.00100000" ingredient="P-26143"/>
	<Ingredient qty="30.000" uom="g" recipe="R-68707" invFactor="1.0000" conversion="0.00100000" ingredient="P-32678"/>
	<Ingredient qty="15.000" uom="g" recipe="R-68707" invFactor="1.0000" conversion="0.00100000" ingredient="P-35245"/>
	<Ingredient qty="50.000" uom="g" recipe="R-68707" invFactor="1.0000" conversion="0.00100000" ingredient="P-39627"/>
	<Ingredient qty="5.000" uom="g" recipe="R-68707" invFactor="1.0000" conversion="0.00100000" ingredient="P-50801"/>
	<Ingredient qty="15.000" uom="g" recipe="R-68707" invFactor="1.0000" conversion="0.00100000" ingredient="P-50966"/>
	<Ingredient qty="15.000" uom="g" recipe="R-68707" invFactor="1.0000" conversion="0.00100000" ingredient="P-55141"/>
	<Ingredient qty="10.000" uom="g" recipe="R-68707" invFactor="1.0000" conversion="0.00100000" ingredient="P-55548"/>
	<Ingredient qty="40.000" uom="ml" recipe="R-68707" invFactor="1.0000" conversion="0.00100000" ingredient="P-7136"/>
	<Ingredient qty="20.000" uom="g" recipe="R-68711" invFactor="1.0000" conversion="0.00100000" ingredient="I-2932"/>
	<Ingredient qty="10.000" uom="g" recipe="R-68711" invFactor="1.0000" conversion="1.00000000" ingredient="I-3117"/>
	<Ingredient qty="10.000" uom="g" recipe="R-68711" invFactor="1.0000" conversion="0.00100000" ingredient="I-6829"/>
	<Ingredient qty="20.000" uom="g" recipe="R-68711" invFactor="1.0000" conversion="0.00100000" ingredient="P-28989"/>
	<Ingredient qty="80.000" uom="g" recipe="R-68711" invFactor="1.0000" conversion="0.00100000" ingredient="P-36061"/>
	<Ingredient qty="15.000" uom="g" recipe="R-68711" invFactor="1.0000" conversion="0.00100000" ingredient="P-43962"/>
	<Ingredient qty="10.000" uom="g" recipe="R-68711" invFactor="1.0000" conversion="0.00100000" ingredient="P-50966"/>
	<Ingredient qty="5.000" uom="g" recipe="R-68711" invFactor="1.0000" conversion="1.00000000" ingredient="P-52043"/>
	<Ingredient qty="20.000" uom="g" recipe="R-68711" invFactor="1.0000" conversion="1.00000000" ingredient="P-53766"/>
	<Ingredient qty="45.000" uom="ml" recipe="R-68711" invFactor="1.0000" conversion="0.00100000" ingredient="P-67996"/>
	<Ingredient qty="1.000" uom="each" recipe="R-68711" invFactor="1.0000" conversion="1.00000000" ingredient="P-68710"/>
	<Ingredient qty="5.000" uom="g" recipe="R-68712" invFactor="1.0000" conversion="0.00220462" ingredient="I-4509"/>
	<Ingredient qty="80.000" uom="g" recipe="R-68712" invFactor="1.0000" conversion="0.00100000" ingredient="P-26489"/>
	<Ingredient qty="30.000" uom="ml" recipe="R-68712" invFactor="1.0000" conversion="0.00100000" ingredient="P-27385"/>
	<Ingredient qty="15.000" uom="g" recipe="R-68712" invFactor="1.0000" conversion="0.00100000" ingredient="P-44331"/>
	<Ingredient qty="3.000" uom="g" recipe="R-68712" invFactor="1.0000" conversion="1.00000000" ingredient="P-50586"/>
	<Ingredient qty="3.000" uom="g" recipe="R-68712" invFactor="1.0000" conversion="1.00000000" ingredient="P-50781"/>
	<Ingredient qty="10.000" uom="g" recipe="R-68712" invFactor="1.0000" conversion="0.00100000" ingredient="P-51458"/>
	<Ingredient qty="15.000" uom="g" recipe="R-68712" invFactor="1.0000" conversion="1.00000000" ingredient="P-51530"/>
	<Ingredient qty="5.000" uom="g" recipe="R-68712" invFactor="1.0000" conversion="0.00100000" ingredient="P-67990"/>
	<Ingredient qty="1.000" uom="each" recipe="R-68712" invFactor="1.0000" conversion="1.00000000" ingredient="P-68708"/>
	<Ingredient qty="15.000" uom="g" recipe="R-68712" invFactor="1.0000" conversion="0.00100000" ingredient="P-9714"/>
</Ingredients>
