﻿<?xml version="1.0" encoding="UTF-8" standalone="yes"?>
<Preps>
	<Prep id="P-56398" active="Y" keyItem="Y">
		<Description>BATCH|Guacamole</Description>
		<Barcode/>
		<Cost>14.6772</Cost>
		<PakQty>2.750</PakQty>
		<PakUOM>Kg</PakUOM>
		<Comments/>
		<InventoryGroup id="47">PREP</InventoryGroup>
		<SalesCategory id="2">Food</SalesCategory>
		<IncomeAccount id="14" ref="Gross Sales" type="I" locked="Y">Gross Sales</IncomeAccount>
		<Location id="500">OK - PROCESSED </Location>
	</Prep>
	<Prep id="P-26134" active="Y" keyItem="Y">
		<Description>BATCH|Pibil Pulled Pork</Description>
		<Barcode/>
		<Cost>17.6004</Cost>
		<PakQty>2.722</PakQty>
		<PakUOM>Kg</PakUOM>
		<Comments/>
		<InventoryGroup id="47">PREP</InventoryGroup>
		<SalesCategory id="2">Food</SalesCategory>
		<IncomeAccount id="14" ref="Gross Sales" type="I" locked="Y">Gross Sales</IncomeAccount>
		<Location id="500">OK - PROCESSED </Location>
	</Prep>
	<Prep id="P-39627" active="Y" keyItem="Y">
		<Description>BATCH|Pulled Pork</Description>
		<Barcode/>
		<Cost>16.0932</Cost>
		<PakQty>2.720</PakQty>
		<PakUOM>Kg</PakUOM>
		<Comments/>
		<InventoryGroup id="47">PREP</InventoryGroup>
		<SalesCategory id="2">Food</SalesCategory>
		<IncomeAccount id="14" ref="Gross Sales" type="I" locked="Y">Gross Sales</IncomeAccount>
		<Location id="500">OK - PROCESSED </Location>
	</Prep>
	<Prep id="P-56631" active="Y" keyItem="Y">
		<Description>BATCH|Thai Cashew Dipping Sauc</Description>
		<Barcode/>
		<Cost>10.4979</Cost>
		<PakQty>1.200</PakQty>
		<PakUOM>L</PakUOM>
		<Comments/>
		<InventoryGroup id="47">PREP</InventoryGroup>
		<SalesCategory id="2">Food</SalesCategory>
		<IncomeAccount id="14" ref="Gross Sales" type="I" locked="Y">Gross Sales</IncomeAccount>
		<Location id="500">OK - PROCESSED </Location>
	</Prep>
	<Prep id="P-42364" active="Y" keyItem="Y">
		<Description>BB|Mexican Cabbage</Description>
		<Barcode/>
		<Cost>7.3100</Cost>
		<PakQty>1.000</PakQty>
		<PakUOM>Kg</PakUOM>
		<Comments/>
		<InventoryGroup id="47">PREP</InventoryGroup>
		<SalesCategory id="2">Food</SalesCategory>
		<IncomeAccount id="14" ref="Gross Sales" type="I" locked="Y">Gross Sales</IncomeAccount>
		<Location id="4">PREP</Location>
	</Prep>
	<Prep id="P-44335" active="Y" keyItem="Y">
		<Description>BB|White Bean Burrito Base</Description>
		<Barcode/>
		<Cost>5.2231</Cost>
		<PakQty>10.400</PakQty>
		<PakUOM>Kg</PakUOM>
		<Comments/>
		<InventoryGroup id="47">PREP</InventoryGroup>
		<SalesCategory id="2">Food</SalesCategory>
		<IncomeAccount id="14" ref="Gross Sales" type="I" locked="Y">Gross Sales</IncomeAccount>
		<Location id="500">OK - PROCESSED </Location>
	</Prep>
	<Prep id="P-56399" active="Y" keyItem="N">
		<Description>BNO| Cilantro lime Rice </Description>
		<Barcode/>
		<Cost>0.0023</Cost>
		<PakQty>730.000</PakQty>
		<PakUOM>g</PakUOM>
		<Comments/>
		<InventoryGroup id=""/>
		<SalesCategory id=""/>
		<IncomeAccount id="" ref="" type="" locked=""/>
		<Location id=""/>
	</Prep>
	<Prep id="P-56372" active="Y" keyItem="Y">
		<Description>BNO|Carne Asada </Description>
		<Barcode/>
		<Cost>20.3475</Cost>
		<PakQty>1.000</PakQty>
		<PakUOM>Kg</PakUOM>
		<Comments/>
		<InventoryGroup id="47">PREP</InventoryGroup>
		<SalesCategory id="2">Food</SalesCategory>
		<IncomeAccount id="14" ref="Gross Sales" type="I" locked="Y">Gross Sales</IncomeAccount>
		<Location id="500">OK - PROCESSED </Location>
	</Prep>
	<Prep id="P-56422" active="Y" keyItem="N">
		<Description>BNO|Fajita Veg </Description>
		<Barcode/>
		<Cost>5.9382</Cost>
		<PakQty>2.000</PakQty>
		<PakUOM>Kg</PakUOM>
		<Comments/>
		<InventoryGroup id=""/>
		<SalesCategory id=""/>
		<IncomeAccount id="" ref="" type="" locked=""/>
		<Location id=""/>
	</Prep>
	<Prep id="P-24750" active="Y" keyItem="N">
		<Description>CHOPPED|Cilantro</Description>
		<Barcode/>
		<Cost>20.3000</Cost>
		<PakQty>0.500</PakQty>
		<PakUOM>Kg</PakUOM>
		<Comments/>
		<InventoryGroup id=""/>
		<SalesCategory id=""/>
		<IncomeAccount id="" ref="" type="" locked=""/>
		<Location id=""/>
	</Prep>
	<Prep id="P-51214" active="Y" keyItem="Y">
		<Description>COOKED|Ancho Chicken|Batch</Description>
		<Barcode/>
		<Cost>16.9389</Cost>
		<PakQty>8.000</PakQty>
		<PakUOM>Kg</PakUOM>
		<Comments/>
		<InventoryGroup id="47">PREP</InventoryGroup>
		<SalesCategory id="2">Food</SalesCategory>
		<IncomeAccount id="14" ref="Gross Sales" type="I" locked="Y">Gross Sales</IncomeAccount>
		<Location id="500">OK - PROCESSED </Location>
	</Prep>
	<Prep id="P-41574" active="Y" keyItem="Y">
		<Description>COOKED|Black Beans</Description>
		<Barcode/>
		<Cost>1.5168</Cost>
		<PakQty>30.000</PakQty>
		<PakUOM>Kg</PakUOM>
		<Comments/>
		<InventoryGroup id="47">PREP</InventoryGroup>
		<SalesCategory id="2">Food</SalesCategory>
		<IncomeAccount id="14" ref="Gross Sales" type="I" locked="Y">Gross Sales</IncomeAccount>
		<Location id="500">OK - PROCESSED </Location>
	</Prep>
	<Prep id="P-51540" active="Y" keyItem="Y">
		<Description>COOKED|Black Turtle Beans</Description>
		<Barcode/>
		<Cost>1.1575</Cost>
		<PakQty>3.000</PakQty>
		<PakUOM>Kg</PakUOM>
		<Comments/>
		<InventoryGroup id="47">PREP</InventoryGroup>
		<SalesCategory id="2">Food</SalesCategory>
		<IncomeAccount id="14" ref="Gross Sales" type="I" locked="Y">Gross Sales</IncomeAccount>
		<Location id="500">OK - PROCESSED </Location>
	</Prep>
	<Prep id="P-55141" active="Y" keyItem="N">
		<Description>COOKED|Charred Corn</Description>
		<Barcode/>
		<Cost>6.7066</Cost>
		<PakQty>2.000</PakQty>
		<PakUOM>Kg</PakUOM>
		<Comments/>
		<InventoryGroup id=""/>
		<SalesCategory id=""/>
		<IncomeAccount id="" ref="" type="" locked=""/>
		<Location id=""/>
	</Prep>
	<Prep id="P-50795" active="Y" keyItem="N">
		<Description>COOKED|Corn</Description>
		<Barcode/>
		<Cost>0.0037</Cost>
		<PakQty>300.000</PakQty>
		<PakUOM>g</PakUOM>
		<Comments/>
		<InventoryGroup id=""/>
		<SalesCategory id=""/>
		<IncomeAccount id="" ref="" type="" locked=""/>
		<Location id=""/>
	</Prep>
	<Prep id="P-36061" active="Y" keyItem="Y">
		<Description>COOKED|Cous-Cous|Citrus</Description>
		<Barcode/>
		<Cost>1.9257</Cost>
		<PakQty>6.000</PakQty>
		<PakUOM>Kg</PakUOM>
		<Comments/>
		<InventoryGroup id="47">PREP</InventoryGroup>
		<SalesCategory id="2">Food</SalesCategory>
		<IncomeAccount id="14" ref="Gross Sales" type="I" locked="Y">Gross Sales</IncomeAccount>
		<Location id="500">OK - PROCESSED </Location>
	</Prep>
	<Prep id="P-26489" active="Y" keyItem="Y">
		<Description>COOKED|Rice Vermecelli Noodles</Description>
		<Barcode/>
		<Cost>2.1792</Cost>
		<PakQty>3.750</PakQty>
		<PakUOM>Kg</PakUOM>
		<Comments/>
		<InventoryGroup id="47">PREP</InventoryGroup>
		<SalesCategory id="2">Food</SalesCategory>
		<IncomeAccount id="14" ref="Gross Sales" type="I" locked="Y">Gross Sales</IncomeAccount>
		<Location id="459">OK - STN - GRILL</Location>
	</Prep>
	<Prep id="P-26143" active="Y" keyItem="Y">
		<Description>COOKED|Rice|Brown Basmati</Description>
		<Barcode/>
		<Cost>2.1189</Cost>
		<PakQty>4.536</PakQty>
		<PakUOM>Kg</PakUOM>
		<Comments/>
		<InventoryGroup id="47">PREP</InventoryGroup>
		<SalesCategory id="2">Food</SalesCategory>
		<IncomeAccount id="14" ref="Gross Sales" type="I" locked="Y">Gross Sales</IncomeAccount>
		<Location id="461">OK - STN - SQUARE</Location>
	</Prep>
	<Prep id="P-26390" active="Y" keyItem="Y">
		<Description>COOKED|Soba Noodles</Description>
		<Barcode/>
		<Cost>4.9702</Cost>
		<PakQty>4.536</PakQty>
		<PakUOM>Kg</PakUOM>
		<Comments/>
		<InventoryGroup id="47">PREP</InventoryGroup>
		<SalesCategory id="2">Food</SalesCategory>
		<IncomeAccount id="14" ref="Gross Sales" type="I" locked="Y">Gross Sales</IncomeAccount>
		<Location id="500">OK - PROCESSED </Location>
	</Prep>
	<Prep id="P-35689" active="Y" keyItem="Y">
		<Description>COOKED|Sorghum</Description>
		<Barcode/>
		<Cost>2.4049</Cost>
		<PakQty>3.280</PakQty>
		<PakUOM>Kg</PakUOM>
		<Comments/>
		<InventoryGroup id="47">PREP</InventoryGroup>
		<SalesCategory id="2">Food</SalesCategory>
		<IncomeAccount id="14" ref="Gross Sales" type="I" locked="Y">Gross Sales</IncomeAccount>
		<Location id="500">OK - PROCESSED </Location>
	</Prep>
	<Prep id="P-46546" active="Y" keyItem="N">
		<Description>CRUMBLED|Feta</Description>
		<Barcode/>
		<Cost>15.5310</Cost>
		<PakQty>2.900</PakQty>
		<PakUOM>Kg</PakUOM>
		<Comments/>
		<InventoryGroup id=""/>
		<SalesCategory id=""/>
		<IncomeAccount id="" ref="" type="" locked=""/>
		<Location id=""/>
	</Prep>
	<Prep id="P-50565" active="Y" keyItem="N">
		<Description>DICED|Carrot</Description>
		<Barcode/>
		<Cost>1.9818</Cost>
		<PakQty>0.950</PakQty>
		<PakUOM>Kg</PakUOM>
		<Comments/>
		<InventoryGroup id=""/>
		<SalesCategory id=""/>
		<IncomeAccount id="" ref="" type="" locked=""/>
		<Location id=""/>
	</Prep>
	<Prep id="P-43962" active="Y" keyItem="Y">
		<Description>DICED|Cucumber|1/4&quot;</Description>
		<Barcode/>
		<Cost>7.1212</Cost>
		<PakQty>3.300</PakQty>
		<PakUOM>Kg</PakUOM>
		<Comments/>
		<InventoryGroup id="47">PREP</InventoryGroup>
		<SalesCategory id="2">Food</SalesCategory>
		<IncomeAccount id="14" ref="Gross Sales" type="I" locked="Y">Gross Sales</IncomeAccount>
		<Location id="449">OK - ARCHIVE</Location>
	</Prep>
	<Prep id="P-38554" active="Y" keyItem="Y">
		<Description>DICED|Cucumber|3/4&quot;</Description>
		<Barcode/>
		<Cost>7.1212</Cost>
		<PakQty>3.300</PakQty>
		<PakUOM>Kg</PakUOM>
		<Comments/>
		<InventoryGroup id="47">PREP</InventoryGroup>
		<SalesCategory id="2">Food</SalesCategory>
		<IncomeAccount id="14" ref="Gross Sales" type="I" locked="Y">Gross Sales</IncomeAccount>
		<Location id="500">OK - PROCESSED </Location>
	</Prep>
	<Prep id="P-9741" active="Y" keyItem="N">
		<Description>DICED|Green Onion|1/8</Description>
		<Barcode/>
		<Cost>7.0349</Cost>
		<PakQty>1.000</PakQty>
		<PakUOM>Kg</PakUOM>
		<Comments/>
		<InventoryGroup id=""/>
		<SalesCategory id=""/>
		<IncomeAccount id="" ref="" type="" locked=""/>
		<Location id=""/>
	</Prep>
	<Prep id="P-41096" active="Y" keyItem="N">
		<Description>DICED|Green Pepper|1/4&quot;</Description>
		<Barcode/>
		<Cost>4.6217</Cost>
		<PakQty>1.000</PakQty>
		<PakUOM>Kg</PakUOM>
		<Comments/>
		<InventoryGroup id=""/>
		<SalesCategory id=""/>
		<IncomeAccount id="" ref="" type="" locked=""/>
		<Location id=""/>
	</Prep>
	<Prep id="P-50563" active="Y" keyItem="N">
		<Description>DICED|Leek</Description>
		<Barcode/>
		<Cost>2.3438</Cost>
		<PakQty>0.450</PakQty>
		<PakUOM>lb</PakUOM>
		<Comments/>
		<InventoryGroup id=""/>
		<SalesCategory id=""/>
		<IncomeAccount id="" ref="" type="" locked=""/>
		<Location id=""/>
	</Prep>
	<Prep id="P-50552" active="Y" keyItem="N">
		<Description>DICED|Onion Yellow</Description>
		<Barcode/>
		<Cost>2.3457</Cost>
		<PakQty>23.000</PakQty>
		<PakUOM>lb</PakUOM>
		<Comments/>
		<InventoryGroup id=""/>
		<SalesCategory id=""/>
		<IncomeAccount id="" ref="" type="" locked=""/>
		<Location id=""/>
	</Prep>
	<Prep id="P-43440" active="Y" keyItem="Y">
		<Description>DICED|Red Onion 1/4&quot;</Description>
		<Barcode/>
		<Cost>3.6264</Cost>
		<PakQty>11.010</PakQty>
		<PakUOM>Kg</PakUOM>
		<Comments/>
		<InventoryGroup id="47">PREP</InventoryGroup>
		<SalesCategory id="2">Food</SalesCategory>
		<IncomeAccount id="14" ref="Gross Sales" type="I" locked="Y">Gross Sales</IncomeAccount>
		<Location id="500">OK - PROCESSED </Location>
	</Prep>
	<Prep id="P-57499" active="Y" keyItem="Y">
		<Description>DICED|Red Onion 1/8</Description>
		<Barcode/>
		<Cost>3.6297</Cost>
		<PakQty>11.000</PakQty>
		<PakUOM>Kg</PakUOM>
		<Comments/>
		<InventoryGroup id="47">PREP</InventoryGroup>
		<SalesCategory id="2">Food</SalesCategory>
		<IncomeAccount id="14" ref="Gross Sales" type="I" locked="Y">Gross Sales</IncomeAccount>
		<Location id="500">OK - PROCESSED </Location>
	</Prep>
	<Prep id="P-9765" active="Y" keyItem="N">
		<Description>DICED|Red Pepper|1/4&quot;</Description>
		<Barcode/>
		<Cost>8.0373</Cost>
		<PakQty>1.000</PakQty>
		<PakUOM>Kg</PakUOM>
		<Comments/>
		<InventoryGroup id=""/>
		<SalesCategory id=""/>
		<IncomeAccount id="" ref="" type="" locked=""/>
		<Location id=""/>
	</Prep>
	<Prep id="P-9767" active="Y" keyItem="N">
		<Description>DICED|Red Pepper|3/4</Description>
		<Barcode/>
		<Cost>8.0373</Cost>
		<PakQty>1.000</PakQty>
		<PakUOM>Kg</PakUOM>
		<Comments/>
		<InventoryGroup id=""/>
		<SalesCategory id=""/>
		<IncomeAccount id="" ref="" type="" locked=""/>
		<Location id=""/>
	</Prep>
	<Prep id="P-44429" active="Y" keyItem="Y">
		<Description>DICED|Roma Tomato|1/4&quot;</Description>
		<Barcode/>
		<Cost>3.7430</Cost>
		<PakQty>1.000</PakQty>
		<PakUOM>Kg</PakUOM>
		<Comments/>
		<InventoryGroup id="47">PREP</InventoryGroup>
		<SalesCategory id="2">Food</SalesCategory>
		<IncomeAccount id="14" ref="Gross Sales" type="I" locked="Y">Gross Sales</IncomeAccount>
		<Location id="500">OK - PROCESSED </Location>
	</Prep>
	<Prep id="P-38556" active="Y" keyItem="N">
		<Description>DICED|Yellow Onion|1/4&quot;</Description>
		<Barcode/>
		<Cost>2.2461</Cost>
		<PakQty>11.400</PakQty>
		<PakUOM>Kg</PakUOM>
		<Comments/>
		<InventoryGroup id=""/>
		<SalesCategory id=""/>
		<IncomeAccount id="" ref="" type="" locked=""/>
		<Location id=""/>
	</Prep>
	<Prep id="P-53766" active="Y" keyItem="N">
		<Description>DIP|Baba Ganoush</Description>
		<Barcode/>
		<Cost>0.0132</Cost>
		<PakQty>180.000</PakQty>
		<PakUOM>g</PakUOM>
		<Comments/>
		<InventoryGroup id=""/>
		<SalesCategory id=""/>
		<IncomeAccount id="" ref="" type="" locked=""/>
		<Location id=""/>
	</Prep>
	<Prep id="P-32678" active="Y" keyItem="Y">
		<Description>DRAINED| Pinto Beans</Description>
		<Barcode/>
		<Cost>4.0808</Cost>
		<PakQty>2.000</PakQty>
		<PakUOM>Kg</PakUOM>
		<Comments/>
		<InventoryGroup id="47">PREP</InventoryGroup>
		<SalesCategory id="2">Food</SalesCategory>
		<IncomeAccount id="14" ref="Gross Sales" type="I" locked="Y">Gross Sales</IncomeAccount>
		<Location id="460">OK - STN - SANDWICH</Location>
	</Prep>
	<Prep id="P-28989" active="Y" keyItem="Y">
		<Description>DRAINED|Chickpeas</Description>
		<Barcode/>
		<Cost>4.7879</Cost>
		<PakQty>1.800</PakQty>
		<PakUOM>Kg</PakUOM>
		<Comments/>
		<InventoryGroup id="47">PREP</InventoryGroup>
		<SalesCategory id="2">Food</SalesCategory>
		<IncomeAccount id="14" ref="Gross Sales" type="I" locked="Y">Gross Sales</IncomeAccount>
		<Location id="500">OK - PROCESSED </Location>
	</Prep>
	<Prep id="P-26048" active="Y" keyItem="Y">
		<Description>DRESSING|Balsamic</Description>
		<Barcode/>
		<Cost>4.2704</Cost>
		<PakQty>4.000</PakQty>
		<PakUOM>L</PakUOM>
		<Comments/>
		<InventoryGroup id="47">PREP</InventoryGroup>
		<SalesCategory id="2">Food</SalesCategory>
		<IncomeAccount id="14" ref="Gross Sales" type="I" locked="Y">Gross Sales</IncomeAccount>
		<Location id="500">OK - PROCESSED </Location>
	</Prep>
	<Prep id="P-27385" active="Y" keyItem="N">
		<Description>DRESSING|Chili Lime</Description>
		<Barcode/>
		<Cost>12.2461</Cost>
		<PakQty>1.000</PakQty>
		<PakUOM>L</PakUOM>
		<Comments/>
		<InventoryGroup id="299">ZDONT USE OK - PREP</InventoryGroup>
		<SalesCategory id="2">Food</SalesCategory>
		<IncomeAccount id="14" ref="Gross Sales" type="I" locked="Y">Gross Sales</IncomeAccount>
		<Location id="4">PREP</Location>
	</Prep>
	<Prep id="P-67996" active="Y" keyItem="N">
		<Description>DRESSING|Harissa</Description>
		<Barcode/>
		<Cost>19.6455</Cost>
		<PakQty>3.550</PakQty>
		<PakUOM>L</PakUOM>
		<Comments/>
		<InventoryGroup id=""/>
		<SalesCategory id=""/>
		<IncomeAccount id="" ref="" type="" locked=""/>
		<Location id=""/>
	</Prep>
	<Prep id="P-26053" active="Y" keyItem="Y">
		<Description>DRESSING|Lemon Tahini </Description>
		<Barcode/>
		<Cost>22.1193</Cost>
		<PakQty>3.700</PakQty>
		<PakUOM>L</PakUOM>
		<Comments>1 week</Comments>
		<InventoryGroup id="47">PREP</InventoryGroup>
		<SalesCategory id="2">Food</SalesCategory>
		<IncomeAccount id="14" ref="Gross Sales" type="I" locked="Y">Gross Sales</IncomeAccount>
		<Location id="500">OK - PROCESSED </Location>
	</Prep>
	<Prep id="P-35787" active="Y" keyItem="Y">
		<Description>DRESSING|Miso </Description>
		<Barcode/>
		<Cost>6.1541</Cost>
		<PakQty>3.000</PakQty>
		<PakUOM>L</PakUOM>
		<Comments/>
		<InventoryGroup id="47">PREP</InventoryGroup>
		<SalesCategory id="2">Food</SalesCategory>
		<IncomeAccount id="14" ref="Gross Sales" type="I" locked="Y">Gross Sales</IncomeAccount>
		<Location id="449">OK - ARCHIVE</Location>
	</Prep>
	<Prep id="P-34842" active="Y" keyItem="Y">
		<Description>DRESSING|Thai </Description>
		<Barcode/>
		<Cost>4.9110</Cost>
		<PakQty>5.000</PakQty>
		<PakUOM>L</PakUOM>
		<Comments/>
		<InventoryGroup id="299">ZDONT USE OK - PREP</InventoryGroup>
		<SalesCategory id="2">Food</SalesCategory>
		<IncomeAccount id="14" ref="Gross Sales" type="I" locked="Y">Gross Sales</IncomeAccount>
		<Location id="449">OK - ARCHIVE</Location>
	</Prep>
	<Prep id="P-67991" active="Y" keyItem="N">
		<Description>DRIZZLE|Goat Cheese</Description>
		<Barcode/>
		<Cost>16.1569</Cost>
		<PakQty>1.300</PakQty>
		<PakUOM>L</PakUOM>
		<Comments/>
		<InventoryGroup id=""/>
		<SalesCategory id=""/>
		<IncomeAccount id="" ref="" type="" locked=""/>
		<Location id=""/>
	</Prep>
	<Prep id="P-50826" active="Y" keyItem="N">
		<Description>DRIZZLE|Sour cream</Description>
		<Barcode/>
		<Cost>4.8725</Cost>
		<PakQty>1.000</PakQty>
		<PakUOM>L</PakUOM>
		<Comments/>
		<InventoryGroup id=""/>
		<SalesCategory id=""/>
		<IncomeAccount id="" ref="" type="" locked=""/>
		<Location id=""/>
	</Prep>
	<Prep id="P-55548" active="Y" keyItem="Y">
		<Description>FRIED|Corn Tortilla Strips</Description>
		<Barcode/>
		<Cost>1.4208</Cost>
		<PakQty>0.500</PakQty>
		<PakUOM>Kg</PakUOM>
		<Comments/>
		<InventoryGroup id="299">ZDONT USE OK - PREP</InventoryGroup>
		<SalesCategory id="2">Food</SalesCategory>
		<IncomeAccount id="14" ref="Gross Sales" type="I" locked="Y">Gross Sales</IncomeAccount>
		<Location id="462">OK - STN - VEGETARIA</Location>
	</Prep>
	<Prep id="P-67990" active="Y" keyItem="N">
		<Description>FRIED|Rice Noodles</Description>
		<Barcode/>
		<Cost>3.4000</Cost>
		<PakQty>1.000</PakQty>
		<PakUOM>Kg</PakUOM>
		<Comments/>
		<InventoryGroup id=""/>
		<SalesCategory id=""/>
		<IncomeAccount id="" ref="" type="" locked=""/>
		<Location id=""/>
	</Prep>
	<Prep id="P-50586" active="Y" keyItem="N">
		<Description>GARNISH|Cilantro</Description>
		<Barcode/>
		<Cost>0.0158</Cost>
		<PakQty>800.000</PakQty>
		<PakUOM>g</PakUOM>
		<Comments/>
		<InventoryGroup id=""/>
		<SalesCategory id=""/>
		<IncomeAccount id="" ref="" type="" locked=""/>
		<Location id=""/>
	</Prep>
	<Prep id="P-43583" active="Y" keyItem="Y">
		<Description>GARNISH|Crispy Shallot</Description>
		<Barcode/>
		<Cost>0.0365</Cost>
		<PakQty>1000.000</PakQty>
		<PakUOM>g</PakUOM>
		<Comments/>
		<InventoryGroup id="47">PREP</InventoryGroup>
		<SalesCategory id="2">Food</SalesCategory>
		<IncomeAccount id="14" ref="Gross Sales" type="I" locked="Y">Gross Sales</IncomeAccount>
		<Location id="459">OK - STN - GRILL</Location>
	</Prep>
	<Prep id="P-52620" active="Y" keyItem="N">
		<Description>GARNISH|Lime Mini Wedge</Description>
		<Barcode/>
		<Cost>0.0854</Cost>
		<PakQty>8.000</PakQty>
		<PakUOM>piece</PakUOM>
		<Comments/>
		<InventoryGroup id=""/>
		<SalesCategory id=""/>
		<IncomeAccount id="" ref="" type="" locked=""/>
		<Location id=""/>
	</Prep>
	<Prep id="P-43346" active="Y" keyItem="N">
		<Description>GARNISHlFried Onion</Description>
		<Barcode/>
		<Cost>41.4762</Cost>
		<PakQty>0.450</PakQty>
		<PakUOM>Kg</PakUOM>
		<Comments/>
		<InventoryGroup id=""/>
		<SalesCategory id=""/>
		<IncomeAccount id="" ref="" type="" locked=""/>
		<Location id=""/>
	</Prep>
	<Prep id="P-61660" active="Y" keyItem="N">
		<Description>JULIENNE|Beets</Description>
		<Barcode/>
		<Cost>0.0073</Cost>
		<PakQty>900.000</PakQty>
		<PakUOM>g</PakUOM>
		<Comments/>
		<InventoryGroup id=""/>
		<SalesCategory id=""/>
		<IncomeAccount id="" ref="" type="" locked=""/>
		<Location id=""/>
	</Prep>
	<Prep id="P-51582" active="Y" keyItem="Y">
		<Description>JULIENNE|Carrot</Description>
		<Barcode/>
		<Cost>2.0531</Cost>
		<PakQty>10.500</PakQty>
		<PakUOM>Kg</PakUOM>
		<Comments/>
		<InventoryGroup id="47">PREP</InventoryGroup>
		<SalesCategory id="2">Food</SalesCategory>
		<IncomeAccount id="14" ref="Gross Sales" type="I" locked="Y">Gross Sales</IncomeAccount>
		<Location id="500">OK - PROCESSED </Location>
	</Prep>
	<Prep id="P-50985" active="Y" keyItem="Y">
		<Description>MARINADE|Ancho Steak</Description>
		<Barcode/>
		<Cost>17.2735</Cost>
		<PakQty>8.000</PakQty>
		<PakUOM>Kg</PakUOM>
		<Comments/>
		<InventoryGroup id="47">PREP</InventoryGroup>
		<SalesCategory id="2">Food</SalesCategory>
		<IncomeAccount id="14" ref="Gross Sales" type="I" locked="Y">Gross Sales</IncomeAccount>
		<Location id="500">OK - PROCESSED </Location>
	</Prep>
	<Prep id="P-50386" active="Y" keyItem="Y">
		<Description>MARINADE|Shoyu</Description>
		<Barcode/>
		<Cost>6.1026</Cost>
		<PakQty>2.500</PakQty>
		<PakUOM>L</PakUOM>
		<Comments/>
		<InventoryGroup id="47">PREP</InventoryGroup>
		<SalesCategory id="2">Food</SalesCategory>
		<IncomeAccount id="14" ref="Gross Sales" type="I" locked="Y">Gross Sales</IncomeAccount>
		<Location id="500">OK - PROCESSED </Location>
	</Prep>
	<Prep id="P-26331" active="Y" keyItem="Y">
		<Description>MARINATED|Chili LimeTofu</Description>
		<Barcode/>
		<Cost>15.0125</Cost>
		<PakQty>4.000</PakQty>
		<PakUOM>Kg</PakUOM>
		<Comments>sodium reduced to 30% to account for abs or marinade</Comments>
		<InventoryGroup id="47">PREP</InventoryGroup>
		<SalesCategory id="2">Food</SalesCategory>
		<IncomeAccount id="14" ref="Gross Sales" type="I" locked="Y">Gross Sales</IncomeAccount>
		<Location id="500">OK - PROCESSED </Location>
	</Prep>
	<Prep id="P-62629" active="Y" keyItem="N">
		<Description>MARINATED|Citrus Soy Pork</Description>
		<Barcode/>
		<Cost>0.4439</Cost>
		<PakQty>100.000</PakQty>
		<PakUOM>each</PakUOM>
		<Comments/>
		<InventoryGroup id=""/>
		<SalesCategory id=""/>
		<IncomeAccount id="" ref="" type="" locked=""/>
		<Location id=""/>
	</Prep>
	<Prep id="P-41751" active="Y" keyItem="Y">
		<Description>MAYO|BlackChili|Bueno</Description>
		<Barcode/>
		<Cost>9.7103</Cost>
		<PakQty>4.500</PakQty>
		<PakUOM>L</PakUOM>
		<Comments/>
		<InventoryGroup id="47">PREP</InventoryGroup>
		<SalesCategory id="2">Food</SalesCategory>
		<IncomeAccount id="14" ref="Gross Sales" type="I" locked="Y">Gross Sales</IncomeAccount>
		<Location id="449">OK - ARCHIVE</Location>
	</Prep>
	<Prep id="P-18907" active="Y" keyItem="N">
		<Description>MIX|Salt&amp;Pepper</Description>
		<Barcode/>
		<Cost>0.0086</Cost>
		<PakQty>1225.000</PakQty>
		<PakUOM>g</PakUOM>
		<Comments/>
		<InventoryGroup id=""/>
		<SalesCategory id=""/>
		<IncomeAccount id="" ref="" type="" locked=""/>
		<Location id=""/>
	</Prep>
	<Prep id="P-41551" active="Y" keyItem="Y">
		<Description>OIL|CharredChili|Bueno</Description>
		<Barcode/>
		<Cost>8.6436</Cost>
		<PakQty>7.000</PakQty>
		<PakUOM>L</PakUOM>
		<Comments/>
		<InventoryGroup id="47">PREP</InventoryGroup>
		<SalesCategory id="2">Food</SalesCategory>
		<IncomeAccount id="14" ref="Gross Sales" type="I" locked="Y">Gross Sales</IncomeAccount>
		<Location id="500">OK - PROCESSED </Location>
	</Prep>
	<Prep id="P-41466" active="Y" keyItem="Y">
		<Description>OIL|Confit Garlic</Description>
		<Barcode/>
		<Cost>0.0096</Cost>
		<PakQty>8225.000</PakQty>
		<PakUOM>g</PakUOM>
		<Comments/>
		<InventoryGroup id="138">FEAST</InventoryGroup>
		<SalesCategory id="2">Food</SalesCategory>
		<IncomeAccount id="14" ref="Gross Sales" type="I" locked="Y">Gross Sales</IncomeAccount>
		<Location id="151">TP - 5. PROCES FOOD</Location>
	</Prep>
	<Prep id="P-41468" active="Y" keyItem="Y">
		<Description>PICKLE|Base</Description>
		<Barcode/>
		<Cost>1.0319</Cost>
		<PakQty>15.000</PakQty>
		<PakUOM>L</PakUOM>
		<Comments/>
		<InventoryGroup id="47">PREP</InventoryGroup>
		<SalesCategory id="2">Food</SalesCategory>
		<IncomeAccount id="14" ref="Gross Sales" type="I" locked="Y">Gross Sales</IncomeAccount>
		<Location id="500">OK - PROCESSED </Location>
	</Prep>
	<Prep id="P-26136" active="Y" keyItem="Y">
		<Description>PICKLE|Onion Red</Description>
		<Barcode/>
		<Cost>2.0034</Cost>
		<PakQty>9.072</PakQty>
		<PakUOM>Kg</PakUOM>
		<Comments/>
		<InventoryGroup id="47">PREP</InventoryGroup>
		<SalesCategory id="2">Food</SalesCategory>
		<IncomeAccount id="14" ref="Gross Sales" type="I" locked="Y">Gross Sales</IncomeAccount>
		<Location id="500">OK - PROCESSED </Location>
	</Prep>
	<Prep id="P-26328" active="Y" keyItem="Y">
		<Description>PICKLED|Daikon and Carrot</Description>
		<Barcode/>
		<Cost>6.0932</Cost>
		<PakQty>2.000</PakQty>
		<PakUOM>Kg</PakUOM>
		<Comments>sodium adj&apos;d for 10% abs</Comments>
		<InventoryGroup id="47">PREP</InventoryGroup>
		<SalesCategory id="2">Food</SalesCategory>
		<IncomeAccount id="14" ref="Gross Sales" type="I" locked="Y">Gross Sales</IncomeAccount>
		<Location id="500">OK - PROCESSED </Location>
	</Prep>
	<Prep id="P-25761" active="Y" keyItem="Y">
		<Description>PICKLED|Red Onion</Description>
		<Barcode/>
		<Cost>3.6634</Cost>
		<PakQty>2.267</PakQty>
		<PakUOM>Kg</PakUOM>
		<Comments>4 Weeks</Comments>
		<InventoryGroup id="47">PREP</InventoryGroup>
		<SalesCategory id="2">Food</SalesCategory>
		<IncomeAccount id="14" ref="Gross Sales" type="I" locked="Y">Gross Sales</IncomeAccount>
		<Location id="500">OK - PROCESSED </Location>
	</Prep>
	<Prep id="P-56645" active="Y" keyItem="Y">
		<Description>PREP|Beans|soaked|</Description>
		<Barcode/>
		<Cost>1.2660</Cost>
		<PakQty>2.250</PakQty>
		<PakUOM>L</PakUOM>
		<Comments/>
		<InventoryGroup id="47">PREP</InventoryGroup>
		<SalesCategory id="2">Food</SalesCategory>
		<IncomeAccount id="14" ref="Gross Sales" type="I" locked="Y">Gross Sales</IncomeAccount>
		<Location id="500">OK - PROCESSED </Location>
	</Prep>
	<Prep id="P-59591" active="Y" keyItem="N">
		<Description>PREP|Chiles|Stock</Description>
		<Barcode/>
		<Cost>9.0176</Cost>
		<PakQty>1.000</PakQty>
		<PakUOM>L</PakUOM>
		<Comments/>
		<InventoryGroup id=""/>
		<SalesCategory id=""/>
		<IncomeAccount id="" ref="" type="" locked=""/>
		<Location id=""/>
	</Prep>
	<Prep id="P-52943" active="Y" keyItem="N">
		<Description>PREP|Cilantro|Sprig</Description>
		<Barcode/>
		<Cost>0.0253</Cost>
		<PakQty>50.000</PakQty>
		<PakUOM>g</PakUOM>
		<Comments/>
		<InventoryGroup id=""/>
		<SalesCategory id=""/>
		<IncomeAccount id="" ref="" type="" locked=""/>
		<Location id=""/>
	</Prep>
	<Prep id="P-53616" active="Y" keyItem="N">
		<Description>PREP|Dice jalapenos</Description>
		<Barcode/>
		<Cost>5.8422</Cost>
		<PakQty>0.900</PakQty>
		<PakUOM>Kg</PakUOM>
		<Comments/>
		<InventoryGroup id=""/>
		<SalesCategory id=""/>
		<IncomeAccount id="" ref="" type="" locked=""/>
		<Location id=""/>
	</Prep>
	<Prep id="P-7444" active="Y" keyItem="Y">
		<Description>PREP|Garlic Puree</Description>
		<Barcode/>
		<Cost>7.9552</Cost>
		<PakQty>4.000</PakQty>
		<PakUOM>L</PakUOM>
		<Comments/>
		<InventoryGroup id="47">PREP</InventoryGroup>
		<SalesCategory id="2">Food</SalesCategory>
		<IncomeAccount id="14" ref="Gross Sales" type="I" locked="Y">Gross Sales</IncomeAccount>
		<Location id="500">OK - PROCESSED </Location>
	</Prep>
	<Prep id="P-26020" active="Y" keyItem="Y">
		<Description>PUREE|Garlic|Kg - FT</Description>
		<Barcode/>
		<Cost>12.2277</Cost>
		<PakQty>2.500</PakQty>
		<PakUOM>Kg</PakUOM>
		<Comments>2 weeks</Comments>
		<InventoryGroup id="47">PREP</InventoryGroup>
		<SalesCategory id="2">Food</SalesCategory>
		<IncomeAccount id="14" ref="Gross Sales" type="I" locked="Y">Gross Sales</IncomeAccount>
		<Location id="500">OK - PROCESSED </Location>
	</Prep>
	<Prep id="P-34880" active="Y" keyItem="N">
		<Description>PUREE|Ginger|OK - KG</Description>
		<Barcode/>
		<Cost>8.0606</Cost>
		<PakQty>4.800</PakQty>
		<PakUOM>Kg</PakUOM>
		<Comments/>
		<InventoryGroup id="47">PREP</InventoryGroup>
		<SalesCategory id="2">Food</SalesCategory>
		<IncomeAccount id="14" ref="Gross Sales" type="I" locked="Y">Gross Sales</IncomeAccount>
		<Location id="500">OK - PROCESSED </Location>
	</Prep>
	<Prep id="P-41573" active="Y" keyItem="Y">
		<Description>RICE|AnchoMix|Bueno</Description>
		<Barcode/>
		<Cost>3.0426</Cost>
		<PakQty>8.000</PakQty>
		<PakUOM>Kg</PakUOM>
		<Comments/>
		<InventoryGroup id="47">PREP</InventoryGroup>
		<SalesCategory id="2">Food</SalesCategory>
		<IncomeAccount id="14" ref="Gross Sales" type="I" locked="Y">Gross Sales</IncomeAccount>
		<Location id="4">PREP</Location>
	</Prep>
	<Prep id="P-67995" active="Y" keyItem="N">
		<Description>RICE|PILAF|Pistachio Raisin</Description>
		<Barcode/>
		<Cost>9.9523</Cost>
		<PakQty>2.500</PakQty>
		<PakUOM>Kg</PakUOM>
		<Comments/>
		<InventoryGroup id=""/>
		<SalesCategory id=""/>
		<IncomeAccount id="" ref="" type="" locked=""/>
		<Location id=""/>
	</Prep>
	<Prep id="P-51458" active="Y" keyItem="N">
		<Description>ROASTED|Cashews|Seasoned</Description>
		<Barcode/>
		<Cost>18.1485</Cost>
		<PakQty>1.100</PakQty>
		<PakUOM>Kg</PakUOM>
		<Comments/>
		<InventoryGroup id=""/>
		<SalesCategory id=""/>
		<IncomeAccount id="" ref="" type="" locked=""/>
		<Location id=""/>
	</Prep>
	<Prep id="P-35691" active="Y" keyItem="Y">
		<Description>ROASTED|Pecans|Candied</Description>
		<Barcode/>
		<Cost>41.5409</Cost>
		<PakQty>2.000</PakQty>
		<PakUOM>Kg</PakUOM>
		<Comments/>
		<InventoryGroup id="47">PREP</InventoryGroup>
		<SalesCategory id="2">Food</SalesCategory>
		<IncomeAccount id="14" ref="Gross Sales" type="I" locked="Y">Gross Sales</IncomeAccount>
		<Location id="299">OK - STORES AISLE #1</Location>
	</Prep>
	<Prep id="P-50801" active="Y" keyItem="Y">
		<Description>ROASTED|Pumpkin Seeds</Description>
		<Barcode/>
		<Cost>14.3242</Cost>
		<PakQty>2.900</PakQty>
		<PakUOM>Kg</PakUOM>
		<Comments/>
		<InventoryGroup id="47">PREP</InventoryGroup>
		<SalesCategory id="2">Food</SalesCategory>
		<IncomeAccount id="14" ref="Gross Sales" type="I" locked="Y">Gross Sales</IncomeAccount>
		<Location id="462">OK - STN - VEGETARIA</Location>
	</Prep>
	<Prep id="P-26164" active="Y" keyItem="Y">
		<Description>RUB|UBC House</Description>
		<Barcode/>
		<Cost>7.9719</Cost>
		<PakQty>6.750</PakQty>
		<PakUOM>Kg</PakUOM>
		<Comments/>
		<InventoryGroup id="47">PREP</InventoryGroup>
		<SalesCategory id="2">Food</SalesCategory>
		<IncomeAccount id="14" ref="Gross Sales" type="I" locked="Y">Gross Sales</IncomeAccount>
		<Location id="299">OK - STORES AISLE #1</Location>
	</Prep>
	<Prep id="P-26062" active="Y" keyItem="Y">
		<Description>SALSA|Pico de Gallo|OK</Description>
		<Barcode/>
		<Cost>4.0207</Cost>
		<PakQty>30.000</PakQty>
		<PakUOM>Kg</PakUOM>
		<Comments/>
		<InventoryGroup id="47">PREP</InventoryGroup>
		<SalesCategory id="2">Food</SalesCategory>
		<IncomeAccount id="14" ref="Gross Sales" type="I" locked="Y">Gross Sales</IncomeAccount>
		<Location id="500">OK - PROCESSED </Location>
	</Prep>
	<Prep id="P-41548" active="Y" keyItem="Y">
		<Description>SALSA|Salsa Roja</Description>
		<Barcode/>
		<Cost>2.6650</Cost>
		<PakQty>30.000</PakQty>
		<PakUOM>L</PakUOM>
		<Comments/>
		<InventoryGroup id="47">PREP</InventoryGroup>
		<SalesCategory id="2">Food</SalesCategory>
		<IncomeAccount id="14" ref="Gross Sales" type="I" locked="Y">Gross Sales</IncomeAccount>
		<Location id="500">OK - PROCESSED </Location>
	</Prep>
	<Prep id="P-7136" active="Y" keyItem="Y">
		<Description>SAUCE|Avocado Crema</Description>
		<Barcode/>
		<Cost>12.2259</Cost>
		<PakQty>2.000</PakQty>
		<PakUOM>L</PakUOM>
		<Comments/>
		<InventoryGroup id="47">PREP</InventoryGroup>
		<SalesCategory id="2">Food</SalesCategory>
		<IncomeAccount id="14" ref="Gross Sales" type="I" locked="Y">Gross Sales</IncomeAccount>
		<Location id="500">OK - PROCESSED </Location>
	</Prep>
	<Prep id="P-43581" active="Y" keyItem="Y">
		<Description>SAUCE|Green Chimichurri</Description>
		<Barcode/>
		<Cost>0.0191</Cost>
		<PakQty>600.000</PakQty>
		<PakUOM>ml</PakUOM>
		<Comments/>
		<InventoryGroup id="47">PREP</InventoryGroup>
		<SalesCategory id="2">Food</SalesCategory>
		<IncomeAccount id="14" ref="Gross Sales" type="I" locked="Y">Gross Sales</IncomeAccount>
		<Location id="500">OK - PROCESSED </Location>
	</Prep>
	<Prep id="P-34843" active="Y" keyItem="Y">
		<Description>SAUCE|Kecap Manis</Description>
		<Barcode/>
		<Cost>6.4802</Cost>
		<PakQty>4.000</PakQty>
		<PakUOM>L</PakUOM>
		<Comments/>
		<InventoryGroup id="47">PREP</InventoryGroup>
		<SalesCategory id="2">Food</SalesCategory>
		<IncomeAccount id="14" ref="Gross Sales" type="I" locked="Y">Gross Sales</IncomeAccount>
		<Location id="500">OK - PROCESSED </Location>
	</Prep>
	<Prep id="P-42355" active="Y" keyItem="Y">
		<Description>SAUCE|Roasted Pineapple|Batch</Description>
		<Barcode/>
		<Cost>3.7574</Cost>
		<PakQty>6.000</PakQty>
		<PakUOM>L</PakUOM>
		<Comments/>
		<InventoryGroup id="47">PREP</InventoryGroup>
		<SalesCategory id="2">Food</SalesCategory>
		<IncomeAccount id="14" ref="Gross Sales" type="I" locked="Y">Gross Sales</IncomeAccount>
		<Location id="4">PREP</Location>
	</Prep>
	<Prep id="P-41547" active="Y" keyItem="Y">
		<Description>SAUCE|Salsa Verde</Description>
		<Barcode/>
		<Cost>4.7456</Cost>
		<PakQty>30.000</PakQty>
		<PakUOM>L</PakUOM>
		<Comments/>
		<InventoryGroup id="47">PREP</InventoryGroup>
		<SalesCategory id="2">Food</SalesCategory>
		<IncomeAccount id="14" ref="Gross Sales" type="I" locked="Y">Gross Sales</IncomeAccount>
		<Location id="500">OK - PROCESSED </Location>
	</Prep>
	<Prep id="P-61764" active="Y" keyItem="N">
		<Description>SAUCE|Sriracha Lime Yogurt</Description>
		<Barcode/>
		<Cost>0.0071</Cost>
		<PakQty>800.000</PakQty>
		<PakUOM>ml</PakUOM>
		<Comments/>
		<InventoryGroup id=""/>
		<SalesCategory id=""/>
		<IncomeAccount id="" ref="" type="" locked=""/>
		<Location id=""/>
	</Prep>
	<Prep id="P-43584" active="Y" keyItem="Y">
		<Description>SAUCE|Sriracha Sour Cream</Description>
		<Barcode/>
		<Cost>6.5067</Cost>
		<PakQty>2.500</PakQty>
		<PakUOM>L</PakUOM>
		<Comments/>
		<InventoryGroup id="47">PREP</InventoryGroup>
		<SalesCategory id="2">Food</SalesCategory>
		<IncomeAccount id="14" ref="Gross Sales" type="I" locked="Y">Gross Sales</IncomeAccount>
		<Location id="500">OK - PROCESSED </Location>
	</Prep>
	<Prep id="P-26086" active="Y" keyItem="Y">
		<Description>SAUCE|Teriyaki</Description>
		<Barcode/>
		<Cost>3.2906</Cost>
		<PakQty>18.000</PakQty>
		<PakUOM>L</PakUOM>
		<Comments/>
		<InventoryGroup id="47">PREP</InventoryGroup>
		<SalesCategory id="2">Food</SalesCategory>
		<IncomeAccount id="14" ref="Gross Sales" type="I" locked="Y">Gross Sales</IncomeAccount>
		<Location id="500">OK - PROCESSED </Location>
	</Prep>
	<Prep id="P-42412" active="Y" keyItem="Y">
		<Description>SAUCElChipotle Sour Cream</Description>
		<Barcode/>
		<Cost>5.7197</Cost>
		<PakQty>2.900</PakQty>
		<PakUOM>L</PakUOM>
		<Comments/>
		<InventoryGroup id="138">FEAST</InventoryGroup>
		<SalesCategory id="2">Food</SalesCategory>
		<IncomeAccount id="14" ref="Gross Sales" type="I" locked="Y">Gross Sales</IncomeAccount>
		<Location id="151">TP - 5. PROCES FOOD</Location>
	</Prep>
	<Prep id="P-9714" active="Y" keyItem="N">
		<Description>SHREDDED|Carrot Jumbo</Description>
		<Barcode/>
		<Cost>2.2144</Cost>
		<PakQty>1.000</PakQty>
		<PakUOM>Kg</PakUOM>
		<Comments/>
		<InventoryGroup id=""/>
		<SalesCategory id=""/>
		<IncomeAccount id="" ref="" type="" locked=""/>
		<Location id=""/>
	</Prep>
	<Prep id="P-35245" active="Y" keyItem="N">
		<Description>SHREDDED|Jicama</Description>
		<Barcode/>
		<Cost>2.5983</Cost>
		<PakQty>2.800</PakQty>
		<PakUOM>Kg</PakUOM>
		<Comments/>
		<InventoryGroup id=""/>
		<SalesCategory id=""/>
		<IncomeAccount id="" ref="" type="" locked=""/>
		<Location id=""/>
	</Prep>
	<Prep id="P-68710" active="Y" keyItem="Y">
		<Description>SKEWER|Harissa Chicken</Description>
		<Barcode/>
		<Cost>1.0845</Cost>
		<PakQty>50.000</PakQty>
		<PakUOM>each</PakUOM>
		<Comments/>
		<InventoryGroup id="47">PREP</InventoryGroup>
		<SalesCategory id="2">Food</SalesCategory>
		<IncomeAccount id="14" ref="Gross Sales" type="I" locked="Y">Gross Sales</IncomeAccount>
		<Location id="500">OK - PROCESSED </Location>
	</Prep>
	<Prep id="P-68708" active="Y" keyItem="Y">
		<Description>SKEWER|Thai Chicken</Description>
		<Barcode/>
		<Cost>1.0853</Cost>
		<PakQty>50.000</PakQty>
		<PakUOM>each</PakUOM>
		<Comments/>
		<InventoryGroup id="47">PREP</InventoryGroup>
		<SalesCategory id="2">Food</SalesCategory>
		<IncomeAccount id="14" ref="Gross Sales" type="I" locked="Y">Gross Sales</IncomeAccount>
		<Location id="500">OK - PROCESSED </Location>
	</Prep>
	<Prep id="P-42425" active="Y" keyItem="Y">
		<Description>SLICE|Cucumber|1/8</Description>
		<Barcode/>
		<Cost>0.0064</Cost>
		<PakQty>470.000</PakQty>
		<PakUOM>g</PakUOM>
		<Comments/>
		<InventoryGroup id="47">PREP</InventoryGroup>
		<SalesCategory id="2">Food</SalesCategory>
		<IncomeAccount id="14" ref="Gross Sales" type="I" locked="Y">Gross Sales</IncomeAccount>
		<Location id="500">OK - PROCESSED </Location>
	</Prep>
	<Prep id="P-34298" active="Y" keyItem="Y">
		<Description>SLICED|1/8&quot; Green Cabbage</Description>
		<Barcode/>
		<Cost>3.0685</Cost>
		<PakQty>18.000</PakQty>
		<PakUOM>Kg</PakUOM>
		<Comments/>
		<InventoryGroup id="47">PREP</InventoryGroup>
		<SalesCategory id="2">Food</SalesCategory>
		<IncomeAccount id="14" ref="Gross Sales" type="I" locked="Y">Gross Sales</IncomeAccount>
		<Location id="500">OK - PROCESSED </Location>
	</Prep>
	<Prep id="P-50619" active="Y" keyItem="N">
		<Description>SLICED|Celery</Description>
		<Barcode/>
		<Cost>2.7802</Cost>
		<PakQty>7.500</PakQty>
		<PakUOM>Kg</PakUOM>
		<Comments/>
		<InventoryGroup id=""/>
		<SalesCategory id=""/>
		<IncomeAccount id="" ref="" type="" locked=""/>
		<Location id=""/>
	</Prep>
	<Prep id="P-39057" active="Y" keyItem="Y">
		<Description>SLICED|Green Onion v1</Description>
		<Barcode/>
		<Cost>0.0056</Cost>
		<PakQty>150.000</PakQty>
		<PakUOM>g</PakUOM>
		<Comments/>
		<InventoryGroup id="47">PREP</InventoryGroup>
		<SalesCategory id="2">Food</SalesCategory>
		<IncomeAccount id="14" ref="Gross Sales" type="I" locked="Y">Gross Sales</IncomeAccount>
		<Location id="500">OK - PROCESSED </Location>
	</Prep>
	<Prep id="P-44475" active="Y" keyItem="Y">
		<Description>SLICED|Jalepeno|1/8th</Description>
		<Barcode/>
		<Cost>0.0066</Cost>
		<PakQty>214.000</PakQty>
		<PakUOM>g</PakUOM>
		<Comments/>
		<InventoryGroup id="16">FOOD - GROCERY</InventoryGroup>
		<SalesCategory id="2">Food</SalesCategory>
		<IncomeAccount id="14" ref="Gross Sales" type="I" locked="Y">Gross Sales</IncomeAccount>
		<Location id="303">OK - PRODUCE COOLER</Location>
	</Prep>
	<Prep id="P-50547" active="Y" keyItem="N">
		<Description>SLICED|Onion Red</Description>
		<Barcode/>
		<Cost>2.1239</Cost>
		<PakQty>23.000</PakQty>
		<PakUOM>lb</PakUOM>
		<Comments/>
		<InventoryGroup id=""/>
		<SalesCategory id=""/>
		<IncomeAccount id="" ref="" type="" locked=""/>
		<Location id=""/>
	</Prep>
	<Prep id="P-50495" active="Y" keyItem="N">
		<Description>SLURRY|Cornstarch</Description>
		<Barcode/>
		<Cost>2.6830</Cost>
		<PakQty>2.000</PakQty>
		<PakUOM>L</PakUOM>
		<Comments/>
		<InventoryGroup id=""/>
		<SalesCategory id=""/>
		<IncomeAccount id="" ref="" type="" locked=""/>
		<Location id=""/>
	</Prep>
	<Prep id="P-41572" active="Y" keyItem="Y">
		<Description>SPICEMIX|Ancho Rice</Description>
		<Barcode/>
		<Cost>0.0131</Cost>
		<PakQty>1135.000</PakQty>
		<PakUOM>g</PakUOM>
		<Comments/>
		<InventoryGroup id="47">PREP</InventoryGroup>
		<SalesCategory id="2">Food</SalesCategory>
		<IncomeAccount id="14" ref="Gross Sales" type="I" locked="Y">Gross Sales</IncomeAccount>
		<Location id="4">PREP</Location>
	</Prep>
	<Prep id="P-44331" active="Y" keyItem="N">
		<Description>STEAMED|Broccoli</Description>
		<Barcode/>
		<Cost>11.4752</Cost>
		<PakQty>3.850</PakQty>
		<PakUOM>Kg</PakUOM>
		<Comments/>
		<InventoryGroup id=""/>
		<SalesCategory id=""/>
		<IncomeAccount id="" ref="" type="" locked=""/>
		<Location id=""/>
	</Prep>
	<Prep id="P-50601" active="Y" keyItem="Y">
		<Description>STOCK|Vegetable</Description>
		<Barcode/>
		<Cost>0.5113</Cost>
		<PakQty>20.000</PakQty>
		<PakUOM>L</PakUOM>
		<Comments/>
		<InventoryGroup id="47">PREP</InventoryGroup>
		<SalesCategory id="2">Food</SalesCategory>
		<IncomeAccount id="14" ref="Gross Sales" type="I" locked="Y">Gross Sales</IncomeAccount>
		<Location id="500">OK - PROCESSED </Location>
	</Prep>
	<Prep id="P-26311" active="Y" keyItem="N">
		<Description>STOCK|Vegetable2</Description>
		<Barcode/>
		<Cost>1.2352</Cost>
		<PakQty>10.000</PakQty>
		<PakUOM>L</PakUOM>
		<Comments/>
		<InventoryGroup id="299">ZDONT USE OK - PREP</InventoryGroup>
		<SalesCategory id="2">Food</SalesCategory>
		<IncomeAccount id="14" ref="Gross Sales" type="I" locked="Y">Gross Sales</IncomeAccount>
		<Location id="4">PREP</Location>
	</Prep>
	<Prep id="P-52043" active="Y" keyItem="N">
		<Description>TOASTED|Almonds</Description>
		<Barcode/>
		<Cost>0.0157</Cost>
		<PakQty>950.000</PakQty>
		<PakUOM>g</PakUOM>
		<Comments/>
		<InventoryGroup id=""/>
		<SalesCategory id=""/>
		<IncomeAccount id="" ref="" type="" locked=""/>
		<Location id=""/>
	</Prep>
	<Prep id="P-26196" active="Y" keyItem="N">
		<Description>VINAIGRETTE|Citrus&amp;Herb</Description>
		<Barcode/>
		<Cost>4.4259</Cost>
		<PakQty>4.000</PakQty>
		<PakUOM>L</PakUOM>
		<Comments/>
		<InventoryGroup id="299">ZDONT USE OK - PREP</InventoryGroup>
		<SalesCategory id="2">Food</SalesCategory>
		<IncomeAccount id="14" ref="Gross Sales" type="I" locked="Y">Gross Sales</IncomeAccount>
		<Location id="4">PREP</Location>
	</Prep>
	<Prep id="P-44728" active="Y" keyItem="N">
		<Description>YEILD|Chopped Parsley</Description>
		<Barcode/>
		<Cost>0.0237</Cost>
		<PakQty>45.000</PakQty>
		<PakUOM>g</PakUOM>
		<Comments/>
		<InventoryGroup id=""/>
		<SalesCategory id=""/>
		<IncomeAccount id="" ref="" type="" locked=""/>
		<Location id=""/>
	</Prep>
	<Prep id="P-51535" active="Y" keyItem="N">
		<Description>YIELD|70%Jalapeno|Processed</Description>
		<Barcode/>
		<Cost>0.0075</Cost>
		<PakQty>700.000</PakQty>
		<PakUOM>g</PakUOM>
		<Comments/>
		<InventoryGroup id=""/>
		<SalesCategory id=""/>
		<IncomeAccount id="" ref="" type="" locked=""/>
		<Location id=""/>
	</Prep>
	<Prep id="P-9713" active="Y" keyItem="N">
		<Description>YIELD|Carrot Jumbo|Processed</Description>
		<Barcode/>
		<Cost>2.2144</Cost>
		<PakQty>19.300</PakQty>
		<PakUOM>Kg</PakUOM>
		<Comments/>
		<InventoryGroup id=""/>
		<SalesCategory id=""/>
		<IncomeAccount id="" ref="" type="" locked=""/>
		<Location id="303">OK - PRODUCE COOLER</Location>
	</Prep>
	<Prep id="P-50966" active="Y" keyItem="N">
		<Description>YIELD|Cherry Tomato Cut</Description>
		<Barcode/>
		<Cost>8.1902</Cost>
		<PakQty>1.000</PakQty>
		<PakUOM>Kg</PakUOM>
		<Comments/>
		<InventoryGroup id=""/>
		<SalesCategory id=""/>
		<IncomeAccount id="" ref="" type="" locked=""/>
		<Location id=""/>
	</Prep>
	<Prep id="P-26514" active="Y" keyItem="N">
		<Description>YIELD|Cilantro|Herb</Description>
		<Barcode/>
		<Cost>0.0203</Cost>
		<PakQty>55.000</PakQty>
		<PakUOM>g</PakUOM>
		<Comments/>
		<InventoryGroup id=""/>
		<SalesCategory id=""/>
		<IncomeAccount id="" ref="" type="" locked=""/>
		<Location id=""/>
	</Prep>
	<Prep id="P-51222" active="Y" keyItem="N">
		<Description>YIELD|Daikon|Peeled</Description>
		<Barcode/>
		<Cost>3.0652</Cost>
		<PakQty>4.500</PakQty>
		<PakUOM>Kg</PakUOM>
		<Comments/>
		<InventoryGroup id=""/>
		<SalesCategory id=""/>
		<IncomeAccount id="" ref="" type="" locked=""/>
		<Location id=""/>
	</Prep>
	<Prep id="P-53751" active="Y" keyItem="N">
		<Description>YIELD|Fennel Bulb</Description>
		<Barcode/>
		<Cost>11.3911</Cost>
		<PakQty>2.300</PakQty>
		<PakUOM>Kg</PakUOM>
		<Comments/>
		<InventoryGroup id=""/>
		<SalesCategory id=""/>
		<IncomeAccount id="" ref="" type="" locked=""/>
		<Location id=""/>
	</Prep>
	<Prep id="P-48933" active="Y" keyItem="N">
		<Description>YIELD|Green onion|Fresh</Description>
		<Barcode/>
		<Cost>7.0349</Cost>
		<PakQty>5.700</PakQty>
		<PakUOM>Kg</PakUOM>
		<Comments/>
		<InventoryGroup id=""/>
		<SalesCategory id=""/>
		<IncomeAccount id="" ref="" type="" locked=""/>
		<Location id="500">OK - PROCESSED </Location>
	</Prep>
	<Prep id="P-57146" active="Y" keyItem="N">
		<Description>YIELD|Green Pepper</Description>
		<Barcode/>
		<Cost>4.6217</Cost>
		<PakQty>8.300</PakQty>
		<PakUOM>Kg</PakUOM>
		<Comments/>
		<InventoryGroup id=""/>
		<SalesCategory id=""/>
		<IncomeAccount id="" ref="" type="" locked=""/>
		<Location id=""/>
	</Prep>
	<Prep id="P-52036" active="Y" keyItem="N">
		<Description>YIELD|Herb|Thyme</Description>
		<Barcode/>
		<Cost>0.0785</Cost>
		<PakQty>500.000</PakQty>
		<PakUOM>g</PakUOM>
		<Comments>July 2019 (Fiscal 19)</Comments>
		<InventoryGroup id=""/>
		<SalesCategory id=""/>
		<IncomeAccount id="" ref="" type="" locked=""/>
		<Location id=""/>
	</Prep>
	<Prep id="P-56811" active="Y" keyItem="N">
		<Description>YIELD|Jalapeno</Description>
		<Barcode/>
		<Cost>5.9679</Cost>
		<PakQty>4.000</PakQty>
		<PakUOM>Kg</PakUOM>
		<Comments/>
		<InventoryGroup id=""/>
		<SalesCategory id=""/>
		<IncomeAccount id="" ref="" type="" locked=""/>
		<Location id=""/>
	</Prep>
	<Prep id="P-53745" active="Y" keyItem="N">
		<Description>YIELD|Jalapenos wt seeds|Whole</Description>
		<Barcode/>
		<Cost>5.8422</Cost>
		<PakQty>0.900</PakQty>
		<PakUOM>Kg</PakUOM>
		<Comments/>
		<InventoryGroup id=""/>
		<SalesCategory id=""/>
		<IncomeAccount id="" ref="" type="" locked=""/>
		<Location id=""/>
	</Prep>
	<Prep id="P-51536" active="Y" keyItem="N">
		<Description>YIELD|Oregano Fresh</Description>
		<Barcode/>
		<Cost>0.0548</Cost>
		<PakQty>325.000</PakQty>
		<PakUOM>g</PakUOM>
		<Comments/>
		<InventoryGroup id=""/>
		<SalesCategory id=""/>
		<IncomeAccount id="" ref="" type="" locked=""/>
		<Location id=""/>
	</Prep>
	<Prep id="P-51530" active="Y" keyItem="N">
		<Description>YIELD|Papaya Green Shredded</Description>
		<Barcode/>
		<Cost>0.0038</Cost>
		<PakQty>700.000</PakQty>
		<PakUOM>g</PakUOM>
		<Comments/>
		<InventoryGroup id=""/>
		<SalesCategory id=""/>
		<IncomeAccount id="" ref="" type="" locked=""/>
		<Location id=""/>
	</Prep>
	<Prep id="P-9854" active="Y" keyItem="N">
		<Description>YIELD|Radish</Description>
		<Barcode/>
		<Cost>1.5117</Cost>
		<PakQty>19.051</PakQty>
		<PakUOM>Kg</PakUOM>
		<Comments>July 2018 (Fiscal 19)</Comments>
		<InventoryGroup id=""/>
		<SalesCategory id=""/>
		<IncomeAccount id="" ref="" type="" locked=""/>
		<Location id=""/>
	</Prep>
	<Prep id="P-19175" active="Y" keyItem="Y">
		<Description>YIELD|Red Onion</Description>
		<Barcode/>
		<Cost>3.4719</Cost>
		<PakQty>1.600</PakQty>
		<PakUOM>Kg</PakUOM>
		<Comments>July 2018 (Fiscal 19)</Comments>
		<InventoryGroup id="47">PREP</InventoryGroup>
		<SalesCategory id="2">Food</SalesCategory>
		<IncomeAccount id="14" ref="Gross Sales" type="I" locked="Y">Gross Sales</IncomeAccount>
		<Location id="472">OK - STN - VEG PREP </Location>
	</Prep>
	<Prep id="P-18746" active="Y" keyItem="Y">
		<Description>YIELD|Red Pepper|Fresh</Description>
		<Barcode/>
		<Cost>8.0373</Cost>
		<PakQty>8.300</PakQty>
		<PakUOM>Kg</PakUOM>
		<Comments/>
		<InventoryGroup id="47">PREP</InventoryGroup>
		<SalesCategory id="2">Food</SalesCategory>
		<IncomeAccount id="14" ref="Gross Sales" type="I" locked="Y">Gross Sales</IncomeAccount>
		<Location id="500">OK - PROCESSED </Location>
	</Prep>
	<Prep id="P-55427" active="Y" keyItem="N">
		<Description>YIELD|Serrano pepper</Description>
		<Barcode/>
		<Cost>7.9917</Cost>
		<PakQty>1.000</PakQty>
		<PakUOM>Kg</PakUOM>
		<Comments/>
		<InventoryGroup id=""/>
		<SalesCategory id=""/>
		<IncomeAccount id="" ref="" type="" locked=""/>
		<Location id=""/>
	</Prep>
	<Prep id="P-50781" active="Y" keyItem="N">
		<Description>YIELD|Thai Basil</Description>
		<Barcode/>
		<Cost>0.0855</Cost>
		<PakQty>200.000</PakQty>
		<PakUOM>g</PakUOM>
		<Comments/>
		<InventoryGroup id=""/>
		<SalesCategory id=""/>
		<IncomeAccount id="" ref="" type="" locked=""/>
		<Location id=""/>
	</Prep>
	<Prep id="P-57143" active="Y" keyItem="N">
		<Description>YIELD|Thai Chili Peppers</Description>
		<Barcode/>
		<Cost>7.7162</Cost>
		<PakQty>0.900</PakQty>
		<PakUOM>Kg</PakUOM>
		<Comments/>
		<InventoryGroup id=""/>
		<SalesCategory id=""/>
		<IncomeAccount id="" ref="" type="" locked=""/>
		<Location id=""/>
	</Prep>
	<Prep id="P-50587" active="Y" keyItem="N">
		<Description>YIELD|Tomato Roma</Description>
		<Barcode/>
		<Cost>3.7430</Cost>
		<PakQty>9.000</PakQty>
		<PakUOM>Kg</PakUOM>
		<Comments/>
		<InventoryGroup id=""/>
		<SalesCategory id=""/>
		<IncomeAccount id="" ref="" type="" locked=""/>
		<Location id=""/>
	</Prep>
	<Prep id="P-24452" active="Y" keyItem="N">
		<Description>YIELD|Yellow Onion</Description>
		<Barcode/>
		<Cost>1.0056</Cost>
		<PakQty>0.900</PakQty>
		<PakUOM>lb</PakUOM>
		<Comments/>
		<InventoryGroup id=""/>
		<SalesCategory id=""/>
		<IncomeAccount id="" ref="" type="" locked=""/>
		<Location id=""/>
	</Prep>
	<Prep id="P-57145" active="Y" keyItem="N">
		<Description>YIELD|Yellow Pepper</Description>
		<Barcode/>
		<Cost>7.5340</Cost>
		<PakQty>8.300</PakQty>
		<PakUOM>Kg</PakUOM>
		<Comments/>
		<InventoryGroup id=""/>
		<SalesCategory id=""/>
		<IncomeAccount id="" ref="" type="" locked=""/>
		<Location id=""/>
	</Prep>
</Preps>
