﻿<?xml version="1.0" encoding="UTF-8" standalone="yes"?>
<Prods>
	<Prod id="R-43587" active="Y" special="N">
		<Description>BNO|Burrito|Ancho Chicken</Description>
		<Barcode/>
		<Cost>3.9276</Cost>
		<Comments>May 2018 (F19)</Comments>
		<SalesGroup id="364">OK - BURRITO KITCHEN </SalesGroup>
		<SalesCategory id="2">Food</SalesCategory>
		<IncomeAccount id="14" ref="Gross Sales" type="I" locked="Y">Gross Sales</IncomeAccount>
		<TaxGroup id=""/>
		<Price>9.99</Price>
		<PLU num="32504">CHICKEN BURRITO BUENO</PLU>
	</Prod>
	<Prod id="R-56873" active="Y" special="N">
		<Description>BNO|Burrito|Carne Asada</Description>
		<Barcode/>
		<Cost>3.8403</Cost>
		<Comments/>
		<SalesGroup id="364">OK - BURRITO KITCHEN </SalesGroup>
		<SalesCategory id="2">Food</SalesCategory>
		<IncomeAccount id="14" ref="Gross Sales" type="I" locked="Y">Gross Sales</IncomeAccount>
		<TaxGroup id=""/>
		<Price>10.99</Price>
		<PLU num="32897">CARNE ASADA BURRITO BUENO</PLU>
	</Prod>
	<Prod id="R-59592" active="Y" special="N">
		<Description>BNO|Burrito|chicken Fajita </Description>
		<Barcode/>
		<Cost>3.9973</Cost>
		<Comments/>
		<SalesGroup id="364">OK - BURRITO KITCHEN </SalesGroup>
		<SalesCategory id="2">Food</SalesCategory>
		<IncomeAccount id="14" ref="Gross Sales" type="I" locked="Y">Gross Sales</IncomeAccount>
		<TaxGroup id=""/>
		<Price>9.99</Price>
		<PLU num="32856">CHICKEN FAJITA BURRITO</PLU>
	</Prod>
	<Prod id="R-44303" active="Y" special="N">
		<Description>BNO|Burrito|Pulled Pork</Description>
		<Barcode/>
		<Cost>4.0799</Cost>
		<Comments>May 2018 (F19)</Comments>
		<SalesGroup id="364">OK - BURRITO KITCHEN </SalesGroup>
		<SalesCategory id="2">Food</SalesCategory>
		<IncomeAccount id="14" ref="Gross Sales" type="I" locked="Y">Gross Sales</IncomeAccount>
		<TaxGroup id=""/>
		<Price>9.99</Price>
		<PLU num="32503">PULLED PORK BURRITO BUENO</PLU>
	</Prod>
	<Prod id="R-43580" active="Y" special="N">
		<Description>BNO|Burrito|Steak </Description>
		<Barcode/>
		<Cost>4.6896</Cost>
		<Comments>May 2018 (F19)</Comments>
		<SalesGroup id="364">OK - BURRITO KITCHEN </SalesGroup>
		<SalesCategory id="2">Food</SalesCategory>
		<IncomeAccount id="14" ref="Gross Sales" type="I" locked="Y">Gross Sales</IncomeAccount>
		<TaxGroup id=""/>
		<Price>12.99</Price>
		<PLU num="32700">STEAK BURRITO BUENO</PLU>
	</Prod>
	<Prod id="R-51217" active="Y" special="N">
		<Description>BNO|Burrito|Super Tofu</Description>
		<Barcode/>
		<Cost>4.8288</Cost>
		<Comments/>
		<SalesGroup id="329">OK - CUSTOM KITCHEN</SalesGroup>
		<SalesCategory id="2">Food</SalesCategory>
		<IncomeAccount id="14" ref="Gross Sales" type="I" locked="Y">Gross Sales</IncomeAccount>
		<TaxGroup id=""/>
		<Price>10.99</Price>
		<PLU num="32635">BURRITO SUPER TOFU</PLU>
	</Prod>
	<Prod id="R-44316" active="Y" special="N">
		<Description>BNO|Burrito|White Bean </Description>
		<Barcode/>
		<Cost>3.5252</Cost>
		<Comments>May 2018 (F19)</Comments>
		<SalesGroup id="364">OK - BURRITO KITCHEN </SalesGroup>
		<SalesCategory id="2">Food</SalesCategory>
		<IncomeAccount id="14" ref="Gross Sales" type="I" locked="Y">Gross Sales</IncomeAccount>
		<TaxGroup id=""/>
		<Price>10.29</Price>
		<PLU num="32502">WHITE BEAN BURRITO BUENO</PLU>
	</Prod>
	<Prod id="R-57179" active="Y" special="N">
		<Description>BNO|Chicken Fajita Bowl</Description>
		<Barcode/>
		<Cost>3.7108</Cost>
		<Comments/>
		<SalesGroup id="364">OK - BURRITO KITCHEN </SalesGroup>
		<SalesCategory id="2">Food</SalesCategory>
		<IncomeAccount id="14" ref="Gross Sales" type="I" locked="Y">Gross Sales</IncomeAccount>
		<TaxGroup id=""/>
		<Price>10.99</Price>
		<PLU num="32846">CHICKEN FAJITA BOWL</PLU>
	</Prod>
	<Prod id="R-67993" active="Y" special="N">
		<Description>BOWL|Japan</Description>
		<Barcode/>
		<Cost>1.1175</Cost>
		<Comments/>
		<SalesGroup id="638">OK - FLEX KITCHEN</SalesGroup>
		<SalesCategory id="2">Food</SalesCategory>
		<IncomeAccount id="14" ref="Gross Sales" type="I" locked="Y">Gross Sales</IncomeAccount>
		<TaxGroup id=""/>
		<Price>0</Price>
		<PLU num=""/>
	</Prod>
	<Prod id="R-68704" active="Y" special="N">
		<Description>BOWL|Japan +1</Description>
		<Barcode/>
		<Cost>2.2801</Cost>
		<Comments/>
		<SalesGroup id="638">OK - FLEX KITCHEN</SalesGroup>
		<SalesCategory id="2">Food</SalesCategory>
		<IncomeAccount id="14" ref="Gross Sales" type="I" locked="Y">Gross Sales</IncomeAccount>
		<TaxGroup id=""/>
		<Price>0</Price>
		<PLU num=""/>
	</Prod>
	<Prod id="R-67987" active="Y" special="N">
		<Description>BOWL|Mediterranean</Description>
		<Barcode/>
		<Cost>2.1222</Cost>
		<Comments/>
		<SalesGroup id="638">OK - FLEX KITCHEN</SalesGroup>
		<SalesCategory id="2">Food</SalesCategory>
		<IncomeAccount id="14" ref="Gross Sales" type="I" locked="Y">Gross Sales</IncomeAccount>
		<TaxGroup id=""/>
		<Price>0</Price>
		<PLU num=""/>
	</Prod>
	<Prod id="R-68706" active="Y" special="N">
		<Description>BOWL|Mediterranean +1</Description>
		<Barcode/>
		<Cost>2.5661</Cost>
		<Comments/>
		<SalesGroup id="638">OK - FLEX KITCHEN</SalesGroup>
		<SalesCategory id="2">Food</SalesCategory>
		<IncomeAccount id="14" ref="Gross Sales" type="I" locked="Y">Gross Sales</IncomeAccount>
		<TaxGroup id=""/>
		<Price>0</Price>
		<PLU num=""/>
	</Prod>
	<Prod id="R-67988" active="Y" special="N">
		<Description>BOWL|Mexico</Description>
		<Barcode/>
		<Cost>1.1459</Cost>
		<Comments/>
		<SalesGroup id="638">OK - FLEX KITCHEN</SalesGroup>
		<SalesCategory id="2">Food</SalesCategory>
		<IncomeAccount id="14" ref="Gross Sales" type="I" locked="Y">Gross Sales</IncomeAccount>
		<TaxGroup id=""/>
		<Price>1.06</Price>
		<PLU num=""/>
	</Prod>
	<Prod id="R-68707" active="Y" special="N">
		<Description>BOWL|Mexico +1</Description>
		<Barcode/>
		<Cost>1.9281</Cost>
		<Comments/>
		<SalesGroup id="638">OK - FLEX KITCHEN</SalesGroup>
		<SalesCategory id="2">Food</SalesCategory>
		<IncomeAccount id="14" ref="Gross Sales" type="I" locked="Y">Gross Sales</IncomeAccount>
		<TaxGroup id=""/>
		<Price>0</Price>
		<PLU num=""/>
	</Prod>
	<Prod id="R-67997" active="Y" special="N">
		<Description>BOWL|Morocco</Description>
		<Barcode/>
		<Cost>2.0911</Cost>
		<Comments/>
		<SalesGroup id="638">OK - FLEX KITCHEN</SalesGroup>
		<SalesCategory id="2">Food</SalesCategory>
		<IncomeAccount id="14" ref="Gross Sales" type="I" locked="Y">Gross Sales</IncomeAccount>
		<TaxGroup id=""/>
		<Price>0</Price>
		<PLU num=""/>
	</Prod>
	<Prod id="R-68711" active="Y" special="N">
		<Description>BOWL|Morocco +1</Description>
		<Barcode/>
		<Cost>3.1756</Cost>
		<Comments/>
		<SalesGroup id="638">OK - FLEX KITCHEN</SalesGroup>
		<SalesCategory id="2">Food</SalesCategory>
		<IncomeAccount id="14" ref="Gross Sales" type="I" locked="Y">Gross Sales</IncomeAccount>
		<TaxGroup id=""/>
		<Price>0</Price>
		<PLU num=""/>
	</Prod>
	<Prod id="R-67989" active="Y" special="N">
		<Description>BOWL|Thai</Description>
		<Barcode/>
		<Cost>1.3754</Cost>
		<Comments/>
		<SalesGroup id="638">OK - FLEX KITCHEN</SalesGroup>
		<SalesCategory id="2">Food</SalesCategory>
		<IncomeAccount id="14" ref="Gross Sales" type="I" locked="Y">Gross Sales</IncomeAccount>
		<TaxGroup id=""/>
		<Price>0</Price>
		<PLU num=""/>
	</Prod>
	<Prod id="R-68712" active="Y" special="N">
		<Description>BOWL|Thai +1</Description>
		<Barcode/>
		<Cost>2.4607</Cost>
		<Comments/>
		<SalesGroup id="638">OK - FLEX KITCHEN</SalesGroup>
		<SalesCategory id="2">Food</SalesCategory>
		<IncomeAccount id="14" ref="Gross Sales" type="I" locked="Y">Gross Sales</IncomeAccount>
		<TaxGroup id=""/>
		<Price>0</Price>
		<PLU num=""/>
	</Prod>
	<Prod id="R-68195" active="Y" special="N">
		<Description>BOWL|Vietnam</Description>
		<Barcode/>
		<Cost>1.1158</Cost>
		<Comments/>
		<SalesGroup id="638">OK - FLEX KITCHEN</SalesGroup>
		<SalesCategory id="2">Food</SalesCategory>
		<IncomeAccount id="14" ref="Gross Sales" type="I" locked="Y">Gross Sales</IncomeAccount>
		<TaxGroup id=""/>
		<Price>0</Price>
		<PLU num=""/>
	</Prod>
	<Prod id="R-67992" active="Y" special="N">
		<Description>BOWL|Westcoast</Description>
		<Barcode/>
		<Cost>3.3675</Cost>
		<Comments/>
		<SalesGroup id="638">OK - FLEX KITCHEN</SalesGroup>
		<SalesCategory id="2">Food</SalesCategory>
		<IncomeAccount id="14" ref="Gross Sales" type="I" locked="Y">Gross Sales</IncomeAccount>
		<TaxGroup id=""/>
		<Price>0</Price>
		<PLU num=""/>
	</Prod>
	<Prod id="R-68705" active="Y" special="N">
		<Description>SKEWER|Teriyaki</Description>
		<Barcode/>
		<Cost>1.1626</Cost>
		<Comments>July 2018 (F19)</Comments>
		<SalesGroup id="333">OK - SIDES</SalesGroup>
		<SalesCategory id="2">Food</SalesCategory>
		<IncomeAccount id="14" ref="Gross Sales" type="I" locked="Y">Gross Sales</IncomeAccount>
		<TaxGroup id=""/>
		<Price>0</Price>
		<PLU num=""/>
	</Prod>
</Prods>
