﻿<?xml version="1.0" encoding="UTF-8" standalone="yes"?>
<Recipes>
	<Recipe id="P-7136" image="">***COOKS AND CHEFS, PLEASE READ THE ENTIRE RECIPE BEFORE BEGINNING- THIS IS A RECOMMENDED STEP WITH EVERY PRODUCT WE EVER PRODUCE- THANK YOU***

Related Products this prep gets used in:

Method:
1. Gather ingredients
2. Weigh out into cambro.
3. Blend with hand blender, taste and adjust seasoning.

-cool, store, label and rotate this item.</Recipe>
	<Recipe id="P-7444" image="">***COOKS AND CHEFS, PLEASE READ THE ENTIRE RECIPE BEFORE BEGINNING- THIS IS A RECOMMENDED STEP WITH EVERY PRODUCT WE EVER PRODUCE- THANK YOU***
Johnny

Preps used in this Product recipe:

Allergens: (To be filled out by nutrition)
Method:
1.
2.
3.
-cool, store, label and rotated this item with older product correctly and diligently 

Portioning:

Utensils needed:
</Recipe>
	<Recipe id="P-9713" image="">Yield for peeled trimmed peeled carrots is approx 85%

22.7 kg = 50 lbs 
</Recipe>
	<Recipe id="P-9714" image="">***COOKS AND CHEFS, PLEASE READ THE ENTIRE RECIPE BEFORE BEGINNING- THIS IS A RECOMMENDED STEP WI Johnny
TH EVERY PRODUCT WE EVER PRODUCE- THANK YOU***

Related Products this prep gets used in:

Allergens: (to be filled out by nutrition)
Method:
1.
2.
3.
-cool, store, label and rotated this item with older product correctly and diligently 

Portioning:

Utensils needed:
</Recipe>
	<Recipe id="P-9741" image="">***COOKS AND CHEFS, PLEASE READ THE ENTIRE RECIPE BEFORE BEGINNING- THIS IS A RECOMMENDED STEP WITH EVERY PRODUCT WE EVER PRODUCE- THANK YOU***

Johnny

Related Products this prep gets used in:

Allergens: (to be filled out by nutrition)
Method:
1.gather and clean ingredients.
2.Slice
3.Lable and fridge
-cool, store, label and rotated this item with older product correctly and diligently 

Portioning:NA

Utensils needed:</Recipe>
	<Recipe id="P-9765" image="">***COOKS AND CHEFS, PLEASE READ THE ENTIRE RECIPE BEFORE BEGINNING- THIS IS A RECOMMENDED STEP WITH EVERY PRODUCT WE EVER PRODUCE- THANK YOU***
johnny

Related Products this prep gets used in:

Allergens: (to be filled out by nutrition)
Method:
1. Gather all ingredients and tools
2. Cut into small dice, approx 1/4 inch
3.
-cool, store, label and rotated this item with older product correctly and diligently 

Portioning:

Utensils needed:
</Recipe>
	<Recipe id="P-9767" image="">***COOKS AND CHEFS, PLEASE READ THE ENTIRE RECIPE BEFORE BEGINNING- THIS IS A RECOMMENDED STEP WI Johnny
TH EVERY PRODUCT WE EVER PRODUCE- THANK YOU***

Related Products this prep gets used in:

Allergens: (to be filled out by nutrition)
Method:
1.
2.
3.
-cool, store, label and rotated this item with older product correctly and diligently 

Portioning:

Utensils needed:</Recipe>
	<Recipe id="P-9854" image="">***COOKS AND CHEFS, PLEASE READ THE ENTIRE RECIPE BEFORE BEGINNING- THIS IS A RECOMMENDED STEP WITH EVERY PRODUCT WE EVER PRODUCE- THANK YOU***
Johnny

Products related to this Prep recipe:

Allergens: (To be filled out by nutrition)
Method:
1.
2.
3.
-cool, store, label and rotated this item with older product correctly and diligently 

Portioning:

Utensils needed:
</Recipe>
	<Recipe id="P-18746" image="">***COOKS AND CHEFS, PLEASE READ THE ENTIRE RECIPE BEFORE BEGINNING- THIS IS A RECOMMENDED STEP WITH EVERY PRODUCT WE EVER PRODUCE- THANK YOU***

Johnny,

Related Products this prep gets used in:

Allergens: (to be filled out by nutrition)
Method:
1.Gather ingredients
2.wash and cut to size wanted
3.place in container, label and store

-cool, store, label and rotated this item with older product correctly and diligently 

Portioning:

Utensils needed:
</Recipe>
	<Recipe id="P-19175" image="">Allergen:

n/a

Icon:

vegan, vegetarian, made without gluten

Method:



</Recipe>
	<Recipe id="P-24750" image=""/>
	<Recipe id="P-25761" image="">***COOKS AND CHEFS, PLEASE READ THE ENTIRE RECIPE BEFORE BEGINNING- THIS IS A RECOMMENDED STEP WITH EVERY PRODUCT WE EVER PRODUCE- THANK YOU***

Related Products this prep gets used in:

Method:
1. Gather all ingredients.
2. Slice onions with food processor slicing blade.
3. Bring all other ingredients to a simmer and combine with onion


-cool, store, label and rotated this item with older product correctly and diligently 

Portioning: kettle, cambros, food processer

Utensils needed:
</Recipe>
	<Recipe id="P-26020" image="">1. Puree garlic in batches in robot coupe
2. Mix in garlic</Recipe>
	<Recipe id="P-26048" image="">PREP RECIPE
***COOKS AND CHEFS, PLEASE READ THE ENTIRE RECIPE BEFORE BEGINNING- THIS IS A RECOMMENDED STEP WITH EVERY PRODUCT WE PRODUCE- THANK YOU***

Related Products this prep is used in:

Allergens: (to be filled out by nutrition)
Mustard
Sulphite

Method:
1. Combine balsamic vinegar,  dijon, garlic, oregano, salt &amp; pepper.

2. Begin blending with immersion blender till smooth add oil slowly and blend till emulsion.

Cool, label and store.
Rotate this item with older product.
Portioning:

Utensils needed:</Recipe>
	<Recipe id="P-26053" image="">***COOKS AND CHEFS, PLEASE READ THE ENTIRE RECIPE BEFORE BEGINNING- THIS IS A RECOMMENDED STEP WITH EVERY PRODUCT WE EVER PRODUCE- THANK YOU***
Related Products this prep gets used in:

Allergens: 
Method:

1. Combine tahini, garlic, lemon juice, water and salt in large mixing vessel.  

2. Combine well with immersion blender.

3.  Add chopped parsley.

-cool, store, label and rotate this item with older product correctly and diligently.

Portioning:

Utensils needed:</Recipe>
	<Recipe id="P-26062" image="">***COOKS AND CHEFS, PLEASE READ THE ENTIRE RECIPE BEFORE BEGINNING- THIS IS A RECOMMENDED STEP WITH EVERY PRODUCT WE EVER PRODUCE- THANK YOU***
Related Products this prep gets used in:

Allergens: 
Method:

NOTE: this is 2 boxes of tomatoes.

1. Dice tomatoes and place in perferated insert to drain excess liquid. Ensure tomatoes are small dice. Use the same dicing blade for the red onions.

2. Puree jalapenos in robot coupe until finely minced.

3. Put tomatoes into an insert and add red onion, jalapeno, cilantro, kosher salt, black pepper and lime juice. Mix well.  

3. Adjust seasoning.

-store, label and rotate this item with older product correctly and diligently.

Portioning:

Utensils needed:</Recipe>
	<Recipe id="P-26086" image="">***COOKS AND CHEFS, PLEASE READ THE ENTIRE RECIPE BEFORE BEGINNING- THIS IS A RECOMMENDED STEP WITH EVERY PRODUCT WE EVER PRODUCE- THANK YOU***
Related Products this prep gets used in:

Allergens: 
Method:

1. In sauce pan over medium heat, add oil.  Once warm, add garlic and ginger, saute until fragrant, about 4 minutes.  

2. Add soy sauce, water, brown sugar and white sugar.  Bring to a simmer for 5 to 10 minutes until sugar is dissolved and well incorporated. 

2.  Add slurry and simmer until sauce is thickend to desired consistency.   

-cool, store, label and rotate this item with older product correctly and diligently.

Portioning:

Utensils needed:</Recipe>
	<Recipe id="P-26134" image="">***COOKS AND CHEFS, PLEASE READ THE ENTIRE RECIPE BEFORE BEGINNING- THIS IS A RECOMMENDED STEP WITH EVERY PRODUCT WE EVER PRODUCE- THANK YOU***
Related Products this prep gets used in:

Allergens: 
Method:

1. Preheat oven to 320F

2. Combine achiote paste, orange and pineapple juice.

3.  Slice each butt in half, and season pork with salt and pepper.  Make sure to get in all the cracks.

4. Place pork in braising dish with onions and jalapenos. cover with achiote marinade and add water until it comes halfway up the shoulder. Bring to simmer on french top before putting it in the oven.

5. Cover pork and braise in oven for about 3.5 hours, or until pork pulls easily apart

6. Remove meat and pull apart or shred with forks, removing large pieces of fat. Add back some of braising liquid in pork to keep moist

-cool, store, label and rotate this item with older product correctly and diligently.

Portioning:</Recipe>
	<Recipe id="P-26136" image="">***COOKS AND CHEFS, PLEASE READ THE ENTIRE RECIPE BEFORE BEGINNING- THIS IS A RECOMMENDED STEP WITH EVERY PRODUCT WE EVER PRODUCE- THANK YOU***
Related Products this prep gets used in:

Allergens: 
Method:

1. Prepare pickling liquid as per recipe

2. Add red onions. 

3. Allow to pickle 24 hours if possible.

-cool, store, label and rotate this item with older product correctly and diligently.




</Recipe>
	<Recipe id="P-26143" image="">***COOKS AND CHEFS, PLEASE READ THE ENTIRE RECIPE BEFORE BEGINNING- THIS IS A RECOMMENDED STEP WITH EVERY PRODUCT WE EVER PRODUCE- THANK YOU***
Related Products this prep gets used in:

Allergens: 
Method:

1. In medium depth hotel pan, rinse rice under cold water until it runs clear while agitating by hand. Add water, 1:1 with rice.

2. Put in steamer for 40 minutes.

3. Stir to fluff and loosen grains.

4. Hold for service.

-cool, store, label and rotate this item with older product correctly and diligently.

Portioning:

Utensils needed:</Recipe>
	<Recipe id="P-26164" image="">1) Crush fennel seeds and mustard seeds coarsely.

2) Combine all, mixing very thoroughly.

3) Transfer to appropriate vessel, label and date and store in dry storage area.
</Recipe>
	<Recipe id="P-26196" image="">1. Combine lemon juice, lime juice, vinegar, dijon, shallot, garlic, sugar, and salt and pepper mix in blender. Combine on medium speed
2. Slowly incorporate oil to create an emulsification. Add chopped parsley.  Check for seasoning
3. Transfer to appropriate vessel, label, date and refrigerate
</Recipe>
	<Recipe id="P-26311" image="">***COOKS AND CHEFS, PLEASE READ THE ENTIRE RECIPE BEFORE BEGINNING- THIS IS A RECOMMENDED STEP WITH EVERY PRODUCT WE EVER PRODUCE- THANK YOU***
Related Products this prep gets used in:

Allergens: 
Method:

1)  In a large stock pot, add water and vegetables.

2)  Bring to a simmer and allow to simmer for 30-40 minutes.  Carefully strain stock through fine chinoise and store in appropriate vessel.

-cool, store, label and rotate this item with older product correctly and diligently.

Portioning:

Utensils needed:


</Recipe>
	<Recipe id="P-26328" image="">PREP RECIPE
***COOKS AND CHEFS, PLEASE READ THE ENTIRE RECIPE BEFORE BEGINNING- THIS IS A RECOMMENDED STEP WITH EVERY PRODUCT WE PRODUCE- THANK YOU***

Related Products this prep is used in:

Allergens: (to be filled out by nutrition)
Method:
1)  In appropriate sized sauce pan, combine rice vinegar, salt, sugar, and simmer until salt and sugar are dissolved.  Add thai chilis and ginger, turn off heat and allow mixture to cool to room temperature.

2)  Meanwhile, add carrot and daikon radish to 4L cambro container.  Add room temp pickling solution, and wiegh down vegetables with parchment to keep them submerged.

3)  Label, date, refrigerate.  Vegetables are best if left to pickle for at least 24 hours.

Rotate this item with older product.
Portioning:</Recipe>
	<Recipe id="P-26331" image="">***COOKS AND CHEFS, PLEASE READ THE ENTIRE RECIPE BEFORE BEGINNING- THIS IS A RECOMMENDED STEP WITH EVERY PRODUCT WE EVER PRODUCE- THANK YOU***
Related Products this prep gets used in:

Allergens: 
Method:

1. In mixing bowl, combine soy sauce, thai chili&apos;s, sugar, cilantro, lime juice and garlic puree.  Whisk well until sugar is fully dissolved.  

2. Dice tofu into 1-1.25&quot; cubes and add to marinade.  Allow to marinate for at least 2 hours in appropriate vessel. 

-cool, store, label and rotate this item with older product correctly and diligently.

Portioning:

Utensils needed:</Recipe>
	<Recipe id="P-26390" image="">***COOKS AND CHEFS, PLEASE READ THE ENTIRE RECIPE BEFORE BEGINNING- THIS IS A RECOMMENDED STEP WITH EVERY PRODUCT WE EVER PRODUCE- THANK YOU***
Related Products this prep gets used in:

Allergens: 
Method:

1. Combine water and salt in a large pot.  Bring to a boil.

2. Add buskwheat soba to boiling water, then turn heat down to medium and simmer noodles until tender but not overcooked, about 2 mins. TASTE FOR AL DENTE

3. *Drain noodles well and ensure to rinse very, very well under cold running water, gently agitating by hand.  This will ensure that the noodles will not overcook, and will not be sticky when stored.

4. Mix well with sesame oil once cooled and hold for service.

-cool, store, label and rotate this item with older product correctly and diligently.

Portioning:

Utensils needed:</Recipe>
	<Recipe id="P-26489" image="">1)  Bring water to a simmer in a large pot.  

2)  Add noodles and turn off heat.  Allow noodles to soak about 5 minutes until cooked through.

3)  Drain noodles and rinse EXTREMELY THROUGHLY under cold water.  This will ensure that the noodles will not stick together.

4)  Reserve in appropriate container.  Label, date, refrigerate.

Allergens:

No known priority allergens</Recipe>
	<Recipe id="P-26514" image="">***COOKS AND CHEFS, PLEASE READ THE ENTIRE RECIPE BEFORE BEGINNING- THIS IS A RECOMMENDED STEP WITH EVERY PRODUCT WE EVER PRODUCE- THANK YOU***
Johnny

Related Products this prep gets used in:

Allergens: (to be filled out by nutrition)

Method:
1. Gather All Ingredients and tools
2. Cut stem off
3. Pick leaves off

-cool, store, label and rotated this item with older product correctly and diligently 

Portioning:

Utensils needed: Cutting board, knife, insert
</Recipe>
	<Recipe id="P-27385" image="">PREP RECIPE
***COOKS AND CHEFS, PLEASE READ THE ENTIRE RECIPE BEFORE BEGINNING- THIS IS A RECOMMENDED STEP WITH EVERY PRODUCT WE PRODUCE- THANK YOU***

Related Products this prep is used in:
Method:
1. De-stem chilies.
2. Add all ingredients in Cambro.
3. Blend thoroughly.

Label and store.
</Recipe>
	<Recipe id="P-28989" image="">***COOKS AND CHEFS, PLEASE READ THE ENTIRE RECIPE BEFORE BEGINNING- THIS IS A RECOMMENDED STEP WITH EVERY PRODUCT WE EVER PRODUCE- THANK YOU***

Related Products this prep gets used in: SAUCE|Mayo|Vegan

Method:

1) Drain chick peas through strainer. Retain chick peas fir recipe or use.

2) This will yeild 1L of aquafaba to keep for recipes if needed, if not discard.

-cool, store, label and rotate this item with older product correctly and diligently.</Recipe>
	<Recipe id="P-34842" image="">1)  Make Kecap Manis as per recipe

2)  Combine garlic puree, sambal, kecap manis and lime juice.  Taste for seasoning and label, date, refrigerate.

Allergens:

Soy
Sulphite</Recipe>
	<Recipe id="P-34843" image="">PREP RECIPE
***COOKS AND CHEFS, PLEASE READ THE ENTIRE RECIPE BEFORE BEGINNING- THIS IS A RECOMMENDED STEP WITH EVERY PRODUCT WE EVER PRODUCE- THANK YOU***

Related Products this prep gets used in:

Allergens: (to be filled out by nutrition)
Method:
1. Combine soy sauce and brown sugar.  Simmer until liquid becomes syrupy (needs to thicken). 

cool product, label it and store it, rotated this item with older product correctly and diligently
Portioning:

Utensils needed:</Recipe>
	<Recipe id="P-34880" image="">1)  Blend the hell out of it.

2)  Label, date, refrigerate.</Recipe>
	<Recipe id="P-35245" image=""/>
	<Recipe id="P-35689" image="">1)  Rinse sorghum grain VERY THROUGHLY!!! in china cap strainer and water.  You can make this easy by putting the strainer in a large soup pot and running the water over the sorghum until the water runs clear from the pot.

2)  Add water to rinsed sorghum and bring to a rapid simmer over medium high heat.  Stir every once in a while to make sure it isn&apos;t sticking to the pot.

3)  When the water comes to a rapid simmer, cover with aluminium and turn to very low heat.  Sorghum will take about 30-40 minutes to cook.  When Sorghum is finished it will have a pleasant, chewy consistency.

4)  Rinse under cold water until cool and store in appropriate vessel.  Label, Date, Refrigerate.</Recipe>
	<Recipe id="P-35691" image="">***COOKS AND CHEFS, PLEASE READ THE ENTIRE RECIPE BEFORE BEGINNING- THIS IS A RECOMMENDED STEP WITH EVERY PRODUCT WE EVER PRODUCE- THANK YOU***

Related Products this prep gets used in:

Allergens: (to be filled out by nutrition)
Method:

1. wet nuts
2. toss in sweet stuff
3. roast&apos;m golden brown

-cool, store, label and rotated this item with older product correctly and diligently 

Portioning:

Utensils needed:
</Recipe>
	<Recipe id="P-35787" image="">PREP RECIPE
***COOKS AND CHEFS, PLEASE READ THE ENTIRE RECIPE BEFORE BEGINNING- THIS IS A RECOMMENDED STEP WITH EVERY PRODUCT WE PRODUCE- THANK YOU***

Related Products this prep is used in:

Allergens: (to be filled out by nutrition)
Method:
1.  Combine all well.

Label and store.
Rotate this item with older product.
Portioning:

Utensils needed:</Recipe>
	<Recipe id="P-36061" image="">1)  Put cous-cous in hotel pan.

2)  Bring water to a simmer.  Put over cous-cous and cover until cous-cous has absorbed all the water (5-10 minutes).  Fluff with a fork until tghere are no lumps and put on baking sheet to cool.

3)  When cous-cous is cool, combine with green onion, parsley, green and red pepper and viniagrette.  Taste for seasoning.
</Recipe>
	<Recipe id="P-38556" image="">1) Either by hand or using the Robocoupe 1/4&quot; dice attachment (if your not sure how to set up or properly use this machine please ask for assistance) dice onion to 1/4&quot; size.

2) Label, date, refrigerate.</Recipe>
	<Recipe id="P-39627" image="">1)  Preheat oven to 225*F.  Cover pork butt in ubc house rub.  

2)  Place pork butt on roasting racks and place in oven.  Cook until pork in tender and easily shredded, about 5-7 hours.

3)  Shred and discard fatty bits.  Mix well with BBQ sauce.  Place in appropriate containers and label, date, refrigerate.
</Recipe>
	<Recipe id="P-41466" image="">1. Combine all ingredients in your pot

2. Turn to a low heat, avoid boiling!!!

3. Once it comes to a low simmer, turn down so that it barely bubbles and leave on the stove for about and hour or until the garlic fully developes flavor and tastes a bit sweet.

4. Once done, turn off and take off the burner let cool down before downsizing into your 16L Cambro.</Recipe>
	<Recipe id="P-41468" image="">***COOKS AND CHEFS, PLEASE READ THE ENTIRE RECIPE BEFORE BEGINNING- THIS IS A RECOMMENDED STEP WITH EVERY PRODUCT WE EVER PRODUCE- THANK YOU***
Related Products this prep gets used in:
pickle|onion red

Allergens: 
Method:

1.  Combine and boil to dissolve sugar and bring flavours out of spices and seasonings. 

2. Strain liquid before pouring over ingredient to be pickled and allow time to work its magic.

-cool, store, label and rotate this item with older product correctly and diligently.

Portioning:</Recipe>
	<Recipe id="P-41547" image="">***COOKS AND CHEFS, PLEASE READ THE ENTIRE RECIPE BEFORE BEGINNING- THIS IS A RECOMMENDED STEP WITH EVERY PRODUCT WE EVER PRODUCE- THANK YOU***
Related Products this prep gets used in:

Allergens: 
Method:

1. Soak Tomatillos in warm water for 5-10 minutes.

2. Take off all of the tomatillos outer jackets.

Pre-Oven:
- Ready 2 Deep Hotel Pans for Ingredients
- Half all Tomatillos to ready them for roasting
- Cut Onions
- Add Garlic Whole
- Half Jalapenos and Serranos, Remove Stems
- Set Aside All Remaining Ingredients
- Oil and Salt Ingredients in Hotel Pans

Oven:
- Roast for up to 30-40 minutes at 375F or until caramelized
- add water and cook for another 60-90 minutes
   - Stir Occasionally to circulate caramelized top!
- Remove and Cool!
   - Cooling this is key to its colour. If remaining ingredients are added (namely cilantro) to a warm sauce before blending, the green will turn to brown.

Post-Cooling:
- Add 6 of the 8 Bunches of the cilantro to the mixture, and blend with the Large Hand Blender / Immersion Blender. Take 3 Cups of the mixture, and add the remaining 2 bunches of cilantro to the Vitamix. Blend in the Vitamix until it is a uniform deep green mixture. Add to the remaining mixture. 
- Continuing with the Large Hand Blender / Immersion Blender, lime juice, and salt to taste.



-cool, store, label and rotate this item with older product correctly and diligently.

Portioning:</Recipe>
	<Recipe id="P-41548" image="">Preps:
- De-stem Chilis (20 Minutes)
- Cut Onions (4 Minutes)
- Half Tomatoes (10 Minutes)
- Combine Water, Vinegar and chilli&apos;s mixture: reserve for later...

***COOKS AND CHEFS, PLEASE READ THE ENTIRE RECIPE BEFORE BEGINNING- THIS IS A RECOMMENDED STEP WITH EVERY PRODUCT WE EVER PRODUCE- THANK YOU***
Related Products this prep gets used in:

Allergens: 
Method:

Pre-Oven
- Place Remaining Ingredients in 2 Deep Hotel Pans
- Oil, Salt - Toss (10 Minutes)
- Roast in Convection Oven at 400F for 1.5 Hours
- Stir Occasionally (Top will Caramelize)
- Add Water If Necessary

Post-Oven
- Add Remaining Ingredients: H20 / Vinegar
- Blend Thoroughly In Vitamix (30 Minutes)
- Season w/ Salt to taste
- Add Vinegar

Post-Processing
- Cool Down, and let Rest overnight.
- Vaccuum Pack in 2L Bags
- Label/Date &amp; Freeze for future use...

-cool, store, label and rotate this item with older product correctly and diligently.

Portioning:

Utensils needed:</Recipe>
	<Recipe id="P-41551" image="">- Roast all Chilis at 400F
   - Place Each Chili on SEPARATE Oven Pan
      - Anchos will be done first...
      - Guajillos will be done around the same time...
      - Chipotle will need more time - roast until almost black...

- SEED ALL CHILIS ONCE THEY&apos;VE COOLED DOWN!
   - Break them open and shake out the seeds.
   - Keep as much of the &quot;flesh&quot; as possible.

- IN THE VITAMIX:
   - Blitz the remaining &quot;flesh&quot; into a powder.
   - Add Oil, Sugar, Salt, and Lime Juice
   - Using Hand Blender / Immersion Blender to Mix

- Date / Label  &amp; Store!</Recipe>
	<Recipe id="P-41572" image="">***COOKS AND CHEFS, PLEASE READ THE ENTIRE RECIPE BEFORE BEGINNING- THIS IS A RECOMMENDED STEP WITH EVERY PRODUCT WE EVER PRODUCE- THANK YOU***
Related Products this prep gets used in:

Allergens: 
Method:

1. Mix well

-store, label and rotate this item with older product correctly and diligently.

Portioning:

Utensils needed:
</Recipe>
	<Recipe id="P-41573" image="">***COOKS AND CHEFS, PLEASE READ THE ENTIRE RECIPE BEFORE BEGINNING- THIS IS A RECOMMENDED STEP WITH EVERY PRODUCT WE EVER PRODUCE- THANK YOU***
Related Products this prep gets used in:

Allergens: 
Method:

1. Steam rice.

2. Once rice is out of the steamer add all ingredients - oil, lime juice &amp; spice mix - into the rice in a big mixing bowl, and mix until incorporated.

3. When adding the Rice Spice - you are SEASONING TO TASTE. The Rice Spice mixture has salt in it. Mix it in until you can taste the salt, and the spice will be perfect!

-cool, store, label and rotate this item with older product correctly and diligently.

Portioning:</Recipe>
	<Recipe id="P-41574" image="">***COOKS AND CHEFS, PLEASE READ THE ENTIRE RECIPE BEFORE BEGINNING- THIS IS A RECOMMENDED STEP WITH EVERY PRODUCT WE EVER PRODUCE- THANK YOU***
Related Products this prep gets used in:

Allergens: 
Method:

1. PRE-SOAK Beans overnight!
   - 2 X 20L CAMBRO Containers
   - HALF of the Beans in Each
   - Filled with 12L of Water Each

2. Drain beans from their hydration liquid. Your cooking water should be different from your soaking water.

3. Using the small steam kettle, cook beans slowly in 20 extra liters of water. They should be good to start at 250F.

4. Cook the beans until they are soft, but not decomposing. During the cooking process it is important to skim off the foamy protein that will accumulate at the surface of the cooking beans&apos; water - this, if unchecked, will lead to a poor bitter taste and a lesser shelf life for the beans themselves.

5. While the beans are cooking, saute your onions in oil, until dark brown. Caramelize them as far as they will go, and then add cumin and garlic. Saute cumin and garlic for 5 minutes, and then take off heat.

6. Turn off steam kettle when the beans are cooked, and let beans sit. Take 4L of the cooking water, and set aside.

7. Drain beans, and then transfer them into a neutral container greater than 40L in volume. Get the large Immersion Blender.

8. Add the onion mixture with the garlic and cumin, as well as half of the salt, and half of the brown sugar. The remaining halves - set aside, and use to SEASON TO TASTE. 

9. With the Immersion Blender, blend about 4L of the bean mixture into a puree - and then add back into the rest of the beans, and mix. Add reserve liquid from the cooking, until you get - not a soup - beans with a puree of more beans.

-cool, store, label and rotate this item with older product correctly and diligently.</Recipe>
	<Recipe id="P-41751" image="">***COOKS AND CHEFS, PLEASE READ THE ENTIRE RECIPE BEFORE BEGINNING- THIS IS A RECOMMENDED STEP WITH EVERY PRODUCT WE EVER PRODUCE- THANK YOU***
Related Products this prep gets used in:

Allergens: 
Method:

1. Combine in the indicated proportions and mix.

-cool, store, label and rotate this item with older product correctly and diligently.

Portioning:</Recipe>
	<Recipe id="P-42355" image="">THE RECIPE IS A PREP,  an in house made ingredient recipe

***COOKS AND CHEFS, PLEASE READ THE ENTIRE RECIPE BEFORE BEGINNING- THIS IS A RECOMMENDED STEP WITH EVERY PRODUCT WE EVER PRODUCE- THANK YOU***
Related Products this prep gets used in:

Allergens: 
Method:

1. Open 2.8L cans of pineapple.

2. Drain Liquid - KEEP ON THE SIDE!

3. In the convection oven - at 400 Degrees (F) - roast the drained pineapple for 10 Minutes, or until darkening and caramelizing on the outside.

4. Remove from oven, and let sit until they&apos;ve reached room temperature...

*IN THE MEANTIME*

5. Set up the Vitamix!

*THEN*

6. In batches (4-5), begin mixing the lime juice, the drained pineapple juice from the cans, salt &amp; coriander - letting the Vitamix do its job until the mixture is at a fine puree! 

-cool, store, label and rotate this item with older product correctly and diligently.</Recipe>
	<Recipe id="P-42364" image="">***COOKS AND CHEFS, PLEASE READ THE ENTIRE RECIPE BEFORE BEGINNING- THIS IS A RECOMMENDED STEP WITH EVERY PRODUCT WE EVER PRODUCE- THANK YOU***
Related Products this prep gets used in:

Allergens: 
Method:

1. Combine and mix.

-cool, store, label and rotate this item with older product correctly and diligently.

Portioning:</Recipe>
	<Recipe id="P-42412" image="">

- Using the Vitamix, take 1 can of Chipotle Peppers (In Adobo) and blitz them into a fine puree with this recipe&apos;s Lime Juice.

- Fold into Sour Cream and add Salt.

Label/Date/Store!</Recipe>
	<Recipe id="P-42425" image="">***COOKS AND CHEFS, PLEASE READ THE ENTIRE RECIPE BEFORE BEGINNING- THIS IS A RECOMMENDED STEP WITH EVERY PRODUCT WE EVER PRODUCE- THANK YOU***
Johnny

Related Products this prep gets used in:

Allergens: (to be filled out by nutrition)

Method:
1. Gather All Ingredients and tools
2. Slice cucumber to 1/8 thinkness
3.  

-cool, store, label and rotated this item with older product correctly and diligently 

Portioning:

Utensils needed: robocoupe
</Recipe>
	<Recipe id="P-43346" image="">ALLERGENS: N/A

Prep:

- THIS RECIPE IS A TOUGHT ONE; CRISPY SHALLOTS ARE AN ART FORM. PLEASE FOLLOW INSTRUCTIONS CAREFULLY, AND GET CHEF TO DO THIS WITH YOU ONCE BEFORE TRYING IT ON YOUR OWN.

- Mandoline Shallots into thin rings - Approx. 2mm.

- Created a Salt/Water Brine at 10% salt (100g Salt: 1000ml Water). Soak mandolined Shallots in Brine for 10 minutes. Rinse once with clean water, and let rest for 20 minutes.

- At 325-350F, fry Shallots until golden. Shallots will continue cooking once you take them out - and set them on a tray lined with paper towel. IMPORTANT: as soon as you take the Shallots out of the fryer, and onto their blotting surface of paper towel, you will need to move them around so that they don&apos;t clump up and form balls or nests (which, once dried, will not come apart easy). THIS IS VERY IMPORTANT TO GETTING A GOOD PRODUCT.

- Any questions (especially with this recipe, as the yield is low), PLEASE ASK CHEF! 

</Recipe>
	<Recipe id="P-43440" image="">1) Ether by hand or using the Robocope 1/4&quot; dice attachment (if your not sure how to set up or properly use this machien please ask for assistance) dice onion to 1/4&quot; size.

2) Label, date, refrigerate.</Recipe>
	<Recipe id="R-43580" image="">SEQUENCE:

1. Tortilla!
2. Rice
3. Pico De Gallo
4. Cabbage Mix
5. Chipotle Sour Cream
6. Beef
7. Chimmi Churri
8. Mozzarella

Roll!

As a general rule, it is best to put sauces on the Burrito right after the Rice &amp; Beans stage. If you put the sauces on last, or at the top (facing the customer) of the Burrito - it will be a mess when you go to roll it. It&apos;s a good technique to put Cabbage, Cheese, or Arugula at the top of the Burrito (facing the customer) before rolling it, as this will keep your hands clean, and help you save on glove waste!

</Recipe>
	<Recipe id="P-43581" image="">***COOKS AND CHEFS, PLEASE READ THE ENTIRE RECIPE BEFORE BEGINNING- THIS IS A RECOMMENDED STEP WITH EVERY PRODUCT WE EVER PRODUCE- THANK YOU***


Related Products this prep gets used in:

Allergens: (to be filled out by nutrition)
Method:
1. Zest and juice limes

2. Process in robo coup to &apos;smooth&apos; without over heating and browning herbs 

3. Cool, store, label and rotated this item with older product correctly and diligently 

Portioning:

Utensils needed:

</Recipe>
	<Recipe id="P-43583" image="">***COOKS AND CHEFS, PLEASE READ THE ENTIRE RECIPE BEFORE BEGINNING- THIS IS A RECOMMENDED STEP WITH EVERY PRODUCT WE EVER PRODUCE- THANK YOU***
Related Products this prep gets used in:

*NOTE THE GHOST OIL IN THIS RECIPE IS FOR NUTRITION EVALUATION PURPOSES, THIS IS THE FRYER OIL, WE ARE NOT ADDING OIL TO THE FINISHED PRODUCT*

Allergens: 
Method:

1. -THIS RECIPE IS A TOUGHT ONE; CRISPY SHALLOTS ARE AN ART FORM. PLEASE FOLLOW INSTRUCTIONS CAREFULLY, AND GET CHEF TO DO THIS WITH YOU ONCE BEFORE TRYING IT ON YOUR OWN.

2. Mandoline Shallots into thin rings - Approx. 2mm.

3. Created a Salt/Water Brine at 10% salt (100g Salt: 1000ml Water). Soak mandolined Shallots in Brine for 10 minutes. Rinse once with clean water, and let rest for 20 minutes.

4. At 325-350F, fry Shallots until golden. Shallots will continue cooking once you take them out - and set them on a tray lined with paper towel. IMPORTANT: as soon as you take the Shallots out of the fryer, and onto their blotting surface of paper towel, you will need to move them around so that they don&apos;t clump up and form balls or nests (which, once dried, will not come apart easy). THIS IS VERY IMPORTANT TO GETTING A GOOD PRODUCT.

-cool, store, label and rotate this item with older product correctly and diligently.

Portioning:</Recipe>
	<Recipe id="P-43584" image="">***COOKS AND CHEFS, PLEASE READ THE ENTIRE RECIPE BEFORE BEGINNING- THIS IS A RECOMMENDED STEP WITH EVERY PRODUCT WE EVER PRODUCE- THANK YOU***
Related Products this prep gets used in:

Allergens: 
Method:

1. Combine and mix

-cool, store, label and rotate this item with older product correctly and diligently.

Portioning:

</Recipe>
	<Recipe id="R-43587" image="">SEQUENCE!

1. Tortilla!
2. Rice
3. Beans
4. Black Chili Mayo
5. Chicken
6. Pico De Gallo
7. Serrano Peppers 
8. Cabbage Mix

Roll!

Note: SEQUENCE IS IMPORTANT!

As a general rule, it is best to put sauces on the Burrito right after the Rice &amp; Beans stage. If you put the sauces on last, or at the top (facing the customer) of the Burrito - it will be a mess when you go to roll it. It&apos;s a good technique to put Cabbage, Cheese, or Arugula at the top of the Burrito (facing the customer) before rolling it, as this will keep your hands clean, and help you save on glove waste!</Recipe>
	<Recipe id="R-44303" image="">SEQUENCE:

1. Tortilla
2. Rice
3. Beans
4. Sriracha Sour Cream
5. Pulled Pork
6. Pineapple &quot;Sauce&quot;
7. Roja 
8.Cabbage Mix
9.. Crispy Shallots

Roll!

Note: as a general rule, it is best to put sauces on the Burrito right after the rice &amp; beans stage. If you put the sauces on last, or at the top (facing the customer) of the burrito - it will be a mess when you go to roll it.  It&apos;s a good technuique to put the cabbage, cheese, or arugula at the top of the burrito (facing the customer) before rolling it, as this will keep your hands clean, and help you save on glove waste. 

</Recipe>
	<Recipe id="R-44316" image="">SEQUENCE:

1. Tortilla
2. Rice
3. Salsa Verde
4. Guacamole
5. Arugula
6. Feta
7. Crispy Shallots

Roll!

Note: as a general rule, it is best to put sauces on the Burrito right after the rice stage. If you put the sauces on last, or at the top (facing the customer) of the burrito - it will be a mess when you go to roll it.  It&apos;s a good technuique to put the cabbage, cheese, or arugula at the top of the burrito (facing the customer) before rolling it, as this will keep your hands clean, and help you save on glove waste. 

</Recipe>
	<Recipe id="P-44331" image="">***COOKS AND CHEFS, PLEASE READ THE ENTIRE RECIPE BEFORE BEGINNING- THIS IS A RECOMMENDED STEP WITH EVERY PRODUCT WE EVER PRODUCE- THANK YOU***
Johnny

Related Products this prep gets used in:

Allergens: (to be filled out by nutrition)

Method:
1. Gather All Ingredients and tools
2. Spread the brocoll evenlly on perforated pans
3. Steam untill aldente (4 min)

-cool, store, label and rotated this item with older product correctly and diligently 

Portioning:

Utensils needed: Steamer, perforated hotel pans 2&quot;
</Recipe>
	<Recipe id="P-44335" image="">
- Drain Cannelini Beans. The Yield on these beans has been calculated in this recipe - roughly the loss of over a Kilogram in &quot;Aqua Fava&quot;. A quick rinse is valued, but not entirely necessary. 

- Half all Grape Tomatoes. You will notice in this recipe that 5 LBS is the measured amount require. This is because each box of Grape Tomatoes that comes in from Freshpoint is 10 LBS - meaning: use half of a box for this recipe. Easy enough?

- Small Dice Red Onions. Saute with Cumin and Cayenne, adding 1 Bag of Frozen Corn and Red Pepper to the mix along the way. Do not roast this Corn in the oven for any reason - its starches develop and it becomes tough texturally. Deglaze this mixture with Apple Cider Vinegar, and season.

- Pick Oregano. Don&apos;t bother picking the Cilantro, as some stem is fine in this recipe. Rough Chop both of these, and reserve to add into the rest of this recipe.

- Label / Date / Store Appropriately...


NOTE: This recipe will last if properly refrigerated for up to 5 days. This is a large batch for this item, since it&apos;s new to the menu and may not sell well depending on diner preferences. Do not make more than this until it&apos;s proven that it will move. Waste not want not!</Recipe>
	<Recipe id="P-44429" image="">1)  Set up robot coupe slicer with 1/4&quot; dice attachment.  If you don&apos;t know how, ask chef or a 1st cook.  

2)  Set up a perforated insert to catch tomato and allow them to drain as they come out of the robot coupe.

3)  Label, date, refrigerate, or reserve for making recipes or service.

Allergens:

No known prioirity allergens.
</Recipe>
	<Recipe id="P-44475" image="">***COOKS AND CHEFS, PLEASE READ THE ENTIRE RECIPE BEFORE BEGINNING- THIS IS A RECOMMENDED STEP WITH EVERY PRODUCT WE EVER PRODUCE- THANK YOU***
Johnny

Related Products this prep gets used in:

Allergens: (to be filled out by nutrition)

Method:

1. Gather All Ingredients and tools
2. Set up robot coupe slicer for 1/8&quot; slicing.  If you don&apos;t know how to set it up, ask Chef or a 1st Cook.
3. Chop the ends off of jalapenos and place in compost bin. Do not remove seeds.  Set up 4&quot; full hotel pan under the chute to catch the sliced jalapenos.
4. On the slowest speed, carfully drop peppers into the feed chute.  Do not mash a whole bunch in there, or else the cuts won&apos;t come out even.
5.  Repeat until production is done for the day.  Label, date, refrigerate, or hold cold for service.

-cool, store, label and rotated this item with older product correctly and diligently 

Portioning:

Utensils needed:
</Recipe>
	<Recipe id="P-44728" image="">***COOKS AND CHEFS, PLEASE READ THE ENTIRE RECIPE BEFORE BEGINNING- THIS IS A RECOMMENDED STEP WITH EVERY PRODUCT WE EVER PRODUCE- THANK YOU***

Johnny

Products related to this Prep recipe:

Allergens: (To be filled out by nutrition)

Method:

1.gather igredients
2.chop leaves 
3.wash and dry
4.label and fridge

-cool, store, label and rotated this item with older product correctly and diligently 

Portioning:

Utensils needed:
</Recipe>
	<Recipe id="P-46546" image="">***COOKS AND CHEFS, PLEASE READ THE ENTIRE RECIPE BEFORE BEGINNING- THIS IS A RECOMMENDED STEP WI Johnny
TH EVERY PRODUCT WE EVER PRODUCE- THANK YOU***

Related Products this prep gets used in:

Allergens: (to be filled out by nutrition)
Method:
1. Drain the cheese
2. Crumble with your hands into small piece
3.
-cool, store, label and rotated this item with older product correctly and diligently 

Portioning:

Utensils needed:
</Recipe>
	<Recipe id="P-48933" image="">***COOKS AND CHEFS, PLEASE READ THE ENTIRE RECIPE BEFORE BEGINNING- THIS IS A RECOMMENDED STEP WITH EVERY PRODUCT WE EVER PRODUCE- THANK YOU***

Johnny

Related Products this prep gets used in:

Allergens: (to be filled out by nutrition)

Method:
1. Gather All Ingredients and tools
2. Trim the ends and/or rotten pieces
3. 
 
-cool, store, label and rotated this item with older product correctly and diligently 

Portioning:

Utensils needed:Cutting board, knife, insert
</Recipe>
	<Recipe id="P-50386" image="">PREP RECIPE
***COOKS AND CHEFS, PLEASE READ THE ENTIRE RECIPE BEFORE BEGINNING- THIS IS A RECOMMENDED STEP WITH EVERY PRODUCT WE PRODUCE- THANK YOU***

Related Products this prep is used in:

Method:
1.Combine all ingredients.

Label and store.
Rotate this item with older product.</Recipe>
	<Recipe id="P-50495" image="">Mixed in a cold water before used. </Recipe>
	<Recipe id="P-50565" image=""/>
	<Recipe id="P-50587" image="">***COOKS AND CHEFS, PLEASE READ THE ENTIRE RECIPE BEFORE BEGINNING- THIS IS A RECOMMENDED STEP WITH EVERY PRODUCT WE EVER PRODUCE- THANK YOU***
Amanda

Related Products this prep gets used in:

Allergens: (to be filled out by nutrition)

Method:

1. Gather all ingredients and tools

2. core out stem 

3. Quarter tomato, remove soft flesh and seeds, reserve for other uses.

4. Small Dice tomatoes for recipes.

*Cool, store, label and rotate this item with older product correctly and diligently </Recipe>
	<Recipe id="P-50601" image="">For stocks - save all your parsley, leek, green onion and cilantro ends!!!!!!

1. Sautee onion, garlic and leek. Cook out for 5 minuts untill soft. 

2. Add carrot, celery and the spices and sautee for a few more minutes.

3. Add water and bring to a boil, turn down to a low simmer and let it ride for 45 minutes. 

4. Turn off the burner and throw in the parsley and leek ends and let the stock sit for another 30 minutes with the heat off.

5. Strain, downsize and cool down.
</Recipe>
	<Recipe id="P-50781" image="">***COOKS AND CHEFS, PLEASE READ THE ENTIRE RECIPE BEFORE BEGINNING- THIS IS A RECOMMENDED STEP WITH EVERY PRODUCT WE EVER PRODUCE- THANK YOU***
Amanda

Related Products this prep gets used in:

Allergens: (to be filled out by nutrition)
Method:

1.Remove the thickest parts of the stems 

2. Using a sharp knife, lightly roll the Basil together in a bundle and slice through (chiffinade) continue this until basil desired size/texture. *Always use a slicing mottion rather than a chopping motion on soft herbs to prevent bruising.

3. Store in an apropriate size insert/cambro with a pice of paper towel at the bottom to wick away any moisture.

*Cool, store, label and rotated this item with older product correctly and diligently 


</Recipe>
	<Recipe id="P-50795" image="">1. Thaw Corn. 
2. Saute onion. Add corn and spices. Salt if needed..</Recipe>
	<Recipe id="P-50801" image="">1.In a 350F pre-heated oven.
2. Lay flat pumpkin seeds on a sheet pan.
3.Roast pumkin seeds for 5-8minutes or until turns a bit brown but not burnt.
4. Take it off from oven.
5. Let it cool and transfer to a dry container.
6. Store in a dry place until needed.</Recipe>
	<Recipe id="P-50826" image="">1. Mix sour cream and water.
2. Put in a squeeze bottle. 
3. Store in fridge until needed.</Recipe>
	<Recipe id="P-50966" image="">Template to Cut + Paste into OC Preps:

***COOKS AND CHEFS, PLEASE READ THE ENTIRE RECIPE BEFORE BEGINNING- THIS IS A RECOMMENDED STEP WITH EVERY PRODUCT WE EVER PRODUCE- THANK YOU***
johnny

Related Products this prep gets used in:

Allergens: (to be filled out by nutrition)
Method:
1.Wash Tomato in cold water
2.Cut in half Lenght wise
3.Container label fridge
-cool, store, label and rotated this item with older product correctly and diligently 

Portioning:

Utensils needed:
knife, cutting board, storage container
</Recipe>
	<Recipe id="P-50985" image="">***COOKS AND CHEFS, PLEASE READ THE ENTIRE RECIPE BEFORE BEGINNING- THIS IS A RECOMMENDED STEP WITH EVERY PRODUCT WE EVER PRODUCE- THANK YOU***

Related Products this prep gets used in:

Allergens: (to be filled out by nutrition)
Method:
 
1. Blend all spices in vitamix/spice grinder. Reserve beef.

2. Rub beef with spice mix thouroughly to marinate.

3. Portion into 90 gram.

4. For service. cook 30-45 seconds, flip over cook an additional 30-45 seconds.

*Cool, store, label and rotate this item with older product correctly and diligently 
</Recipe>
	<Recipe id="P-51214" image="">***COOKS AND CHEFS, PLEASE READ THE ENTIRE RECIPE BEFORE BEGINNING- THIS IS A RECOMMENDED STEP WITH EVERY PRODUCT WE EVER PRODUCE- THANK YOU***
Related Products this prep gets used in:

Allergens: 
Method:

1. Combine and rub chicken.

2. Bake/Roast chicken until chicken is cooked through. 

-cool, store, label and rotate this item with older product correctly and diligently.

Portioning:</Recipe>
	<Recipe id="R-51217" image="">
PRODUCT RECIPE

Prep all of the prep recipes in advance.

Layer all of  the ingredients in a tortilla wrap in the proportions indicated.

Wrap up tightly.</Recipe>
	<Recipe id="P-51535" image=""/>
	<Recipe id="P-51536" image="">***COOKS AND CHEFS, PLEASE READ THE ENTIRE RECIPE BEFORE BEGINNING- THIS IS A RECOMMENDED STEP WITH EVERY PRODUCT WE EVER PRODUCE- THANK YOU***
Amanda

Related Products this prep gets used in:

Allergens: (to be filled out by nutrition)
Method:

1. Pick leaves from thick parts of stem. Discard stems

2. Using a sharp chef knife lightly roll leaves together and using a slicing motion run knife thru the oregano until desired texture achived (course or fine)

3. Always use a slicing motion when chopping soft herbs to prevent bruising.

4. Store in aproptiate insert/cambro with a piece of paper towel at the bottom to wick away any moisture.

*Cool, store, label and rotate this item with older product correctly and diligently 

</Recipe>
	<Recipe id="P-51540" image="">THE RECIPE IS A PREP,  an in house made ingredient recipe
***COOKS AND CHEFS, PLEASE READ THE ENTIRE RECIPE BEFORE BEGINNING- THIS IS A RECOMMENDED STEP WITH EVERY PRODUCT WE EVER PRODUCE- THANK YOU***
johnny

Related Products this prep gets used in:

Allergens: (to be filled out by nutrition)
Method:
1. Simmer soaked beans in veg stock until tender (but fully cooked)
2. tray cooked beans out to cool down and place on rack and roll, beign sure to fill out cooling log 
3. Once fully cooled: store, label and rotated this item with older product correctly and diligently 

Portioning:

Utensils needed:
</Recipe>
	<Recipe id="P-52043" image="">Method:

Lay out almonds on a sheet pan in a layer not exceeding half and inch 

Bake in a 325 oven, shaking or stirring every 6-7 minutes

Bake for 10-20 minutes or unitl golden brown.

Please use a timer, almonds are expensive and burning them is preventable. </Recipe>
	<Recipe id="P-52943" image="">***COOKS AND CHEFS, PLEASE READ THE ENTIRE RECIPE BEFORE BEGINNING- THIS IS A RECOMMENDED STEP WITH EVERY PRODUCT WE EVER PRODUCE- THANK YOU***
Johnny

Related Products this prep gets used in:
1.BBC|Prawn Taco|POP

Allergens: (to be filled out by nutrition)

Method:
1.Cut neat and tidy leaves and tips into sprigs measuring between 5cm &amp; 7 cm
2.Store on a damp paper towel
3. Label and rotated this item with older product correctly and diligently 

Portioning: 1-2 pieces as a garnish

Utensils needed:
</Recipe>
	<Recipe id="P-53616" image="">***COOKS AND CHEFS, PLEASE READ THE ENTIRE RECIPE BEFORE BEGINNING- THIS IS A RECOMMENDED STEP WITH EVERY PRODUCT WE EVER PRODUCE- THANK YOU***
Johnny

Related Products this prep gets used in:

Allergens: (to be filled out by nutrition)

Method:

1. Gather all ingredients and tools
2. Cut Stem and seed off of pepper
3. cut into Small dice, lightly bigger than brunoise

-cool, store, label and rotated this item with older product correctly and diligently 

Portioning: 
</Recipe>
	<Recipe id="P-53745" image="">***COOKS AND CHEFS, PLEASE READ THE ENTIRE RECIPE BEFORE BEGINNING- THIS IS A RECOMMENDED STEP WITH EVERY PRODUCT WE EVER PRODUCE- THANK YOU***
Johnny

Related Products this prep gets used in:

Allergens: (to be filled out by nutrition)

Method:

1. Gather all ingredients and tools
2. Cut stem off
3. Give a rough chop and keep the seeds

-cool, store, label and rotated this item with older product correctly and diligently 

Portioning: 
</Recipe>
	<Recipe id="P-55141" image="">***COOKS AND CHEFS, PLEASE READ THE ENTIRE RECIPE BEFORE BEGINNING- THIS IS A RECOMMENDED STEP WITH EVERY PRODUCT WE EVER PRODUCE- THANK YOU***
Related Products this prep gets used in:

Allergens: 
Method:

1. Ensure corn is defrosted and all excess water removed.

2. In a mixing bowl combine corn, onion, oil, chili powder and salt and pepper and mix evenly.

3. In a 450*F oven cook until corn takes on some dark colour and is slightly caramalized.

-cool, store, label and rotate this item with older product correctly and diligently.

Portioning:

Utensils needed:</Recipe>
	<Recipe id="P-55427" image="">***COOKS AND CHEFS, PLEASE READ THE ENTIRE RECIPE BEFORE BEGINNING- THIS IS A RECOMMENDED STEP WITH EVERY PRODUCT WE EVER PRODUCE- THANK YOU***
Amanda

Related Products this prep gets used in: 

Allergens: (to be filled out by nutrition)
Method:

1. Gather ingredents

2. Remove stem and seeds.

3. cut into apropriate shape/size for recipe.


*Cool, store, label and rotate this item with older product correctly and diligently </Recipe>
	<Recipe id="P-55548" image="">***COOKS AND CHEFS, PLEASE READ THE ENTIRE RECIPE BEFORE BEGINNING- THIS IS A RECOMMENDED STEP WITH EVERY PRODUCT WE EVER PRODUCE- THANK YOU***
Related Products this prep gets used in:

Allergens: 
Method:

1. Cut corn tortillas in thin strips.

2. Fry WITHOUT baskets, and use spider to drain well from oil.

3. Season as soon as tortillas come out of oil as salt will NOT stick once they are cool.

-store, label and rotate this item with older product correctly and diligently.

Portioning:

Utensils needed:
</Recipe>
	<Recipe id="P-56372" image="">***COOKS AND CHEFS, PLEASE READ THE ENTIRE RECIPE BEFORE BEGINNING- THIS IS A RECOMMENDED STEP WITH EVERY PRODUCT WE EVER PRODUCE- THANK YOU***
Amanda

Related Products this prep gets used in: Barne Asada burrito/Bowl

Allergens: (to be filled out by nutrition)

Method:

1.  Combine the orange juice, olive oil, cilantro, lime juice, lemon juice, white wine vinegar, cumin, salt, black pepper, jalapeno, and garlic in a large mixing bowl and whisk together until it is well blended.
Reserve 250ml of the marinade. Set aside.

 2. Combine the remaining marinade and steak in a large covered insert. Refrigerate the steak in the marinade for at least 2 hours, or overnight.
 
3.  Preheat your grill to high heat,  Make sure the grill is hot before you start to cook the meat.
 
4. Remove the steak from the marinade and pat dry. Discard any leftover marinade.

5.  Add the steak to the preheated grill and cook for 6 to 8 minutes per side, or until you’ve reached your desired doneness. Note that flank steak, it tastes best when it is cooked to medium-rare because it’s a lean cut of steak. Use an instant read meat thermometer to check the temperature for accuracy.
 
6. Remove the steak from the heat and let it rest for 10 minutes. Giving the steak time to rest is very important!
    Once the steak has had time to rest for 10 minutes, thinly slice the steak against the grain and serve it with the 250ml of reserved merinade.

**Please note – the cooking time is estimated! This will depend on how thick the steak is. To check the temperature of your meat, Use an instant read thermometer for accuracy. The health board recommends that steak be cooked to an internal temperature of 145F

*Cool, store, label and rotate this item with older product correctly and diligently 
</Recipe>
	<Recipe id="P-56398" image="">
***COOKS AND CHEFS, PLEASE READ THE ENTIRE RECIPE BEFORE BEGINNING- THIS IS A RECOMMENDED STEP WITH EVERY PRODUCT WE EVER PRODUCE- THANK YOU***

Related Products this prep gets used in:

Allergens: 
Method:

1.Small dice jalapenos and tomatoes. Mince cilantro.

2. In a bowl combine all ingredents. Mix well keeping chunks visible in the mixture. Check for seasoning.

3. Ready to use or store in apropriate size cambro with serano wrap directly contacting the surface of the guac as well as a lid on the container (to stop oxidization)

LABEL/DATE/REFRIGERATE</Recipe>
	<Recipe id="P-56399" image="">***COOKS AND CHEFS, PLEASE READ THE ENTIRE RECIPE BEFORE BEGINNING- THIS IS A RECOMMENDED STEP WITH EVERY PRODUCT WE EVER PRODUCE- THANK YOU***
Amanda

Related Products this prep gets used in: SIDES/BURRITO BOWLS

Allergens: (to be filled out by nutrition)
Method:

1. Put Rice, Water and salt into hotel pan stir to evenly disperse salt and to ensure all grains of rice have been covered by water.

2. Wrap tightly with a piece of plastic wrap first and then a piece of aluminum foil, ensure all sides are wrapped tight around sides of hotel pan.

3. Place in steamer for 35-40 minutes.

4. Once rice is cooked mix in remaining ingredients; cilantro and lime zest and juice. Check for seasoning.
serve immediately or cool thoroughly before placing in appropriate container.

HOT HOLD/SERVE

*Cool, store, label and rotate this item with older product correctly and diligently 
</Recipe>
	<Recipe id="P-56422" image="">***COOKS AND CHEFS, PLEASE READ THE ENTIRE RECIPE BEFORE BEGINNING- THIS IS A RECOMMENDED STEP WITH EVERY PRODUCT WE EVER PRODUCE- THANK YOU***
Amanda

Related Products this prep gets used in:
BNO|Chicken Fajita Bowl
BNO|Carne Asada

Allergens: (to be filled out by nutrition)
Method:

1. Gather all ingredents.

2. Julienne peppers and onions.

3. In a large rondeau, heat oil till smoke point.

4. Once pan is very hot, add peppers and onion, they should start to sizzle right away. Sautee off 1-2 minutes.

5. Add spices and stir to evenly distribute and coat veg in the spices. saute 1-2 more minutes (veg should be tender but still retain some firmness.

6. Deglaze with lime juice. cook out 1 minute and remove from heat.

HOT HOLD/SERVE IMMEDIATELY
 
*Cool, store, label and rotate this item with older product correctly and diligently </Recipe>
	<Recipe id="P-56631" image="">PREP RECIPE
***COOKS AND CHEFS, PLEASE READ THE ENTIRE RECIPE BEFORE BEGINNING- THIS IS A RECOMMENDED STEP WITH EVERY PRODUCT WE PRODUCE- THANK YOU***

Related Products this prep is used in:

Allergens: (to be filled out by nutrition)
Method:
1. Use a vitamix to make this sauce. It is essential that you use a blender strong enough to puree the cashews in the sauce so it is not grainy.  If you do not have a vitamix, pre soak the cashews in hot water for a minimum of 1 hr before making the sauce. 
2. Place all ingredients in the vitamix, puree until smooth

3. Adjust consistency with water until desired consistencty is reached.

4. Adjust seasoning - acid (tamarind), heat(sambal), sweet(sugar), salt(veg fish sauce) to desired taste.

Cool, label and store.
Rotate this item with older product.
Portioning:

Utensils needed:</Recipe>
	<Recipe id="P-56645" image="">
***COOKS AND CHEFS, PLEASE READ THE ENTIRE RECIPE BEFORE BEGINNING- THIS IS A RECOMMENDED STEP WITH EVERY PRODUCT WE EVER PRODUCE- THANK YOU***
johnny

Related Products this prep gets used in:
ham hock cassolet
beans on toast
braised bean bun

Allergens: (to be filled out by nutrition)
Method:
1. soak beans for XXX hours 
2. drain beans, Rinse under cold water and move to an insert with drain helf in it
3. Store up to 2 days before cooking
4. label and rotated this item with older product correctly and diligently 

Portioning:

Utensils needed:
</Recipe>
	<Recipe id="R-56873" image="">***COOKS AND CHEFS, PLEASE READ THE ENTIRE RECIPE BEFORE BEGINNING- THIS IS A RECOMMENDED STEP WITH EVERY PRODUCT WE EVER PRODUCE- THANK YOU***
Amanda

Related Products this prep gets used in: 
Allergens: (to be filled out by nutrition)
Method:

1. 


*Cool, store, label and rotate this item with older product correctly and diligently
</Recipe>
	<Recipe id="P-57143" image="">***COOKS AND CHEFS, PLEASE READ THE ENTIRE RECIPE BEFORE BEGINNING- THIS IS A RECOMMENDED STEP WITH EVERY PRODUCT WE EVER PRODUCE- THANK YOU***
Amanda

Related Products this prep gets used in:

Allergens: (to be filled out by nutrition)

Method:

1. Gather all ingredients and tools
2. Cut stem off
3. mince and discard the seeds

*Cool, store, label and rotate this item with older product correctly and diligently 


</Recipe>
	<Recipe id="P-57145" image="">***COOKS AND CHEFS, PLEASE READ THE ENTIRE RECIPE BEFORE BEGINNING- THIS IS A RECOMMENDED STEP WITH EVERY PRODUCT WE EVER PRODUCE- THANK YOU***
Amanda

Related Products this prep gets used in: 

Allergens: (to be filled out by nutrition)
Method:

1. Gather ingredents

2. Remove stem/core/seeds. discard

3. Cut into apropriate size/shape for recipe use

*Cool, store, label and rotate this item with older product correctly and diligently </Recipe>
	<Recipe id="P-57146" image="">***COOKS AND CHEFS, PLEASE READ THE ENTIRE RECIPE BEFORE BEGINNING- THIS IS A RECOMMENDED STEP WITH EVERY PRODUCT WE EVER PRODUCE- THANK YOU***
Amanda

Related Products this prep gets used in: 

Allergens: (to be filled out by nutrition)
Method:

1. Gather inredents.

2. Remove stem/core/seeds. discard

3. Cut into apropriate shape/size for recipe use


*Cool, store, label and rotate this item with older product correctly and diligently </Recipe>
	<Recipe id="R-57179" image="">***COOKS AND CHEFS, PLEASE READ THE ENTIRE RECIPE BEFORE BEGINNING- THIS IS A RECOMMENDED STEP WITH EVERY PRODUCT WE EVER PRODUCE- THANK YOU***


Preps used in this Product recipe:
BNO|Fajita Veg
GRL|Chicken Thigh

Method:

1. Place rice at the bottom of the bowl

2. Place all other items around the bowl in neat piles 

3. Garnish with Pico and serve with tortillas strips on the top.

</Recipe>
	<Recipe id="P-59591" image="">***COOKS AND CHEFS, PLEASE READ THE ENTIRE RECIPE BEFORE BEGINNING- THIS IS A RECOMMENDED STEP WITH EVERY PRODUCT WE EVER PRODUCE- THANK YOU***
johnny

Related Products this prep gets used in:

Allergens: (to be filled out by nutrition)
Method:
1. de-stem chillis
2. Simmer chilli&apos;s in water 15 minutes and let cool overnight.
2. strain chilis out, reduce liquid by 1/2 and cool
3. Add liquid and chilis (COLD) to vitamix and blend smooth
4. add vinegar and salt
5. cool, store, label and rotated this item with older product correctly and diligently 

Portioning:

Utensils needed:
</Recipe>
	<Recipe id="R-59592" image="">***COOKS AND CHEFS, PLEASE READ THE ENTIRE RECIPE BEFORE BEGINNING- THIS IS A RECOMMENDED STEP WITH EVERY PRODUCT WE EVER PRODUCE- THANK YOU***
Amanda

Preps used in this Product recipe:
BNO|Fajita Veg
GRL|Chicken Thigh

Method:

1. Place rice at the center of tortillia 

2. Place all other items on/around in neat piles 

3. Garnish with Pico 

Portioning:
</Recipe>
	<Recipe id="P-61660" image="">PREP RECIPE
***COOKS AND CHEFS, PLEASE READ THE ENTIRE RECIPE BEFORE BEGINNING- THIS IS A RECOMMENDED STEP WITH EVERY PRODUCT WE PRODUCE- THANK YOU***

Related Products this prep is used in:

Allergens: (to be filled out by nutrition)
Method: 
1. Peel beets.
2. Using mandoline, julienne beets.
3. Rinse in cold water until water runs clear so beets don&apos;t bleed into other foods.

Label and store.
Rotate this item with older product.
Portioning:

Utensils needed:
</Recipe>
	<Recipe id="P-61764" image="">PREP RECIPE
***COOKS AND CHEFS, PLEASE READ THE ENTIRE RECIPE BEFORE BEGINNING- THIS IS A RECOMMENDED STEP WITH EVERY PRODUCT WE PRODUCE- THANK YOU***

Related Products this prep is used in:

Allergens: (to be filled out by nutrition)
Method:
1. Combine well.

Label and store.
Rotate this item with older product.
Portioning:

Utensils needed:
</Recipe>
	<Recipe id="P-67990" image="">PREP RECIPE
***COOKS AND CHEFS, PLEASE READ THE ENTIRE RECIPE BEFORE BEGINNING- THIS IS A RECOMMENDED STEP WITH EVERY PRODUCT WE PRODUCE- THANK YOU***

Related Products this prep is used in:

Allergens: (to be filled out by nutrition)
Method:
1. Carefully seperate dry noodleas without breaking.
2. Without using the baskets drop into 350F deep fryer.
3. They should puff up and be cooked in 5 seconds.
4. Remove with a spider and place on paper towel lined tray to cool.

Cool, label and store.
Rotate this item with older product.
</Recipe>
	<Recipe id="P-67991" image="">PREP RECIPE
***COOKS AND CHEFS, PLEASE READ THE ENTIRE RECIPE BEFORE BEGINNING- THIS IS A RECOMMENDED STEP WITH EVERY PRODUCT WE PRODUCE- THANK YOU***

Related Products this prep is used in:

Allergens: (to be filled out by nutrition)
Method:
1. Mix all ingredients in robot coupe until smooth.
2. You will need to scrape down the sides 1-2 times w/ a spatula.

Label and store.
Rotate this item with older product.
</Recipe>
	<Recipe id="R-67992" image="">THIS IS A PRODUCT RECIPE
Final product handed to the customer

***COOKS AND CHEFS, PLEASE READ THE ENTIRE RECIPE BEFORE BEGINNING- THIS IS A RECOMMENDED STEP WITH EVERY PRODUCT WE PRODUCE***

Method:
1. Toss beets, fennel, sorghum and kale in balsamic dressing.
2. Place in bowl and drizzle with goat cheese.
3. Garnish with pickled onions, radish &amp; pecans.
</Recipe>
	<Recipe id="R-67993" image="">THIS IS A PRODUCT RECIPE
Final product handed to the customer

***COOKS AND CHEFS, PLEASE READ THE ENTIRE RECIPE BEFORE BEGINNING- THIS IS A RECOMMENDED STEP WITH EVERY PRODUCT WE PRODUCE***

Method:
1. Dress soba noodles, edamame, diakon &amp; carrots in miso dressing and place in middle of bowl.

2. Drizzle with sriracha yoghurt.

3. Garnish with green onion, pickled ginger, wasabi peas and sesame seeds.
</Recipe>
	<Recipe id="P-67995" image="">PREP RECIPE
***COOKS AND CHEFS, PLEASE READ THE ENTIRE RECIPE BEFORE BEGINNING- THIS IS A RECOMMENDED STEP WITH EVERY PRODUCT WE PRODUCE- THANK YOU***

Related Products this prep is used in:

Allergens: (to be filled out by nutrition)
Method:
1. Soak raisins in boiling water for 1 minute and drain well.
Toast pistachios. 
Reserve both for the end.

2. In a rondo or tilt skillet warm oil over medium heat.

3. Sweat onion, turmeric &amp; cardamom stirring often until fragrent. Add rice and mix well.

4. Add stock and salt and bring to a boil. Reduce heat to a simmer, cover and cook until rice is done. (30-40 minutes)

5. Mix well to break up rice and stir in rasins, pistachios &amp; green onions.

Cool, label and store.
Rotate this item with older product.
</Recipe>
	<Recipe id="P-67996" image="">PREP RECIPE
***COOKS AND CHEFS, PLEASE READ THE ENTIRE RECIPE BEFORE BEGINNING- THIS IS A RECOMMENDED STEP WITH EVERY PRODUCT WE PRODUCE- THANK YOU***

Related Products this prep is used in:

Allergens: (to be filled out by nutrition)
Method:
1. Blend all ingredients until smooth.
2. Adjust consistency with water if needed.
3. Adjust seasoning.

Label and store.
Rotate this item with older product.
</Recipe>
	<Recipe id="R-67997" image="">THIS IS A PRODUCT RECIPE
Final product handed to the customer

***COOKS AND CHEFS, PLEASE READ THE ENTIRE RECIPE BEFORE BEGINNING- THIS IS A RECOMMENDED STEP WITH EVERY PRODUCT WE PRODUCE***
Preps used in this Product recipe:
Method:
1. Place cous cous in bottom of bowl.
2. Place remaining ingredients around the bowl in small piles.
3. Drizzle with dressing.
4. Garnish with toasted almonds.
</Recipe>
	<Recipe id="R-68706" image="">THIS IS A PRODUCT RECIPE
Final product handed to the customer

***COOKS AND CHEFS, PLEASE READ THE ENTIRE RECIPE BEFORE BEGINNING- THIS IS A RECOMMENDED STEP WITH EVERY PRODUCT WE PRODUCE***
Preps used in this Product recipe:
Method:
1. Place rice in bottom of bowl.

2. In a mixing bowl toss spinach, tomatoes, cucumber, chickpeas and peppers with dressing.

3. Place on top of rice in a tall pile.

4. Garnish with olives and feta.
</Recipe>
</Recipes>
